[2025-10-11 16:45:36.779101] AVAX whale alert module imported
[2025-10-11 16:45:36.890096] Starting AVAX whale background scanner thread...
[2025-10-11 16:45:36.987100] AVAX whale background scanner thread started successfully
[2025-10-11 16:45:36.987100] Starting AVAX whale alert scan loop.
[2025-10-11 16:45:40.632040] Latest block number fetched: 70146094
[2025-10-11 16:45:40.938017] Last scanned block: 70143485
[2025-10-11 16:45:41.047082] Scanning blocks from 70146094 to 70145995
[2025-10-11 16:45:41.442127] Loaded whale history with 0 transactions
[2025-10-11 16:45:41.537769] Scanning block 70146094
[2025-10-11 16:45:43.319092] Fetched 10 transactions from block 70146094
[2025-10-11 16:45:43.418677] Transaction 0x88b54910486ce92910d6de2aa99bb408739cc7a946cb1d299b558ea79e2403a9 skipped due to low value: 0.0 AVAX
[2025-10-11 16:45:43.516949] Transaction 0x1a537aa975853d9107442df1c6bee5bbf03097c05fecfcc8efdb95c65ab581ed skipped due to low value: 0.0 AVAX
[2025-10-11 16:45:43.614322] Transaction 0x941a7d0a0736f7caee386d29ac35388082cbd42595188f5af00d5e6a79b97edb skipped due to low value: 0.0 AVAX
[2025-10-11 16:45:43.709310] Transaction 0xf9c9d2d44ec59feb1b4f9db61242cab00daf79e66ce1bef57b7dfb0bcf250cc7 skipped due to low value: 0.0 AVAX
[2025-10-11 16:45:43.805309] Transaction 0xb918fc9ee8a6ae0853b4d0fa92581c6c78b51e29e6b05036b9039b2cd3f42d56 skipped due to low value: 0.0 AVAX
[2025-10-11 16:45:44.045056] Transaction 0x2daecfcd71b162aa73f82aab1ffec6e9bed435cf59fff78216881fa52831ee52 skipped due to low value: 0.0 AVAX
[2025-10-11 16:45:44.618060] Transaction 0x86a7661ea4eceed7b5ce832a384838c63952fc91de93e3181e4a9a4df34b20a5 skipped due to low value: 0.0 AVAX
[2025-10-11 16:45:44.766551] Transaction 0xe72dfd99a3275db0485ee91f79fbb8c52c9ea0d862719f888b2215ebd83c883b skipped due to low value: 0.0 AVAX
[2025-10-11 16:45:45.006275] Transaction 0xfab2869580d11595503d9b80e1145e531de0456a83a13f667bbe4cf4290272ee skipped due to low value: 0.0 AVAX
[2025-10-11 16:45:45.124340] Transaction 0x88fff86d337a9080a7b15add4c509ad291bbf5797d41e5dae94281b17c0bacc6 skipped due to low value: 40.77628660326577 AVAX
[2025-10-11 16:45:45.232288] Scanning block 70146093
[2025-10-11 16:45:47.200460] Fetched 2 transactions from block 70146093
[2025-10-11 16:45:47.312460] Transaction 0x042a8b385e8a5006dfefde85bd6f0e3260360e5204d2069545b71976877824dd skipped due to low value: 0.0 AVAX
[2025-10-11 16:45:47.432467] Transaction 0x1e560bbb4ace6dc63d46b80a24bc75e45cd485d8ba4d384b3655174c70ce5a84 skipped due to low value: 0.0 AVAX
[2025-10-11 16:45:47.548464] Scanning block 70146092
[2025-10-11 16:45:49.265157] Fetched 6 transactions from block 70146092
[2025-10-11 16:45:49.391154] Transaction 0xd37ca893a86008e545b8670b7791af76bee94ab6a37810061e619f321ab8e0b2 skipped due to low value: 0.0 AVAX
[2025-10-11 16:45:49.504155] Transaction 0x5f6ebaea6e8362fe977236d68cb3e8a0df6ec94ca3d03942f2ba364240e77c31 skipped due to low value: 0.0 AVAX
[2025-10-11 16:45:49.656155] Transaction 0xe0400c5bf00e75ae07674d8e2b1043c2498e3ad750f24db298f78e03ec5ec846 skipped due to low value: 0.002870041260199349 AVAX
[2025-10-11 16:45:49.853153] Transaction 0x36d87005a3882e426b0eb63fe1945b877ca4f6cf3a080c447f820826ba4bfeee skipped due to low value: 0.0 AVAX
[2025-10-11 16:45:50.002155] Transaction 0x59b5309ae9ec94602fe2af952848df94180c0caf1115f9ae83bd7cd22fba9750 skipped due to low value: 0.0 AVAX
[2025-10-11 16:45:50.147153] Transaction 0x785d5a3852e9adadd05b159cc8e323d4967ba12273bc05ef45227d849b8a208b skipped due to low value: 0.0 AVAX
[2025-10-11 16:45:50.278153] Scanning block 70146091
[2025-10-11 16:45:52.201201] Fetched 8 transactions from block 70146091
[2025-10-11 16:45:52.299205] Transaction 0xbba1a4eb22b2251582d15b291dcbff2ed0dcbe78fa3644d0647c1685fbde1f17 skipped due to low value: 0.0 AVAX
[2025-10-11 16:45:52.397206] Transaction 0x0e0a180e4bb2e3393723211933a4d0b46a7710135c007a9d18b16aa1519edece skipped due to low value: 0.0 AVAX
[2025-10-11 16:45:52.495203] Transaction 0x8d58612efcc0a95f9ffcd0972a2665e93357ee23b7c9083aba87ed667199d2e7 skipped due to low value: 0.0 AVAX
[2025-10-11 16:45:52.593201] Transaction 0x3bbb90acd827018c6ed5fe3f0d52c5bfea38cfae50e364e03f735835a19b62fa skipped due to low value: 0.0 AVAX
[2025-10-11 16:45:52.689230] Transaction 0x59b994991edc46c68535dc57de2b19bb8f7e15effd6cee77370c23e395aeffa6 skipped due to low value: 0.0 AVAX
[2025-10-11 16:45:52.787769] Transaction 0x6143d0f0759c7a2b02107541303664a2a5c81715014159f340fa9801b45bc388 skipped due to low value: 0.0 AVAX
[2025-10-11 16:45:52.885877] Transaction 0x8361ad1a1610f3c7e66c2b8ffc9c3d42b4c8e43c44d542e491d46b19295a018a skipped due to low value: 0.0 AVAX
[2025-10-11 16:45:53.002943] Transaction 0xa8356f4f425cf4d907b07ee7058d73e6a1825c8503b4e5130a4322d8d5a555f7 skipped due to low value: 0.0 AVAX
[2025-10-11 16:45:53.209638] Scanning block 70146090
[2025-10-11 16:46:46.059133] AVAX whale alert module imported
[2025-10-11 16:46:46.170135] Starting AVAX whale background scanner thread...
[2025-10-11 16:46:46.283135] Starting AVAX whale alert scan loop.
[2025-10-11 16:46:46.283135] AVAX whale background scanner thread started successfully
[2025-10-11 16:46:48.701968] Latest block number fetched: 70146141
[2025-10-11 16:46:48.998156] Last scanned block: 70143485
[2025-10-11 16:46:49.115839] Scanning blocks from 70146141 to 70146042
[2025-10-11 16:46:49.504622] Loaded whale history with 0 transactions
[2025-10-11 16:46:49.620746] Scanning block 70146141
[2025-10-11 16:46:51.409242] Fetched 8 transactions from block 70146141
[2025-10-11 16:46:51.527264] Transaction 0xb557700dd6b678c0e81c76d8d9cb29ee28ebcb8b1b8b2045344c2af264eee0f3 skipped due to low value: 0.0 AVAX
[2025-10-11 16:46:52.100385] Transaction 0xd83986b780e404417afe1d342e8c84580da605b457ae5483f1b327610e48a3fe skipped due to low value: 1.238 AVAX
[2025-10-11 16:46:52.362386] Transaction 0x8be2993112046a60276095f436bc12e7b4491861573fe6455c761daef7832522 skipped due to low value: 0.000256089548384 AVAX
[2025-10-11 16:46:52.802414] Transaction 0xd45cc43f338891b8e846e29eb3d77e3a0349298862d554441017f543e7ec4847 skipped due to low value: 0.0 AVAX
[2025-10-11 16:46:52.925415] Transaction 0x86fe8e1361106afaeee52440fada8e5d0a9e3faca0271369a57fcb137e22fe53 skipped due to low value: 0.0 AVAX
[2025-10-11 16:46:53.053416] Transaction 0x55774e40716715f55e9aa13179efc5fb4694b0680b708414c3c763f6220cde8b skipped due to low value: 0.0 AVAX
[2025-10-11 16:46:53.183412] Transaction 0x89b898e4b0eb681c385dd15acbe67cceb669033bd16ae6747cbca4064bfca3ba skipped due to low value: 0.0 AVAX
[2025-10-11 16:46:53.296259] Transaction 0xa5ab0f657de572b4665178471e67d50fff5d6ab82ee3e1e59dec2e90bbe1fe0f skipped due to low value: 0.000349179512064006 AVAX
[2025-10-11 16:46:53.411261] Scanning block 70146140
[2025-10-11 16:46:55.026721] Fetched 9 transactions from block 70146140
[2025-10-11 16:46:55.138337] Transaction 0x9d60d79e0f81c15408bfd9dcff1fba1715eb45be525aab59846ab297ade934dc skipped due to low value: 0.0 AVAX
[2025-10-11 16:46:55.249617] Transaction 0x9d1fb3c5fd21034c725f9e19d82e7e2d6c51eab97ae775720eddf4b33e5f15b0 skipped due to low value: 499.704 AVAX
[2025-10-11 16:46:55.361240] Transaction 0xc82553ef1abd3b90d4fbca858f7149ce713ece59e723ed812975ac38c552b545 skipped due to low value: 3.0 AVAX
[2025-10-11 16:46:55.473761] Transaction 0x8d7705f68a6d9235f5b465869ae5feb0aabe9b646b3b59886cbb47719e437b1d skipped due to low value: 0.0 AVAX
[2025-10-11 16:46:55.588761] Transaction 0x41a7fe458bec4d7b589ec9235fbf0d6cce2209fde8d16b1584f6ea46fbc9b87b skipped due to low value: 0.0 AVAX
[2025-10-11 16:46:55.700762] Transaction 0x6b874d440f2559b9e1003187e9fc322d890225deebd7fec34ef32710e185acc3 skipped due to low value: 0.0 AVAX
[2025-10-11 16:46:55.815761] Transaction 0x28d6f4b1da4a10884095a514d813f0898630efc460835360c7ba7b0f45357bbe skipped due to low value: 0.008947600968278383 AVAX
[2025-10-11 16:46:55.928761] Transaction 0xc7512c6fedae5539b310301e1770bc666f3c674cb570d6aacc156ee9bc619b36 skipped due to low value: 0.0 AVAX
[2025-10-11 16:46:56.047764] Transaction 0x49721110c2c5b5f79fcac004d92f2d775d0a943ca66bb07ecefb0ed74d047cd7 skipped due to low value: 0.0 AVAX
[2025-10-11 16:46:56.437774] Scanning block 70146139
[2025-10-11 16:46:58.449820] Fetched 1 transactions from block 70146139
[2025-10-11 16:46:58.612816] Transaction 0x29b8c3c4ccf67ef261b67e6ce8b32176ae3d9dbad247e78dcdd46f81a7c62dd1 skipped due to low value: 0.0 AVAX
[2025-10-11 16:46:58.846819] Scanning block 70146138
[2025-10-11 16:47:01.658928] Fetched 14 transactions from block 70146138
[2025-10-11 16:47:01.804927] Transaction 0x1368e5a12c8964fe67cda8f5a9d589e24d429f2e5876d011d940673d744e1f03 skipped due to low value: 0.0 AVAX
[2025-10-11 16:47:01.954927] Transaction 0xcc8eb93493e524b87d065671c796c93824408fcbbef08bfe72d854dbb1173c2f skipped due to low value: 0.010979358805445762 AVAX
[2025-10-11 16:47:02.083930] Transaction 0xe05d3036a60d77a806cb00a57c07b1c9505aab081f4bd30f46691fa8142ca30b skipped due to low value: 0.0 AVAX
[2025-10-11 16:47:02.224929] Transaction 0x9b7ab982418860394bf5b435971255f1b17778a60f54ee0f4ff0ac340805b404 skipped due to low value: 0.010964912280701754 AVAX
[2025-10-11 16:47:02.351927] Transaction 0x0dc3954872de9db065fc0e97d95522c8c1508e441b53db68745e999f0140ac6e skipped due to low value: 0.046 AVAX
[2025-10-11 16:47:02.482929] Transaction 0x5c2ea2dd4012665321683efd0c1c0cefbc58a800dc98468ba6c97d3d4b5f8acb skipped due to low value: 0.0 AVAX
[2025-10-11 16:47:02.627929] Transaction 0x9cb24c4b1ea030af260711bb07612908d1babbf121aeed592e0fc76e604a1088 skipped due to low value: 0.0 AVAX
[2025-10-11 16:47:02.779926] Transaction 0x8cf90172553bfa7b6dedc773f2ece93733b1a727aaa396fadfd67aae559ccdf6 skipped due to low value: 1e-09 AVAX
[2025-10-11 16:47:02.914928] Transaction 0x753fbbbbf55a66f55597b6122c59586b70f52e5913a0552cd3d0815ebc9e247d skipped due to low value: 0.0 AVAX
[2025-10-11 16:47:03.054930] Transaction 0x71a9b352f9de122c07d6c57935a98353f0f353bd1de1c565532290cbc144c251 skipped due to low value: 0.0 AVAX
[2025-10-11 16:47:03.181924] Transaction 0xdbd9b9701c3abdeef329b41fd532ad61f264e7a57c76710cf53f5908a5d5bc3d skipped due to low value: 0.0 AVAX
[2025-10-11 16:47:03.326605] Transaction 0x7c79be651ed021870a6dcf5b0956b0ff82ed86a8b5c5c6e9d6b066e3fe91c96d skipped due to low value: 0.000410718746 AVAX
[2025-10-11 16:47:03.467438] Transaction 0x164f53d9c702406ba3a740e4cd49bd1b547a611549625c256da374700cf20265 skipped due to low value: 0.0 AVAX
[2025-10-11 16:47:03.602442] Transaction 0x30cfdedd63b63380ed777ca99c416e92835259328fcec0d36d5e97b6a0816278 skipped due to low value: 0.0 AVAX
[2025-10-11 16:47:03.739440] Scanning block 70146137
[2025-10-11 16:47:05.716782] Fetched 5 transactions from block 70146137
[2025-10-11 16:47:05.827782] Transaction 0x82db2518e1febf5b785ad0c76d57221c66d294a6785e136c5bab8050c2dec6c8 skipped due to low value: 0.0 AVAX
[2025-10-11 16:47:05.941780] Transaction 0x8d243620c241ca23bf6072cc3a80d07c94fab1813639f2731cb6b3ad7b61e139 skipped due to low value: 0.0 AVAX
[2025-10-11 16:47:06.054782] Transaction 0x4c32f5473cf69522a38a4c5f197961be3ec37de3fe00a0a14f1d462dc3c1a21b skipped due to low value: 0.0 AVAX
[2025-10-11 16:47:06.168781] Transaction 0x4c5045e418c1288a482119dcb4adb0de0b63cdcad80d3bee40beca20098cf2d9 skipped due to low value: 0.0 AVAX
[2025-10-11 16:47:06.281296] Transaction 0x725c7234dda95d4f825b32971a7a9ff159a3454890195dee9e3a3dc7c1d28f53 skipped due to low value: 2.1 AVAX
[2025-10-11 16:47:06.394875] Scanning block 70146136
[2025-10-11 16:47:09.329135] Fetched 5 transactions from block 70146136
[2025-10-11 16:47:09.457133] Transaction 0x07a817f177991b53df54b85b7b5f4ebd6f39933abe2ebbd1b8ed5fc5b6a670d6 skipped due to low value: 0.0 AVAX
[2025-10-11 16:47:09.591132] Transaction 0x24ec718a9ce8de6c63b1ae12501686f45156892fd633cff0be92f0625666fa2c skipped due to low value: 0.0 AVAX
[2025-10-11 16:47:09.718136] Transaction 0x0e02da8c5f2a67962a34470bb53c853134ec6de0c667c26cd922c3511884ac3f skipped due to low value: 0.0 AVAX
[2025-10-11 16:47:09.852131] Transaction 0x1b78fa47ba640ea04776a0b7149d11e606fc177818698ccb23b6d8bfad06bbd3 skipped due to low value: 0.0 AVAX
[2025-10-11 16:47:09.981132] Transaction 0x052b539445cd99600f889e2e1c5ff7fa8765c9c88590b17cc678ea74877555f3 skipped due to low value: 54.78736670469926 AVAX
[2025-10-11 16:47:10.117139] Scanning block 70146135
[2025-10-11 16:47:11.969952] Fetched 3 transactions from block 70146135
[2025-10-11 16:47:12.098952] Transaction 0x86b3e0c896465ac9712aac0e5ddfef2c03518c3ef00a3d93fd63f8a0bd9032c6 skipped due to low value: 0.0 AVAX
[2025-10-11 16:47:12.227947] Transaction 0x56e66f63eb4f66c1ab81b46b48d1033ffec3a3774603ed1289597ba3e6ca6873 skipped due to low value: 0.0 AVAX
[2025-10-11 16:47:12.342948] Transaction 0x3fda0b0cc4fc36733bcfe75f26849542c34ee8da643807c73c243ec6a02e6b3d skipped due to low value: 0.0 AVAX
[2025-10-11 16:47:12.469774] Scanning block 70146134
[2025-10-11 16:47:14.426996] Fetched 8 transactions from block 70146134
[2025-10-11 16:47:14.549996] Transaction 0x6de06e0691515322098addf9e89c187694642e82ce7f67874e5e2e69db83d3e1 skipped due to low value: 0.0 AVAX
[2025-10-11 16:47:14.673998] Transaction 0x987966eeb035f2db5e97b21d08f7107e0d9058359841ef8a2ee44e8dbd29bf85 skipped due to low value: 0.0 AVAX
[2025-10-11 16:47:14.801301] Transaction 0xe2755414d0a45048349d0d5f381a7e4e4e0274a12a6c0f26e74c83f9f914c72b skipped due to low value: 0.0 AVAX
[2025-10-11 16:47:14.929819] Transaction 0x0cfa4fe85d920eda713b5327c33e11d737e125232fdbf614474595dc8aaf20e3 skipped due to low value: 0.0 AVAX
[2025-10-11 16:47:15.053817] Transaction 0xc15e39055fd44c4c68449e505a33a075df5ffdcc9e60e059f4b0c1a712049a81 skipped due to low value: 0.0 AVAX
[2025-10-11 16:47:15.171818] Transaction 0xad8eea4b81ca2c3488cc43ae2314f1d9a779f92d211205125ac231fb2974a4a3 skipped due to low value: 0.0 AVAX
[2025-10-11 16:47:15.301820] Transaction 0x66bbc7ba130050f4610ab1b1d37b60b4702fe2bb3db12bdd36972293ccfc1dfe skipped due to low value: 13.222009372716554 AVAX
[2025-10-11 16:47:15.914821] Transaction 0xb1855b2d315be39fe7eabafef4dfeaca4d48fd7cc3977d5422dd72b09cb013d4 skipped due to low value: 0.0 AVAX
[2025-10-11 16:47:16.261821] Scanning block 70146133
[2025-10-11 16:47:18.964584] Fetched 4 transactions from block 70146133
[2025-10-11 16:47:19.086586] Transaction 0x7825300f5d0c62641ca8ef4c92fc97173f2f83a44a670500aea3117332979c77 skipped due to low value: 0.0 AVAX
[2025-10-11 16:47:19.213689] Transaction 0xbf5d4bfd54f067856526c3b0adcba26ff8873506ad664057262d647fe1ef150a skipped due to low value: 0.0 AVAX
[2025-10-11 16:47:19.336304] Transaction 0xce586cb9f738b0c547a8ebab86d10d4388871f734c49f1af7478de604a904ccb skipped due to low value: 1e-05 AVAX
[2025-10-11 16:47:19.453308] Transaction 0x7b26bc52a2f7468d8d6775a76f23a27728ebd129f006c2935cb021d8f7d5a892 skipped due to low value: 1e-05 AVAX
[2025-10-11 16:47:20.044311] Scanning block 70146132
[2025-10-11 16:47:22.047347] Fetched 6 transactions from block 70146132
[2025-10-11 16:47:22.202354] Transaction 0xa033dba3fc6445575301536ca854bad373ae3a1ad76c9c9412010b3ff3d334f0 skipped due to low value: 0.0 AVAX
[2025-10-11 16:47:22.386346] Transaction 0xa8110f98d18a907d780ca492fe2c7da271d0735c7ad646bb1ef9074364c28ef0 skipped due to low value: 0.0 AVAX
[2025-10-11 16:47:22.541349] Transaction 0x810cff88f61062e0dc8e90464dcb6753294d0d6e9be97a1a1e6c2544e4d22657 skipped due to low value: 0.0 AVAX
[2025-10-11 16:47:22.709351] Transaction 0x5e0f299b48bdf2b5f2379612dd0681d5050a323a88b8a52f08bdff878b6c6d9e skipped due to low value: 0.0 AVAX
[2025-10-11 16:47:22.946400] Transaction 0x44810fe61935be20d033523f2e00ebda392fc5fa2b2fa3c2da04acc504131f50 skipped due to low value: 0.0 AVAX
[2025-10-11 16:47:23.131399] Transaction 0x826afe096bccc33960e51798aa56e48de9fd1eb2aec1c07c4d2bd0a2622d8735 skipped due to low value: 0.0 AVAX
[2025-10-11 16:47:23.303385] Scanning block 70146131
[2025-10-11 16:47:25.680090] Fetched 5 transactions from block 70146131
[2025-10-11 16:47:25.832095] Transaction 0x7c1f2fc8204cbfd715cece401cf6202538b00a730fc527fe017b93de042e2559 skipped due to low value: 0.0 AVAX
[2025-10-11 16:47:26.024092] Transaction 0x41033ebecde7d0d356a625cd9a62c73c0bd89b0e3091d1d8d56a591db58947d7 skipped due to low value: 0.010979358805445762 AVAX
[2025-10-11 16:47:26.178510] Transaction 0x9e21402aba11d53ad4a126f4d524188423847f86b20a9bdf24f18ee506353633 skipped due to low value: 0.0 AVAX
[2025-10-11 16:47:26.348616] Transaction 0x4919dea54c6b40d11ba22988c72c407c9ba9a30de9e5735833f1d0185f2eee2e skipped due to low value: 0.046 AVAX
[2025-10-11 16:47:26.504130] Transaction 0xdfa50dd94f198f1c81b0dab2f0452cc4c21e10a62bb8f18faf35f78e09002fd4 skipped due to low value: 0.0 AVAX
[2025-10-11 16:47:26.674133] Scanning block 70146130
[2025-10-11 16:47:28.651395] Fetched 10 transactions from block 70146130
[2025-10-11 16:47:28.814396] Transaction 0xdd8156e18699e50597f2db398e10492ab4f63b6612680218c70a4e5659b9f771 skipped due to low value: 0.0 AVAX
[2025-10-11 16:47:28.995395] Transaction 0x208b59ff1dd53d856e2c44d6d88ef610f74fb56220f381a5181069e667e1c7ea skipped due to low value: 0.0 AVAX
[2025-10-11 16:47:29.132398] Transaction 0x27b2afb671d27a940d547df9c91dd3754445506c3e01ba7d0d18a8b7926096d2 skipped due to low value: 0.0 AVAX
[2025-10-11 16:47:29.320411] Transaction 0x5960df2300888ac93a19e6b9ce830ca780e2a4b9d3e0cc538fe22c71364f2717 skipped due to low value: 0.8326234 AVAX
[2025-10-11 16:47:29.539414] Transaction 0x9eb8acb471297beb1ed652f7586750394cf756ff566840b9e443a1381bc572ce skipped due to low value: 0.0 AVAX
[2025-10-11 16:47:29.707399] Transaction 0x725f11ea954b67b2b8e0760ed7b9e1314700370e5c36aea5e2dd9992039f826b skipped due to low value: 0.0 AVAX
[2025-10-11 16:47:29.934396] Transaction 0xd310c18f6006b96de531c77a555fc7c44dd5d505c60a7f166c1d39916b6b0074 skipped due to low value: 0.9999999628739471 AVAX
[2025-10-11 16:47:30.091393] Transaction 0x987738a39385ae636f124fc4ae19fe6fee91926310b3b27b9b96edb692e11238 skipped due to low value: 0.0 AVAX
[2025-10-11 16:47:30.225395] Transaction 0xd29e242f6338addbfd4465b3c9df3c28651dc6ea88db12c5efe86d79cbde7583 skipped due to low value: 0.0 AVAX
[2025-10-11 16:47:30.353393] Transaction 0xa7e85ebbd3cc9191975422962ff68a33b6a879676afc5eb64227188ddfb434c8 skipped due to low value: 0.0 AVAX
[2025-10-11 16:47:30.476392] Scanning block 70146129
[2025-10-11 16:47:32.477002] Fetched 3 transactions from block 70146129
[2025-10-11 16:47:32.640007] Transaction 0xc43798a7335f30e8ed58b0b3aba5951326098ff75fac4ef640b2e8c1ccefc855 skipped due to low value: 0.010979358805445762 AVAX
[2025-10-11 16:47:32.872010] Transaction 0x83534e1666262256c816526934fe885ee5662125cc32f16f046ff6a4cb6b44e2 skipped due to low value: 0.0 AVAX
[2025-10-11 16:47:33.036302] Transaction 0x56bd088129ecd8fdd1dd50387d6e1a4a1377a8ae5e348fb609b87ed6046ef830 skipped due to low value: 0.0 AVAX
[2025-10-11 16:47:33.265804] Scanning block 70146128
[2025-10-11 16:47:35.906554] Fetched 16 transactions from block 70146128
[2025-10-11 16:47:36.082557] Transaction 0xb3c80a1ba8e8035ffdd16440538ac069ab5aaec15cc8db3bb2bc974793b423f4 skipped due to low value: 0.0 AVAX
[2025-10-11 16:47:36.288554] Transaction 0xb2281878bbf20cb46684448eb9f0fd564c283e82fe02a519255411428c3cddcc skipped due to low value: 0.0 AVAX
[2025-10-11 16:47:36.441557] Transaction 0x55caa48f1d452309a1ec0a4ad5ba259a5f3f3330ba18db23fdc86312afda831d skipped due to low value: 0.010979358805445762 AVAX
[2025-10-11 16:47:36.573556] Transaction 0x494933addf689e6e04ec4bdb1e39a6c292a1a2e73db233bf658df50dee5c8c41 skipped due to low value: 0.0 AVAX
[2025-10-11 16:47:36.732556] Transaction 0xf0f0e78cbd0e200927d190926aa26ac307e70ecedb5eb3270100b927da6ad6a0 skipped due to low value: 212.566 AVAX
[2025-10-11 16:47:36.903555] Transaction 0x7f65911eb3f703a92e1cb262dd049e0f162b0beebfe003163deaedf108ee5df4 skipped due to low value: 0.20505472 AVAX
[2025-10-11 16:47:37.015549] Transaction 0xed3c14a4288870f9fecde71da2e1476cdd0caf44347206f8181feb47a202b920 skipped due to low value: 0.0 AVAX
[2025-10-11 16:47:37.128063] Transaction 0xfdc4d85b9f83aa1dceb1fe19030898acc62010f6e0d921c82429ab1dd325454d skipped due to low value: 0.0 AVAX
[2025-10-11 16:47:37.240069] Transaction 0x237bae29e4248f7accab914ca48d91e122393f53318baad918a1e423fed9422a skipped due to low value: 0.0 AVAX
[2025-10-11 16:47:37.352066] Transaction 0xbdd22f0ad6cda6a1a48a9ba56634986402fc089cdab7c49d2752b24f0ac398ac skipped due to low value: 0.000130874974096 AVAX
[2025-10-11 16:47:37.464065] Transaction 0xd49204b7ce2223e12f9c5f7a4ad78f2e408ce90a280c968d1c3b9c1ffb2943d2 skipped due to low value: 0.0 AVAX
[2025-10-11 16:47:37.575807] Transaction 0xde221da782b8231138c0447dcb52e7da3847a84e22c985522cbcd3011813f8c8 skipped due to low value: 0.0 AVAX
[2025-10-11 16:47:37.690820] Transaction 0xe559e9c10cfbbd4681d4ddf7ac75ea6fa048cae2e3ed9d884813c96144659fde skipped due to low value: 0.0 AVAX
[2025-10-11 16:47:37.802808] Transaction 0x77991cc963bfc0210da4de1f086a33b34389fd5449cce4352cdefcb8664ff16e skipped due to low value: 0.0 AVAX
[2025-10-11 16:47:37.936813] Transaction 0xd9554dce469d925446402220a581a803e815221756bb9d49c358e6e68f347a43 skipped due to low value: 0.0 AVAX
[2025-10-11 16:47:38.048808] Transaction 0xb9977cbf06cd64aff8dd3efccb1c92af3ece45923e0693e24ef66d002651e8b4 skipped due to low value: 0.0 AVAX
[2025-10-11 16:47:38.160810] Scanning block 70146127
[2025-10-11 16:47:39.904073] Fetched 3 transactions from block 70146127
[2025-10-11 16:47:40.015068] Transaction 0x895d29b6d3f77697f15ca3b4935e9c68b5f5a2852956a1fd1355f33236ffdbf2 skipped due to low value: 0.0 AVAX
[2025-10-11 16:47:40.129072] Transaction 0xffcd3e3821648bc9e5a0529c51914e25ba005ed24e5aa261d2371512e840e81e skipped due to low value: 0.0 AVAX
[2025-10-11 16:47:40.242076] Transaction 0x782fe94e6758c32ad9f4c782ab3c79bbd85cf2fc2f3ebc5b0af1a733a7c3930d skipped due to low value: 0.0 AVAX
[2025-10-11 16:47:40.356071] Scanning block 70146126
[2025-10-11 16:47:41.973588] Fetched 14 transactions from block 70146126
[2025-10-11 16:47:42.086361] Transaction 0x9f52b736bd35d0da798fab08a499831c8e9355ae7bdc121112b3113af2da5fd5 skipped due to low value: 0.0 AVAX
[2025-10-11 16:47:42.202360] Transaction 0xe777dd1b3329fe3d7691e602466d6ee288778173a589df23063ccf0edead8393 skipped due to low value: 0.0 AVAX
[2025-10-11 16:47:42.315359] Transaction 0x10bac5ea7784ff1ddd54b8e65e4e465ff90128ddcf3437c507370957f0f5f67b skipped due to low value: 0.0 AVAX
[2025-10-11 16:47:42.425356] Transaction 0x2f2cf465ec1353daa1143daca8f53a57b3ffafe4e3cac08fe6f8c07b1215cb06 skipped due to low value: 0.0 AVAX
[2025-10-11 16:47:42.535356] Transaction 0x6f20236282ca9d48d87b6e10209e4bc836effc160afb61d58ef987374276867f skipped due to low value: 0.0 AVAX
[2025-10-11 16:47:42.649359] Transaction 0xd40109520220d54885882b717d5b0ce1e8e18d50fcc26c1a6adede8fb6aa9b3d skipped due to low value: 0.0 AVAX
[2025-10-11 16:47:42.761271] Transaction 0x218aff09b38545d91eb71757e12fa185910ac2e4d1f8c5185772337f30211875 skipped due to low value: 0.0 AVAX
[2025-10-11 16:47:42.871935] Transaction 0x457a6a02205057f2799917f19989b5a31fbc94deb955104fdc8bd5facb360093 skipped due to low value: 0.0 AVAX
[2025-10-11 16:47:42.984896] Transaction 0x6483bcbe2e180e5abde0b8e9a1cf6b35e5238219ceb132669823539ffb5a0ab0 skipped due to low value: 0.0 AVAX
[2025-10-11 16:47:43.095894] Transaction 0x259d181cf14c27a15ee2c711607376e8a0c6e7498ede6e515428ecc53704c4b0 skipped due to low value: 0.0 AVAX
[2025-10-11 16:47:43.206893] Transaction 0xb3386fc3986b4c544c9b5298c75d869d7a7b6b7972a15fc8c282167d63654db9 skipped due to low value: 0.0 AVAX
[2025-10-11 16:47:43.317897] Transaction 0xf8f6c1355f16953ca061e0ffbea634f05db0fc54baef41160404b0f983e94d70 skipped due to low value: 0.0 AVAX
[2025-10-11 16:47:43.429902] Transaction 0x51e6b2d3626c2aaa17f3e8a906e6daf706561989d344d866b1f610bc493c5f84 skipped due to low value: 0.0 AVAX
[2025-10-11 16:47:43.542054] Transaction 0xf2ccd5c0aa5793be5fd2abba651d83724d43948a1172de68d56f34e3747ad575 skipped due to low value: 0.0 AVAX
[2025-10-11 16:47:43.656063] Scanning block 70146125
[2025-10-11 16:47:45.455126] Fetched 14 transactions from block 70146125
[2025-10-11 16:47:45.565126] Transaction 0x1a5d29cce437ac5b8a3e0d5239f8ec97f2056b3309cfddeae09c97af03de0f60 skipped due to low value: 0.0 AVAX
[2025-10-11 16:47:45.677126] Transaction 0xb704ad72443bb81ccbab71d3753698917a2469f48d284ff19f1f06f122bc0ca5 skipped due to low value: 0.0 AVAX
[2025-10-11 16:47:45.788406] Transaction 0x7b8054d68fa03031123fe1abb2358f425e2d1313d197c6c7aef7536eeb8caca9 skipped due to low value: 0.0 AVAX
[2025-10-11 16:47:45.899780] Transaction 0xe09ba4d6eb3730ffcce73af52d2f25c605b28eef1cf9488e94a06f38735f8037 skipped due to low value: 0.0 AVAX
[2025-10-11 16:47:46.009775] Transaction 0x3ed9335c22c5a4d0ae9688ef9ef669410ec12bbabf376a88a8c4afe6d1f58124 skipped due to low value: 0.0 AVAX
[2025-10-11 16:47:46.126759] Transaction 0x59f54ac2a4df17fc194c7f8519c1ca9f6056b60f779478044b1b4abb015506c0 skipped due to low value: 0.0 AVAX
[2025-10-11 16:47:46.240760] Transaction 0xaa4acc02305aac8470dc623f244b264ff62c687d6d755e7d5c108b3f8fc9547a skipped due to low value: 0.0 AVAX
[2025-10-11 16:47:46.351757] Transaction 0x79c27c255a61cc1806c27ba59190676cdae68266e75674e8d520dd4ee06418d6 skipped due to low value: 0.0 AVAX
[2025-10-11 16:47:46.463759] Transaction 0x4cfba88410d2772bfbaa21a953f516a033689ec867c28578ca3ec146108c45cb skipped due to low value: 0.0 AVAX
[2025-10-11 16:47:46.577003] Transaction 0x808f5d06ec1c99308b57a6142dd638f0b1bd01941c18de42b39848513658f12f skipped due to low value: 8.709044494308658 AVAX
[2025-10-11 16:47:46.689014] Transaction 0x1eae82c683d300d6801e59df05da40287a8065b529d7bfd22a93302c83cb7f02 skipped due to low value: 0.0 AVAX
[2025-10-11 16:47:46.803016] Transaction 0x38b283a45445c58657892a88c3137c679269e6bc7e5dd6ec2c8258a405f9571a skipped due to low value: 0.0035136837076785 AVAX
[2025-10-11 16:47:46.914456] Transaction 0x04c9d98cd710f9ebc627823ff656697348738e627b8232c8830ccb0f3726297c skipped due to low value: 0.0 AVAX
[2025-10-11 16:47:47.041872] Transaction 0x5358b1f2f608d26e0035ad184ce3d016b4a535e95d7f76683195cd365acdafe1 skipped due to low value: 0.0 AVAX
[2025-10-11 16:47:47.186871] Scanning block 70146124
[2025-10-11 16:47:48.954709] Fetched 6 transactions from block 70146124
[2025-10-11 16:47:49.098232] Transaction 0xc463696868691584043c6b9e88960ab9e594b03ab50093a287dfa9f9f477341f skipped due to low value: 0.0 AVAX
[2025-10-11 16:47:49.226147] Transaction 0x05a40e99f4f43f3ff9a110c339750215c5a7e9c6eb94245faf007dcc4c1a0fa1 skipped due to low value: 0.046 AVAX
[2025-10-11 16:47:49.348057] Transaction 0x6b5015d2ac6d069b4769f360b199ebb00a94ab0eb4686274852d26e892f51a5f skipped due to low value: 0.0 AVAX
[2025-10-11 16:47:49.463061] Transaction 0x6700e9aa9816462a0c0929d8346e3e5527ce77a3d28a64d778893d9f08981a91 skipped due to low value: 0.0 AVAX
[2025-10-11 16:47:49.577060] Transaction 0x4a536a0c47aea5d76275137beadac53cdb66091cc82843bf96b96b033911f63d skipped due to low value: 0.0 AVAX
[2025-10-11 16:47:49.690055] Transaction 0xbc9c9454f3c5f25c5d83e22a82cdc97eddce4476778df967695e4345890054c8 skipped due to low value: 0.0 AVAX
[2025-10-11 16:47:49.800056] Scanning block 70146123
[2025-10-11 16:47:51.599870] Fetched 5 transactions from block 70146123
[2025-10-11 16:47:51.712866] Transaction 0x17fe0ecc6087d4d56c908c7fdafb93ea4824d28a7e0725e8d0a5b20c3b362a45 skipped due to low value: 0.0 AVAX
[2025-10-11 16:47:51.824869] Transaction 0x1b04078f9514529dd075a748986fb3a31f49ed818f5ed5f6613390a039b4d152 skipped due to low value: 0.0 AVAX
[2025-10-11 16:47:51.934464] Transaction 0x53fc99b408d36b4f6b7c6aef798f094ffc125cdd6628d9ba581ef51e774e219e skipped due to low value: 0.0 AVAX
[2025-10-11 16:47:52.051458] Transaction 0x16594e62f349168221970cc75665751573a52b92ef332594edba703e3503008d skipped due to low value: 0.0 AVAX
[2025-10-11 16:47:52.164476] Transaction 0x293ddbd75b772c95c8832fc1e4ff5d9e01387d16e3d5b6b37b29126930d0f009 skipped due to low value: 0.0 AVAX
[2025-10-11 16:47:52.275460] Scanning block 70146122
[2025-10-11 16:47:54.023872] Fetched 6 transactions from block 70146122
[2025-10-11 16:47:54.135985] Transaction 0x4f0de06d7e2129f8fb311e5029a042f74606d099219ac56f62feb1b124ac42ce skipped due to low value: 0.0 AVAX
[2025-10-11 16:47:54.255964] Transaction 0xb79d18075a15adf82df9b85f9ca885151925c6134f98789e4a002bf0e1c6b56f skipped due to low value: 0.0 AVAX
[2025-10-11 16:47:54.365962] Transaction 0x7f49a0ca3aad539b2f402c7382687a1144f65badf72749cac17873b107298fed skipped due to low value: 0.0 AVAX
[2025-10-11 16:47:54.476981] Transaction 0x174f2ce216824b2b1d49436970c0efbb271e925bea3ee26109c5016f061edc92 skipped due to low value: 0.0 AVAX
[2025-10-11 16:47:54.588001] Transaction 0xa2fca5ddbd8f3da49cf6996fef7654c9c7a30741bb0b35dbabb455b203abfbc0 skipped due to low value: 0.0 AVAX
[2025-10-11 16:47:54.698984] Transaction 0x113ca9cec81bf361b5e8b1a573ad477021a053be850b81f3c9c0b3e275eee5ac skipped due to low value: 0.0 AVAX
[2025-10-11 16:47:54.812982] Scanning block 70146121
[2025-10-11 16:47:56.637208] Fetched 16 transactions from block 70146121
[2025-10-11 16:47:56.785208] Transaction 0x398a7a088db729e8e76730116fa0c1e93ef27090380ddc3c93fbb4656767d9c8 skipped due to low value: 0.0 AVAX
[2025-10-11 16:47:56.922209] Transaction 0x3a9e28acf39564c658946be4bef9a4375e40f17dc9a46978a6963730ca1af9e9 skipped due to low value: 54.735694620000004 AVAX
[2025-10-11 16:47:57.067210] Transaction 0x97cd9bb0bf0ee8011cef0384a7341c6c4bf4af052e3781612729c9f694a30c04 skipped due to low value: 0.0 AVAX
[2025-10-11 16:47:57.180210] Transaction 0xb9a43771a6027c1f941a11e7692a9e19c5054fd3cd997d333b518146c1634c6c skipped due to low value: 0.0 AVAX
[2025-10-11 16:47:57.291212] Transaction 0x80eccd2ec56b05ac9929cce523ee8caeb5fc2424e3631c5f5c0fa30ced9e7682 skipped due to low value: 0.0 AVAX
[2025-10-11 16:47:57.404206] Transaction 0x1e5bab6cf95ddccb1b6eafe8d889f3dd2bbc4d4718d76d690666767340f96d22 skipped due to low value: 0.0 AVAX
[2025-10-11 16:47:57.519208] Transaction 0x4091a66d8bf6fb27f62b0e7022be375d3272e43e23828114c243d6578a7c7434 skipped due to low value: 0.0 AVAX
[2025-10-11 16:47:57.633209] Transaction 0x5b87dc84816053fd401624e601ddd84a3adc22eaf02cd56faf497a4412a56883 skipped due to low value: 0.0 AVAX
[2025-10-11 16:47:57.745210] Transaction 0x3fcf1930934d172b79926598f94de92778889202a4f5de4e339ff0d30e826c17 skipped due to low value: 0.0 AVAX
[2025-10-11 16:47:57.856210] Transaction 0x3db361ccc30e52229d8cfb976a2d9223781d5fc106a86c39e83dc724c1fbce58 skipped due to low value: 0.0 AVAX
[2025-10-11 16:47:57.995207] Transaction 0xf1da66cb1bd6730ec0a0eefbbcac478e19bd2c0b7708059823de376f14dc9b75 skipped due to low value: 0.0 AVAX
[2025-10-11 16:47:58.106226] Transaction 0xdf9d41a09d1ab5828b352e84c97a72018baecf62b6ef86c893a1e0c67a73c0b7 skipped due to low value: 0.0 AVAX
[2025-10-11 16:47:58.223207] Transaction 0xe68c3964c8e6ebd271239b75d045e23ca4440bc59bb643a05e43d88e7bdd3b34 skipped due to low value: 0.0 AVAX
[2025-10-11 16:47:58.335208] Transaction 0x4800cc7b772837d9ee7acc92f2b48267fc47afc3f33691284bab39d77d22162d skipped due to low value: 0.0 AVAX
[2025-10-11 16:47:58.451944] Transaction 0xbf910f3c79e0cf68c9edf828e7e596e893e3dc8533d55e62ac45da191a468ceb skipped due to low value: 0.00039326990533304 AVAX
[2025-10-11 16:47:58.566923] Transaction 0xa2029ec6986cfbe7070b2270e3fd400678640accb240fd15b81ffc7446d3444d skipped due to low value: 0.0 AVAX
[2025-10-11 16:47:58.680927] Scanning block 70146120
[2025-10-11 16:48:01.436553] Fetched 6 transactions from block 70146120
[2025-10-11 16:48:01.547557] Transaction 0xfb569e3e12cc4e75b1727adf8da7712a4ab6f638183887803b37947b1593faf3 skipped due to low value: 0.0 AVAX
[2025-10-11 16:48:01.713554] Transaction 0x5b353b7ad13eddd4410d7ecdce2459ed7d2cd998706c6988ef10972176e5ee95 skipped due to low value: 0.0 AVAX
[2025-10-11 16:48:01.839553] Transaction 0x426ac5a010c89a8d2360ad43c44f40819395e1e412b7789e6f9bc2c58f8ddf34 skipped due to low value: 0.0 AVAX
[2025-10-11 16:48:01.986556] Transaction 0x9f73258f1678b9bcebe826e555ffd1b4e4c3157a278c8220570f15c0276d17f2 skipped due to low value: 0.0 AVAX
[2025-10-11 16:48:02.096553] Transaction 0xb4daa1a1719c90a0c32df921e9e20c26cbe9b38c04f4a667210f4f785c144ab7 skipped due to low value: 0.0 AVAX
[2025-10-11 16:48:02.208552] Transaction 0x060566c4598e62a3effa4fc6adc7f9342f1fc5f258f55b8a8dd10e293d69099f skipped due to low value: 0.06367983440011651 AVAX
[2025-10-11 16:48:02.320551] Scanning block 70146119
[2025-10-11 16:48:04.213345] Fetched 5 transactions from block 70146119
[2025-10-11 16:48:04.327344] Transaction 0x484641ebc7332516e5d1a45c905d38b49b83ab0f0514db19fea1252c17d0469b skipped due to low value: 0.0 AVAX
[2025-10-11 16:48:04.439345] Transaction 0xe917cad3bd4a8daa067242c65a1e6451c60fc3de32e5d70c49682e45147eca81 skipped due to low value: 0.0 AVAX
[2025-10-11 16:48:04.565666] Transaction 0xcca292824307c15c168adb60c150f360ca8b22faa71d6192323394273af3834b skipped due to low value: 0.0 AVAX
[2025-10-11 16:48:04.680683] Transaction 0x26cb95c5adb6278dd0aff8a5a422d3a52c2f3754c2f4bc4bfbf2569cb4d18c71 skipped due to low value: 416.68930502428157 AVAX
[2025-10-11 16:48:04.792661] Transaction 0x87fa44394411cd350c87ebc93cec995ecf1dd62d1e4b0328d21024d145e620e9 skipped due to low value: 0.0 AVAX
[2025-10-11 16:48:04.905660] Scanning block 70146118
[2025-10-11 16:48:08.517392] Fetched 10 transactions from block 70146118
[2025-10-11 16:48:08.679392] Transaction 0x9376277339c44c1d4babcdea1fa08197bef99f3f23ed169af267d12962df6aeb skipped due to low value: 0.0 AVAX
[2025-10-11 16:48:08.797394] Transaction 0x6a14df5f6d0b87319f99644858379a72ed7a1e139f6ba4310c1f0d1d68e36d38 skipped due to low value: 0.010979358805445762 AVAX
[2025-10-11 16:48:08.913399] Transaction 0x3e447f397bc1afe1d42696a1ea99915a9d10c49e806fd341a737e21cb942ee13 skipped due to low value: 0.0 AVAX
[2025-10-11 16:48:09.035396] Transaction 0x110a1bf4ee07b6d4e5d64d3e47c3efcca22de9e76f50dac71f6d7c6bcc961460 skipped due to low value: 0.0 AVAX
[2025-10-11 16:48:09.150395] Transaction 0xf9a0b59d77793cdda2d239ff49543457c97369f15e7b9680d1ae5f59c0380a6e skipped due to low value: 86.8 AVAX
[2025-10-11 16:48:09.300392] Transaction 0x27e703ad1cdf499f98edb7be8dc60517d33235562d2020b24df7da90da2cea85 skipped due to low value: 0.0 AVAX
[2025-10-11 16:48:09.408389] Transaction 0x01bac88c4f118cd13976b9cfea18556e55295a63832442d2a57018353a3da298 skipped due to low value: 0.0 AVAX
[2025-10-11 16:48:09.514390] Transaction 0xce18064c8edeffd4c048be41133ff8392a23af5bbd31538d8e858bc4d461bdff skipped due to low value: 0.0 AVAX
[2025-10-11 16:48:09.627396] Transaction 0x9cfd54e2ede2b23a2625a2a84167a0954f9603d14ec035fd6ef5b5f96ca2162f skipped due to low value: 0.0 AVAX
[2025-10-11 16:48:09.757394] Transaction 0xbcb3e788427c131043bf75a29b8fd6d9880ca45c8351706ec75bcb9f0bc2c2d2 skipped due to low value: 0.0 AVAX
[2025-10-11 16:48:09.874396] Scanning block 70146117
[2025-10-11 16:48:11.606616] Fetched 9 transactions from block 70146117
[2025-10-11 16:48:11.937619] Transaction 0xeeae0b808fb8b185eb44dad49567e9fb94271318bcf30bb1189b64cc2b530468 skipped due to low value: 0.0 AVAX
[2025-10-11 16:48:12.234618] Transaction 0x40ac2941c2c1561afdf8704bd0638b0e79fcc9d2741ab5798921783d9b993240 skipped due to low value: 0.0 AVAX
[2025-10-11 16:48:12.568182] Transaction 0x4f7cd6680b60221a2c6f9aecebe0a0b36bdf26c83371dc3ca91bfbe3b48523de skipped due to low value: 0.0 AVAX
[2025-10-11 16:48:12.737179] Transaction 0xe7059ca29968d9512be6c8a36325575ed98f43cbe946dad1dcccc3a59c463a5a skipped due to low value: 0.010979358805445762 AVAX
[2025-10-11 16:48:12.844179] Transaction 0xb002b071082fa348ddc2924206c2bf69621e2a69ec3f69188055a8872a0bcdcc skipped due to low value: 0.049135183697698176 AVAX
[2025-10-11 16:48:12.949175] Transaction 0xe0ddd250fcd64c96faac0ffbfadf6b39beca8c0225462a40462505177fc90c67 skipped due to low value: 0.0 AVAX
[2025-10-11 16:48:13.055182] Transaction 0xcef953618b6683052d57f219e1c2668c7b8e23da123ad251022db67c216d2c73 skipped due to low value: 0.0 AVAX
[2025-10-11 16:48:13.165175] Transaction 0x9caf3357c536ff2d79ef77142de07ba31403fbbc3e029d809591282b44a9ecc7 skipped due to low value: 0.0 AVAX
[2025-10-11 16:48:13.270176] Transaction 0x77c7001b6072e974dfb1f6ecfe1a161bd4d4dde289f59c756dc5722773d97f1d skipped due to low value: 0.525 AVAX
[2025-10-11 16:48:13.374175] Scanning block 70146116
[2025-10-11 16:48:15.307060] Fetched 6 transactions from block 70146116
[2025-10-11 16:48:15.411062] Transaction 0x1643b1c31835cf3691e1696bea55a1455b481a2511fb2e69cec2b14c17703625 skipped due to low value: 0.0 AVAX
[2025-10-11 16:48:15.515062] Transaction 0xc94cc1f8666eab81278800a8a7978af0c950f1d9bb15eb1e9180a7ae766226a9 skipped due to low value: 0.0 AVAX
[2025-10-11 16:48:15.624058] Transaction 0x27547d31760484c29333990c0c0c6a043a2b88f882fbfa7f908a9f9b71538063 skipped due to low value: 0.0 AVAX
[2025-10-11 16:48:15.729057] Transaction 0xc9edce893cfe1614a1def9941ef2b9bf195ec0540346d733e49ed51b780284b4 skipped due to low value: 1e-05 AVAX
[2025-10-11 16:48:15.836058] Transaction 0xcf4c68d9b64a40ea7fbb04a7cd61fb264754e241776b531f252fbd5ca9f2acaa skipped due to low value: 1e-05 AVAX
[2025-10-11 16:48:15.972058] Transaction 0x159a37b29cd8b2367a69ce19733c66e6758ada9cda4c6394d686d4e60c30daf8 skipped due to low value: 0.0 AVAX
[2025-10-11 16:48:16.076059] Scanning block 70146115
[2025-10-11 16:48:17.868990] Fetched 5 transactions from block 70146115
[2025-10-11 16:48:17.998986] Transaction 0x518733e0dbf37e1a4a8100e14b7f919f940251ae79eb3637370e02454ce80432 skipped due to low value: 0.0 AVAX
[2025-10-11 16:48:18.103007] Transaction 0x993eec4fc2972ea310f4045731e2f3bb0cd309e3f75b16bc0ac1f99886ccaa74 skipped due to low value: 0.0 AVAX
[2025-10-11 16:48:18.206987] Transaction 0x965c9aa61c3591cc6648f8e7fc2dbc0ec7cb2b19809f0040630793b278f0e029 skipped due to low value: 21.935069058746183 AVAX
[2025-10-11 16:48:18.529885] Transaction 0x17f9001efebbe7869e80f319f83a740851d374681a8b36628da82d9f7aed7f04 skipped due to low value: 0.0 AVAX
[2025-10-11 16:48:18.656882] Transaction 0x8191a8a70cd475f77827a547f9177a84c2aeabe54a1c8647f646a26a5f15dfb2 skipped due to low value: 0.0 AVAX
[2025-10-11 16:48:18.784880] Scanning block 70146114
[2025-10-11 16:48:21.351197] Fetched 3 transactions from block 70146114
[2025-10-11 16:48:21.711187] Transaction 0x89c827a0ab78a187bf3cd994b168ebcafae06f497dcb118fac29ba658fb5ebd4 skipped due to low value: 0.0 AVAX
[2025-10-11 16:48:22.253423] Transaction 0x51cf9713aff85d22e46166aeefc8b7637438279b3f7b24d1d8dc0410da6837ed skipped due to low value: 0.0 AVAX
[2025-10-11 16:48:22.439415] Transaction 0x058c404626f245e1a9064855154c4c19d7c15ad568a1ff14ddd84f0da625b8e3 skipped due to low value: 0.0 AVAX
[2025-10-11 16:48:22.598417] Scanning block 70146113
[2025-10-11 16:48:24.705948] Fetched 7 transactions from block 70146113
[2025-10-11 16:48:24.873948] Transaction 0xdac1842129347954c757419cc33d2181397dec8d6dcf6e4804e14ac79fcd23ce skipped due to low value: 0.0 AVAX
[2025-10-11 16:48:25.033947] Transaction 0x07407d82aaa2a890200d180f08206da423407544d61dd229f4b49dc72798ca01 skipped due to low value: 0.0 AVAX
[2025-10-11 16:48:25.162946] Transaction 0x62658262a1c5933f4142c63f73773da1635f520a563060e440f1a26165246bae skipped due to low value: 0.0 AVAX
[2025-10-11 16:48:25.364948] Transaction 0x6a218d85fb234dbb5640ea3652e0e7d72383a30e0477fd9eb696a93317ff9dca skipped due to low value: 0.0 AVAX
[2025-10-11 16:48:25.495946] Transaction 0x4dd4b20e582102f4294b8dcd254227ad56e2226ddcbc89c5dada5b2023e6f8b6 skipped due to low value: 0.0 AVAX
[2025-10-11 16:48:25.619945] Transaction 0xe0d581bae5c921f2866af37f8c3a53f2d46ad88dce19e3afaaa14e65089cfb7f skipped due to low value: 0.0 AVAX
[2025-10-11 16:48:25.742945] Transaction 0xdc9918b4dd6619ff697600c34ede156363266b28b63c09769577cbdae7903cd1 skipped due to low value: 0.0 AVAX
[2025-10-11 16:48:25.863947] Scanning block 70146112
[2025-10-11 16:48:28.748997] Fetched 7 transactions from block 70146112
[2025-10-11 16:48:28.878517] Transaction 0xb6c4eeb5deab6a59b478dff9a71458acb8bddfc9831a8ce9b8dcc772fdc74d75 skipped due to low value: 0.046 AVAX
[2025-10-11 16:48:29.002519] Transaction 0x7569c5d9006213cace5d89b0e2cb338437d411430e5eb6f7ae80045298f8ca0a skipped due to low value: 0.0 AVAX
[2025-10-11 16:48:29.143517] Transaction 0x85c9826d03987352c87cbdeebfdd893b4f01ac8966842596bcd3722acef4e6e8 skipped due to low value: 0.0 AVAX
[2025-10-11 16:48:29.335242] Transaction 0x13204541308c73dda7614753c6134a32ec08e8126cdbca542154ea6882f8c37d skipped due to low value: 0.0 AVAX
[2025-10-11 16:48:29.472900] Transaction 0x5fc7889a3efa90c4046dd8fe157de108ca7d2ab8f4cd21e48f8d963dba859969 skipped due to low value: 0.0 AVAX
[2025-10-11 16:48:29.609896] Transaction 0xa40c9a3de627ec2e3db5275b3d8c8b2daaa160f8aa223b6452a7d1494be1812f skipped due to low value: 40.77785955341676 AVAX
[2025-10-11 16:48:29.741902] Transaction 0x8f3ed77a51a066909ba91453f1228ed9740ad588e8a19509a2e48ea4422fdf68 skipped due to low value: 0.0 AVAX
[2025-10-11 16:48:29.883898] Scanning block 70146111
[2025-10-11 16:48:32.002639] Fetched 6 transactions from block 70146111
[2025-10-11 16:48:32.151639] Transaction 0x9eb304f3d86d215f790957b8c924507aa9f2ba4dd2d9b2494669ab37f17fb567 skipped due to low value: 0.010979358805445762 AVAX
[2025-10-11 16:48:32.262642] Transaction 0xf2ab732b0d1cd9ac177c390344295a6a834ab33da954f2cfbd9665d98321ef6c skipped due to low value: 0.0 AVAX
[2025-10-11 16:48:32.368636] Transaction 0xf3db31538d214656d82a4a9b538cfb5f9c32fb3edb02fc8406344db13686c024 skipped due to low value: 0.000140299800934 AVAX
[2025-10-11 16:48:32.476637] Transaction 0xb8cece5dae3a85af855a8d569b979143a495ca5311241bd14c1e901d75dd2ab8 skipped due to low value: 0.0 AVAX
[2025-10-11 16:48:32.581640] Transaction 0x160a15e9cb54075a59b19f7382407d97a93bb6534c1d8102c66e6588c417e9af skipped due to low value: 0.0 AVAX
[2025-10-11 16:48:32.687641] Transaction 0x2040ecc1535cd71da3005f86d177963c0b26603197df917440719f5d7387b047 skipped due to low value: 0.0 AVAX
[2025-10-11 16:48:32.792640] Scanning block 70146110
[2025-10-11 16:48:34.505183] Fetched 4 transactions from block 70146110
2025-10-11 23:48:34,679 - INFO - Starting block scan...
[2025-10-11 16:48:34.701187] Transaction 0xfa62fc0f981b7790d4d089e0a9939aa6c20fe38e9663ceddd2f9db59083e3095 skipped due to low value: 0.0 AVAX
[2025-10-11 16:48:34.810182] Transaction 0x720d59968247aa5169f0099767748cc0121b5d352398e201add8a7db9daf3412 skipped due to low value: 0.0 AVAX
[2025-10-11 16:48:34.916198] Transaction 0xb93b873cc41a9e56826d8178e6aeba783659fb2eded3d8eb9e2b7bf4bbc42078 skipped due to low value: 0.0 AVAX
[2025-10-11 16:48:35.053187] Transaction 0x40872ccd7657697cff721cf55ba000ce00647839bca31d3deeaa7f60b37d6afc skipped due to low value: 0.06367983440011651 AVAX
[2025-10-11 16:48:35.447189] Scanning block 70146109
2025-10-11 23:48:36,323 - INFO - Latest block number: 64269137
2025-10-11 23:48:36,524 - INFO - Scanning blocks from 64269137 to 64269038
[2025-10-11 16:48:37.369112] Fetched 4 transactions from block 70146109
[2025-10-11 16:48:37.505119] Transaction 0x232a21ed94ecca54d3791eb28cdfd53554e3aa20d91a05eb70a59f68cd4d3325 skipped due to low value: 0.0 AVAX
[2025-10-11 16:48:37.778118] Transaction 0x0e489a1acf0b42eb8895c745b7d07736099b248300612ef59a702232ab9a0412 skipped due to low value: 0.0 AVAX
[2025-10-11 16:48:37.927117] Transaction 0x6b116b52fa416a0dbb936735a1eaa0af51cb1cb9d54d3da3f191cc433841b2f5 skipped due to low value: 0.0 AVAX
[2025-10-11 16:48:38.040115] Transaction 0xb0a2036f1ca776f306ed3cbffe908d5065de9370b258d74f7389c423b7afdddc skipped due to low value: 22.093062938554255 AVAX
[2025-10-11 16:48:38.153113] Scanning block 70146108
2025-10-11 23:48:38,439 - ERROR - API returned error for block 64269137: {'status': '0', 'message': 'NOTOK', 'result': 'Free API access is temporarily unavailable due to unusually high network activity. To maintain uninterrupted service, we recommend upgrading to a paid plan: https://etherscan.io/apis'}
2025-10-11 23:48:38,439 - ERROR - Error processing block 64269137: API error: Unknown error
[2025-10-11 16:48:39.689455] Fetched 13 transactions from block 70146108
[2025-10-11 16:48:39.803469] Transaction 0xf3f0272fd3d73922ae5d97a2f50bc85b5594e2fdb4ac457231240381e7c77954 skipped due to low value: 18.1486 AVAX
[2025-10-11 16:48:39.914258] Transaction 0x81c6063661801d0665509edb1e8368c6fa00675647cb0bea0a7238d816a5e4e6 skipped due to low value: 0.0 AVAX
[2025-10-11 16:48:40.315284] Transaction 0x67934696d0f07fc062f26a1f76174728c5a21574f00c9907e1dc55b7826b083f skipped due to low value: 0.0 AVAX
[2025-10-11 16:48:40.441281] Transaction 0xa343830f764706f8b3b1bf91c3b367a5e6d6c6d670d16917aaeee5b779864b8e skipped due to low value: 0.0 AVAX
[2025-10-11 16:48:40.557283] Transaction 0x2c7f6447f55c8d533ab351a9345abc22cca182e513019a1ffaaabf079ad40c4e skipped due to low value: 0.181 AVAX
[2025-10-11 16:48:40.672364] Transaction 0x0b53f1e6a3a7381282da5c02caeea9c4d445c2cf5b70843c8832d11d336cf7d7 skipped due to low value: 0.0 AVAX
[2025-10-11 16:48:40.806310] Transaction 0xabe20e04eed94bc8af6625fd5df4eb91d6397df42c873f22f040e238578cc789 skipped due to low value: 0.0 AVAX
[2025-10-11 16:48:40.991312] Transaction 0x7d77869c9e8411ad4f7a225478b913f7c8f7945557c62a61e99f07aaa09ed9b0 skipped due to low value: 0.0 AVAX
[2025-10-11 16:48:41.109311] Transaction 0x118449fcfcfe149a8960fe537223cf1b023422006a3e569743e8be8138ad06c8 skipped due to low value: 0.0 AVAX
[2025-10-11 16:48:41.253313] Transaction 0x7056a7740317a17e839cbb8693e1a6c42ae84b7c40502afa01ae2a597e5cc92d skipped due to low value: 0.010974539069359088 AVAX
[2025-10-11 16:48:41.386313] Transaction 0x17f2a9d0c0bdf2e3176a4fe231d78668c77770d999c5da99d8edf3ec091aad10 skipped due to low value: 0.0 AVAX
[2025-10-11 16:48:41.504329] Transaction 0x74ef9a215983f492b16c6bbb122b32e5ea65dd8d71c9403932731121230dd3d9 skipped due to low value: 0.0 AVAX
[2025-10-11 16:48:41.614307] Transaction 0x319a1b79f81026e9f742ef5cc3ecde72106541e5e7f84f10672efa8fc016b25c skipped due to low value: 0.0 AVAX
[2025-10-11 16:48:41.727516] Scanning block 70146107
[2025-10-11 16:48:43.820582] Fetched 2 transactions from block 70146107
[2025-10-11 16:48:44.101582] Transaction 0x140288eca0ca6f6857adf3f4f144861335554a87139720c76a51efe2f2c83edd skipped due to low value: 0.0 AVAX
[2025-10-11 16:48:44.287585] Transaction 0xd36d89ee4216ec322872243ff35e3977f9d7faeb644765419da6ef8c02055a7e skipped due to low value: 0.0 AVAX
[2025-10-11 16:48:44.405584] Scanning block 70146106
2025-10-11 23:48:44,527 - ERROR - API returned error for block 64269134: {'status': '0', 'message': 'NOTOK', 'result': 'Free API access is temporarily unavailable due to unusually high network activity. To maintain uninterrupted service, we recommend upgrading to a paid plan: https://etherscan.io/apis'}
2025-10-11 23:48:44,527 - ERROR - Error processing block 64269134: API error: Unknown error
[2025-10-11 16:48:46.306066] Fetched 7 transactions from block 70146106
2025-10-11 23:48:46,309 - ERROR - API returned error for block 64269133: {'status': '0', 'message': 'NOTOK', 'result': 'Free API access is temporarily unavailable due to unusually high network activity. To maintain uninterrupted service, we recommend upgrading to a paid plan: https://etherscan.io/apis'}
2025-10-11 23:48:46,309 - ERROR - Error processing block 64269133: API error: Unknown error
[2025-10-11 16:48:46.420058] Transaction 0x953dd89792ea4700d77d3cfd00957566d662b82bf62047ff32d9c2c50f1e8378 skipped due to low value: 0.0 AVAX
[2025-10-11 16:48:46.533053] Transaction 0x14b38bcadf3ef74529681598275e407030fe99a0715c951bb853d78a40d24743 skipped due to low value: 0.2 AVAX
[2025-10-11 16:48:46.649058] Transaction 0xcd05f350ff6e6990ce480c0e16cb57653b5e68c504a4ed563060d8daca07d65b skipped due to low value: 0.010974539069359088 AVAX
[2025-10-11 16:48:47.015057] Transaction 0xc7926c8ef8a86e34c747e10e2e47a97b63bfd1fa2b55bfedbe583ec1d6698b41 skipped due to low value: 0.0 AVAX
[2025-10-11 16:48:47.307060] Transaction 0x04ff3ef20d7c5c4dbc40b7a65370413cd3588d0553750b33434a20ed8313e914 skipped due to low value: 0.0 AVAX
[2025-10-11 16:48:47.507937] Transaction 0x6af887623428b9efe270ef7cb5830113ce1eecbc90625aea71f33a7f101ab05f skipped due to low value: 438.7830049745829 AVAX
[2025-10-11 16:48:47.718548] Transaction 0xb5698c2756275fbba11130821154df0028d4ab087f75ce7aa889f08d7be5976f skipped due to low value: 0.0 AVAX
[2025-10-11 16:48:47.876548] Scanning block 70146105
[2025-10-11 16:48:49.580592] Fetched 8 transactions from block 70146105
[2025-10-11 16:48:49.693594] Transaction 0x49101e5aeab6a408c24b085c55c7104407a7a73faec47add157265e70b3716c5 skipped due to low value: 0.0 AVAX
[2025-10-11 16:48:49.807863] Transaction 0x1354652a7773a78396b493918b9fae9c4ab8cc43fb93fe3f6be186822dfe4dfb skipped due to low value: 0.0 AVAX
[2025-10-11 16:48:49.919562] Transaction 0xefed9f3fb24cb46cfa1ea4a5fffae251f2cdc151dbb41df6e124bb097d0412f2 skipped due to low value: 0.0 AVAX
[2025-10-11 16:48:50.032561] Transaction 0x0f4add810a34ec9dfa9eb9e3fe966d5d2e695070b1801137b309f15b1daebb0d skipped due to low value: 0.0 AVAX
2025-10-11 23:48:50,121 - ERROR - API returned error for block 64269131: {'status': '0', 'message': 'NOTOK', 'result': 'Free API access is temporarily unavailable due to unusually high network activity. To maintain uninterrupted service, we recommend upgrading to a paid plan: https://etherscan.io/apis'}
2025-10-11 23:48:50,122 - ERROR - Error processing block 64269131: API error: Unknown error
[2025-10-11 16:48:50.144559] Transaction 0x6d28823edc5fe8b53354bdfdabc3a3b9727ac38fb097993c3575284379337776 skipped due to low value: 0.0 AVAX
[2025-10-11 16:48:50.256582] Transaction 0xdead3a0768ab1f034a28acf3c5eccc67ba3ef0551984d022e430167db562a0e9 skipped due to low value: 0.0 AVAX
[2025-10-11 16:48:50.395576] Transaction 0xecd49b174d88a0cb1a1fde144287f446ae3c8cd260fd6fba4fae88bef5ae1850 skipped due to low value: 0.0 AVAX
[2025-10-11 16:48:51.210577] Transaction 0x9e68baa5d7e79dabd8fad440fb7b56681631c4830293f239acd7e84475feaf96 skipped due to low value: 0.0 AVAX
[2025-10-11 16:48:51.413579] Scanning block 70146104
[2025-10-11 16:48:53.733241] Fetched 23 transactions from block 70146104
[2025-10-11 16:48:53.847240] Transaction 0x5ae53de5c23d9d4bb03b0930e3b1352d09c07a7c7f3fbf2fd04b360401d41223 skipped due to low value: 0.0 AVAX
[2025-10-11 16:48:53.960243] Transaction 0x52ba3de8101edeefd0203d94506a252b6a0d35f1036da783baab98746f992fcf skipped due to low value: 13.215 AVAX
[2025-10-11 16:48:54.071238] Transaction 0x2bcd688b12fa233e846beec08f19126ff0117bfe4f7eedaf970f90845302633b skipped due to low value: 0.0 AVAX
[2025-10-11 16:48:54.185761] Transaction 0xc131c8f99caf453b3c736860e2ed67d057e6e04bc8d87b5769ce50ea862a6175 skipped due to low value: 32.4848 AVAX
[2025-10-11 16:48:54.313763] Transaction 0xba5069972c668f1db8bde40f9a019d130c6631381f4f38b7fc93d1723c22ae9b skipped due to low value: 0.0 AVAX
[2025-10-11 16:48:54.442761] Transaction 0x5ed94b6fe729194e8233b3fad6e6b806a8a07a059c18234a879a9e13cc45df25 skipped due to low value: 26.28418 AVAX
[2025-10-11 16:48:54.552763] Transaction 0x190e5f815209fdc7da6763f2e0a49053d6252ebe7dc4f5d652ff6fe60dbc21f5 skipped due to low value: 0.0 AVAX
[2025-10-11 16:48:54.666763] Transaction 0xea64548c28224804d113c9338cfac43ba0c1adf21b1cd413bd271b75382f6e8d skipped due to low value: 0.0 AVAX
[2025-10-11 16:48:54.780760] Transaction 0xb4585a1b02e9645879c87f232c5581e21be827dab3a1013e26ce22ab74044dde skipped due to low value: 0.0 AVAX
[2025-10-11 16:48:54.893763] Transaction 0x7d3819280b90e5c18cb603ab5e80c23d770d5bdb38a4224894b32f2c56f0448f skipped due to low value: 0.010974539069359088 AVAX
[2025-10-11 16:48:55.011927] Transaction 0xdaaaf7008a850e07eb345db8e0f70b84c7901058d10476ff07e12f2593b27f6d skipped due to low value: 39.2 AVAX
[2025-10-11 16:48:55.122651] Transaction 0xdb37b9236aa7c8573042670c44a87538a48b35729145904c031a5acf196c75a9 skipped due to low value: 0.0 AVAX
[2025-10-11 16:48:55.235651] Transaction 0xffed9c02783f5d5e128dbd233abe50a4c69b6a19f01e0a88c410b27576aaf969 skipped due to low value: 0.0 AVAX
[2025-10-11 16:48:55.751652] Transaction 0xfdc11d14fe91868c64a9993723658bfa4eced9e74ef1c233bf810a84db1cbefc skipped due to low value: 0.0 AVAX
[2025-10-11 16:48:55.903652] Transaction 0x1c5d0742b19d8328b3c865b2a7d4dedf180fe297178ff1f01b857923488e8689 skipped due to low value: 0.0 AVAX
[2025-10-11 16:48:56.247653] Transaction 0x54987d8467313f0705d190d46fd9f6de763699b1043da92284c97794e5d55ca3 skipped due to low value: 0.0 AVAX
[2025-10-11 16:48:56.463652] Transaction 0x3e7d520c82bb15dc4adf673d56475768fbb34c5ed31e4599848c7f1bccfe6182 skipped due to low value: 0.0 AVAX
[2025-10-11 16:48:56.577652] Transaction 0xab72a2d3305ffad40c48868c0e53674afff90fa128fb7d75684bbb2d073fd581 skipped due to low value: 0.000387890032 AVAX
[2025-10-11 16:48:56.696650] Transaction 0xe819db3d2da87aa2b06114212a853066a65cc70db876ce1a815dd7202faf8b1d skipped due to low value: 0.0 AVAX
[2025-10-11 16:48:56.819177] Transaction 0xe833092e88a71618563efc4b01a287d459ee559d283cb1d6f6089461c2ac6069 skipped due to low value: 0.03692058480000002 AVAX
[2025-10-11 16:48:56.944177] Transaction 0x51d353598f486f13e53a7371db431e2b28c1d9b5f9827a3a80ece0ab90ab4cc1 skipped due to low value: 0.0 AVAX
[2025-10-11 16:48:57.097174] Transaction 0x01b85984882ee7541ec24f528f855dae2909e77986a8c187452fe7022a64aa02 skipped due to low value: 0.0 AVAX
[2025-10-11 16:48:57.264179] Transaction 0x90855a8a004d7ee4f9be92de5ecebcccfe7e153f83e35aa8ec6c4013c65ce54e skipped due to low value: 40.29398074354503 AVAX
[2025-10-11 16:48:57.407872] Scanning block 70146103
[2025-10-11 16:48:59.594316] Fetched 12 transactions from block 70146103
2025-10-11 23:48:59,903 - ERROR - API returned error for block 64269127: {'status': '0', 'message': 'NOTOK', 'result': 'Free API access is temporarily unavailable due to unusually high network activity. To maintain uninterrupted service, we recommend upgrading to a paid plan: https://etherscan.io/apis'}
2025-10-11 23:48:59,904 - ERROR - Error processing block 64269127: API error: Unknown error
[2025-10-11 16:48:59.807839] Transaction 0xe11ffc920666e991dd824a349e5dd2623f36166cb155b768f455f9d86d418535 skipped due to low value: 0.0 AVAX
[2025-10-11 16:49:00.213498] Transaction 0xfab5cab21a57ec0c2f808b0c1d6448b63ee0280b6dbd1bb42d5344063a1375ad skipped due to low value: 0.0 AVAX
[2025-10-11 16:49:00.336499] Transaction 0xffd06429514c16b496ca0a6da8af019c79210a68a8944372c9821bed81e3795c skipped due to low value: 0.0 AVAX
[2025-10-11 16:49:00.488496] Transaction 0xa9c25f06ac65acdea6aeade25f46b13bda1dd153cd88a56cb3d0acce5a1007b9 skipped due to low value: 0.0 AVAX
[2025-10-11 16:49:00.639493] Transaction 0x7e15489b7d0bb54b7b37440b1aff8631dd82ecc5194a5f0fe465d6bd3a1876e7 skipped due to low value: 0.0 AVAX
[2025-10-11 16:49:00.792493] Transaction 0x956ed5002c42b53fbd7ca643b7e5761cf3ac12e7bded1e5cffaafd7a1d976579 skipped due to low value: 0.0 AVAX
[2025-10-11 16:49:00.982494] Transaction 0x8f9401159362f3accdd7b379717d8daacfd09829f4f52b6efd7c108c1b9248c4 skipped due to low value: 0.0 AVAX
[2025-10-11 16:49:01.133493] Transaction 0x070a55b2087212a3d90e7f9c4cef1be361a9b36301845adf05eae599d90e15c6 skipped due to low value: 0.0 AVAX
[2025-10-11 16:49:01.258494] Transaction 0x3c49066c3ff6e9150e806f24ebf26f5754f7e3bc7dd00bdfeb8d3e10641c0b4f skipped due to low value: 0.0 AVAX
[2025-10-11 16:49:01.466501] Transaction 0xab7d2961f77c894ef90daf47810257b01fd0c5b306c38d0f3ed564afc5c25d8d skipped due to low value: 0.0 AVAX
[2025-10-11 16:49:01.639494] Transaction 0x47b9267be094203ba2f37a67f7b35141e3410b00a61b944453f8f42358031db6 skipped due to low value: 0.0 AVAX
[2025-10-11 16:49:01.760497] Transaction 0x72ed6900aa03ed2ff2441acd5848bb1586190ba3f6c0fe19e10da124253c5451 skipped due to low value: 0.0 AVAX
[2025-10-11 16:49:01.905496] Scanning block 70146102
[2025-10-11 16:49:05.178655] Fetched 12 transactions from block 70146102
[2025-10-11 16:49:05.452656] Transaction 0x42c3d65c96197089606b6cc7f9d78964a5d719e0e85a502de739b5843ba5ce91 skipped due to low value: 0.0 AVAX
[2025-10-11 16:49:05.567656] Transaction 0x3a3e1c775cfde7e80bec343756aaaaf4d3b9b9d00c778f246540bd96f85217a2 skipped due to low value: 0.0 AVAX
[2025-10-11 16:49:05.683656] Transaction 0x34ae329864d3b2b8300a1e208a4d2f31d4b70b306ff9ff620c3fe2b135fb41b4 skipped due to low value: 0.0 AVAX
[2025-10-11 16:49:05.806654] Transaction 0x2412a9afc8d7912c446801bbdd9b2e75efd93e4409c3ec53adf9ae61a5031f36 skipped due to low value: 0.0 AVAX
[2025-10-11 16:49:05.923654] Transaction 0x681563f0d1e0dfae53a69b0f9375469f950a383ee0b29c957e3738f689782191 skipped due to low value: 0.0 AVAX
[2025-10-11 16:49:06.035654] Transaction 0xa52d9f4970cdaa8f4c4ec29e7fb876dbbde0576e86e196211ec23f3f7391471d skipped due to low value: 0.0 AVAX
[2025-10-11 16:49:06.151653] Transaction 0xd6f2b42e1dc699737854e02b61fb0d66c14c5c94ac90ce1cce6a9cab1fc2105e skipped due to low value: 0.0 AVAX
[2025-10-11 16:49:06.278658] Transaction 0xc487a76da8878343eccaf7d7b2cd7b645bfb08a4fb7586e53a39d4a49dda0ab5 skipped due to low value: 0.0 AVAX
[2025-10-11 16:49:06.397657] Transaction 0x5ecd0ea9d54f9b35d251740ed715bc56bbff20596fc90523e62ece022e415ade skipped due to low value: 0.0 AVAX
[2025-10-11 16:49:06.530655] Transaction 0x2cf410e86d4995df699c835439020345e4fa2b9ac33b80f3e48199a0b1184ab1 skipped due to low value: 0.0 AVAX
[2025-10-11 16:49:06.643658] Transaction 0x3728521f0fb1cbc4bb990c5603e82f13bdf9329ba43ce2e219b82313c38fdfbb skipped due to low value: 0.0 AVAX
[2025-10-11 16:49:06.756658] Transaction 0x317c28a0ce8cce1a2ba6667c537b92071a80f6730992a0c026e1a0ecbc01a90c skipped due to low value: 0.0 AVAX
[2025-10-11 16:49:06.879098] Scanning block 70146101
2025-10-11 23:49:08,133 - ERROR - API returned error for block 64269124: {'status': '0', 'message': 'NOTOK', 'result': 'Free API access is temporarily unavailable due to unusually high network activity. To maintain uninterrupted service, we recommend upgrading to a paid plan: https://etherscan.io/apis'}
2025-10-11 23:49:08,134 - ERROR - Error processing block 64269124: API error: Unknown error
[2025-10-11 16:49:08.737198] Fetched 11 transactions from block 70146101
[2025-10-11 16:49:08.856202] Transaction 0xd2cb542eed14ff9293eb75bb9ab6e625ee8262fbf9f698f8a38260f9d8e15ad8 skipped due to low value: 0.0 AVAX
[2025-10-11 16:49:08.993725] Transaction 0x1f082d208b0fc261165d8b0294f0aa4ac2700f922f2d1f3b60a3c79d0afe04fb skipped due to low value: 0.0 AVAX
[2025-10-11 16:49:09.119727] Transaction 0xa3992dbf1fc16ecfb4696a751efc3c66be653c6d9d2791cf622447bee1bca1db skipped due to low value: 0.0 AVAX
[2025-10-11 16:49:09.238728] Transaction 0x1307355d6a234681e8184e476774eab01a1756c9f83e82c0e2cb04214c9ab8a5 skipped due to low value: 0.0 AVAX
[2025-10-11 16:49:09.352483] Transaction 0x33b52e6ab5e6e184124d87f564670c97d93d40f41950d69fe8bcf3e3817eac4e skipped due to low value: 0.0 AVAX
[2025-10-11 16:49:09.471445] Transaction 0x735e712d9326ceb4c4ed4d8c80f04c76e488e73db53dd39cf3aa8741484a86f9 skipped due to low value: 0.0 AVAX
[2025-10-11 16:49:09.583440] Transaction 0xf0fa2f182898eba4d909121874a2a195fc9ed15dd60cbd9ec42af42d6ef66b46 skipped due to low value: 0.0 AVAX
[2025-10-11 16:49:09.696442] Transaction 0xf62e0da173fb30cff1bab3fd878d10e285da4e9f133f153ce29e404398571555 skipped due to low value: 0.145 AVAX
[2025-10-11 16:49:09.807443] Transaction 0x39b0a1457672aa620116fdb16c8c106e12ac638627de08352d27d83d3cd554d6 skipped due to low value: 0.0 AVAX
[2025-10-11 16:49:09.919440] Transaction 0xd004e1ce7b79bb952992ba268743d4ae48a5da5343d004ac594ad4ec95f2f202 skipped due to low value: 0.0 AVAX
[2025-10-11 16:49:10.033441] Transaction 0x36df7194f14e74cd6994471dab7aceca2f792c27c72179f510b1fd0f39bce03d skipped due to low value: 0.0 AVAX
[2025-10-11 16:49:10.147439] Scanning block 70146100
[2025-10-11 16:49:11.868163] Fetched 13 transactions from block 70146100
[2025-10-11 16:49:11.978163] Transaction 0xcb25ae1d2997616ef7e807befcf9651c060e4389b4ed40572ba5c9fda53e1cca skipped due to low value: 0.0 AVAX
[2025-10-11 16:49:12.091163] Transaction 0xb17a5a063b4c77aa577490864e07f41ab8481dc5a77b51a5308531ca72069d39 skipped due to low value: 0.0 AVAX
[2025-10-11 16:49:12.203162] Transaction 0x58683cd3c31d02d83a5b171045012e4fe5444b5fde44acf2c3dd087109a2bdbc skipped due to low value: 0.0 AVAX
[2025-10-11 16:49:12.316171] Transaction 0xfd3e7dbb72b8bff0887380c3a4315b955f78f68060da245457cb1290162ae385 skipped due to low value: 0.0 AVAX
[2025-10-11 16:49:12.432167] Transaction 0xc549ce965de28c3bd3bef8c1b2cd726fa8e5d932d60d7105357f8cbf3a33d451 skipped due to low value: 0.0 AVAX
[2025-10-11 16:49:12.545166] Transaction 0x8cbf5c2a85b1b5e3c106ef83656d09ea350193febbac21bf12f16eb1ae551fbc skipped due to low value: 0.0 AVAX
[2025-10-11 16:49:12.658162] Transaction 0xadbb1a6b7ca9c6d68e0977707679d269ba61334a7d725f9882027f4e3dc089f1 skipped due to low value: 0.0 AVAX
[2025-10-11 16:49:12.772163] Transaction 0x4181e913b6df99bc12e8651719a38c0c3adc1df4b7e2f0341cc67851c0eaf694 skipped due to low value: 0.0 AVAX
[2025-10-11 16:49:12.882163] Transaction 0x942b47223336e954e703888b4b4ce7c3d96052eca1dbda2166d14816fc604863 skipped due to low value: 0.0 AVAX
[2025-10-11 16:49:12.994163] Transaction 0x7832ea54e60cf98c4f347973f39c3fddc9f7faf46165a42b65a61bef531daf55 skipped due to low value: 0.0 AVAX
[2025-10-11 16:49:13.108163] Transaction 0x96d925806eb4d0879637349985e37fc7d908a986dc9fd1deab484ff53c160a4b skipped due to low value: 0.0 AVAX
[2025-10-11 16:49:13.220164] Transaction 0x4efded7102edf1e232c7bce474bb2a79036436d855c828a7926759167cd381ca skipped due to low value: 0.0 AVAX
[2025-10-11 16:49:13.332163] Transaction 0x6f8f86ae4935e3d303d5fdd02b7730f719bc8f2b51de1e46ecbc900059fa6e7e skipped due to low value: 0.0 AVAX
[2025-10-11 16:49:13.443161] Scanning block 70146099
[2025-10-11 16:49:15.296854] Fetched 7 transactions from block 70146099
[2025-10-11 16:49:15.408850] Transaction 0xd672befed97b6c4b1370df99a0de2385e9ac43cefbbc70171d7ad38bb6eb8d21 skipped due to low value: 0.0 AVAX
[2025-10-11 16:49:15.520852] Transaction 0x6592d93774445f65b3f9a26f072821481a25570bfa6c78e059b3e1b9ea117df7 skipped due to low value: 0.0 AVAX
[2025-10-11 16:49:15.630850] Transaction 0x1c4ece758c615c53f99437c755c562d2c60deb392129b0e29110d90d514440c9 skipped due to low value: 0.0 AVAX
[2025-10-11 16:49:15.743852] Transaction 0xc379ae99afc9ec5f98d11943b5c6f4e8366317c9f49475a89fd2fc9cc7f67be3 skipped due to low value: 0.0 AVAX
[2025-10-11 16:49:15.857855] Transaction 0xc171d89104c0382ee63d7aed775b559513f7694dbcb767bd2e0302bdb60034cc skipped due to low value: 0.0 AVAX
[2025-10-11 16:49:15.970853] Transaction 0xf4904cbf837681b3f3e82babf20999821e6fe0ef9a11c0c8f4f82f5e4380a456 skipped due to low value: 0.0 AVAX
[2025-10-11 16:49:16.084852] Transaction 0x25c627824705505cb44a597ee30d5673b5a4d877cd6ea65db2800ba88d856f01 skipped due to low value: 0.8567551706981781 AVAX
[2025-10-11 16:49:16.196021] Scanning block 70146098
[2025-10-11 16:49:17.747605] Fetched 8 transactions from block 70146098
[2025-10-11 16:49:17.860200] Transaction 0xb115eadf2be66a8d9d7893c039b5391e62b1009a4c0d1d79a236bd8103ed1e2d skipped due to low value: 0.0 AVAX
[2025-10-11 16:49:17.995199] Transaction 0xfe78fa675da43166ece8ac77deb69f6c1ed9a2b51cb01f0d79cc9cb5546ee5a8 skipped due to low value: 0.0 AVAX
[2025-10-11 16:49:18.106197] Transaction 0x142af0981f47506bccdc454c8620e83a9108a410bd02e94d3ba4c38fe565869a skipped due to low value: 0.0 AVAX
[2025-10-11 16:49:18.217196] Transaction 0x8e03e0c9c623e1c6b5bd21a85dd26bf3a2dddb2146d355eed4902a90ab69fa29 skipped due to low value: 0.046 AVAX
[2025-10-11 16:49:18.329196] Transaction 0xcc25bebd6044aa5e661b7650c9f6f5e6d6d99896b4ae1ea76024e9de6746908b skipped due to low value: 0.0 AVAX
[2025-10-11 16:49:18.441161] Transaction 0xcfd61127a735ce23dbb28657ecae2b2454429922ec60670b00eb9d284ef1830f skipped due to low value: 0.0 AVAX
[2025-10-11 16:49:18.553534] Transaction 0x1590d5918fc23650f5c2cbe7dc0211d5bda0c582dba0e17de54939362bb59fdd skipped due to low value: 0.0 AVAX
[2025-10-11 16:49:18.664518] Transaction 0x0bc15a85803a904de6844b8b8b3b4e290efba8e33fe429eab1f419b187cf061a skipped due to low value: 0.0 AVAX
[2025-10-11 16:49:18.778516] Scanning block 70146097
[2025-10-11 16:49:20.406025] Fetched 2 transactions from block 70146097
[2025-10-11 16:49:20.517029] Transaction 0xa263060cbe0ce2ac89ed278a2843d04b2f39a176dca06641e787956c7f2312f0 skipped due to low value: 0.0 AVAX
[2025-10-11 16:49:20.629059] Transaction 0x76c75f963d6cc53fa15d658cde7bf8a7edd550f24b9f64a8dcba788a78bfc25a skipped due to low value: 0.0 AVAX
[2025-10-11 16:49:20.741511] Scanning block 70146096
[2025-10-11 16:49:22.401432] Fetched 25 transactions from block 70146096
[2025-10-11 16:49:22.513434] Transaction 0x2571497bbd095935a2731181638e87d377f3d37c5873ebfa7c3d1061c8ced8d8 skipped due to low value: 0.0 AVAX
[2025-10-11 16:49:22.633437] Transaction 0x36d239871588ac38b488e74fe3f25502dd1390b1a82c4ed60dc1fb8a0eb06dfe skipped due to low value: 0.0 AVAX
[2025-10-11 16:49:22.743437] Transaction 0xb42c53052077b67bfca7268a67e5763ae6c304f9c391696d8861c7ebf18f7199 skipped due to low value: 0.0 AVAX
[2025-10-11 16:49:22.874436] Transaction 0xa9c577a9340b2a05a967345610e3aea8567b834f98b35f271daf48e092cec6bf skipped due to low value: 0.0 AVAX
[2025-10-11 16:49:22.986256] Transaction 0xa539018748607eabe1dd55a9fdb03068f8585f4bc871681450d5c8f64dd5f88b skipped due to low value: 0.0 AVAX
[2025-10-11 16:49:23.121254] Transaction 0xb11efa66e3d38ec064a5d49b07d7ff48bbc8cb9bfa109b711cedba7bfdd5f534 skipped due to low value: 0.0 AVAX
[2025-10-11 16:49:23.233254] Transaction 0x1508cf7681cc5ad479c70a765b837d4147e01dd731465ccefdb88228e00f521a skipped due to low value: 0.0 AVAX
[2025-10-11 16:49:23.346253] Transaction 0x70c0680203e9e40e0f45a06bc56445fb02101d7e315f012eabe190c4419a37e6 skipped due to low value: 0.0 AVAX
[2025-10-11 16:49:23.459255] Transaction 0x1b963f1a7929d24b32e2364f289afd44a534f1d3741590c5226f30621a50f825 skipped due to low value: 0.0 AVAX
[2025-10-11 16:49:23.571254] Transaction 0x269ee6ef03cddd0bb81f461a67e9c9a6f7d071efb31a64287d7c219fd8a5ccfa skipped due to low value: 0.0 AVAX
[2025-10-11 16:49:23.683253] Transaction 0x95f347e3321564a2d99984478d67af18ef516ec233ded7cb26dc324269f81bd0 skipped due to low value: 0.0 AVAX
[2025-10-11 16:49:23.794265] Transaction 0x8154acd3269182a6eaa3626bbcd1e011dc60ac8b5b4dbb34a3dfcc352a283bb0 skipped due to low value: 0.0 AVAX
[2025-10-11 16:49:23.908252] Transaction 0x6c64259ba374e1587b095ea10dd252cb0b07c69006f3c5885ea20b2e844b13b9 skipped due to low value: 0.0 AVAX
[2025-10-11 16:49:24.021536] Transaction 0xd7c70d7e8d308a71e8af61bb0e367b457667c043f08ae88069c06a2e955bb962 skipped due to low value: 0.0 AVAX
[2025-10-11 16:49:24.134166] Transaction 0x9721d32b7a71454e7470782e21d5fbebf5a3235528e7606513d48b943ba192ab skipped due to low value: 0.030728735398841266 AVAX
[2025-10-11 16:49:24.249192] Transaction 0xffd22004182615479583a262656480bd324bdc1160fad0c07515cb8168667c3d skipped due to low value: 0.0 AVAX
[2025-10-11 16:49:24.361193] Transaction 0xc7926f93087c5e78bbfacac72f6001203b44bceddbc23bf5e638154dcb7427c2 skipped due to low value: 0.0 AVAX
[2025-10-11 16:49:24.472190] Transaction 0xaf9b8474884367e0f8e59b37ccc8ef8f1196c338c9d02fe15b3ba2a03ec395c1 skipped due to low value: 1e-05 AVAX
[2025-10-11 16:49:24.585190] Transaction 0xc2ae5862c07bdb04e46e587780352457a81d43914d8628b3966739beba5b53dd skipped due to low value: 1e-05 AVAX
[2025-10-11 16:49:24.696191] Transaction 0xeb7966fd8a9a7ee1047f71e4e1f2394a43e31256a202fe35a1b0bae464f9f18a skipped due to low value: 1e-05 AVAX
[2025-10-11 16:49:24.810194] Transaction 0xfadccbd24810aa17ccb75bce68bf3be80e6485590c39e9ce7b8ea85459f61e23 skipped due to low value: 1e-05 AVAX
[2025-10-11 16:49:24.925194] Transaction 0xd8b6b98514ab83e6efbb5372de372344eb543ebac593eef8eb11184b574c6578 skipped due to low value: 1e-05 AVAX
[2025-10-11 16:49:25.038192] Transaction 0xcc12c70e8b5226f2be032f0ef5481ae93ad0d9d860230bc06721f21d90c5ffc1 skipped due to low value: 7.197462455542931 AVAX
[2025-10-11 16:49:25.153497] Transaction 0x59a931cfb78587bc013b23e62801f07889c37fea15a10669172a27da6d7ef74e skipped due to low value: 0.0 AVAX
[2025-10-11 16:49:25.280763] Transaction 0x06056bc393d8a91edd24e7762e2087d8690576672c97e265727775f222fac79f skipped due to low value: 0.0 AVAX
[2025-10-11 16:49:25.397117] Scanning block 70146095
[2025-10-11 16:49:27.208511] Fetched 44 transactions from block 70146095
[2025-10-11 16:49:27.325786] Transaction 0xb7145d151957176a581b18526c4a3ef3ae8fcc509ec0548ec1b32ca7de5430be skipped due to low value: 0.0 AVAX
[2025-10-11 16:49:27.440782] Transaction 0x0eb97c898b7d110fc172f29b213af5bba0f469f8ea0a461963fded12144731a4 skipped due to low value: 0.0 AVAX
[2025-10-11 16:49:27.558404] Transaction 0x27a4a2d500e8a991b6c829f48a81aba82d47c3cc44ac4cf1764744902bd85506 skipped due to low value: 0.0 AVAX
[2025-10-11 16:49:27.672399] Transaction 0xe63bbe3760eacfb562662d73be1c86514cb160649816b1a613ebdf500795a749 skipped due to low value: 0.0 AVAX
[2025-10-11 16:49:27.784401] Transaction 0x1e12933d1265abebc279ed04c03de96cd0a80f1c6120c4da5ac5bef72a151fde skipped due to low value: 0.0 AVAX
[2025-10-11 16:49:27.896510] Transaction 0x0e7bc888033edd8852489b1bf71f50c847b4f6047f2bfef527ae2e0e2ff5bf13 skipped due to low value: 0.0 AVAX
[2025-10-11 16:49:28.015293] Transaction 0xa5a2544ae7ceb329c851d8faedb4d5a96430fddbdbf42029ca39f4c3cd466fc3 skipped due to low value: 0.0 AVAX
[2025-10-11 16:49:28.125755] Transaction 0x619154dd614b3e37f78b7d9059642ed8d03a713755623aae0f0b14d9e5e92a77 skipped due to low value: 0.0 AVAX
[2025-10-11 16:49:28.237172] Transaction 0x2389a117f1db654311a47fa38e364f267300952a92cd68668e15395527b5dce7 skipped due to low value: 0.0 AVAX
[2025-10-11 16:49:28.349064] Transaction 0xf3446d7004bfb9024ae58fed291ad1b4000e94da7533a8956aac415d0f311a26 skipped due to low value: 0.0 AVAX
[2025-10-11 16:49:28.460044] Transaction 0x89fac8c1e3234fd5afe1776a7c8ac485522fa7429df2e6677c9e14dfc8103b17 skipped due to low value: 0.0 AVAX
[2025-10-11 16:49:28.574044] Transaction 0x069b83c13f88d7febfb197243d4ffbb12bdd6c295ddc51ed04312585c0fc8fb8 skipped due to low value: 0.0 AVAX
[2025-10-11 16:49:28.686094] Transaction 0x84139392c269dfc365b09cf228bd40c62ece756539505e1d4ff1f415214346fa skipped due to low value: 0.0 AVAX
[2025-10-11 16:49:28.802098] Transaction 0x06e916ec04f8379376ecc01f3394ce9d6de6fc67c61132221a4b0edaf071e163 skipped due to low value: 0.0 AVAX
[2025-10-11 16:49:28.915094] Transaction 0xd16a47f0a166ef70bc772eea8d6b655e5953b45cb614e73cbbcadaabcecd4b8d skipped due to low value: 0.0 AVAX
[2025-10-11 16:49:29.030092] Transaction 0x21780fe0464d2dc4b5c3c43c1322b38b5c74ad425f595251a6e57505d1988462 skipped due to low value: 0.0 AVAX
[2025-10-11 16:49:29.142095] Transaction 0x9885999917e11091273437a82eb5f6799c89edbf6b28864d839e0f19ccd9f988 skipped due to low value: 0.0 AVAX
[2025-10-11 16:49:29.255096] Transaction 0x5bb3dc6a8fae974f22d7918b7a7fe0bd0b3c63be3dbb3c1e8017079af69fcada skipped due to low value: 0.0 AVAX
[2025-10-11 16:49:29.371097] Transaction 0x7b9873820f8696558d4ef996c6cf1b69de255cf20b53fecc7ec6edf54cfc7b5d skipped due to low value: 0.0 AVAX
[2025-10-11 16:49:29.485092] Transaction 0xa07d55d9602399dcc0a2c843f7f77478a7c07e73c9d04e8cb7f11ec0c08776d0 skipped due to low value: 0.0 AVAX
[2025-10-11 16:49:29.599093] Transaction 0x4be206312a8021d3efe90ae408dde6f1cec823a12222f265dc95e7d953c7d6c2 skipped due to low value: 0.0 AVAX
[2025-10-11 16:49:29.711100] Transaction 0x6b25e7a4e9e11e9f8182e6d0e3b11cb840c50686daed29de1a69143a6fcd50ac skipped due to low value: 0.0 AVAX
[2025-10-11 16:49:29.820415] Transaction 0x0474c2c3de5092584fac0d890347b175b32e1ba21d81fcdff7de5287ea6e7903 skipped due to low value: 0.0 AVAX
[2025-10-11 16:49:29.932438] Transaction 0xf8665d587bf8c6b13a5cbaa985b1fea53b881ba9944acf6e50df0c598027f87e skipped due to low value: 0.0 AVAX
[2025-10-11 16:49:30.046800] Transaction 0x9a2b960ae747ee39ca1adec9a34428f1dcfbd76face0234a5e2b6eb63140442b skipped due to low value: 0.0 AVAX
[2025-10-11 16:49:30.159793] Transaction 0x28cc315124a004f44dad5989b9830db2fb6dc6a6467cacc78d14447ab04cd49d skipped due to low value: 0.0 AVAX
[2025-10-11 16:49:30.270781] Transaction 0xcb29b3506171ebd89a1f5918e837f802a50739647fa4493adfd62e3fc540e034 skipped due to low value: 0.0 AVAX
[2025-10-11 16:49:30.382781] Transaction 0x1368c467286cafcfc66ee6a9b305e079ae90eef93bfe496ac5d1a00eeca908b2 skipped due to low value: 0.0 AVAX
[2025-10-11 16:49:30.495782] Transaction 0x000bf71b04866c56d175b5cd5cb7d809b8e7d3e1e0b09f937557c4d964d9bf2a skipped due to low value: 1e-09 AVAX
[2025-10-11 16:49:30.607783] Transaction 0xe5614fc0e9811de83cb24a046317d61c532d5807f6e2b26255f9b520bdb34810 skipped due to low value: 0.0 AVAX
[2025-10-11 16:49:30.740789] Transaction 0xbd6623d0c9c75fd8fdb1b0417b957a0d77ae42e225f324c1158371737af422a3 skipped due to low value: 1e-09 AVAX
[2025-10-11 16:49:30.861779] Transaction 0xe0be96de59c286cb8ea60b7a31af03228df1bda6d51ce2998101de04ecae9cc3 skipped due to low value: 0.0 AVAX
[2025-10-11 16:49:30.986784] Transaction 0x122bd18be7ae2f9409474a58026eb972d8ea3c3395bd64a1002a77dd28631444 skipped due to low value: 0.0 AVAX
[2025-10-11 16:49:31.102781] Transaction 0xe1fa0672ac28368c1f314bce19652468dc69a3227c5b3ffdf34e216e10507860 skipped due to low value: 0.9859590309377687 AVAX
[2025-10-11 16:49:31.213781] Transaction 0xb826f8e17d7d2fff6151855e595e3d84d1214bb7f353b3796a413d57f38ef733 skipped due to low value: 0.0 AVAX
[2025-10-11 16:49:31.324782] Transaction 0x89d13168e23759497ed5d1cefcf1bec7ebd891dde52fc5db8c3e9edf5754458a skipped due to low value: 0.0 AVAX
[2025-10-11 16:49:31.437422] Transaction 0x9a2348c9971407915a94682d550db74f2284c7ef8accb91df37f0af42949f395 skipped due to low value: 100.2635955209448 AVAX
[2025-10-11 16:49:31.549311] Transaction 0x1fc93cafbc2b8e2a854ebc01874fd6b1f3958030a412afd21778811ed5adda2e skipped due to low value: 0.0 AVAX
[2025-10-11 16:49:31.676289] Transaction 0xb2de4f6099b441dc5d8742f0420d845279e491fe2f267188f059da67d38549c5 skipped due to low value: 0.0 AVAX
[2025-10-11 16:49:31.789293] Transaction 0x419e922211e1a2d95acb1de9b525b5bd26438a5d53125fcd09915eeb6a8bbe25 skipped due to low value: 0.0 AVAX
[2025-10-11 16:49:31.900290] Transaction 0xb1cfcda0a59437fd089f467c3d70e715d1798d42092767058f75b3334a2a5232 skipped due to low value: 0.006587400648278318 AVAX
[2025-10-11 16:49:32.013106] Transaction 0x338e3d8ae0a18be5cf5b47526be660502b5dc97381c42259bc4f9007064075e0 skipped due to low value: 1e-05 AVAX
[2025-10-11 16:49:32.124400] Transaction 0x1d21fd63e5087c5c16286d46b2cf4cd5150d5679fa59a7427e7ad96375a97746 skipped due to low value: 1e-05 AVAX
[2025-10-11 16:49:32.234620] Transaction 0x4d0c0af84dc6052db023897fd84013c7d05cf9673756302add6c74d117ab87fd skipped due to low value: 0.0 AVAX
[2025-10-11 16:49:32.344424] Scanning block 70146094
2025-10-11 23:49:35,251 - ERROR - API returned error for block 64269112: {'status': '0', 'message': 'NOTOK', 'result': 'Free API access is temporarily unavailable due to unusually high network activity. To maintain uninterrupted service, we recommend upgrading to a paid plan: https://etherscan.io/apis'}
2025-10-11 23:49:35,252 - ERROR - Error processing block 64269112: API error: Unknown error
[2025-10-11 16:49:35.345622] Fetched 10 transactions from block 70146094
[2025-10-11 16:49:35.487623] Transaction 0x88b54910486ce92910d6de2aa99bb408739cc7a946cb1d299b558ea79e2403a9 skipped due to low value: 0.0 AVAX
[2025-10-11 16:49:35.631622] Transaction 0x1a537aa975853d9107442df1c6bee5bbf03097c05fecfcc8efdb95c65ab581ed skipped due to low value: 0.0 AVAX
[2025-10-11 16:49:35.769619] Transaction 0x941a7d0a0736f7caee386d29ac35388082cbd42595188f5af00d5e6a79b97edb skipped due to low value: 0.0 AVAX
[2025-10-11 16:49:35.907625] Transaction 0xf9c9d2d44ec59feb1b4f9db61242cab00daf79e66ce1bef57b7dfb0bcf250cc7 skipped due to low value: 0.0 AVAX
[2025-10-11 16:49:36.050623] Transaction 0xb918fc9ee8a6ae0853b4d0fa92581c6c78b51e29e6b05036b9039b2cd3f42d56 skipped due to low value: 0.0 AVAX
[2025-10-11 16:49:36.220625] Transaction 0x2daecfcd71b162aa73f82aab1ffec6e9bed435cf59fff78216881fa52831ee52 skipped due to low value: 0.0 AVAX
[2025-10-11 16:49:36.377625] Transaction 0x86a7661ea4eceed7b5ce832a384838c63952fc91de93e3181e4a9a4df34b20a5 skipped due to low value: 0.0 AVAX
[2025-10-11 16:49:36.531204] Transaction 0xe72dfd99a3275db0485ee91f79fbb8c52c9ea0d862719f888b2215ebd83c883b skipped due to low value: 0.0 AVAX
[2025-10-11 16:49:36.683477] Transaction 0xfab2869580d11595503d9b80e1145e531de0456a83a13f667bbe4cf4290272ee skipped due to low value: 0.0 AVAX
[2025-10-11 16:49:36.812475] Transaction 0x88fff86d337a9080a7b15add4c509ad291bbf5797d41e5dae94281b17c0bacc6 skipped due to low value: 40.77628660326577 AVAX
[2025-10-11 16:49:36.952475] Scanning block 70146093
[2025-10-11 16:49:38.948488] Fetched 2 transactions from block 70146093
[2025-10-11 16:49:39.088489] Transaction 0x042a8b385e8a5006dfefde85bd6f0e3260360e5204d2069545b71976877824dd skipped due to low value: 0.0 AVAX
[2025-10-11 16:49:39.225493] Transaction 0x1e560bbb4ace6dc63d46b80a24bc75e45cd485d8ba4d384b3655174c70ce5a84 skipped due to low value: 0.0 AVAX
[2025-10-11 16:49:39.376492] Scanning block 70146092
[2025-10-11 16:49:41.504516] Fetched 6 transactions from block 70146092
[2025-10-11 16:49:41.632519] Transaction 0xd37ca893a86008e545b8670b7791af76bee94ab6a37810061e619f321ab8e0b2 skipped due to low value: 0.0 AVAX
[2025-10-11 16:49:41.769517] Transaction 0x5f6ebaea6e8362fe977236d68cb3e8a0df6ec94ca3d03942f2ba364240e77c31 skipped due to low value: 0.0 AVAX
[2025-10-11 16:49:41.902519] Transaction 0xe0400c5bf00e75ae07674d8e2b1043c2498e3ad750f24db298f78e03ec5ec846 skipped due to low value: 0.002870041260199349 AVAX
[2025-10-11 16:49:42.037516] Transaction 0x36d87005a3882e426b0eb63fe1945b877ca4f6cf3a080c447f820826ba4bfeee skipped due to low value: 0.0 AVAX
[2025-10-11 16:49:42.194519] Transaction 0x59b5309ae9ec94602fe2af952848df94180c0caf1115f9ae83bd7cd22fba9750 skipped due to low value: 0.0 AVAX
[2025-10-11 16:49:42.349519] Transaction 0x785d5a3852e9adadd05b159cc8e323d4967ba12273bc05ef45227d849b8a208b skipped due to low value: 0.0 AVAX
[2025-10-11 16:49:42.473517] Scanning block 70146091
[2025-10-11 16:49:44.414034] Fetched 8 transactions from block 70146091
[2025-10-11 16:49:44.519053] Transaction 0xbba1a4eb22b2251582d15b291dcbff2ed0dcbe78fa3644d0647c1685fbde1f17 skipped due to low value: 0.0 AVAX
[2025-10-11 16:49:44.624607] Transaction 0x0e0a180e4bb2e3393723211933a4d0b46a7710135c007a9d18b16aa1519edece skipped due to low value: 0.0 AVAX
[2025-10-11 16:49:44.728326] Transaction 0x8d58612efcc0a95f9ffcd0972a2665e93357ee23b7c9083aba87ed667199d2e7 skipped due to low value: 0.0 AVAX
[2025-10-11 16:49:44.835065] Transaction 0x3bbb90acd827018c6ed5fe3f0d52c5bfea38cfae50e364e03f735835a19b62fa skipped due to low value: 0.0 AVAX
[2025-10-11 16:49:44.946210] Transaction 0x59b994991edc46c68535dc57de2b19bb8f7e15effd6cee77370c23e395aeffa6 skipped due to low value: 0.0 AVAX
[2025-10-11 16:49:45.052211] Transaction 0x6143d0f0759c7a2b02107541303664a2a5c81715014159f340fa9801b45bc388 skipped due to low value: 0.0 AVAX
[2025-10-11 16:49:45.157212] Transaction 0x8361ad1a1610f3c7e66c2b8ffc9c3d42b4c8e43c44d542e491d46b19295a018a skipped due to low value: 0.0 AVAX
[2025-10-11 16:49:45.264210] Transaction 0xa8356f4f425cf4d907b07ee7058d73e6a1825c8503b4e5130a4322d8d5a555f7 skipped due to low value: 0.0 AVAX
[2025-10-11 16:49:45.371215] Scanning block 70146090
2025-10-11 23:49:46,488 - ERROR - API returned error for block 64269107: {'status': '0', 'message': 'NOTOK', 'result': 'Free API access is temporarily unavailable due to unusually high network activity. To maintain uninterrupted service, we recommend upgrading to a paid plan: https://etherscan.io/apis'}
2025-10-11 23:49:46,489 - ERROR - Error processing block 64269107: API error: Unknown error
[2025-10-11 16:49:46.977518] Fetched 8 transactions from block 70146090
[2025-10-11 16:49:47.083532] Transaction 0x24318b83f64f6bedff1c1c78e4935ff4cff76babeb5d40d1f4553a4b33f620cb skipped due to low value: 0.0 AVAX
[2025-10-11 16:49:47.191532] Transaction 0x6c61f0459b45e0849a628b57f5752db493a1c7f178ef2c1ed505fc3e042fe73d skipped due to low value: 0.0 AVAX
[2025-10-11 16:49:47.297534] Transaction 0x70cf1e95849276981383ea4ab0646b8eb32a96b667923cc5210f74c2cc32ed06 skipped due to low value: 0.010964912280701754 AVAX
[2025-10-11 16:49:47.403536] Transaction 0x0e80a022787b4601b6ecb7a438cc84defcdd1cc10e2b3c220ffcd10d3a347872 skipped due to low value: 0.0 AVAX
[2025-10-11 16:49:47.510535] Transaction 0x8a6240c9c28a01d232ab82b1551ab5e349bb9c78286aed4dd16da7b549642410 skipped due to low value: 0.0 AVAX
[2025-10-11 16:49:47.615788] Transaction 0xc105d2a59ef276ea2db5afac2aecf0e96ce99d34b4332ed37d6bc873aa17ce97 skipped due to low value: 0.0 AVAX
[2025-10-11 16:49:47.720831] Transaction 0x3467ef48f63c793925689415f0127f4c24da063d94b2d1eeea0fad2579d7818d skipped due to low value: 0.0 AVAX
[2025-10-11 16:49:47.825853] Transaction 0x7daee0a90ba38c5ee2adfc2efe32c0eba03d49ecbc2d464550439b8d317a7177 skipped due to low value: 0.0 AVAX
[2025-10-11 16:49:47.958781] Scanning block 70146089
[2025-10-11 16:49:49.458836] Fetched 9 transactions from block 70146089
[2025-10-11 16:49:49.563833] Transaction 0x11a731edd1f5fa633b15bc198e1bd1c7ea0194c261e8559e479666ad0c5719d8 skipped due to low value: 0.0 AVAX
[2025-10-11 16:49:49.667835] Transaction 0x2d7c4cc0a592c61c7c12dd37f5a3b4e1024f0da7b52e1dbb58d282d09c4b538d skipped due to low value: 0.0 AVAX
[2025-10-11 16:49:49.773577] Transaction 0x6dfd225c85b10be1f5887e88cbd2268c18ba16f3a89f92e4677fd79524be3d98 skipped due to low value: 0.0 AVAX
[2025-10-11 16:49:49.879580] Transaction 0x780f6b881bddb73b78cbed28edc7c2b51aa7e714a5186b3137f1ef5cc8f2567b skipped due to low value: 0.0 AVAX
[2025-10-11 16:49:49.985582] Transaction 0x434f76fad8e794586d6c91919d98662c977f831a50099ec6709103f53727a63e skipped due to low value: 0.0 AVAX
[2025-10-11 16:49:50.098579] Transaction 0xffab63a7215349d8a2739599945906764bd359c16f4e276c8f4fcf2246383673 skipped due to low value: 0.0 AVAX
[2025-10-11 16:49:50.247225] Transaction 0x4937d8ba575d416485463044641a24a76731e37321486fc53bdb9d45927642a5 skipped due to low value: 0.0 AVAX
[2025-10-11 16:49:50.377648] Transaction 0x57941aeecc3dc9163442f88f43bcb5cc4c61be659078199a2f900cee9c96d055 skipped due to low value: 8.822037449548972 AVAX
[2025-10-11 16:49:50.493695] Transaction 0xf7874a2e670c62a26b9c3861494b17a73a897059963b33ed804760c83e5feecb skipped due to low value: 4.41140790083155 AVAX
[2025-10-11 16:49:50.607775] Scanning block 70146088
[2025-10-11 16:49:52.339423] Fetched 13 transactions from block 70146088
[2025-10-11 16:49:52.446425] Transaction 0x1aa1633672d4019c5af42c20f7afec048212c08fe57d0b18418f424dff695747 skipped due to low value: 0.0 AVAX
[2025-10-11 16:49:52.555424] Transaction 0x2840a975dc640e6188fe2d020c0b0422de5d39a0273d188aecd399ec51aba138 skipped due to low value: 0.0 AVAX
[2025-10-11 16:49:52.660424] Transaction 0xe9bdeb3438a07e17fe08d861800a92ce4c029f272f724ff82d33e42a823e513b skipped due to low value: 0.0 AVAX
[2025-10-11 16:49:52.766426] Transaction 0x7edffb327073afb4c455176143595f543411609d891601533a571451ad3ed308 skipped due to low value: 0.0 AVAX
2025-10-11 23:49:52,841 - ERROR - API returned error for block 64269104: {'status': '0', 'message': 'NOTOK', 'result': 'Free API access is temporarily unavailable due to unusually high network activity. To maintain uninterrupted service, we recommend upgrading to a paid plan: https://etherscan.io/apis'}
2025-10-11 23:49:52,841 - ERROR - Error processing block 64269104: API error: Unknown error
[2025-10-11 16:49:52.875921] Transaction 0x094362fa3e5c434d7a84273b74640176d548dd1d18a0f5779f31fb08e801d15d skipped due to low value: 0.0 AVAX
[2025-10-11 16:49:52.986673] Transaction 0xeabe46f5c98d17fe735ce80bd2082e1727fccabf4f3e29fdca5a18e612fc6c8b skipped due to low value: 0.0 AVAX
[2025-10-11 16:49:53.093668] Transaction 0x9d20b382d85062e31b348bcca50cfa15c3bdb9ee64e1580a1249025b2bf5e694 skipped due to low value: 0.0 AVAX
[2025-10-11 16:49:53.201678] Transaction 0x16ac04d93f8e9be8e0c726d86411b4eae913f745d31b45f53fb551bca82e1004 skipped due to low value: 0.0 AVAX
[2025-10-11 16:49:53.308668] Transaction 0x035e3d1da372373734ad2ad80261f8422500d16b9f0adf9faa7a21c889c79152 skipped due to low value: 0.0 AVAX
[2025-10-11 16:49:53.412670] Transaction 0xf82d12b11aa4e3d7e102ff986c0fb1821b8d36b7310ddc55447c3691547d0d1c skipped due to low value: 0.0 AVAX
[2025-10-11 16:49:53.516668] Transaction 0x1fed69cc0b3dc50641d60c852cdd701e18da8d5351e9399dda6dab2d5614b83c skipped due to low value: 0.0 AVAX
[2025-10-11 16:49:53.625672] Transaction 0x58aa8a32a4cadf536dea856970df1e4f521c075c1e8b6f422e974ad70c64a245 skipped due to low value: 0.0 AVAX
[2025-10-11 16:49:53.730667] Transaction 0xdc77704839e57d1e6f50273b1f4a46577a82c747f72e726b66c08c85545ab9f4 skipped due to low value: 0.000499988092646 AVAX
[2025-10-11 16:49:53.835712] Scanning block 70146087
[2025-10-11 16:49:55.410953] Fetched 11 transactions from block 70146087
[2025-10-11 16:49:55.526954] Transaction 0x5696507c64e89a50eaa22afe4d3cd60b2be8de9ffd9c36b35fc1f1851e6d9f7b skipped due to low value: 0.0 AVAX
[2025-10-11 16:49:55.632956] Transaction 0x4269e23e3389d2cb1cdf534d0d41a40cb7440d5382fc0b4d82d4c3d97ffa6614 skipped due to low value: 0.0 AVAX
[2025-10-11 16:49:55.741956] Transaction 0x748de54f2464afd09ee0c26ab66f9ffa6374a016fc59c96bc7df553d0988d568 skipped due to low value: 0.0 AVAX
[2025-10-11 16:49:55.849954] Transaction 0xca5a365a28c4be4fa960f9b817b3321c556f191c0bf2ee1edf1ff0aa413c3be5 skipped due to low value: 0.0 AVAX
[2025-10-11 16:49:55.955955] Transaction 0x9aa30d17d08dbfeac467368559f42acef2fc22ed6a59c6104c53ee6e1952e498 skipped due to low value: 0.0 AVAX
[2025-10-11 16:49:56.061956] Transaction 0xd954debccac9251eb9fd72199b790bc2d2b2c87002c36f2221c25f338561477a skipped due to low value: 0.0 AVAX
[2025-10-11 16:49:56.165975] Transaction 0x5d31d8adefd8104a9490a2ac0d8acf4df9cd30a0fd01a85f2f70a024e8b6a263 skipped due to low value: 0.0 AVAX
[2025-10-11 16:49:56.270958] Transaction 0xfd45dea6bc7284cc88276c8aeef25a72e772b1f9a1a12c44ba4d34c4a6d24c2e skipped due to low value: 0.0 AVAX
[2025-10-11 16:49:56.374986] Transaction 0x7e7e58ece20378ec322ca82a2437e5ee33c6082d64d16cfc8020119b0e8047a9 skipped due to low value: 0.0 AVAX
[2025-10-11 16:49:56.482969] Transaction 0x9302cc56f488b75b9c05f918919690d98134349af79c4f1ea0c93e75c5ddef93 skipped due to low value: 0.0 AVAX
[2025-10-11 16:49:56.588970] Transaction 0x69b26dbfa27798bfe0963a987743629e5442580bacf6969c9a2875e0d0e387d9 skipped due to low value: 0.0 AVAX
[2025-10-11 16:49:56.694966] Scanning block 70146086
[2025-10-11 16:49:58.500548] Fetched 7 transactions from block 70146086
[2025-10-11 16:49:58.614545] Transaction 0x8e8a2f11af827991931035933338f85ea09bc5674238824ffb8fab583e0543de skipped due to low value: 0.0 AVAX
[2025-10-11 16:49:58.736544] Transaction 0x76cf32add5956c10a91707534e38d295d015b9ac5b79cc1c8014c70c1529cb48 skipped due to low value: 0.0 AVAX
[2025-10-11 16:49:58.847544] Transaction 0x977b42f2d40478ed24ad9124a25cc66c4e993f2627fc695f9bf72e7b751fd376 skipped due to low value: 0.0 AVAX
[2025-10-11 16:49:58.953557] Transaction 0xe88d7e1aa8ed0c0ca6f62bae47aaa3a9c6df5d704343922ee069943748570d8c skipped due to low value: 0.0 AVAX
2025-10-11 23:49:59,051 - ERROR - API returned error for block 64269101: {'status': '0', 'message': 'NOTOK', 'result': 'Free API access is temporarily unavailable due to unusually high network activity. To maintain uninterrupted service, we recommend upgrading to a paid plan: https://etherscan.io/apis'}
2025-10-11 23:49:59,052 - ERROR - Error processing block 64269101: API error: Unknown error
[2025-10-11 16:49:59.064548] Transaction 0x902c743358b616e57ee4ca38e558b62234afa891fede736b1a15a41369a70cb4 skipped due to low value: 0.0 AVAX
[2025-10-11 16:49:59.171549] Transaction 0xa9e376c3d31104d347f0b07670e8b67d0d29a78fe21d962884ef6c9fe445d533 skipped due to low value: 0.0 AVAX
[2025-10-11 16:49:59.297542] Transaction 0x9c4d38b478f499c919e0ee78cb033ebf50971f01f2e46841c5ad02af1affb1c2 skipped due to low value: 40.29517072570416 AVAX
[2025-10-11 16:49:59.432549] Scanning block 70146085
[2025-10-11 16:50:01.931841] Fetched 23 transactions from block 70146085
[2025-10-11 16:50:02.054847] Transaction 0xfb20ffecb15e5c81f8f46770a8919c4bcb9629ed0b1bcdea81b281695f265287 skipped due to low value: 0.0 AVAX
[2025-10-11 16:50:02.159846] Transaction 0x2024f24f837f3a2a660394b36d894d780012da4b0e7c2ddc90d3404d8d9e54e2 skipped due to low value: 0.0 AVAX
[2025-10-11 16:50:02.283845] Transaction 0x5690d746f819e95235781ff8893f2093c7d44e35d6a183e98991b80d179825c4 skipped due to low value: 0.0 AVAX
[2025-10-11 16:50:02.389843] Transaction 0xecfbeb463b58925ddc8c053279862e5f41ae85f8de537c3dced165d4a40e3bd7 skipped due to low value: 0.0 AVAX
[2025-10-11 16:50:02.503839] Transaction 0x1ff2dd55d9aaf2421b7c61d20b04e4ee1dbdfe04918cbc25b807fe46ee5e4061 skipped due to low value: 0.0 AVAX
[2025-10-11 16:50:02.611840] Transaction 0xe3d994314f264baddd30d2793e7d14eb821f8813695f00ed711c686d010eb289 skipped due to low value: 0.0 AVAX
[2025-10-11 16:50:02.718843] Transaction 0xdef47659c9e317d106e3754053c1699edb14b982890668227b5a98fe2e34d956 skipped due to low value: 0.0 AVAX
[2025-10-11 16:50:02.825839] Transaction 0x8d1bfb0d5cff5810c9532c4727f3a7c3cc5bb00e5c258dd6e76d41948ce179f2 skipped due to low value: 0.0 AVAX
[2025-10-11 16:50:02.931845] Transaction 0x54e5a8b714e3887f2859cbcaee72c3aa57fcc98354a144275ffde6138e80059c skipped due to low value: 0.0 AVAX
[2025-10-11 16:50:03.039931] Transaction 0xa6b3a079f863573ff5af7d88b2790f5ee1bbe87449116690a1e251c46de00e47 skipped due to low value: 0.0 AVAX
[2025-10-11 16:50:03.146372] Transaction 0xdcf33da8a94939e5a681db9b9636de9a3540fd79f1709a0f2d7e4db548cc82e6 skipped due to low value: 0.0 AVAX
[2025-10-11 16:50:03.257373] Transaction 0xe45a85122c58d234b1b4a98a4d98ebdbff86e19d9612cd6604c402616c2aaa0c skipped due to low value: 0.0 AVAX
[2025-10-11 16:50:03.371376] Transaction 0xb0962eee94aa0b1b7f43c943557249642b7a288464bd66c6aefb5a02772f38ac skipped due to low value: 0.0 AVAX
[2025-10-11 16:50:03.512367] Transaction 0xf234e08b6370e52ecec182c29623dbbbea84718116e4d7dda4ad16fe0812470a skipped due to low value: 0.010964912280701754 AVAX
2025-10-11 23:50:03,608 - ERROR - API returned error for block 64269099: {'status': '0', 'message': 'NOTOK', 'result': 'Free API access is temporarily unavailable due to unusually high network activity. To maintain uninterrupted service, we recommend upgrading to a paid plan: https://etherscan.io/apis'}
2025-10-11 23:50:03,609 - ERROR - Error processing block 64269099: API error: Unknown error
[2025-10-11 16:50:03.626368] Transaction 0xa347cfa6cdd735e164a812c794d9aebd8cac34e807453845816ffd47696198e8 skipped due to low value: 0.046 AVAX
[2025-10-11 16:50:03.738368] Transaction 0x5fe2b0c26b5830b019fdb878efe07b5cad63fc322cb77744bdc3c36375225c80 skipped due to low value: 0.0 AVAX
[2025-10-11 16:50:03.843368] Transaction 0xe831447e375e1d7c7a7656bde84319d0afcea29308bd7caeb7c57d9b44b23016 skipped due to low value: 0.0 AVAX
[2025-10-11 16:50:03.949366] Transaction 0x12fad13e61f5047e44883250a82ba7c5da214dccbfea670cd1864d5711a8bb7c skipped due to low value: 0.0 AVAX
[2025-10-11 16:50:04.058366] Transaction 0x1965ee79e1259a0b790c8884e09c3f808b1ed7afe7cf90b0393de59781938538 skipped due to low value: 0.0 AVAX
[2025-10-11 16:50:04.163365] Transaction 0x8e6b889d2bdaf558a10904503cfa27191eb03e059b6b3d06c98928644a015db2 skipped due to low value: 0.0 AVAX
[2025-10-11 16:50:04.270368] Transaction 0xeda344bb7165080fcd5b658878bca16e7e884920a1f98fa190cdf2cf4870e7d1 skipped due to low value: 0.0 AVAX
[2025-10-11 16:50:04.377367] Transaction 0x988aaf245226fb5d21795eec94c8de3225a666e3d2f06b36e4114553f37d0e9c skipped due to low value: 0.0 AVAX
[2025-10-11 16:50:04.481367] Transaction 0x89685d20feb1ec4a65186bf285e6e370ee60fbbddb0e47b7c8622dadf233a383 skipped due to low value: 0.0 AVAX
[2025-10-11 16:50:04.587368] Scanning block 70146084
[2025-10-11 16:50:06.190242] Fetched 10 transactions from block 70146084
[2025-10-11 16:50:06.295245] Transaction 0x4bb64679512390123f497e35a83d0c934a2e6b043b198c294a3ccaecfd86ad6e skipped due to low value: 0.0 AVAX
[2025-10-11 16:50:06.401246] Transaction 0x743a3e6ffb2a6b025bf586ed597600d6a92893f934b93063ffc8b0e819dbbe31 skipped due to low value: 0.0 AVAX
[2025-10-11 16:50:06.508244] Transaction 0x851b0bcad8206b57712ddf24c346e4c2586184cbd9f083b8b6ca606f74ed66d9 skipped due to low value: 0.0 AVAX
[2025-10-11 16:50:06.619255] Transaction 0xb71131939f3239ef070c9ea204770b4d085adf9a35acdc702e42378bc87b7126 skipped due to low value: 0.0 AVAX
[2025-10-11 16:50:06.724242] Transaction 0xe4427befb989e583489b64d23f931cbc98faa507f369b024f30d16907e88f051 skipped due to low value: 0.0 AVAX
[2025-10-11 16:50:06.829697] Transaction 0x2edac4103b208aa2408faab5ac5aea0b8b552d6507ef53d846c2aafa460a36d3 skipped due to low value: 0.010964912280701754 AVAX
2025-10-11 23:50:06,859 - ERROR - API returned error for block 64269097: {'status': '0', 'message': 'NOTOK', 'result': 'Free API access is temporarily unavailable due to unusually high network activity. To maintain uninterrupted service, we recommend upgrading to a paid plan: https://etherscan.io/apis'}
2025-10-11 23:50:06,859 - ERROR - Error processing block 64269097: API error: Unknown error
[2025-10-11 16:50:06.936463] Transaction 0x59bc9d14ad44da31f91a205788260efd01b2356e400739280cdefc2eb3f61db2 skipped due to low value: 0.0 AVAX
[2025-10-11 16:50:07.041188] Transaction 0x7c9a717cb3859e4564fc749b07226486220ade94105ef0a96aedb0ad467620f0 skipped due to low value: 0.0 AVAX
[2025-10-11 16:50:07.150174] Transaction 0x447d7a8943cb6d8a3caf4f9ec342822d7a91e3fb8f494b43a63dd7a633e98677 skipped due to low value: 0.0 AVAX
[2025-10-11 16:50:07.258171] Transaction 0x061e527420a5cc0bd31054d7854e477bff8292cfe2fe740fe936eff2eb48560f skipped due to low value: 0.0 AVAX
[2025-10-11 16:50:07.364174] Scanning block 70146083
[2025-10-11 16:50:08.899694] Fetched 12 transactions from block 70146083
[2025-10-11 16:50:09.005076] Transaction 0x4981e02bf47080267bfcd427f29081dd748769667e230967b724338cf2cf59a6 skipped due to low value: 0.0 AVAX
[2025-10-11 16:50:09.110076] Transaction 0x62ac1d9d2a40dc77ec1a937080b5f530056ccd2cb96a2123d26e1cbe5ec8b72b skipped due to low value: 0.0 AVAX
[2025-10-11 16:50:09.215073] Transaction 0x26dbf71fc7eed2e7831ee6dd7b1b50f49538078dde70ef50096b2e1d5bca7440 skipped due to low value: 0.0 AVAX
[2025-10-11 16:50:09.322060] Transaction 0x0b8f217f3917c0c2ff2f41266f93bb45c71e67b1bf5927f37397cd6ee5636ad5 skipped due to low value: 0.010964912280701754 AVAX
[2025-10-11 16:50:09.429057] Transaction 0xe73f6388c946c13d3310d69e324152eaa480cdef7499da53bea8f28f59eee3f0 skipped due to low value: 0.0 AVAX
[2025-10-11 16:50:09.537007] Transaction 0x5cc15b559fcd0dcdcf9301ee9e3f2e502eb6844e30dbaae20cc4857639e8c734 skipped due to low value: 0.0 AVAX
[2025-10-11 16:50:09.646029] Transaction 0x8d15494c36b869d83b36fc255b450ab78bc03c4820af64cdf0e7f0185d16d0e3 skipped due to low value: 0.0 AVAX
[2025-10-11 16:50:09.752830] Transaction 0x51c01a0e083e4845fab563caaa2dbe5d9795d772f9f8246b0c6c579d41272188 skipped due to low value: 0.0 AVAX
[2025-10-11 16:50:09.884515] Transaction 0xee45ea564318a9b9bad2477c5d8ba3540075f7dec31cd7ab8f7de710d37f6da4 skipped due to low value: 1e-07 AVAX
[2025-10-11 16:50:10.001512] Transaction 0x049e63a5d25ac464b57d1cea29c3538795a6fdf639e4dd2769e87e7c33038cdc skipped due to low value: 1e-07 AVAX
[2025-10-11 16:50:10.110512] Transaction 0x967a62dc0c33108673c9295de1ec435746d7a0ff3226f6fa816619a3e4174145 skipped due to low value: 0.0 AVAX
[2025-10-11 16:50:10.216515] Transaction 0x150791e78bbdfe559183ba10621042976ef1422fc39a63f96689e199b1d7afb0 skipped due to low value: 0.0 AVAX
[2025-10-11 16:50:10.323512] Scanning block 70146082
[2025-10-11 16:50:12.326182] Fetched 8 transactions from block 70146082
[2025-10-11 16:50:12.425177] Transaction 0x22fe4b8c61b5532f7c1b098492bb9e856c2a2ff0ad6ba32d1ad9c4993dd6f669 skipped due to low value: 0.0 AVAX
[2025-10-11 16:50:12.524177] Transaction 0xd2fa64d93a35aab7275ab566bc29776b0c26c932d1573ff1628d9ebeda17f162 skipped due to low value: 0.0 AVAX
[2025-10-11 16:50:12.621195] Transaction 0x86942883086af7aacbe384b617ceb7ffbc120257497ebb2efcb8f6bd02f95d8b skipped due to low value: 0.0 AVAX
[2025-10-11 16:50:12.721184] Transaction 0x25d1df0f8edcea1eed7e9e59c44f139f38660c6432dcf2dc90f3162dd3f47a99 skipped due to low value: 1e-07 AVAX
[2025-10-11 16:50:12.819212] Transaction 0x82bfe21a701ae92d3e70255e67c7b13fb1ce8c8980af7507ea925fd5ca50b237 skipped due to low value: 1e-07 AVAX
[2025-10-11 16:50:12.917343] Transaction 0xb1622a2c86efa15a4968c106754d5272a840e2bdcf6d3741f448db5abdb700d5 skipped due to low value: 1e-07 AVAX
[2025-10-11 16:50:13.019678] Transaction 0x55a31e10437705f5929497bd6b50cca47e6f555b6215fc92870c0475fbc33c50 skipped due to low value: 1e-07 AVAX
[2025-10-11 16:50:13.116678] Transaction 0xd8dec280f923a140fc55bf87339efc2ab63ffa5f292e621cd9792de8b2a54c89 skipped due to low value: 432.991985552378 AVAX
[2025-10-11 16:50:13.217675] Scanning block 70146081
[2025-10-11 16:50:14.926394] Fetched 12 transactions from block 70146081
[2025-10-11 16:50:15.029163] Transaction 0x3e62b56f5805cf3a6cbd19393085df499f0dbbe2973786adcc7709eae0743780 skipped due to low value: 0.0 AVAX
[2025-10-11 16:50:15.126719] Transaction 0xc008822bf5445b40f31ae3ead96229d337f48a1c42f8215626bbbd2aa21de44f skipped due to low value: 0.0 AVAX
[2025-10-11 16:50:15.225633] Transaction 0x33d3928d426adba4d85c1de3872f1ca7b77151cd5e3af1e29b8ee064034f0c04 skipped due to low value: 0.0 AVAX
[2025-10-11 16:50:15.324142] Transaction 0x17c89031c0c8fa556cc75e6516730d459ed1efa9a74a20d373ab0f00a29ec14b skipped due to low value: 0.010969723562966213 AVAX
[2025-10-11 16:50:15.421399] Transaction 0x9f578b8cd2d54b8d1c36e484408efd5acf702442c8084acb744494f6638145be skipped due to low value: 0.0 AVAX
[2025-10-11 16:50:15.518401] Transaction 0xec42ffe68fd109eaa1a8dc50e9262688362fa34d434c196a8b255173e8c686bd skipped due to low value: 0.0 AVAX
2025-10-11 23:50:15,626 - ERROR - API returned error for block 64269093: {'status': '0', 'message': 'NOTOK', 'result': 'Free API access is temporarily unavailable due to unusually high network activity. To maintain uninterrupted service, we recommend upgrading to a paid plan: https://etherscan.io/apis'}
2025-10-11 23:50:15,628 - ERROR - Error processing block 64269093: API error: Unknown error
[2025-10-11 16:50:15.627417] Transaction 0x0815cea77e08a244addb6656735e41f1dccbd4223f3da28e54781c9b763779f1 skipped due to low value: 0.0 AVAX
[2025-10-11 16:50:15.743402] Transaction 0xbd1ca95a5d2d7d7c60e70bb770c6ad30782918aa005d0308b8a3491030a6f0e3 skipped due to low value: 0.0 AVAX
[2025-10-11 16:50:15.842403] Transaction 0x19faeb467b5d0722879ad4b47e2127bd79e98ceb9dd89963f3651811b1aef409 skipped due to low value: 3e-18 AVAX
[2025-10-11 16:50:15.943400] Transaction 0x049cbd25e936d2244e6f04a893cfbfc52a91821ab65e46e3e97475d8a5722899 skipped due to low value: 0.0 AVAX
[2025-10-11 16:50:16.045402] Transaction 0xf9fe93ce7d70b114b58a076f90ff9f9a674abb943f43464f5f086b717cb823e7 skipped due to low value: 0.0 AVAX
[2025-10-11 16:50:16.141400] Transaction 0xe40f9d1b6aa1f297cebe3477cfb07ccbd40775529fee67ddf5918be32efd417a skipped due to low value: 0.0 AVAX
[2025-10-11 16:50:16.239401] Scanning block 70146080
[2025-10-11 16:50:17.807017] Fetched 8 transactions from block 70146080
[2025-10-11 16:50:17.949012] Transaction 0x0b417245905c2a86e333f43e2689b7092f3fe26d99db8ec57d3045cad897e7c2 skipped due to low value: 0.0 AVAX
[2025-10-11 16:50:18.049018] Transaction 0x989bf062792ceb4b9092467226e5fb0de3eb84918863d163eacf8de38b5547a3 skipped due to low value: 0.046 AVAX
[2025-10-11 16:50:18.152012] Transaction 0x16222eb2e6109d5245d7f5a46430596309e29bdebedbb9b5257e7f0fd8e4f5bf skipped due to low value: 0.0 AVAX
[2025-10-11 16:50:18.256014] Transaction 0xbf72da52ba9bdffe37af37b2a5052d9325c1652c1056579dfb792a45e5271281 skipped due to low value: 0.0 AVAX
[2025-10-11 16:50:18.358013] Transaction 0x3ac2cad66223017394b286936a8bbbe0b71ed92a0ab1207157f421830047ae7b skipped due to low value: 3.8 AVAX
[2025-10-11 16:50:18.462012] Transaction 0x3047976443b394504da26c4fe7519e3d20aa959d6dd389f84ef993706ac35492 skipped due to low value: 0.0 AVAX
[2025-10-11 16:50:18.561012] Transaction 0x35671b9cabfa20430c521134feab47e7ff6f3bcab077ebf4c2046d7aae6c73e2 skipped due to low value: 0.0 AVAX
[2025-10-11 16:50:18.660026] Transaction 0x0be9c7e825c077da5e6777e873f9a3372439a02578158ad57acf635d93a81099 skipped due to low value: 0.0 AVAX
[2025-10-11 16:50:18.762056] Scanning block 70146079
[2025-10-11 16:50:20.331044] Fetched 8 transactions from block 70146079
[2025-10-11 16:50:20.437045] Transaction 0x06fb38581b3ee3b3adb4e856fdb17400a2cfcb833ef2a041c07907af1940c048 skipped due to low value: 0.0 AVAX
[2025-10-11 16:50:20.539045] Transaction 0x654189fac4576b8cd36263de3db0d5b4dda15db6cfc3a37eff837839a8a0bbab skipped due to low value: 0.0 AVAX
[2025-10-11 16:50:20.638045] Transaction 0x52f27332eb3f13180ba0eff2d4c609587b24028b82658a9321383bac35b1268a skipped due to low value: 0.0 AVAX
[2025-10-11 16:50:20.738048] Transaction 0x518eb514c983526b32f2ba8ba52c3cf9c41c43ed6404bd3c7a54280fe226f98b skipped due to low value: 0.0 AVAX
[2025-10-11 16:50:20.883578] Transaction 0x90640e5f5c0ba5fb1d7147358f909344c775db253ff063186c741c469ccf2930 skipped due to low value: 0.0 AVAX
[2025-10-11 16:50:20.988195] Transaction 0xfd2dfc430bd4fb773eb5ec61ee1408531a37f24bbb216d33e9577ec4b80504da skipped due to low value: 0.0 AVAX
[2025-10-11 16:50:21.093269] Transaction 0x590e73795df591d4f34bc8174cf8abb9105608d57720c0affeb926317ae13902 skipped due to low value: 0.0 AVAX
[2025-10-11 16:50:21.194449] Transaction 0x5b41f7c2a439122d8d28fea813c3b77e54fe6245efcd3ccec92a32aef33e25b9 skipped due to low value: 0.0 AVAX
[2025-10-11 16:50:21.292294] Scanning block 70146078
[2025-10-11 16:50:22.761820] Fetched 23 transactions from block 70146078
[2025-10-11 16:50:22.861485] Transaction 0x299da7de0d88a91cf0bb3d464ce4697c8d27db0fb616f8b4759684a77fb62654 skipped due to low value: 0.0 AVAX
[2025-10-11 16:50:22.961550] Transaction 0xb84cd0b76365403e0d78d794e2cc94066d4839ec0fcd1764789762357b24da63 skipped due to low value: 0.0 AVAX
[2025-10-11 16:50:23.062484] Transaction 0x81382a19d2c12e4c202b9a8f17dfe2a07ca3a0fd1f7f07772d3d487196d9681e skipped due to low value: 0.0 AVAX
[2025-10-11 16:50:23.162818] Transaction 0xe252f76dfda95d201dd3b03e88f0dc86dc9a862a81fd2393b1392a645e22d876 skipped due to low value: 0.0 AVAX
[2025-10-11 16:50:23.260886] Transaction 0x59a3f633ca3b6e24ef3230ea6c60d5fc545ffa34e2350efef898a8f0b01ddd53 skipped due to low value: 0.0 AVAX
[2025-10-11 16:50:23.360029] Transaction 0x361434e72f25dd413b77a282f7d4fd9c3454a4ab580fda399c257e1dd1398222 skipped due to low value: 0.0 AVAX
[2025-10-11 16:50:23.458500] Transaction 0xdd60f8e93717deea064c69a266f527cd9e2904f1ba51eefe00e3d42a78c5e722 skipped due to low value: 0.0 AVAX
[2025-10-11 16:50:23.556449] Transaction 0x25f08c61b6b5932e353b4eaf6a761247b0a227d841a78ff54508e87117019639 skipped due to low value: 0.0 AVAX
[2025-10-11 16:50:23.655616] Transaction 0xf9b69becb4c1a9f2cc5cd780fa9e20c38a31b53659c498632a5e96ad7168c3b4 skipped due to low value: 0.0 AVAX
[2025-10-11 16:50:23.959843] Transaction 0x48797cd560f09de9a192c41dae4018270c3deb8cdd8c69423d960683a888740c skipped due to low value: 0.0 AVAX
[2025-10-11 16:50:24.061455] Transaction 0xfa2d0a5004a68289777f8e6805e2b6af10cb14046a70f46a02504b0178c984df skipped due to low value: 0.0 AVAX
[2025-10-11 16:50:24.164450] Transaction 0x32585ac3afe5de897243c8f61ad001509363c9bf05283a810f22c7b2417586ee skipped due to low value: 0.0 AVAX
[2025-10-11 16:50:24.260451] Transaction 0xa939b398cd24949a50960c5a2f0eaf71dbacbf1978545c232026a5f1efb6189f skipped due to low value: 0.0 AVAX
[2025-10-11 16:50:24.361444] Transaction 0xf1d3b71477c521017b31438fc448a29c39a3b44f0ef940e4855598df059c4bec skipped due to low value: 0.0 AVAX
[2025-10-11 16:50:24.462448] Transaction 0x02f780ab7cb0a67348fb586b4ee74c8f92ea8d7b52137c5d30176c30d69df9f0 skipped due to low value: 0.0 AVAX
[2025-10-11 16:50:24.561446] Transaction 0x76ce450e7486c8fab43e42810c927670e72c8485fd35841b21e68e757a8ffe16 skipped due to low value: 0.0 AVAX
[2025-10-11 16:50:24.660447] Transaction 0x755d333926f24e286341d5ec1be3dcbbd0208a4779dd4bc0e749b059be1837bf skipped due to low value: 0.0 AVAX
[2025-10-11 16:50:24.758451] Transaction 0x96f4ef1b65426f5ef37b47fa738eba5deae409a4b7d2645af6714328cabea915 skipped due to low value: 0.0 AVAX
[2025-10-11 16:50:24.855462] Transaction 0x9eae9a9298734f237db024b6fbe5e20e32eb4df701267b37f7ff4a9b4b6765f1 skipped due to low value: 0.0 AVAX
[2025-10-11 16:50:24.953776] Transaction 0x458da86ef52a898a2020bbc7ccfd4fcaf7906cae62d38ee5adecee7f7ec01c81 skipped due to low value: 0.0 AVAX
[2025-10-11 16:50:25.055989] Transaction 0x481e2f00ab37a6e261f83dbca49b8ddfd4f342ba889da1ea61459c05893b0598 skipped due to low value: 0.0 AVAX
[2025-10-11 16:50:25.155922] Transaction 0x7ef37b94c87b320ace9d950eb4b7c5a6258aaadb8cb1a17cace9742f00b78797 skipped due to low value: 0.0 AVAX
[2025-10-11 16:50:25.255049] Transaction 0xc45610e5b2caf4247fba3e9b530ce5beca3ea95a5564801d15b9b2f50ed7cb15 skipped due to low value: 0.0 AVAX
[2025-10-11 16:50:25.352680] Scanning block 70146077
[2025-10-11 16:50:26.804590] Fetched 2 transactions from block 70146077
[2025-10-11 16:50:26.908958] Transaction 0x62e1b5c5a116f8bf5cc26bae2a4a34ae5416bc36ccbe91a8cabbc79f2a6d0d63 skipped due to low value: 0.0 AVAX
[2025-10-11 16:50:27.009299] Transaction 0xc194e8c0ede947702972e7790bd5d9b09a8ad96d386ef6ec45e5dedb311091dc skipped due to low value: 0.0 AVAX
[2025-10-11 16:50:27.111798] Scanning block 70146076
[2025-10-11 16:50:28.687068] Fetched 11 transactions from block 70146076
[2025-10-11 16:50:28.786071] Transaction 0x51b2a6808e74ce2578f81b7eb793b2d09013f45d9115ee5a3b5944941eb5f3cd skipped due to low value: 0.0 AVAX
[2025-10-11 16:50:28.886559] Transaction 0x8dc6ae78688a13ea3abd257b599cc47841713288a443d3ef64097042952a3426 skipped due to low value: 0.0 AVAX
[2025-10-11 16:50:28.990145] Transaction 0x63c7cf4f0999e9262557abfcce84b46436aa716a19606134a4def6ffd396d307 skipped due to low value: 0.0 AVAX
[2025-10-11 16:50:29.088718] Transaction 0xd7e5f24485994c0278ee3edf94e3029c47568e60700bdfe398b96549450630ff skipped due to low value: 0.0 AVAX
[2025-10-11 16:50:29.203277] Transaction 0x155b22360d4ed32ac70553befbfccd3ebc65e1129ccff1145d9f8d6ef2ccdb72 skipped due to low value: 0.0 AVAX
[2025-10-11 16:50:29.308162] Transaction 0xa86894bbccb019b8912b360fc1e6ae9ea3dc68c5268a995135ccbee5fcf817c0 skipped due to low value: 0.0 AVAX
[2025-10-11 16:50:29.427164] Transaction 0x7ee4f29bde990b72d6226b31945efdc3d2a884ac6e661dfd0a9297165ef20c7a skipped due to low value: 0.0 AVAX
[2025-10-11 16:50:29.540162] Transaction 0x5237f56a61e54c7022bfcbd47dd00c24060846d0ccf29d5fe6057496ec619970 skipped due to low value: 0.0 AVAX
[2025-10-11 16:50:29.639162] Transaction 0xaeecf3659851076d8f56036b4346ef362733dfc587006e858f91371a8a47ffcf skipped due to low value: 0.003510552531832329 AVAX
[2025-10-11 16:50:29.741161] Transaction 0xd9cca9aa534a5115e5c07c6c5f5a5deb1f23c468d9db12e872353c11e6e79884 skipped due to low value: 0.0 AVAX
[2025-10-11 16:50:29.877699] Transaction 0x8ef25791fde5e33d5cd6ed232adb79cfcdb8bdaafb13287a75ca212a34e5c780 skipped due to low value: 0.0 AVAX
[2025-10-11 16:50:29.976981] Scanning block 70146075
[2025-10-11 16:50:31.761447] Fetched 22 transactions from block 70146075
[2025-10-11 16:50:32.056006] Transaction 0xc5d1f3c47249ba7bfe47357c10bfd3605e86a603139e11db0517393cad116494 skipped due to low value: 0.0 AVAX
[2025-10-11 16:50:32.154991] Transaction 0x2424e01760275d10ec76174bdfc7769f4d80c536328246c9b7289b71792d225d skipped due to low value: 0.0 AVAX
[2025-10-11 16:50:32.256662] Transaction 0xd97e5554cc32ab3519c4781b1332fc33a1c59ca380a746d27b5ae70a65e0de8f skipped due to low value: 0.0 AVAX
[2025-10-11 16:50:32.358662] Transaction 0x4af9856878631e153d89e4ef06952797dc4742872b52dc29a519b2e6805c526b skipped due to low value: 0.0 AVAX
[2025-10-11 16:50:32.458675] Transaction 0xa534830be779e576743f196ed628c3d54dccba9455c5b138726a02ee73ca9478 skipped due to low value: 0.0 AVAX
[2025-10-11 16:50:32.570662] Transaction 0xbeda452f0373d3784a5d88a796f7fc26fdd6b9dbefae46d741b737870d3350e9 skipped due to low value: 0.0 AVAX
[2025-10-11 16:50:32.668661] Transaction 0xc8173d7166aa1520a63656822e5141ac388e1fdf369bbaaab7e17f29c86f2bc6 skipped due to low value: 0.0 AVAX
[2025-10-11 16:50:32.765682] Transaction 0xc0fc1e691c61967810a0742602bb8e2b9cc9a7663d3e81ccd31ea61b2b046702 skipped due to low value: 0.0 AVAX
[2025-10-11 16:50:32.864666] Transaction 0x53a4080f4fca337d34a31e67cf7e15037df5a5430e1065ba0fe7e98b68d7676c skipped due to low value: 0.0 AVAX
[2025-10-11 16:50:32.961666] Transaction 0x9c10001513c9e5451b8aa11ced65fba2538fa087a83d65d69efdc349001611eb skipped due to low value: 0.0 AVAX
[2025-10-11 16:50:33.058663] Transaction 0xe875e64fff655188a601aeb31af902b19e2ad097820e85089f3891c1275e730a skipped due to low value: 0.0 AVAX
[2025-10-11 16:50:33.162661] Transaction 0x0844e407b3a397de5e95b97a21a6d4f1e4d0db232caed6c8b54f63ebc05d5cec skipped due to low value: 0.0 AVAX
[2025-10-11 16:50:33.261662] Transaction 0xbfa867ae707ca2237cdbe43d4142f1d9a3cca7577fd8af6e9a503ffcea768cc0 skipped due to low value: 1.17178466 AVAX
[2025-10-11 16:50:33.361666] Transaction 0x2bd4d1e36aee513bf8eb064ab1283ac8eca447114b52b8f1d69e5b422b11e5b5 skipped due to low value: 0.0 AVAX
[2025-10-11 16:50:33.458665] Transaction 0xa49db88bf4e6b72aa3348fc4f69243c8a8969c80f1fe488fe7cd328ecd291ad5 skipped due to low value: 0.000387468176730006 AVAX
[2025-10-11 16:50:33.559473] Transaction 0x3fa3634dbb1ad11feee8a888be0813c0a4cfa6ad6b9fd5bbd128517b83728922 skipped due to low value: 0.0 AVAX
[2025-10-11 16:50:33.658531] Transaction 0x2a1091a6e876c617d7fee4881a7e8c5312c5a550930d066e66c028390c8ee7b1 skipped due to low value: 0.0 AVAX
[2025-10-11 16:50:33.756906] Transaction 0x01e443bba6d0a78426d39f829b85cab5b6f3cdf033b8f599ade9b9daf21c84ca skipped due to low value: 0.0 AVAX
[2025-10-11 16:50:33.856699] Transaction 0x6c3020087cd5dbbea676e1eebd8d2d5dfc3ca9207c08d3354ab69f1251572db4 skipped due to low value: 0.0 AVAX
[2025-10-11 16:50:33.959081] Transaction 0xdcc3ab0113f26976f3605ede95b97b7238fdb1482eeb6acabe5048504ebbcea4 skipped due to low value: 0.0 AVAX
[2025-10-11 16:50:34.058628] Transaction 0xdb859788aca200fe22de723fbf75951220b46c02ce5d788130e790c954e54f81 skipped due to low value: 0.0 AVAX
[2025-10-11 16:50:34.275612] Transaction 0x023e037778bb001056701d3f04a96171e0d77d4279eac6cdd64d29ccff2840d1 skipped due to low value: 0.0 AVAX
[2025-10-11 16:50:34.376614] Scanning block 70146074
2025-10-11 23:50:35,280 - ERROR - API returned error for block 64269084: {'status': '0', 'message': 'NOTOK', 'result': 'Free API access is temporarily unavailable due to unusually high network activity. To maintain uninterrupted service, we recommend upgrading to a paid plan: https://etherscan.io/apis'}
2025-10-11 23:50:35,280 - ERROR - Error processing block 64269084: API error: Unknown error
[2025-10-11 16:50:36.016229] Fetched 11 transactions from block 70146074
[2025-10-11 16:50:36.124229] Transaction 0xbad434f5eca88b4163c1cebf06744e7c0f1836c806534b7ca42fe6a776723979 skipped due to low value: 0.0 AVAX
[2025-10-11 16:50:36.227806] Transaction 0x8b3e852e738e6138c0dcfbe9636e0525d55d58932b5c1d8217e199c5abfb018a skipped due to low value: 0.010964912280701754 AVAX
[2025-10-11 16:50:36.604811] Transaction 0xbea4c3b8d5427a8346c5cb3055ad98377e85c7de810b6cc0097198a987ba655d skipped due to low value: 0.0 AVAX
[2025-10-11 16:50:36.716203] Transaction 0xfe2b167aab0d615dbbcff8e47871f6e4904ae47d9e66eeaf2d9bba557400eb62 skipped due to low value: 0.0 AVAX
[2025-10-11 16:50:36.821652] Transaction 0x32abd1be5702c74443a2083cf085bd1e794e576fd34ad8a8a72711d8812bb740 skipped due to low value: 0.0 AVAX
[2025-10-11 16:50:36.926648] Transaction 0x12c42197e57d7e178b10bd03313e65ef5ea36bb93ced740a13f2af1356f45d06 skipped due to low value: 0.0 AVAX
[2025-10-11 16:50:37.031634] Transaction 0x2a4b66d7c88c1b5f8fce77a8b48041793a98ddc4e7e78cdb197fc0da2c76066c skipped due to low value: 0.0 AVAX
[2025-10-11 16:50:37.137634] Transaction 0x697bb8f3bf11db2fa411cd45496a4aa3c2da2a23f271386edb9054a279c96596 skipped due to low value: 0.0 AVAX
[2025-10-11 16:50:37.242631] Transaction 0xa96b31285baf2ff27c761c9c2948d1de7bce969adbe7798ce130a9d39ac398b2 skipped due to low value: 8.810378626021453 AVAX
[2025-10-11 16:50:37.349630] Transaction 0x4fe706a218b2253a733893a06ba24000b3e5cf50656ac2ee220ae9638259e649 skipped due to low value: 0.0 AVAX
[2025-10-11 16:50:37.455635] Transaction 0x3eafb1063328a4d51e1ea45d1eca5098ccddc0549e8f64c41aa15045cdb9e6d8 skipped due to low value: 0.0 AVAX
[2025-10-11 16:50:37.560637] Scanning block 70146073
[2025-10-11 16:50:39.089430] Fetched 5 transactions from block 70146073
[2025-10-11 16:50:39.187407] Transaction 0x1854837e31c6bf65ab9a6dfe522ca637f43c0158b7df1aa84fb353fb92d2278c skipped due to low value: 0.0 AVAX
[2025-10-11 16:50:39.286518] Transaction 0x9b1896c9aec13bae514c989d9a290f4ea600e0841233dd9fd48d0a46d90bef63 skipped due to low value: 0.0 AVAX
[2025-10-11 16:50:39.385521] Transaction 0xb00e1345ccc08838cf98aa324a832ac821b6ac9553966ab8d17fa0db64562c0c skipped due to low value: 0.0 AVAX
[2025-10-11 16:50:39.481568] Transaction 0xc45171cea1b5f78ae11bfa31827ac7baff1120724da67dc9fdb88bfc852a37aa skipped due to low value: 3e-18 AVAX
[2025-10-11 16:50:39.579755] Transaction 0x5e37d5a0d94aabca410ab05047e3ef25e1ebc57560869293cacb8e038333d090 skipped due to low value: 0.0 AVAX
[2025-10-11 16:50:39.676661] Scanning block 70146072
[2025-10-11 16:50:41.275696] Fetched 14 transactions from block 70146072
[2025-10-11 16:50:41.378697] Transaction 0x366a53894bbe56c2d1ac647f1fa7512e5a3a85be64b37865f0797f41c65839b2 skipped due to low value: 0.0 AVAX
[2025-10-11 16:50:41.479031] Transaction 0xb5aff534d478733510e9f414410369d42694e5e4187f6f370d56a345f06dcc1f skipped due to low value: 0.0 AVAX
[2025-10-11 16:50:41.581295] Transaction 0x6137d788260e40fd66ca0b38b351033175ce585f49e59dfb2efd48bbff809ac7 skipped due to low value: 0.0 AVAX
[2025-10-11 16:50:41.680278] Transaction 0x58a144076ad4693ab4985009118453433a6d426acb0b09d577976687ba0971c6 skipped due to low value: 3.0 AVAX
[2025-10-11 16:50:41.778795] Transaction 0xe481273351215563021405b249a278e2e166ced1e176002632cb8a418dd444c5 skipped due to low value: 3.0 AVAX
[2025-10-11 16:50:41.875800] Transaction 0x069b654baf0fee1f44bd5af998107d85753fec70783a64945c29d82b76505088 skipped due to low value: 0.0 AVAX
[2025-10-11 16:50:41.973796] Transaction 0x79259166f7cf2bab0484a883407d550d2e0eb440fa3cfd78a63e5cf7343990f4 skipped due to low value: 0.0 AVAX
[2025-10-11 16:50:42.072798] Transaction 0x41c30baae6d1c5dbcd183d57f58bb0177522d9b4e033075a4edd3c749d2c7081 skipped due to low value: 0.0 AVAX
[2025-10-11 16:50:42.169809] Transaction 0x092aa4b80b84830414ea6fdb0b8643198613400265e70f5787e76d11ab92fe4f skipped due to low value: 0.0 AVAX
[2025-10-11 16:50:42.268225] Transaction 0xa418126c444100b7163ab6680eacdd8c3548c844ee6c0bcaffc02ae00e779e59 skipped due to low value: 0.0 AVAX
[2025-10-11 16:50:42.487221] Transaction 0xe8865120f912dc4df94b58b027ff477e632adc7efe6dd8f5fc7338838ba295c8 skipped due to low value: 0.0 AVAX
[2025-10-11 16:50:42.633249] Transaction 0x17da264d8f6dd7863c155d1c35444070c24f0ffbda6c920fb0a28eff25ff1a3c skipped due to low value: 0.0 AVAX
2025-10-11 23:50:42,727 - ERROR - API returned error for block 64269080: {'status': '0', 'message': 'NOTOK', 'result': 'Free API access is temporarily unavailable due to unusually high network activity. To maintain uninterrupted service, we recommend upgrading to a paid plan: https://etherscan.io/apis'}
2025-10-11 23:50:42,727 - ERROR - Error processing block 64269080: API error: Unknown error
[2025-10-11 16:50:42.732196] Transaction 0xcce291c8dd6dc971171dd028245780f1f00f6ffbdf7719ffa03e1c4996b7f7b1 skipped due to low value: 0.0 AVAX
[2025-10-11 16:50:42.830958] Transaction 0xcda87333dff8b9da61fd6ac57a6f2ee0e6a9a7b5ae2fbb33bba8e39a003a01c6 skipped due to low value: 0.0 AVAX
[2025-10-11 16:50:42.939370] Scanning block 70146071
2025-10-11 23:50:45,214 - ERROR - API returned error for block 64269079: {'status': '0', 'message': 'NOTOK', 'result': 'Free API access is temporarily unavailable due to unusually high network activity. To maintain uninterrupted service, we recommend upgrading to a paid plan: https://etherscan.io/apis'}
2025-10-11 23:50:45,214 - ERROR - Error processing block 64269079: API error: Unknown error
[2025-10-11 16:50:45.490129] Fetched 13 transactions from block 70146071
[2025-10-11 16:50:45.607119] Transaction 0x8a5ed6552ce7bcc9521d501f1205d19cd98cde626e52cd67754af68453c49c98 skipped due to low value: 0.0 AVAX
[2025-10-11 16:50:45.733120] Transaction 0xaad2aadefded9b4ee0bb749dd0ce3034a11390164a3cbfa49dd655b9cca8bdf0 skipped due to low value: 0.0 AVAX
[2025-10-11 16:50:46.070209] Transaction 0x5ee59d55acbdb54e5bf048e03743644630f6c9d746e94a7188165e9157e91b58 skipped due to low value: 0.0 AVAX
[2025-10-11 16:50:46.205215] Transaction 0x958e852c1fb31d9964ebe0bc9583962b306a895f28ff93f79f1369b471dd3e0c skipped due to low value: 0.0 AVAX
[2025-10-11 16:50:46.329208] Transaction 0x559ec7c9bc4b10d7cad1c71a740e3070a703ade201f2468d49e20afaa2978fef skipped due to low value: 0.0 AVAX
[2025-10-11 16:50:46.452211] Transaction 0x3e18352871b40ccb13aa7f6c0dd41b30492cc5db48d38aefdfe5db4e1e7c9411 skipped due to low value: 0.0 AVAX
[2025-10-11 16:50:46.575212] Transaction 0xc689a52fa1ab157ae62a611c79b5f9732981c2bba1f42e2df5947db5a8b727f5 skipped due to low value: 0.0 AVAX
[2025-10-11 16:50:46.708210] Transaction 0x51197597ef685982060494161ca557835e37b1e2611fad226bf75240fcf7337c skipped due to low value: 0.044 AVAX
2025-10-11 23:50:46,801 - ERROR - API returned error for block 64269078: {'status': '0', 'message': 'NOTOK', 'result': 'Free API access is temporarily unavailable due to unusually high network activity. To maintain uninterrupted service, we recommend upgrading to a paid plan: https://etherscan.io/apis'}
2025-10-11 23:50:46,811 - ERROR - Error processing block 64269078: API error: Unknown error
[2025-10-11 16:50:46.833212] Transaction 0x29ccd01f7c4e0ecc11e057e81a757c6020b88cd812a5067791e3132945bf69ac skipped due to low value: 0.0 AVAX
[2025-10-11 16:50:46.960207] Transaction 0x0fe04d0f24c8d6922a1493408e31213bbf975eb24f2999eef087408ee402473b skipped due to low value: 0.0 AVAX
[2025-10-11 16:50:47.098207] Transaction 0x80848deeb26ee0ec233218b9d347bf4910b40b9f1bffab9955eec2a6a7922678 skipped due to low value: 0.0 AVAX
[2025-10-11 16:50:47.219210] Transaction 0x45333ff4eaf23098f93f8a02ff24bfab1b087be8dc5526529772a93e200672c1 skipped due to low value: 0.0 AVAX
[2025-10-11 16:50:47.334208] Transaction 0xdd89aa0b096d6c437d090626c7b25ecc3ccd3f8b0d6da281bb7b116522019ee1 skipped due to low value: 7.09622913515745 AVAX
[2025-10-11 16:50:47.467207] Scanning block 70146070
[2025-10-11 16:50:49.163598] Fetched 17 transactions from block 70146070
[2025-10-11 16:50:49.284600] Transaction 0xab2dd6f18de5ddc17500bd0268a1538fbcce5877de8cb5ea98b2620aa8f2dbec skipped due to low value: 0.0 AVAX
[2025-10-11 16:50:49.417599] Transaction 0x7cff7c14ed566e6f2ec48d0c441e8b165d7de3d5fe83e7af9615aa076b764150 skipped due to low value: 0.0 AVAX
[2025-10-11 16:50:49.538601] Transaction 0xf1dd6a106f4621417aff74e9b9acbee2b266c759990c78566d3955ab1757df8b skipped due to low value: 0.0 AVAX
[2025-10-11 16:50:49.673600] Transaction 0x7ca3586279fb8306f4682a19dc30c3411c628a6aaa3218af86dce6f87ea5e076 skipped due to low value: 0.0 AVAX
[2025-10-11 16:50:49.799600] Transaction 0x799bc21c8bd846696d6fb9db32942a5f8f20a3afaf3b95a113603c9845ef8e91 skipped due to low value: 0.0 AVAX
[2025-10-11 16:50:49.969599] Transaction 0x017165dfc2a1d158d568ade169d8febec6afdd70d00c1bfeea5989e119fa7d29 skipped due to low value: 0.0 AVAX
[2025-10-11 16:50:50.075055] Transaction 0xfe1ca51f2355b02927a0c6470540c57f1a78e76611ecc3e682ea10bdc9cf5c87 skipped due to low value: 0.0 AVAX
[2025-10-11 16:50:50.182838] Transaction 0x0ca8d345adfe0f4677085c143cf5d7a642d2f29e1d8f7fad02d930fefe2cadbd skipped due to low value: 0.0 AVAX
[2025-10-11 16:50:50.287341] Transaction 0x0d18a639b4f0d1537b30861ea78e38a9db801549196e49332d3fdf9b124eba84 skipped due to low value: 0.0 AVAX
[2025-10-11 16:50:50.392341] Transaction 0xba8a61453a4c1fbbf612be4513c4c076ba1eb77da40880a88de6002c7628a81c skipped due to low value: 0.05 AVAX
[2025-10-11 16:50:50.497691] Transaction 0x26aacab633ef299317584cc4d5a68bb8625c6ab08d72a7e802c9dc226d247ce9 skipped due to low value: 0.0 AVAX
[2025-10-11 16:50:50.601427] Transaction 0x7ac21ddf0042880bd1cc43e4130ee6083d02a3ea47c6643de06a74f5f78dc6fa skipped due to low value: 0.046 AVAX
[2025-10-11 16:50:50.711431] Transaction 0x34069ba614b85d0efe5bc81dde9cf96e571294af5532649edf0157f94b4ecb07 skipped due to low value: 0.0 AVAX
[2025-10-11 16:50:50.840430] Transaction 0xb6cbe2b439be97a3a80f79bc3089dbd77f029ea612df178f134335f8283f8772 skipped due to low value: 0.0 AVAX
[2025-10-11 16:50:50.973430] Transaction 0x125d60b226d077d16eb496d4254b8f602f46f4dc346d8e48d144154c841b9328 skipped due to low value: 0.0 AVAX
[2025-10-11 16:50:51.092432] Transaction 0x79d6cd835c5d76408f753345df573d0bee467589c6eea7c013f4d16a30b4bca5 skipped due to low value: 0.0 AVAX
[2025-10-11 16:50:51.236437] Transaction 0x768b0cfbe483d472f0cfd99aaeb60688d000ab46a0505d69484a73dfd871511d skipped due to low value: 0.00033665331404952 AVAX
[2025-10-11 16:50:51.344952] Scanning block 70146069
[2025-10-11 16:50:53.454471] Fetched 38 transactions from block 70146069
[2025-10-11 16:50:53.560470] Transaction 0x97bc4f4249d73ee82214c314efe3d59f9339458d4d3b988b4d83f9289d482afb skipped due to low value: 0.0 AVAX
[2025-10-11 16:50:53.677470] Transaction 0x0a5fbdfc2b4956a782bb6083ffd0796d34b873b8131c8e05f5070d9de69927b8 skipped due to low value: 0.0 AVAX
[2025-10-11 16:50:53.782851] Transaction 0x06e31c7ad7f7a5dcbb3203165a1c484b71c4df02176accac362cef797bad04ff skipped due to low value: 0.0 AVAX
[2025-10-11 16:50:53.887954] Transaction 0xeeb8b434c9f8c7bd4cbe8125cb230f8217cb3e2d40e4c142f718afdc93cd53d3 skipped due to low value: 0.0 AVAX
[2025-10-11 16:50:53.992932] Transaction 0x8b0f7962a2ace6dee467ea8f1760cde1f88d12ecb6de9bf9fefd158354ef166d skipped due to low value: 0.0 AVAX
[2025-10-11 16:50:54.096787] Transaction 0xf0260a4f32fd9f02ad9b31a82738bde05bb089ad24c16f1a88c4e8f3eee98b12 skipped due to low value: 0.0 AVAX
[2025-10-11 16:50:54.201931] Transaction 0x89bfcc2d59514238c2705270a6b8ccd27267db112344bf8fb0df4186836c80b5 skipped due to low value: 0.0 AVAX
[2025-10-11 16:50:54.308387] Transaction 0xbea0dd90270d3d84a4c319721f6e72d6a475bebffce7171d91fab197537861d2 skipped due to low value: 0.0 AVAX
2025-10-11 23:50:54,391 - ERROR - API returned error for block 64269074: {'status': '0', 'message': 'NOTOK', 'result': 'Free API access is temporarily unavailable due to unusually high network activity. To maintain uninterrupted service, we recommend upgrading to a paid plan: https://etherscan.io/apis'}
2025-10-11 23:50:54,391 - ERROR - Error processing block 64269074: API error: Unknown error
[2025-10-11 16:50:54.413622] Transaction 0x0244465a3ee33a05ddf9cb0f9dceac25bf7449bef79296b471080e984030e2ba skipped due to low value: 0.0 AVAX
[2025-10-11 16:50:54.522689] Transaction 0x59cbf33231364117d95b86ad979c254fe1ff6369e25f41d67f1a7ed6b318951c skipped due to low value: 0.0 AVAX
[2025-10-11 16:50:54.628481] Transaction 0x52433918559fd14efdb41b4e08232aef2cc4a934c8f973bbf2cd60118b5f95b7 skipped due to low value: 0.0 AVAX
[2025-10-11 16:50:54.734495] Transaction 0x12120f7023cc4f213701b8619bf3340fda8228b02bba804dbc04f84c9f9646e6 skipped due to low value: 0.0 AVAX
[2025-10-11 16:50:54.840496] Transaction 0xd14f352bd0c60b93abe2628a6e520b893b5b57e11e81f8bbbc2acf5b9d8e0db6 skipped due to low value: 0.0 AVAX
[2025-10-11 16:50:54.945035] Transaction 0xbb41b882f74d3f544d12429b2301728a2d49287e9b14e3306812fbb8712c9b5f skipped due to low value: 0.0 AVAX
[2025-10-11 16:50:55.050022] Transaction 0x949b27b33578722c46108eb10041b0be22d3b10709cafcb95845489a02dc5526 skipped due to low value: 0.0 AVAX
[2025-10-11 16:50:55.156560] Transaction 0x7f507669d42a233baf8f89eb8e964f8d10d85e75d2b9f9a3c614498ce2714526 skipped due to low value: 0.0 AVAX
[2025-10-11 16:50:55.266169] Transaction 0x7f91cd5e629823dd44560e1714e16c71a4fcff2d6798a34978a102d7d258e269 skipped due to low value: 0.0 AVAX
[2025-10-11 16:50:55.373873] Transaction 0xb730211abe8419eadf4d0da045fe4a6dec926c1d65d1dd3f532a90209e88d311 skipped due to low value: 0.0 AVAX
[2025-10-11 16:50:55.478820] Transaction 0xacfa2232796b5e80fbc192d1d5a4054465bee81eb75bd93665766f4a875c58db skipped due to low value: 0.0 AVAX
[2025-10-11 16:50:55.581418] Transaction 0xa113782ec465af8e1b28700e8451ed1a45ebf2ed3f7ef3304b06b25c4289ad5d skipped due to low value: 0.0 AVAX
[2025-10-11 16:50:55.686421] Transaction 0x6b1d450b6d60e2f4a3e2283e2689a4203e8336ee09636bef068d64de23bfebac skipped due to low value: 0.0 AVAX
[2025-10-11 16:50:55.795421] Transaction 0xa96c15b2754f71a5844e7973b7f71c0be1042bdc2b561d8d70921752bb2e58f3 skipped due to low value: 0.0 AVAX
[2025-10-11 16:50:55.900423] Transaction 0xaf5d17c920ef2075aeaf8d3ba450e983573290534229ff207a8002d07c14251d skipped due to low value: 0.0 AVAX
[2025-10-11 16:50:56.004419] Transaction 0x567cd38de7bb1bc304135c037d33910277836975efbbee021e6bf4037c1cf7d2 skipped due to low value: 0.0 AVAX
[2025-10-11 16:50:56.109422] Transaction 0x94f508294625b6d2d848a79b33b5698362dc6ec8549fbcf8517a6d6fc077c8d3 skipped due to low value: 0.0 AVAX
[2025-10-11 16:50:56.215422] Transaction 0x1a62b4041b2eef500115b89bf98a99827170971ba91ff0cebe5f71ae31a9b979 skipped due to low value: 0.0 AVAX
[2025-10-11 16:50:56.351421] Transaction 0x803387276c1e2b05c9077be94850b3206ae45f23c415a137c84e0badd0343c7e skipped due to low value: 0.0 AVAX
[2025-10-11 16:50:56.476422] Transaction 0x8367aa52a3f94dce9f4e46931f8fcbbe1f9aa6ad49a140a5e7c10b693a9a89ce skipped due to low value: 0.0 AVAX
[2025-10-11 16:50:56.590420] Transaction 0xb6fe0b69172c2a671d0d7117fde52c65df9858f6c64f97e252e74c50e09afb21 skipped due to low value: 0.0 AVAX
[2025-10-11 16:50:56.695419] Transaction 0x2517983f33f89202f403f575c51cc16d7179cd6eb62935763b5ffca9c343a0ac skipped due to low value: 0.0 AVAX
[2025-10-11 16:50:56.802423] Transaction 0xafd87c53f1a04e41c03b1c3a8b4cc5602af0f2446ab47c61d8924f47a0972f63 skipped due to low value: 0.08861091360000002 AVAX
[2025-10-11 16:50:56.908422] Transaction 0x59073805a0d489fc5db35b31cdaefa6dcf6309d92e78d49d8ef638112e325d7e skipped due to low value: 0.0 AVAX
[2025-10-11 16:50:57.014419] Transaction 0xac748fd57585f7420e5f756d746f741ddf484e29320a0b52aa0276de7669246e skipped due to low value: 0.0 AVAX
[2025-10-11 16:50:57.121635] Transaction 0x9c7e9548872a3e2d8a11667c52a957b6f3a33c1949daa92a0e42574c3689cd3f skipped due to low value: 0.0 AVAX
[2025-10-11 16:50:57.227390] Transaction 0xc394a48e5aee98330481cb4258a6dfec95e9f7cef41ce3f1b3506fc82ae4ee9a skipped due to low value: 0.0 AVAX
[2025-10-11 16:50:57.334370] Transaction 0xe919bb6c189f8fb6be67d8ea600d7679d590cce7a1a5a82c41b5cb7b089b0346 skipped due to low value: 0.0 AVAX
[2025-10-11 16:50:57.477371] Transaction 0xf81ca203313a410ba079b26cb05e38b7e6725b82212019840f5d35eaa08bb8e1 skipped due to low value: 0.0 AVAX
[2025-10-11 16:50:57.582371] Transaction 0x9c95dd35dbf6f75fea33af75585e113b31e7d67c3fe7fcbd8e1dfe9c931cd38d skipped due to low value: 0.0 AVAX
[2025-10-11 16:50:57.688371] Scanning block 70146068
[2025-10-11 16:50:59.702013] Fetched 5 transactions from block 70146068
[2025-10-11 16:50:59.813931] Transaction 0x4ad3fddd02410faaf303a9128b44e9af30c5f7e2477ab4729cb4e1aabc194e06 skipped due to low value: 0.0 AVAX
[2025-10-11 16:50:59.918572] Transaction 0xefc2d476bef8e99f2f423bc68e2049a58deec21d52005c12a35d161917dc3116 skipped due to low value: 0.046 AVAX
[2025-10-11 16:51:00.025570] Transaction 0xde3fedf612c767d911a0d0c76009b580a8b9445fea7e63306d4338d75207312b skipped due to low value: 0.0 AVAX
[2025-10-11 16:51:00.136565] Transaction 0x2d252219d305b2b67c814e7fcdbcb46340bc44f6fb5dfc548b32469e8d604d40 skipped due to low value: 0.0 AVAX
[2025-10-11 16:51:00.240568] Transaction 0xc8a23a1d9636174287b8c582b954b093d5dbd86c385b40f15e06ed15ec26dea1 skipped due to low value: 0.0 AVAX
[2025-10-11 16:51:00.346565] Scanning block 70146067
[2025-10-11 16:51:02.038237] Fetched 7 transactions from block 70146067
[2025-10-11 16:51:02.143730] Transaction 0xff97eecf753f2dc4b8df3e0f2f0239bc2772f816de22fc3f08e0af883564e6fc skipped due to low value: 67.77251168 AVAX
[2025-10-11 16:51:02.247249] Transaction 0xa6c19035234ec0616ba1b94a2df959a51854290e379d078495117a5f54664079 skipped due to low value: 0.0 AVAX
[2025-10-11 16:51:02.355161] Transaction 0xa39c029fca5cd7a55753fc3e29ea7ec04413eb7cf21dca5030c1a7cc6858150c skipped due to low value: 13.204 AVAX
[2025-10-11 16:51:02.462308] Transaction 0x5ca7a014dd4033d421f5d0cb18e97e6a57c03bd7953a33d4a79d160803aa2af3 skipped due to low value: 2.165 AVAX
[2025-10-11 16:51:02.570826] Transaction 0x368332c96ad975704e0cde6894f5cf44ab58789797277351c61c5f33dd90c41a skipped due to low value: 0.0 AVAX
[2025-10-11 16:51:02.679224] Transaction 0x2190072138d156b9e868541bf51bf5e43513f490581e448e307029375632704f skipped due to low value: 428.2391385988384 AVAX
[2025-10-11 16:51:02.787402] Transaction 0x2bdd359bad0b8a71bb69d8d7259b822dba83767c02cc5d8bc87bbe6f10f2126a skipped due to low value: 0.0 AVAX
[2025-10-11 16:51:02.891972] Scanning block 70146066
[2025-10-11 16:51:04.378531] Fetched 4 transactions from block 70146066
[2025-10-11 16:51:04.489069] Transaction 0x8e22c065b90eb453068ed01a2b3b14bda293ee0ad5f3ed3abe572186f4285b61 skipped due to low value: 0.0 AVAX
[2025-10-11 16:51:04.596462] Transaction 0x75aea990eb85e6699e163be2e85707ccc506f4bd240be26fbeea188f4d272694 skipped due to low value: 0.0 AVAX
[2025-10-11 16:51:04.707439] Transaction 0x5ea82e227f34381d45ec845af05f07c07171128b41044d3dfa1d994de2ef42b6 skipped due to low value: 0.0 AVAX
[2025-10-11 16:51:04.816441] Transaction 0x7fedc5fd2b43ef85c5559548e6b8d2a5480519b880b7b15f81537021b648e3a5 skipped due to low value: 0.0 AVAX
[2025-10-11 16:51:04.924451] Scanning block 70146065
2025-10-11 23:51:06,085 - ERROR - API returned error for block 64269068: {'status': '0', 'message': 'NOTOK', 'result': 'Free API access is temporarily unavailable due to unusually high network activity. To maintain uninterrupted service, we recommend upgrading to a paid plan: https://etherscan.io/apis'}
2025-10-11 23:51:06,085 - ERROR - Error processing block 64269068: API error: Unknown error
[2025-10-11 16:51:06.383978] Fetched 6 transactions from block 70146065
[2025-10-11 16:51:06.488944] Transaction 0x05ba93e0ca7177aff9501c2383cf2a71f23c6e107ef9b3ba3e0893791fe46e6c skipped due to low value: 0.996 AVAX
[2025-10-11 16:51:06.594539] Transaction 0x74b62624bb63dbd79aa31923e6398f0e4a6c91fe1cc3ede81b0f2684f14ebfac skipped due to low value: 0.0 AVAX
[2025-10-11 16:51:06.714537] Transaction 0xe422156d944aa1e9824cd5a0af965dc215648fc7748b0b11c4663b87c67541c0 skipped due to low value: 0.0 AVAX
[2025-10-11 16:51:06.820542] Transaction 0x3c65ababaf186519d56f137f5c24bad4438bcc6e6166ca7a9ca3fbc7cdf3c123 skipped due to low value: 0.0 AVAX
[2025-10-11 16:51:06.924637] Transaction 0x53ba49b52ca0b19309542053af8d72922f58875625642f4df7c8108f21ae9d66 skipped due to low value: 0.0 AVAX
[2025-10-11 16:51:07.029225] Transaction 0x026a142eb8c0f35af3f0ce212ac9ed03fd03351f8ca362744f3a8202047b5183 skipped due to low value: 0.0 AVAX
[2025-10-11 16:51:07.134767] Scanning block 70146064
[2025-10-11 16:51:08.581599] Fetched 13 transactions from block 70146064
[2025-10-11 16:51:08.686268] Transaction 0xafdf6b67da7fa8c1b63d024364ff69d558cb1c075d9cc79dd17ee21716aea0ba skipped due to low value: 0.00234 AVAX
[2025-10-11 16:51:08.791668] Transaction 0xd0774e02f49d1e83a8b6a23878dda5f018f73b3557158ba6f1d3ecf19c1bc030 skipped due to low value: 0.0 AVAX
[2025-10-11 16:51:08.896778] Transaction 0x4d4d5b5187afd64f169ceda96a881a656da16a3028e3789b8c3ef3f9fbbb45b3 skipped due to low value: 0.0 AVAX
[2025-10-11 16:51:09.005115] Transaction 0x4415237062abee22c68cccc09e6a841568ce5d0c1d8ef7ce9a1395e347f003c2 skipped due to low value: 0.0 AVAX
[2025-10-11 16:51:09.116176] Transaction 0x5450f0f6fc7cca07ddfaf37518545ba014eba3e58b037307151f3e5f3555dfa9 skipped due to low value: 0.0 AVAX
[2025-10-11 16:51:09.219765] Transaction 0xff3223e5dc4961ed0607a44b93770050cdc977ed9e2660ebc13b15632d23a8a7 skipped due to low value: 0.0 AVAX
[2025-10-11 16:51:09.325619] Transaction 0xae8b3f7bbef118fc0c440628216596debc2384e3391bcca1b9f3051e140d9aff skipped due to low value: 0.0 AVAX
[2025-10-11 16:51:09.432465] Transaction 0xf4e723435c165b0824fe3bfcfa025a02232fbd6ee151fde840159d10786a819b skipped due to low value: 0.0 AVAX
[2025-10-11 16:51:09.538671] Transaction 0x245307911303a313bc3b4485ab6620e5bc5e109d078f341e347e33046689ec6e skipped due to low value: 0.0 AVAX
[2025-10-11 16:51:09.648252] Transaction 0xc681338125ffacf805a87413ff6a4e074ab66c3d717af2e49b2a914b49a86a0d skipped due to low value: 0.0 AVAX
[2025-10-11 16:51:09.755277] Transaction 0x5c6d32b9133d364c18c9c7799b6bab96ab59de45cde22bb308f4f5be6eabe9a5 skipped due to low value: 0.04384169429646839 AVAX
[2025-10-11 16:51:09.861276] Transaction 0x3780ebd0556ebb3771e4a9641f9545eacd64c6266394b4eab05bdada9632b17d skipped due to low value: 0.0 AVAX
[2025-10-11 16:51:09.974279] Transaction 0xab954f648b385679c13234daaef5c4720b84ad4faed218f43fee0e3b03b42ecf skipped due to low value: 0.0 AVAX
[2025-10-11 16:51:10.095280] Scanning block 70146063
[2025-10-11 16:51:12.019264] Fetched 11 transactions from block 70146063
[2025-10-11 16:51:12.130496] Transaction 0x38a7044a0f5be6b17059eaaf0095e6a25ca65939e1b5c17626146a68842a2193 skipped due to low value: 0.0 AVAX
[2025-10-11 16:51:12.242487] Transaction 0xd7487be1f7c51cdf9c29e0f3c3e34ce424efa83807089ad4ae4b56bbf6818d0a skipped due to low value: 0.0 AVAX
[2025-10-11 16:51:12.348670] Transaction 0xedcd8677eb4d0ef6ebd4d206679c9d552a34fb437ff049d788f91fb96c31e8dc skipped due to low value: 0.0 AVAX
[2025-10-11 16:51:12.456125] Transaction 0x139cded584f7bd47878e5a53b11cbf2361ddfaf38ee4457a42f14d693e61081b skipped due to low value: 0.0 AVAX
[2025-10-11 16:51:12.562076] Transaction 0x65c9b38a471923e7b739cf47322b5f7ac51d1463a4177e416bd8b4bde46c6dd6 skipped due to low value: 0.0 AVAX
[2025-10-11 16:51:12.669391] Transaction 0x4a49e96205ccae46bad2995cafc45d8e013b60b552b62badeed2e6e5b21ca13a skipped due to low value: 0.0 AVAX
[2025-10-11 16:51:12.780381] Transaction 0x9ef5ef81fdf6a93665701aa3ccc48133ec3f72caae6b5034f496e2a77bc0a567 skipped due to low value: 0.0 AVAX
[2025-10-11 16:51:12.885383] Transaction 0x8a78496268360866965498365542db66a6dfdacefa9c076b7c320f692ce625df skipped due to low value: 0.0 AVAX
[2025-10-11 16:51:12.988381] Transaction 0xab0550c4bfb726fb7b378ac1ed11773a45c5702949d782330f878173280c938b skipped due to low value: 0.0 AVAX
[2025-10-11 16:51:13.093384] Transaction 0xd9d8e986dfa4919f6bd70c252a88d749f64d2be03f79441305fe2d498d07da55 skipped due to low value: 0.0 AVAX
[2025-10-11 16:51:13.198357] Transaction 0x22fc55402a8eb7014001738cac2ab480e358a09ee19f34968e4aa2e4f580bd15 skipped due to low value: 0.0 AVAX
[2025-10-11 16:51:13.304780] Scanning block 70146062
[2025-10-11 16:51:14.723498] Fetched 9 transactions from block 70146062
[2025-10-11 16:51:14.827521] Transaction 0x4a2a1594b9851326ee2cfd0ffa35d005ce81bf579eaa5f3d2864c7501d669b8b skipped due to low value: 0.0 AVAX
[2025-10-11 16:51:14.931546] Transaction 0x265b4246ba08937631a87d3b254ac157afe4737c7509d15d0e01d37ce92ca6f6 skipped due to low value: 0.0 AVAX
[2025-10-11 16:51:15.039090] Transaction 0x114d3566161d0461652469a11d1cb40caf2ed4b83ec70cf10b425c69f6c01b01 skipped due to low value: 0.0 AVAX
[2025-10-11 16:51:15.154991] Transaction 0x0b1e2448cc164c19dc1d340c7ab96358245c47d885f859ca30cf0c3892ebac13 skipped due to low value: 0.0 AVAX
[2025-10-11 16:51:15.260997] Transaction 0x2f82bcc268d36dad5f29e46df8ec9cda97b43adf88b8027743869235c0115765 skipped due to low value: 0.0 AVAX
[2025-10-11 16:51:15.367532] Transaction 0x7ca788fdd027691575d08f525d51cd13786b5098fe0c57fd4061978d5566cd3b skipped due to low value: 0.0 AVAX
[2025-10-11 16:51:15.471676] Transaction 0x3cc25f56e679423a5b5cf4936f1721172922e033518ac9ea78987f5630170ee0 skipped due to low value: 0.0 AVAX
[2025-10-11 16:51:15.577121] Transaction 0xe4e77f581c1eb8d2bf3f27264b7613efa638d1f337b35fc02e436e2dd491f7b6 skipped due to low value: 0.0 AVAX
[2025-10-11 16:51:15.683241] Transaction 0x8f33df5d87dca365c36c54e2b19390f67014099a5e0ab813e51012123a928345 skipped due to low value: 0.0 AVAX
[2025-10-11 16:51:15.789649] Scanning block 70146061
[2025-10-11 16:51:17.479046] Fetched 12 transactions from block 70146061
[2025-10-11 16:51:17.599121] Transaction 0x72e3389f6b1a0281caf69678674a25eb60ae489a4e49ca85426d456860529749 skipped due to low value: 0.0 AVAX
[2025-10-11 16:51:17.704830] Transaction 0xf0f501f93c5d454a22c8c7011a1948d3465435c9deb54fdd412efa1292cd8ebf skipped due to low value: 0.0 AVAX
[2025-10-11 16:51:17.811736] Transaction 0xf8801018fafd8c25af84afd19476de33498c765e837070c82a4d43e2f4932e1a skipped due to low value: 0.0 AVAX
[2025-10-11 16:51:17.952149] Transaction 0x671ee04fca286a97d0b7770d9cc7df63d83c11bbfacea591bf2e644771d021f5 skipped due to low value: 0.046 AVAX
[2025-10-11 16:51:18.062254] Transaction 0xc64e1832092ff6b1440fb2edda012341f5218fb4b271327c11343aa23aea7dd8 skipped due to low value: 0.0 AVAX
[2025-10-11 16:51:18.168725] Transaction 0x9e6049ae4cbfe418e8cb32755dcbf46f6352acc82dac669acf7b86ac5b3250ed skipped due to low value: 0.0 AVAX
[2025-10-11 16:51:18.277355] Transaction 0x33eabe128f19882114ca746f9ab02e46f93fb8df3fec4d81f62cbddf10e875d9 skipped due to low value: 0.0 AVAX
[2025-10-11 16:51:18.383356] Transaction 0x561babe184ffdee8ae42a906dfbccfb725d3097c42203d0d4f02435b5c268434 skipped due to low value: 0.0 AVAX
[2025-10-11 16:51:18.489353] Transaction 0xb8ad6a2004e0dbc5ce611d64dc0e5d3092fd7b0111f3a72549fe72c192f8f76e skipped due to low value: 1e-05 AVAX
[2025-10-11 16:51:18.595358] Transaction 0x582df9cea06b0a0698965de434206baf23fe2a67e448b827bd1ae18f0610de8a skipped due to low value: 1e-05 AVAX
[2025-10-11 16:51:18.706362] Transaction 0xfd238c2b2c9670912dba5c949768fa8d8ec6e7618f384b2676ce62e07307f61e skipped due to low value: 0.0 AVAX
[2025-10-11 16:51:18.811358] Transaction 0xb1cfa82c17e113886d782d0da46f55a041d89e3d2e38dd7b818c582408aff8e1 skipped due to low value: 0.0 AVAX
[2025-10-11 16:51:18.915815] Scanning block 70146060
[2025-10-11 16:51:20.330633] Fetched 6 transactions from block 70146060
[2025-10-11 16:51:20.434632] Transaction 0x0d4cb89fd390eaba58d8d8d50a1d8f2f496475fed90116d677257e5ea2b410bf skipped due to low value: 0.000989608282944015 AVAX
[2025-10-11 16:51:20.537629] Transaction 0xb6f9ba2f6d1737b8392bbd2d62ff9f2085260d6d408550ff7f7892de4f518202 skipped due to low value: 0.0 AVAX
[2025-10-11 16:51:20.644632] Transaction 0x3e3ecbbc69d079e3f49d7f3c18a9c1960a81f387067ab6a2df2039237c69f71f skipped due to low value: 0.0 AVAX
[2025-10-11 16:51:20.749802] Transaction 0xed0fc3be2756aeaaeab1db241330cd51f4b0a6ff742181edcf71e609100f39cb skipped due to low value: 0.0 AVAX
[2025-10-11 16:51:20.901105] Transaction 0x698d979077db2757194bc9ea409d2a518c08057ea09bc6a5a70b01f0578d8ed9 skipped due to low value: 0.0 AVAX
[2025-10-11 16:51:21.026235] Transaction 0xb1dbff547db36500fe4e9607e2208a9b587b1d705a8b0ae26a5498a908c09e83 skipped due to low value: 0.0 AVAX
[2025-10-11 16:51:21.131217] Scanning block 70146059
2025-10-11 23:51:21,367 - ERROR - API returned error for block 64269060: {'status': '0', 'message': 'NOTOK', 'result': 'Free API access is temporarily unavailable due to unusually high network activity. To maintain uninterrupted service, we recommend upgrading to a paid plan: https://etherscan.io/apis'}
2025-10-11 23:51:21,367 - ERROR - Error processing block 64269060: API error: Unknown error
[2025-10-11 16:51:22.710048] Fetched 5 transactions from block 70146059
[2025-10-11 16:51:22.815062] Transaction 0xa7e3985c86901d45968f40c6e7d12f92fb851a248cad0fadf5e77156abea3785 skipped due to low value: 0.010969723562966213 AVAX
2025-10-11 23:51:22,842 - ERROR - API returned error for block 64269059: {'status': '0', 'message': 'NOTOK', 'result': 'Free API access is temporarily unavailable due to unusually high network activity. To maintain uninterrupted service, we recommend upgrading to a paid plan: https://etherscan.io/apis'}
2025-10-11 23:51:22,842 - ERROR - Error processing block 64269059: API error: Unknown error
[2025-10-11 16:51:22.918991] Transaction 0xdec0c4d4c327c1af120e56ece969083487b393f2afa56fb497f689450c83458c skipped due to low value: 0.0 AVAX
[2025-10-11 16:51:23.026791] Transaction 0xe4990a128154958d559bebda25cd009717bc5134d8feba4d48f1896fc546c172 skipped due to low value: 0.0 AVAX
[2025-10-11 16:51:23.132395] Transaction 0x7de9aa98370afe3c73c10189794df4d6e6d4abf8f51d38e90b0bcf150f4367bc skipped due to low value: 0.0 AVAX
[2025-10-11 16:51:23.238395] Transaction 0xa4dffee56db90dcaa2f2e8a19e67436549f0d577d9e8c0d98fededbca4bef46f skipped due to low value: 0.0 AVAX
[2025-10-11 16:51:23.346401] Scanning block 70146058
[2025-10-11 16:51:24.781335] Fetched 10 transactions from block 70146058
[2025-10-11 16:51:24.888949] Transaction 0xa2144fda4d16f419e9c46fa36c2b203fbfeb98f0efe6d208432929c779027de2 skipped due to low value: 0.0 AVAX
[2025-10-11 16:51:24.999934] Transaction 0x5c3e5582879fe16ae75066fa83e37190bd48a2ab418e1d3dead1bfbc4a07506d skipped due to low value: 4.90458 AVAX
[2025-10-11 16:51:25.104955] Transaction 0xaa1a57ef608cd831fff0701f64ef56e2e5f26ca9bb3bf487927ef3ff7eeba09e skipped due to low value: 0.0 AVAX
[2025-10-11 16:51:25.209956] Transaction 0x88ccff05a7861f6ea33b9f00165d2bc1fb893fed832fbcb3f1bb34386e1daeae skipped due to low value: 0.0 AVAX
[2025-10-11 16:51:25.315936] Transaction 0x4447dc9053e56c449a023e27be0e99e542c7c7fdb7dc0a7b458a3027c095fe9e skipped due to low value: 0.0 AVAX
[2025-10-11 16:51:25.421325] Transaction 0x0ce57f18c6b320fc62f88644b98c98c7b81d417153659e94a49a26481c22e8ef skipped due to low value: 0.0 AVAX
[2025-10-11 16:51:25.527383] Transaction 0xbf8fcc21b4c5d8a77c6ad4b92c115e560b74e9bff230e9439e9cd6bf351c8f6d skipped due to low value: 22.0 AVAX
[2025-10-11 16:51:25.633738] Transaction 0xc09dfa8d0036e21496b856c3e7a28adbcc79b38e086e14a8d1acf5423210c8af skipped due to low value: 0.0 AVAX
[2025-10-11 16:51:25.739738] Transaction 0x2e28dd6b7c40e5c1a054246853786c9deae311f0c6ae1ae5a0adada857b47320 skipped due to low value: 0.0 AVAX
[2025-10-11 16:51:25.859450] Transaction 0xdf38a8a58aa59e17b46dd62a21d2c02d3f44307880ac4fb61a1567a13667cb93 skipped due to low value: 0.0 AVAX
[2025-10-11 16:51:25.965621] Scanning block 70146057
[2025-10-11 16:51:27.671696] Fetched 7 transactions from block 70146057
[2025-10-11 16:51:27.782499] Transaction 0x8c750e37627b2efc88147e9d74b4fd33ee34d1148010adec8427bd8aefeb9c96 skipped due to low value: 0.0 AVAX
[2025-10-11 16:51:27.889007] Transaction 0xbb406616831ff1209aff054603ce6900e6cb4415ab78f0f86fdb467ebbfa85cb skipped due to low value: 0.0 AVAX
2025-10-11 23:51:27,890 - ERROR - API returned error for block 64269056: {'status': '0', 'message': 'NOTOK', 'result': 'Free API access is temporarily unavailable due to unusually high network activity. To maintain uninterrupted service, we recommend upgrading to a paid plan: https://etherscan.io/apis'}
2025-10-11 23:51:27,890 - ERROR - Error processing block 64269056: API error: Unknown error
[2025-10-11 16:51:28.045977] Transaction 0xc9e4c217b518c2c0fbf5696741fd69d6e407cf0423127c030ad2e54879a479ac skipped due to low value: 3e-18 AVAX
[2025-10-11 16:51:28.156406] Transaction 0xff8c594a4dd2857e98eca302b638db8476cdbf514f554ba14267bf53ac09e00a skipped due to low value: 0.0 AVAX
[2025-10-11 16:51:28.262407] Transaction 0xd2a87a49d7a60df3867319329829d4dcedf458c937fb07859c50f3868fa780a4 skipped due to low value: 0.0 AVAX
[2025-10-11 16:51:28.369408] Transaction 0x77f04067d8ff09d5d3e3a4931fddf2e62b1ad767f41f6eae33f511db28abe47d skipped due to low value: 0.0 AVAX
[2025-10-11 16:51:28.475410] Transaction 0x2aab977b2865d9af2ca9ff069c8dfd226a5d0bd448e23bcb17e7bd857a7b084d skipped due to low value: 0.0 AVAX
[2025-10-11 16:51:28.580946] Scanning block 70146056
[2025-10-11 16:51:29.996575] Fetched 11 transactions from block 70146056
[2025-10-11 16:51:30.103939] Transaction 0xef1bb0d8b1d436e0d101de5227da68c8ee1ad54435e16c80da1b9f79aab02f64 skipped due to low value: 0.0 AVAX
[2025-10-11 16:51:30.207934] Transaction 0x3b3f3aee1768d8579457ed464e6a77f116d75ff6eea0b4084cf9b021ccc5356c skipped due to low value: 0.0 AVAX
[2025-10-11 16:51:30.335937] Transaction 0xa6de2b14bb561fb25e501bda3a876e39260aec173716f23a52e5b91fb0bf291a skipped due to low value: 0.0 AVAX
[2025-10-11 16:51:30.447937] Transaction 0xcc26fc04c1087e7f54f07d575451a4285511e97a33cde800cc3546c03c3dc2fc skipped due to low value: 0.0 AVAX
[2025-10-11 16:51:30.553934] Transaction 0xddf3c25276b4e2c4f66807938549394a026ddbffebb28f8b3a48501e12769808 skipped due to low value: 0.0 AVAX
[2025-10-11 16:51:30.659935] Transaction 0x866760a6c0b10016b6881bc49cd4cc70941d62bee308b1c0906460f8e3358fb9 skipped due to low value: 0.0 AVAX
[2025-10-11 16:51:30.765146] Transaction 0x5a71f84cdcbc51feeb2b9db104e7cccbe65e38ddfd738c1fd3862bf7daaf34a7 skipped due to low value: 0.0 AVAX
[2025-10-11 16:51:30.902973] Classified transaction 0x4eb39d4d4a43f4c08b0c054ea98c4e1f964453dcf01e5fe9fb37b7e0d1bb6e21 as N/A
[2025-10-11 16:51:31.007400] Transaction 0x4e5fb8632bf5c09519fe0fed957572ccae934301259ece36a282aca4186f427e skipped due to low value: 0.0 AVAX
[2025-10-11 16:51:31.111768] Transaction 0xf355ebfc2c967e65247352bf929cffc0c63ec1d7739c23788090dc4954aad924 skipped due to low value: 0.0 AVAX
[2025-10-11 16:51:31.217790] Transaction 0x7d7e121309793aa51036a77cc6663f287a34673d21d9533c9017ccbcb14995d8 skipped due to low value: 0.0 AVAX
[2025-10-11 16:51:31.329908] Scanning block 70146055
[2025-10-11 16:51:33.103463] Fetched 11 transactions from block 70146055
[2025-10-11 16:51:33.208090] Transaction 0xe6011e794a73051378415c93f119df1674750c9ddeec2fba470315a0c7ccde98 skipped due to low value: 0.0 AVAX
[2025-10-11 16:51:33.318471] Transaction 0x834a183de49ddd1e89bf260a1a015170937622893c991527888e47b2aa336181 skipped due to low value: 0.0 AVAX
[2025-10-11 16:51:33.422662] Transaction 0xfabdc3eaefed6fb73a3a7dcd2431c077080cb05ff212fb5042838b1b2fdbe9a9 skipped due to low value: 0.0 AVAX
2025-10-11 23:51:33,455 - ERROR - API returned error for block 64269053: {'status': '0', 'message': 'NOTOK', 'result': 'Free API access is temporarily unavailable due to unusually high network activity. To maintain uninterrupted service, we recommend upgrading to a paid plan: https://etherscan.io/apis'}
2025-10-11 23:51:33,455 - ERROR - Error processing block 64269053: API error: Unknown error
[2025-10-11 16:51:33.533785] Transaction 0xb0854462c9854df0f343ffb8eae600a2185c98f45f82d999b89f4bb9b1e2709f skipped due to low value: 0.0 AVAX
[2025-10-11 16:51:33.639626] Transaction 0xdf3f66c4a9be91a997cf009a4ee2fcdec12cbad370a8b15ca295d7726f43fabe skipped due to low value: 0.0 AVAX
[2025-10-11 16:51:33.743294] Transaction 0x80ad61f2b886466a88423ffb41e4ecc8bbefebb6f26bc72c7d2599bc0d00cb7b skipped due to low value: 0.046 AVAX
[2025-10-11 16:51:33.848271] Transaction 0x9bd38f3f6e0f6336a450e1f09c5b1c43346b6d8324fa39d0c51e549ce02fa4e9 skipped due to low value: 0.0 AVAX
[2025-10-11 16:51:33.963275] Transaction 0xa6bd750f728056b976738ddd3a71adae9ff0edbbfdf3cf328aa747e8bd309e34 skipped due to low value: 0.000152464181428 AVAX
[2025-10-11 16:51:34.069271] Transaction 0xf050ea499f01017019d185806eefffb0f0fe2c7c35530c790b319f646400f110 skipped due to low value: 0.0 AVAX
[2025-10-11 16:51:34.174287] Transaction 0xd448e9fa17943c2c644bfec1fed4c084bcd5ecb147ce6d9245abe11fc64466cb skipped due to low value: 0.0 AVAX
[2025-10-11 16:51:34.279909] Transaction 0x8a1f922d9ef5b10fb933bdcb9b7499548320e1046eaca4c82dc3596945e76c40 skipped due to low value: 4.309484904933532 AVAX
[2025-10-11 16:51:34.384410] Scanning block 70146054
[2025-10-11 16:51:35.829228] Fetched 8 transactions from block 70146054
[2025-10-11 16:51:35.948229] Transaction 0x14a49a5ebf051a06a9fb31bcfaba0956c7d92f1fac5c5e4b41c9ef48650c3a00 skipped due to low value: 0.0 AVAX
[2025-10-11 16:51:36.060247] Transaction 0xf26a5124e73d68fca99f0fe44ca6a5c42fdf8870a40c85de902cda2caf9fee9d skipped due to low value: 0.0 AVAX
[2025-10-11 16:51:36.165195] Transaction 0x1316f1ccc0d07a97c3e39939d37fabeca01d89c3a94dbbbcb1574da78e401926 skipped due to low value: 0.0 AVAX
[2025-10-11 16:51:36.270863] Transaction 0x92343348906785f668450065a6ebef3b7fddd2e560686afbbd00b213c1cb39c9 skipped due to low value: 0.0 AVAX
[2025-10-11 16:51:36.376296] Transaction 0x8345c4ac0998ba2e8d1e7a9c4c3c316c6b5ca668252caf021781a7daa69e4527 skipped due to low value: 0.0 AVAX
[2025-10-11 16:51:36.479609] Transaction 0xe2c00a0ca9a306569b3f5e70fbba1338f86a3d9eee31218121d999d17a8e2138 skipped due to low value: 0.0 AVAX
[2025-10-11 16:51:36.583319] Transaction 0xfbe2261b656b6391b26d84e6d90e6554f775a4343b721f2eee4b9bbc3d7ab2a1 skipped due to low value: 0.0 AVAX
[2025-10-11 16:51:36.687659] Transaction 0xe3cda49d492679c3ae5d01c5e186571837d358b2775d888a8c5fc0eb4cefadea skipped due to low value: 0.0 AVAX
[2025-10-11 16:51:36.800229] Scanning block 70146053
[2025-10-11 16:51:38.808589] Fetched 14 transactions from block 70146053
[2025-10-11 16:51:38.914233] Transaction 0x36e3104cbe5440aec7c0374eba8c2bb896d4ddc7b5c27946c7914fa38f57c465 skipped due to low value: 0.0 AVAX
[2025-10-11 16:51:39.020067] Transaction 0xb7bdaf4059d0cbed00900892d3598c944b78adc82c7e72927cc91e625780237a skipped due to low value: 0.0 AVAX
[2025-10-11 16:51:39.127355] Transaction 0x951df98caeba48495dd2eabeb7e6e70aa8b2fdaf863809ca59bc1504638b5e70 skipped due to low value: 0.0 AVAX
[2025-10-11 16:51:39.236480] Transaction 0xb171c5078472384090929d63d78b29e1f29daace52982deb0fcc18d1dccf4674 skipped due to low value: 0.0 AVAX
[2025-10-11 16:51:39.340862] Transaction 0x604abbad72f30fbeec2e3bb6a29052aafedae3bcfa63ae6847f0e717e6bb8aaf skipped due to low value: 0.0 AVAX
[2025-10-11 16:51:39.448251] Transaction 0x2ea5ad7dea0b55bf025400d2658b39aa06fe681f1320106a6ca5d5e9fd8f3cd1 skipped due to low value: 0.0 AVAX
[2025-10-11 16:51:39.554691] Transaction 0xf5df5dec985ee5993e69b0885fc1260397c04d1a4d7c42758b7f6347f1da50f4 skipped due to low value: 0.0 AVAX
[2025-10-11 16:51:39.662136] Transaction 0x71673d6b56be5b6a479704ff9baa8c2aeb95732e65cab002b4453fbb6892a2dd skipped due to low value: 0.0 AVAX
[2025-10-11 16:51:39.767116] Transaction 0xc00c00023b845dffe04dd680f5feff76d3a054c17e4d1c535de81db3df8e46b8 skipped due to low value: 0.0 AVAX
[2025-10-11 16:51:39.877116] Transaction 0x34267953d22969426493d4f70a72740b7f03a5e7c1074c7c1aaf0a974a4c5c8d skipped due to low value: 0.0 AVAX
[2025-10-11 16:51:40.016119] Transaction 0x46d4940204db2a7e81ce73c193bd5f2c87e9424e756ea3b5efc98b7388612e4a skipped due to low value: 0.0 AVAX
[2025-10-11 16:51:40.162614] Transaction 0x3ad3944db3dd0960151e213b06f168724ad634e71afff9f98413680b12f1d677 skipped due to low value: 0.0 AVAX
[2025-10-11 16:51:40.297788] Transaction 0x3087ce9e1c7d162acfe991c871e240f7411892a0729f86355ff773e3133f78f2 skipped due to low value: 0.0 AVAX
[2025-10-11 16:51:40.403839] Transaction 0x02e48960d5242bb9e0559e3e06f67a5083964f12bdfe4d97480cb9f527cdc5e1 skipped due to low value: 0.0 AVAX
[2025-10-11 16:51:40.508857] Scanning block 70146052
[2025-10-11 16:51:41.967116] Fetched 7 transactions from block 70146052
[2025-10-11 16:51:42.080061] Transaction 0x94811975e063282a1f7c5bb09bb0b5607d8e5406956e476abd471c400a8c0ea4 skipped due to low value: 0.0 AVAX
[2025-10-11 16:51:42.191061] Transaction 0xf78b92b630516527039ce84db87217c118ea291c4060171a6ceed85fa0180fad skipped due to low value: 0.0 AVAX
[2025-10-11 16:51:42.299068] Transaction 0x4418583e89c1851836a5f40a1c77fd42a168a51cbf6bc7492f4c5602fd34603b skipped due to low value: 0.0 AVAX
[2025-10-11 16:51:42.404065] Transaction 0x2c7a98d3f6ac312466c0593d2ee5af40e063e9b221f4dce4392cec5ee11231f3 skipped due to low value: 0.0 AVAX
[2025-10-11 16:51:42.521066] Transaction 0x621bec9a0c849e53b03ac5dd1168af453adb6e2f8c7383c6d63ecc9132419877 skipped due to low value: 0.0 AVAX
[2025-10-11 16:51:42.626540] Transaction 0xad5fb8e04043ec0460af1491ab0ee0fd7bb3ec2ef86311411101d5883e401e0d skipped due to low value: 0.0 AVAX
[2025-10-11 16:51:42.735929] Transaction 0x74f75e8d65557c49d75ced90c82536fbb172228c08fdf45678d06f1aa63032ee skipped due to low value: 0.0 AVAX
[2025-10-11 16:51:42.840943] Scanning block 70146051
[2025-10-11 16:51:44.275129] Fetched 4 transactions from block 70146051
[2025-10-11 16:51:44.380127] Transaction 0x0f3045482006aefe234644b2e54e0a4ae6e43d7353f745131a22c0a3c4dc97e7 skipped due to low value: 139.0 AVAX
[2025-10-11 16:51:44.486808] Transaction 0xc0c22e9ed5fad428762d3b2cb647bbd5983d9e766ad9bf6e250ffbef0782c192 skipped due to low value: 0.0 AVAX
[2025-10-11 16:51:44.596522] Transaction 0xb495f777bb383b9d03e84a97867e902c69a025f725646a9914e8f2f950d841df skipped due to low value: 0.0 AVAX
[2025-10-11 16:51:44.710594] Transaction 0xb0deea98d7651b23ddd72222f070b0cf3dc76a6e1cf8caca30d2159c05cc49fb skipped due to low value: 0.0 AVAX
[2025-10-11 16:51:44.815726] Scanning block 70146050
2025-10-11 23:51:45,118 - ERROR - API returned error for block 64269047: {'status': '0', 'message': 'NOTOK', 'result': 'Free API access is temporarily unavailable due to unusually high network activity. To maintain uninterrupted service, we recommend upgrading to a paid plan: https://etherscan.io/apis'}
2025-10-11 23:51:45,118 - ERROR - Error processing block 64269047: API error: Unknown error
[2025-10-11 16:51:46.279702] Fetched 5 transactions from block 70146050
[2025-10-11 16:51:46.384697] Transaction 0xdb171772dc8f1f09eeeddc43ff37e2f8b370fecf31bfc966ef855e1b3ef48c7d skipped due to low value: 0.0 AVAX
[2025-10-11 16:51:46.490652] Transaction 0x9f748993aaf9f7c2cc306e4539df10bcaac676a4a445f588a8d674eee67a0838 skipped due to low value: 0.010964912280701754 AVAX
[2025-10-11 16:51:46.598242] Transaction 0xdac4342774e1f7b3f9166f393588c3dfc18a6ce4a460ba90c1b09df24839c116 skipped due to low value: 0.0 AVAX
[2025-10-11 16:51:46.709732] Transaction 0x3a878a78135fadeb70d0ae87fd21069affe1ebb19a3d2e04c51a11139fcfbecd skipped due to low value: 422.4299140801166 AVAX
[2025-10-11 16:51:46.816324] Transaction 0xb7905dd2d020eab0d1d478eff50eb3521e32508d136238e919fbc548486a9dc5 skipped due to low value: 0.0 AVAX
[2025-10-11 16:51:46.927180] Scanning block 70146049
2025-10-11 23:51:48,530 - ERROR - API returned error for block 64269045: {'status': '0', 'message': 'NOTOK', 'result': 'Free API access is temporarily unavailable due to unusually high network activity. To maintain uninterrupted service, we recommend upgrading to a paid plan: https://etherscan.io/apis'}
2025-10-11 23:51:48,530 - ERROR - Error processing block 64269045: API error: Unknown error
[2025-10-11 16:51:48.528252] Fetched 9 transactions from block 70146049
[2025-10-11 16:51:48.640611] Transaction 0x751e3a5cb0903389fc1ba5929d5b6bd992daec5c456e01dd21f46c94c1b1abc1 skipped due to low value: 0.0 AVAX
[2025-10-11 16:51:48.748572] Transaction 0x81fdcf829ce2caca51a2e920731232d9612f1e2b83d1e236d121bd13de243ad0 skipped due to low value: 0.0 AVAX
[2025-10-11 16:51:48.853103] Transaction 0xf464a6c0cbcb2e13629938e851c0c25f69ae39042f83ce2797ba802f682e2cb7 skipped due to low value: 0.046 AVAX
[2025-10-11 16:51:48.957097] Transaction 0x6aa6788a80e287722b43929b28d69b8b9489a6a6648021df1e4801278aa0f943 skipped due to low value: 0.00833834437 AVAX
[2025-10-11 16:51:49.063100] Transaction 0x14a9bd0d94b1da20660ee598b1e4e906d5ec81b3686679bad1b7ab163d08edd5 skipped due to low value: 0.0 AVAX
[2025-10-11 16:51:49.169102] Transaction 0xc65eaafec6807a3da98afdcc9d91d9ada84e27df358c61ef8f39709d4fc67540 skipped due to low value: 0.0 AVAX
[2025-10-11 16:51:49.331101] Transaction 0x1fc9c795148522041fbd44afff6c303a7998bf55fe051b28b3253d02f149ba7f skipped due to low value: 0.0 AVAX
[2025-10-11 16:51:49.478100] Transaction 0xd35f8f7d6351af529d13e22067fc2f2070b761c4c5e0cb87374399d51463ee67 skipped due to low value: 0.0 AVAX
[2025-10-11 16:51:49.608104] Transaction 0x49776f610a10d84640efebcf7d93db42cf0a98c41a37d39b966d3c28e617654f skipped due to low value: 0.0 AVAX
[2025-10-11 16:51:49.732780] Scanning block 70146048
2025-10-11 23:51:50,393 - ERROR - API returned error for block 64269044: {'status': '0', 'message': 'NOTOK', 'result': 'Free API access is temporarily unavailable due to unusually high network activity. To maintain uninterrupted service, we recommend upgrading to a paid plan: https://etherscan.io/apis'}
2025-10-11 23:51:50,393 - ERROR - Error processing block 64269044: API error: Unknown error
[2025-10-11 16:51:51.136613] Fetched 10 transactions from block 70146048
[2025-10-11 16:51:51.243610] Transaction 0xf47ddab9ed656094e24000711133dbd514830ee268cf3e92848c7f584094b892 skipped due to low value: 0.0 AVAX
[2025-10-11 16:51:51.347614] Transaction 0x9e00afd7bfc3b9e1096740335d43c61806a172ea91966eeb2f40d9c1d1888c74 skipped due to low value: 0.0 AVAX
[2025-10-11 16:51:52.192238] Transaction 0x5d7750eea07e306c2642e40f0d3c921363368229fb6987f7a72f1d4aff138c95 skipped due to low value: 0.0 AVAX
[2025-10-11 16:51:52.323236] Transaction 0x4f751660b4ef1542830da593ed88cf28116a202ade7274f6225790d92b376c71 skipped due to low value: 101.99067632122666 AVAX
[2025-10-11 16:51:52.452238] Transaction 0xd8e82d43de4dddfc62ed22db68a53807e74977b84ba18be65b1fd71b13de2fd4 skipped due to low value: 0.0 AVAX
[2025-10-11 16:51:52.610232] Transaction 0x20507fe47826720fd733d2f6753f426a0d635912bab4f0c59274e5e332355baf skipped due to low value: 0.0 AVAX
[2025-10-11 16:51:52.735236] Transaction 0x3e82e5d9db9a6853caba10590d71877f86a3bc130c07d096d36282e01b534551 skipped due to low value: 0.0 AVAX
[2025-10-11 16:51:52.867235] Transaction 0xd1e78227ff241d757d89af3e4a5fb8a3f2d54105ea9c8395881b2105a1cc9e96 skipped due to low value: 0.0 AVAX
[2025-10-11 16:51:52.987235] Transaction 0xca852a902b88494c35c2e21e8dffc8cb0a44fa311ef90af759e6a778daeef2f2 skipped due to low value: 0.0 AVAX
[2025-10-11 16:51:53.123236] Transaction 0xc47307381e8847f2a4683ebd859d1a088e7cd385bc4949c8e2b875dc6d983693 skipped due to low value: 0.0 AVAX
[2025-10-11 16:51:53.292237] Scanning block 70146047
[2025-10-11 16:51:55.142849] Fetched 7 transactions from block 70146047
[2025-10-11 16:51:55.273842] Transaction 0x681657bb1d75e88a0b50ade9b83f13e76f4aec1636d05fdd3b5b30357bc90ef0 skipped due to low value: 0.0 AVAX
[2025-10-11 16:51:55.411846] Transaction 0xb91ed9bfbcb63c66408a4283f2384da24b4d320ca216c49652e23c3357347c00 skipped due to low value: 0.0 AVAX
[2025-10-11 16:51:55.529849] Transaction 0x15e42cf548dcf42aedbd25d176f097ae01505726595b870d3b5d3bb8d8574b01 skipped due to low value: 0.0 AVAX
[2025-10-11 16:51:55.652366] Transaction 0x80623b63ede0765018c346560024bf72da50817597c5e82ae8ffd812c75d4681 skipped due to low value: 3.0 AVAX
[2025-10-11 16:51:55.783367] Transaction 0x31f5559b9be14be57be231d40bc4d18c09ad3f4dd37f001ae5324e6dd45567df skipped due to low value: 0.0 AVAX
[2025-10-11 16:51:55.908365] Transaction 0x724be7dec3ece19dc694fd9b85177ef0138403c36c5403eaf03ba0a7cc7b121e skipped due to low value: 0.0 AVAX
[2025-10-11 16:51:56.029361] Transaction 0x443c312ac81e5088bfa280a4a1027f48f5d885402b5a4965c9c55007d1677bd6 skipped due to low value: 0.0 AVAX
[2025-10-11 16:51:56.159891] Scanning block 70146046
[2025-10-11 16:51:57.934970] Fetched 9 transactions from block 70146046
[2025-10-11 16:51:58.063971] Transaction 0x0b144536738994596791b4513463e54a7a4e972ff7a8f6957695ae930ec54f9d skipped due to low value: 0.0 AVAX
[2025-10-11 16:51:58.179970] Transaction 0xfae5ff93a494363e41f5ac9875d568ce01b6682932b07cd291ce038d88620f18 skipped due to low value: 0.0 AVAX
[2025-10-11 16:51:58.311969] Transaction 0x044f0fbc4bc570ad158dd0d04d8908aad07e1a010e65f2355864f75063e41818 skipped due to low value: 0.0 AVAX
[2025-10-11 16:51:58.428972] Transaction 0x351d28da48ef2d12bd5bd8e1d39b0c0edcd1ca8da5addb291f74f4af158ba831 skipped due to low value: 0.0 AVAX
[2025-10-11 16:51:58.554970] Transaction 0xdd0285a02ee10cca1c9fae09c1b4c854ae4909d2ace58b3053cf176e547b7336 skipped due to low value: 0.00026761 AVAX
[2025-10-11 16:51:58.707974] Transaction 0x3d71570aef5ce06279d608c736dcbe0510311cb056932ab9be3bb584eb140289 skipped due to low value: 0.0 AVAX
[2025-10-11 16:51:58.896082] Transaction 0x2d5e434667af7b9b3cce3dbb47c03057d2a2a134ea4ae1e070a4b3f5afc1d4b4 skipped due to low value: 0.0 AVAX
[2025-10-11 16:51:59.001095] Transaction 0x152db3a0c820f61c2ab72b7a17f9159584ed23f282da7df51772174278d024e7 skipped due to low value: 0.0 AVAX
[2025-10-11 16:51:59.121094] Transaction 0x5414e89b6f7d1090a77d4fdb5f7063495296dfb5cc1de6a8c879d8be7b9f3050 skipped due to low value: 40.28426138780887 AVAX
[2025-10-11 16:51:59.264098] Scanning block 70146045
[2025-10-11 16:52:01.249628] Fetched 6 transactions from block 70146045
[2025-10-11 16:52:01.374611] Transaction 0x4819e80a6de09a1e6e785f0522a47f14b11bfee651108136aaf1844481feda1e skipped due to low value: 0.0 AVAX
[2025-10-11 16:52:01.486612] Transaction 0xaef9fa30a46bdfb13b34fafd38a3953d312f42559d758e8b973d6051ea353118 skipped due to low value: 9.2 AVAX
[2025-10-11 16:52:01.620615] Transaction 0x1c5c5d58063e12f30c73919a23b3fd516a69ad4691ca08385c9b2a6d5baca32d skipped due to low value: 3.0 AVAX
[2025-10-11 16:52:01.755136] Transaction 0x2daedc6444ba31bc63cffcc191ae69e9ead45ebaf3007b50b826484fc0e73bdf skipped due to low value: 0.0 AVAX
[2025-10-11 16:52:01.886134] Transaction 0x98a4e2a339b0c0454684a4104fc75734caff8cfc2c2c4702edc546ef7daba5a1 skipped due to low value: 0.0 AVAX
[2025-10-11 16:52:02.024134] Transaction 0x7feb2397656f43fb4665214ed0e77b812c7a99abc4ddead7b754c70fe46d4f41 skipped due to low value: 0.0 AVAX
[2025-10-11 16:52:02.144138] Scanning block 70146044
[2025-10-11 16:52:03.563229] Fetched 5 transactions from block 70146044
[2025-10-11 16:52:03.677900] Transaction 0x07079805c628c52c97fc63aa92490ccc3f1241966fe4c4ef9efc404d871052a0 skipped due to low value: 0.0 AVAX
[2025-10-11 16:52:03.790790] Transaction 0xb0e51d1aff5ae10cc1f6bed03f4c6a4b1bcb1d802094a00dd421f2e00dd40b52 skipped due to low value: 0.0 AVAX
[2025-10-11 16:52:03.903763] Transaction 0xbae9f1ed1ad7708c18209bdf7e756a3da6a29c7ce0c63338c117e9f66fe4b0e9 skipped due to low value: 0.0 AVAX
[2025-10-11 16:52:04.014763] Transaction 0x10d1c247f7a69a879c8ec33848d636e58d90bdcc8040602c556f81ec9edcc223 skipped due to low value: 0.0 AVAX
[2025-10-11 16:52:04.127762] Transaction 0xef0ccb35699c21faa63105da87c03c4d2d7d3c8a25e5725161966205d0889e02 skipped due to low value: 0.0 AVAX
[2025-10-11 16:52:04.239113] Scanning block 70146043
2025-10-11 23:52:04,706 - ERROR - Error processing block 64269042: HTTPSConnectionPool(host='api.etherscan.io', port=443): Read timed out. (read timeout=10)
[2025-10-11 16:52:05.701787] Fetched 6 transactions from block 70146043
[2025-10-11 16:52:05.814106] Transaction 0x57137529951dc0f1c7d7023dc4a205c5d18fa534429b0a88c262f125ccaba8cd skipped due to low value: 0.0 AVAX
[2025-10-11 16:52:05.924708] Transaction 0x36bfebfa0ea6128108a72790b45a08f4d8220da80caaee83deda34a3b4745092 skipped due to low value: 0.046 AVAX
[2025-10-11 16:52:06.035712] Transaction 0xa69279a084b1d86ca91214088c9d8f06c5f1067365d7805ca27c287fdbb4f0e2 skipped due to low value: 1e-05 AVAX
[2025-10-11 16:52:06.146755] Transaction 0xe29324a9ed41b02ce332b066ab7a7598d39872b2161c3a6bead26a8b74acf5df skipped due to low value: 0.0 AVAX
[2025-10-11 16:52:06.259614] Transaction 0x36e73f0dd9314f665d727f566059b0b4a644eb498ee0fe3cb3519171304bbefd skipped due to low value: 0.0 AVAX
[2025-10-11 16:52:06.374260] Transaction 0xcacf907b8e455bf6044afeb5b34937a2611a9d3b2c3e3fc27ec1128f61aa59bb skipped due to low value: 0.0 AVAX
[2025-10-11 16:52:06.486018] Scanning block 70146042
[2025-10-11 16:52:08.147650] Fetched 8 transactions from block 70146042
[2025-10-11 16:52:08.259650] Transaction 0x0c19b05b3b7959ffe17b94720f88d62194cfec48358c5eac3698ebc602e848bb skipped due to low value: 0.0 AVAX
[2025-10-11 16:52:08.370979] Transaction 0xe247602aa07a409e58bd7549961d15751dd27d529bdc349a53fb883e1da336ce skipped due to low value: 0.0 AVAX
[2025-10-11 16:52:08.482797] Transaction 0xc8953a2aad3ec577b06e12cd7613b766fc92037dc47fa4a497f1c788009a7ec3 skipped due to low value: 0.0 AVAX
[2025-10-11 16:52:08.594221] Transaction 0x69efece0c2c9500187aec2ee211621f0bdd7dbc51f234df27a85318ec98d443f skipped due to low value: 0.0 AVAX
[2025-10-11 16:52:08.706220] Transaction 0x3b55756d80d28a17e5f255ed7c0eba4e9d96d3cf858056205c35c2413fab7e0f skipped due to low value: 1e-07 AVAX
[2025-10-11 16:52:08.817791] Transaction 0x8ba5a8ec6c67399d6bd208121da3bc69113a1c76022dc8815fcaf9bb5295f287 skipped due to low value: 0.0 AVAX
[2025-10-11 16:52:08.929794] Transaction 0x6b8f5bf7c876bffca9969bd40e525f2ccb93da3d6de0edc9610990d4c208f1a7 skipped due to low value: 0.0 AVAX
[2025-10-11 16:52:09.040812] Transaction 0x77156ece0464fc480abee54ad121a6753d682c57025bba3934d2360e5fc3443a skipped due to low value: 0.0 AVAX
[2025-10-11 16:52:09.264798] Saved last scanned block: 70146141
[2025-10-11 16:52:09.515797] Whale history updated.
2025-10-11 23:52:14,966 - INFO - Block scan completed and history updated.
[2025-10-11 16:56:34.767398] AVAX whale alert module imported
[2025-10-11 16:56:34.859397] Starting AVAX whale background scanner thread...
[2025-10-11 16:56:34.953396] Starting AVAX whale alert scan loop.
tarted successfully
[2025-10-11 16:56:37.347177] Latest block number fetched: 70146550
[2025-10-11 16:56:37.646175] Last scanned block: 70146141
[2025-10-11 16:56:37.844171] Scanning blocks from 70146550 to 70146451
[2025-10-11 16:56:38.181171] Loaded whale history with 1 transactions
[2025-10-11 16:56:38.293920] Scanning block 70146550
[2025-10-11 16:56:40.008148] Transaction 0xab6dbb84ce7144e68bae79bda4ad9bddced8628bc474a4be997f88b78841c05b skipped due to low value: 0.0 AVAX
[2025-10-11 16:56:40.119149] Transaction 0xa3f4bde90efc5d5b50a1b41002bb5df13373cdfa29cee732ec7694032e0dac0e skipped due to low value: 0.0 AVAX
[2025-10-11 16:56:40.230151] Transaction 0xb40dd1d1c7b5bb67aa1dc3e1fc4a32c95bd0c3de40e4ef6a3a8f71bda529256a skipped due to low value: 0.0 AVAX
[2025-10-11 16:56:40.340674] Transaction 0x2cbc6b0c9283e1f5db5fd3b0478ad7f0d0f0cdef0559667b39611d35a50cce50 skipped due to low value: 0.0 AVAX
[2025-10-11 16:56:40.462676] Transaction 0x4167ba71e2f7891ba63a324ff499632dc4acb203590509ea33ef2ae8c6d5ac66 skipped due to low value: 0.0 AVAX
[2025-10-11 16:56:40.804227] Transaction 0x3a84e47c8c39d8f9ed4a77f1d06bf4ffc3c9ba881b098caf162d5543700c9a68 skipped due to low value: 0.0 AVAX
[2025-10-11 16:56:41.273225] Transaction 0x53161d8034696d78e621280310f5916692bd429f409f3474246d5dab121fa1c3 skipped due to low value: 19.32665 AVAX
[2025-10-11 16:56:41.586225] Transaction 0x02b6a44436e991c1709021bda71e0821a236f43134e13cda31860f880ae3905e skipped due to low value: 0.0 AVAX
[2025-10-11 16:56:41.704224] Transaction 0x835dfee06095075addf61d2bcaca1d2fff9a8eb07989b36a7757886ce17362fc skipped due to low value: 0.0 AVAX
[2025-10-11 16:56:42.119225] Scanning block 70146549
[2025-10-11 16:56:44.688533] Transaction 0xc351147b8a89b12559639b616ac71339e22219fe05e21fcbfdbf9770eeab0ba9 skipped due to low value: 0.0 AVAX
[2025-10-11 16:56:44.811537] Transaction 0x2d00c4fef4149775468d6f6aa0d8727672b33aa854e4f0171748860f7d9439b6 skipped due to low value: 0.0 AVAX
[2025-10-11 16:56:44.915533] Transaction 0xa3d0f5e6bfe623858b640f7f76d42e45682b3e50aa1b6c04059583ac28f299c1 skipped due to low value: 0.0 AVAX
[2025-10-11 16:56:45.032536] Transaction 0x15b0371e1d956ba738a927e4e7b224706c8d340ff4835ee39e8934b973a55d1d skipped due to low value: 0.0 AVAX
[2025-10-11 16:56:45.145849] Transaction 0xae4861dea1eee6f3713cfaf456bd35b96ed6fb75e0f79e420cbb10ea54823c4a skipped due to low value: 0.0 AVAX
[2025-10-11 16:56:45.243574] Transaction 0xa929cb43806816a31c6bdff11ec9cf9f0a633b30589baf8bd832ef528a04d5f0 skipped due to low value: 0.0 AVAX
[2025-10-11 16:56:45.347574] Transaction 0xfaea81590889486853897f93d244074355d5f676b23d5c98eb121b2cbbf086ef skipped due to low value: 0.0 AVAX
[2025-10-11 16:56:45.455575] Scanning block 70146548
[2025-10-11 16:56:47.219124] Transaction 0xc655e0643b42c6edc5293bba916384cc663d991fd72f0bf517f00bd82e4a0eec skipped due to low value: 0.0 AVAX
[2025-10-11 16:56:47.339474] Transaction 0xe191b884d133c8295e38ba40e3e82e4fa359b597390de19d81f57c0d1061fe59 skipped due to low value: 0.0 AVAX
[2025-10-11 16:56:47.452034] Transaction 0xa0c6fac424dae5cb24f75701073577d207a0386a2ca8ec41fa7fda2b5a33160d skipped due to low value: 0.0 AVAX
[2025-10-11 16:56:47.566036] Transaction 0x726d2f8398644b894cef9fe10f55cbe485512936968894b96fb3f13e0f6f7939 skipped due to low value: 0.0 AVAX
[2025-10-11 16:56:47.670038] Transaction 0xf50ecc9dc3f10d4e5ca32a1ed88d71c1c861f062ccb35280bffe102248173f2a skipped due to low value: 0.0 AVAX
[2025-10-11 16:56:47.778039] Transaction 0x2d036e0abb5384806f99af1154287b2dbd2090c16cfa489d959220e55117c023 skipped due to low value: 0.0 AVAX
[2025-10-11 16:56:47.941034] Transaction 0xbcc775baefa1dba852c81e93cefb55c166c59598d8f6bf12a03b7075a81c2575 skipped due to low value: 0.0 AVAX
[2025-10-11 16:56:48.043034] Transaction 0x1ba586fa73a2225c85b637b5210a853fd73c42fbadf41ca150dbbbc4e2fce986 skipped due to low value: 0.0 AVAX
[2025-10-11 16:56:48.151035] Transaction 0x51992eb7491f3d7c9e7974efc2ad3400e20ffb8a6c7c5894fefc571539bf9555 skipped due to low value: 0.0 AVAX
[2025-10-11 16:56:48.256561] Transaction 0x035bd92bca263aa536645235f1d21282d6e2a8e1eb2145d88a4f50f92510df93 skipped due to low value: 0.0 AVAX
[2025-10-11 16:56:48.364557] Transaction 0xc915c973feb8b8b13dc9dbda8183d0e5e21751900ec1feab4c819acf8ecc75eb skipped due to low value: 0.012644402149555796 AVAX
[2025-10-11 16:56:48.468556] Scanning block 70146547
[2025-10-11 16:56:50.552606] Transaction 0xa75a0594a7f2b7ffbaa9e0f102a8d3dacd47de7a0e0b979239bec90a2ce77993 skipped due to low value: 0.0 AVAX
[2025-10-11 16:56:50.653607] Transaction 0x36ec3f9cb71476489aaeecc23da4824bf2d40e7bb145f9af1864c01e4ac376a8 skipped due to low value: 0.0 AVAX
[2025-10-11 16:56:50.763609] Transaction 0xc76f93fd79a21bf288641e10eac498dc6300db44ecef309527dd572922f7f6f2 skipped due to low value: 0.0 AVAX
[2025-10-11 16:56:50.982609] Transaction 0xba4b393071fead099a1ae2147e4e70593aafeeaa169423b3ab5f21623c94e4dd skipped due to low value: 40.1435745668634 AVAX
[2025-10-11 16:56:51.096609] Transaction 0x963532180450b2d7613e7f48c5fc0876c56943071def29b6d4a3a26baef27e36 skipped due to low value: 0.0 AVAX
[2025-10-11 16:56:51.238610] Transaction 0xd3a136cdf48cd05bb338de859bce7608da4d5ea80c08093678acb69f7883633f skipped due to low value: 0.0 AVAX
[2025-10-11 16:56:51.346130] Transaction 0x69acb956ec121c6ab25b36ca57f5e24d1a70045838eba7262a4e7f495f0f45f4 skipped due to low value: 0.0 AVAX
[2025-10-11 16:56:51.437132] Transaction 0xdb813d7868b30592dade980bdc3db082fbabdd2f676653a7c23c3c7dc2482521 skipped due to low value: 0.0 AVAX
[2025-10-11 16:56:51.526132] Transaction 0xeb1d1181689bc0d70c33f8738f5d16a5f177a224f550a4665e1007e189b232da skipped due to low value: 0.0 AVAX
[2025-10-11 16:56:51.617132] Transaction 0x26c48a649a2d25155f4680c238c4954d7219a0cacc41d22911530d28575ede23 skipped due to low value: 1749.999973086716 AVAX
[2025-10-11 16:56:51.713129] Transaction 0x8c3c102132a68fc8a24a593266cb906bea7c46db4e6df1f0c86eeba319aef778 skipped due to low value: 100.0 AVAX
[2025-10-11 16:56:51.803130] Scanning block 70146546
[2025-10-11 16:56:54.564956] Transaction 0x0f3e5fcb12810dd818b8b282925314a058dddf42f540cad51e38f1e6562ce816 skipped due to low value: 0.005166 AVAX
[2025-10-11 16:56:54.719959] Transaction 0x1a364acf9a2a9e3d91aa2ed6d2d41ec561b51a5605bb761a2a597e59bb417d75 skipped due to low value: 0.0 AVAX
[2025-10-11 16:56:54.851952] Transaction 0x3b6a8fb57ebc1cf9ebafa967bfc2356528ea93cf010432dd284882b4d3e245da skipped due to low value: 0.0 AVAX
[2025-10-11 16:56:54.977958] Transaction 0xbc002b2e7d78c881fa0ea77104a638b700b80f8450ffdee8661b96a6928e705c skipped due to low value: 0.0 AVAX
[2025-10-11 16:56:55.146960] Transaction 0x6a732f391d81e16095b291e74771485171406c0b3926695a8bf19cee684cd351 skipped due to low value: 0.0 AVAX
[2025-10-11 16:56:55.289958] Transaction 0x45357c06fc2fdef22807db20721c3c082c3bb59aa8c8bf7b9e7498e9168aaf42 skipped due to low value: 0.0 AVAX
[2025-10-11 16:56:55.432963] Transaction 0xe994b039567701efab805f312d7fd3a4e85af8f3b006318d91f222107d5eb311 skipped due to low value: 0.0 AVAX
[2025-10-11 16:56:55.600956] Transaction 0x8b5faddd6dc3fce4f3f09766ceb13d3c708b680ff5b711399fd1852f6d7ebd6b skipped due to low value: 0.0 AVAX
[2025-10-11 16:56:55.732956] Transaction 0x2b47e0b1d898de1fca1d93983d3c780f881602eb07e23eab17b4a3d30cd1bd2c skipped due to low value: 0.0 AVAX
[2025-10-11 16:56:55.853955] Transaction 0x04fdd50b1122541b12ddbe1f3d8a8069e06cff83360c137a0d236b58aa3e62fc skipped due to low value: 0.0 AVAX
[2025-10-11 16:56:55.982958] Transaction 0x6398bbc14e76b2c4dda5875569dd7b0627fb7851b03f6ff04d875c8c9586fa3f skipped due to low value: 0.0 AVAX
[2025-10-11 16:56:56.111956] Transaction 0x21e2a16896eb20849081b019037e5f5fba73d1e8a9f3e247db39f5571135b983 skipped due to low value: 0.0 AVAX
[2025-10-11 16:56:56.254954] Transaction 0xced67fbe1b79d746b4007da93f25e1059377ea07c12e78fcc8f3a8441acac553 skipped due to low value: 0.0 AVAX
[2025-10-11 16:56:56.402350] Transaction 0x17da5c76f313eacd78203db551c4f26383fb677b09edf8854971687ba7d57326 skipped due to low value: 0.0 AVAX
[2025-10-11 16:56:56.552085] Transaction 0xb67e2e3c00703e8d74f4893299891bff89f43d2485458f45e2546baf6649de3a skipped due to low value: 0.0 AVAX
[2025-10-11 16:56:56.677090] Transaction 0x8c2487698c715927e49c4d89ae248ad5695d6a51f076a9d60cda90aff3bce328 skipped due to low value: 0.27595150528847523 AVAX
[2025-10-11 16:56:56.813088] Transaction 0x552d9dc2400ebd55e95e68ed98af352607efdafc18f9807db140e231f739216b skipped due to low value: 0.0 AVAX
[2025-10-11 16:56:56.943084] Transaction 0x04d21b508820a33a740b8e8ed9b16e20364972c0a92b8c7dbe56010349473070 skipped due to low value: 0.0 AVAX
[2025-10-11 16:56:57.065083] Transaction 0xc6555c0a66ec7e8184a14b7d502956183155db326f4578aef572556194e568d5 skipped due to low value: 0.0 AVAX
[2025-10-11 16:56:57.341087] Transaction 0xaa8b46d2593c68d216bbee33feac1e5b630630135e1c31c3ea3e2fd152eccbac skipped due to low value: 0.0 AVAX
[2025-10-11 16:56:57.483087] Transaction 0xfd8cdcd813d4980377c02c2a69389a40b3d2a4b26add02cba25178c373ff2640 skipped due to low value: 0.0 AVAX
[2025-10-11 16:56:57.633084] Transaction 0xaba76340fb45daaab744f0dd4efa1230ae57071852dc030f706fb3b3fe23d963 skipped due to low value: 0.0 AVAX
[2025-10-11 16:56:57.767087] Transaction 0xae025ff4c9a964fb8ea4b31d3e3bee75fd8c00de8fb967b237f4dc112c2df25d skipped due to low value: 0.0 AVAX
[2025-10-11 16:56:58.139083] Transaction 0x4aa9fdfd4ab673d847009374c3c9e6b135a180814bfd718063c4e2789134bb3a skipped due to low value: 0.0 AVAX
[2025-10-11 16:56:58.572090] Scanning block 70146545
[2025-10-11 16:57:00.331302] Transaction 0xb2a696624f9a624d55152eba8a98408cd46326db8c7d01f05d9f41903e4cec6a skipped due to low value: 0.0 AVAX
[2025-10-11 16:57:00.470826] Transaction 0x4ab3c45aacd40ffd247bb823c0271b0a82a00eb3a8b694f2fde367ed6872d202 skipped due to low value: 0.0 AVAX
[2025-10-11 16:57:00.596345] Transaction 0x5c8f84617dec9ff0e6ef686791f1fd12757c060837e2f5cd850ca6cf8055efad skipped due to low value: 0.0 AVAX
[2025-10-11 16:57:00.721349] Transaction 0x7d926b9ea2d9f55fd7095a9df6a4c155c7bf1e100928bc487a11cba687e563d6 skipped due to low value: 0.0 AVAX
[2025-10-11 16:57:00.844349] Transaction 0x5e9c6465eda00e63d9148d88587b22e8e518ded019e49bd0b116fe2ceb68d7b4 skipped due to low value: 0.0 AVAX
[2025-10-11 16:57:01.211151] Transaction 0x988d30881bbc52e6d0ae25212c64965495b40b28976bb340c474d2a9c1e2fa21 skipped due to low value: 0.0 AVAX
[2025-10-11 16:57:01.618153] Transaction 0x94896d982b1479daa12705b4cf4844ab5702726e56f3a530dea156e2d4ca6059 skipped due to low value: 0.0 AVAX
[2025-10-11 16:57:01.818152] Transaction 0x3aab099a0f914b02e37f933f057a7e5ba42235f14a19ae2d3a55d55243745b8a skipped due to low value: 0.0 AVAX
[2025-10-11 16:57:02.020155] Transaction 0x26df856ca20e1b8ac521686ba30a2640a5c32af0f095107222826ed3827081dd skipped due to low value: 0.0 AVAX
[2025-10-11 16:57:02.167162] Transaction 0xd1b9b0f3ed2cfb6a6651ee720f1ee1003a62041132988f1180f58634b62f4274 skipped due to low value: 0.0 AVAX
[2025-10-11 16:57:02.370155] Transaction 0xfca24c2068168eda7ab4e5ee375951c523d9388662002c0c0f5266407d6d69da skipped due to low value: 0.0 AVAX
[2025-10-11 16:57:02.508161] Transaction 0x60d5713cccfa0d12612ea3ad722ab2278d28080bad8af0aa181f9dd9f14b2a50 skipped due to low value: 0.0 AVAX
[2025-10-11 16:57:02.710170] Transaction 0x0cc57c427e5ef355ce760e3700dea2436f119a109c48b1123286e79fdfac5556 skipped due to low value: 0.0 AVAX
[2025-10-11 16:57:02.934171] Transaction 0x37f0d47da42122004da58ed91c11de2c5b1e09234a9d78ca078bd6803023daad skipped due to low value: 0.0 AVAX
[2025-10-11 16:57:03.077173] Transaction 0x6ec800538e4756e3b4e143f8fac60ef386008450b26f1720112e92744326c3bb skipped due to low value: 0.0 AVAX
[2025-10-11 16:57:03.233950] Transaction 0x1d057009a3c3f43500b8282b426df39ae3cec35be148ddc22e62f2013b0783e7 skipped due to low value: 0.0 AVAX
[2025-10-11 16:57:03.620948] Transaction 0x178a340a6418a780c00de24c43e8d5c0cc9b8305d571b760b89efaf530f32ba9 skipped due to low value: 0.0 AVAX
[2025-10-11 16:57:03.787949] Transaction 0x353f21812cb1ce7a02734e19dcae5c008b820444583417f662bb3a89a95fd27e skipped due to low value: 0.0 AVAX
[2025-10-11 16:57:04.128949] Transaction 0x9c145a39c090c0025ce67a16b12472fee8b0a11b181b146bf69f6bc4bf653068 skipped due to low value: 0.0 AVAX
[2025-10-11 16:57:04.325969] Transaction 0xece595a311985394eaff1456a083ed42d9fb5ceed47e371680d3c4eea52b0f91 skipped due to low value: 0.0 AVAX
[2025-10-11 16:57:04.481952] Transaction 0x700223bf231d54c9c60cb07758666465717ac2a6f0a4cb333414dfcdb2ba5fa3 skipped due to low value: 0.0 AVAX
[2025-10-11 16:57:04.639955] Transaction 0xe0f8705140cb140ed6eacd11c391aa7af0f55cd3fcb721ef8ee06b2731f83957 skipped due to low value: 0.0 AVAX
[2025-10-11 16:57:04.770951] Transaction 0x6b0d1cbfbeae7c60b482af1a10bece7f21b6b594f96ad215e9bb406b51117f6d skipped due to low value: 0.0 AVAX
[2025-10-11 16:57:04.978949] Scanning block 70146544
[2025-10-11 16:57:06.981881] Transaction 0xf0d0b3db47fb9f5c63c6c330e30dd6733dfff2f59597545e089e6c75a30c80a5 skipped due to low value: 0.0 AVAX
[2025-10-11 16:57:07.134875] Transaction 0x09c12aba95b3143b6b2f4c442b35c5e9b94a04dd7ad28ae867eaa92fcd477d50 skipped due to low value: 0.0 AVAX
[2025-10-11 16:57:07.316872] Transaction 0xeab68efae8ce651daf5687b2f618b8cca9a1e4146991fb4034cdaac06a160be2 skipped due to low value: 0.0 AVAX
[2025-10-11 16:57:07.560879] Transaction 0x9c0a49a1029221667149ef0421484d9551f171918f97d7cbef7453c8504974c2 skipped due to low value: 0.0 AVAX
[2025-10-11 16:57:07.711840] Transaction 0x9492e952c409aedeedff46ebed1136421c819d9ac845fc2bbe90aeb034404cb5 skipped due to low value: 0.006 AVAX
[2025-10-11 16:57:07.839843] Transaction 0xdcb9b3e50d03fb01254b8131cc6de87b7420733e5af3dfdef03486bd17cda939 skipped due to low value: 0.0 AVAX
[2025-10-11 16:57:07.982843] Transaction 0x6f2a6808e2cde93ed34ddca4a04fdc3d36ecb1c70f6f74308f218277cd2f641e skipped due to low value: 0.0 AVAX
[2025-10-11 16:57:08.122841] Transaction 0x4fc0fe9d9dacc4efdece109112b69c957034c7df540df468e47e82a2774ef854 skipped due to low value: 0.0 AVAX
[2025-10-11 16:57:08.288845] Transaction 0x56696f841c8e165bfda8d3d1db479f1c12f5beddb6db63435735c08fbce378ed skipped due to low value: 0.0 AVAX
[2025-10-11 16:57:08.648842] Transaction 0xef152abf81d70ae4973c376e9b1c78ba1e79759c4dd8865b248ee7738a69fd03 skipped due to low value: 0.0 AVAX
[2025-10-11 16:57:08.775844] Transaction 0x679c5e453aa9966b37885b3e2c450948545ffabd1ff17286499e9406630d474f skipped due to low value: 0.0 AVAX
[2025-10-11 16:57:08.903842] Transaction 0x833491db6ed180a94d211fd51bd79791e740afe5aa83df45b8cc24bc2fe35800 skipped due to low value: 0.0 AVAX
[2025-10-11 16:57:09.039845] Transaction 0x219a470ba62609c4e3c592980f85bd1e4d272c617b09741ac77f7e9c4e1e2814 skipped due to low value: 0.0 AVAX
[2025-10-11 16:57:09.178844] Transaction 0x39d1c615699deece080283ed38fc355374ad6ed8b7ac4d5fc5c31b3edaf06b54 skipped due to low value: 0.0 AVAX
[2025-10-11 16:57:09.341844] Transaction 0x313f2598bcd089eb7d4dfaf345da62a2ce047b1d9fc323bedfdc2ef33a28b234 skipped due to low value: 0.0 AVAX
[2025-10-11 16:57:09.483842] Transaction 0xb66c202f85e14640c7559b86bc43f6b8d09a61e2610245d9338a646a2bdd9124 skipped due to low value: 0.0 AVAX
[2025-10-11 16:57:09.649844] Transaction 0x95ab42ef118c36f96e2d1d72d803b4419cbdb6fe86b05ec7833b3fe1e2d2b385 skipped due to low value: 0.0 AVAX
[2025-10-11 16:57:09.793844] Transaction 0xa5bd82f7bb5d44c00a42290fe7ae3daf9ca51b148f01e8d3e0d03dfc96e47c66 skipped due to low value: 0.0 AVAX
[2025-10-11 16:57:09.947114] Transaction 0xbb8a88a440cc2dbd5f42eb317fff1494b0199a31fcda000e404cad4f346ee40d skipped due to low value: 0.0 AVAX
[2025-10-11 16:57:10.074667] Transaction 0x931556a7b5cf790fea30f0d77afe6bf6b01416bc6433a74886dfc21dc38c69a5 skipped due to low value: 0.0 AVAX
[2025-10-11 16:57:10.202671] Transaction 0x6f11c353361837890cae4f245693b0a4b3b9b618d99a6bef107be7b25e47dbd8 skipped due to low value: 0.0 AVAX
[2025-10-11 16:57:10.328668] Transaction 0xd2010813faa5b868c6eaabb30c0e7aff1d14001e240e8e81ef8e9001ea951745 skipped due to low value: 0.0 AVAX
[2025-10-11 16:57:10.459669] Transaction 0xbcb9a49a39247ae4a815448d12891bc5ad5710db1430a8ee9819eb284d35f8e5 skipped due to low value: 0.0 AVAX
[2025-10-11 16:57:10.717663] Transaction 0x9e0230392d3bc7a5ec57b370763cf2f1c0b465a7b2fd5a94423570e8670e816d skipped due to low value: 0.0 AVAX
[2025-10-11 16:57:10.940662] Transaction 0x4e6d41557ffde397d18e4d1c0c3f2847d6df5a1761df5e956692bccbe74b2ae0 skipped due to low value: 0.0 AVAX
[2025-10-11 16:57:11.098663] Transaction 0x274fce1735cbcf7c28058374f30511ad2be55d6c3d21cfb5780f00e8acb71ac3 skipped due to low value: 0.0 AVAX
[2025-10-11 16:57:11.239666] Transaction 0xf18156bb4aec0f3165d25615c2cea52b706986a8fa41e2bcfc0302f6022a049c skipped due to low value: 0.0 AVAX
[2025-10-11 16:57:11.400666] Transaction 0xb6a58077884456d0a9073fc7228396f83e49467d1fe153659faeaca509424ee3 skipped due to low value: 0.0 AVAX
[2025-10-11 16:57:11.541665] Transaction 0x4a9b55c0a67ea9cef43230d1f92665752f4cf388e38e98334be363996a4772a3 skipped due to low value: 0.0 AVAX
[2025-10-11 16:57:11.678664] Transaction 0x9a7f1e6a244af8f943708588b5332bbc20818c9980514090cc19c72f3c5f9c3d skipped due to low value: 0.0809 AVAX
[2025-10-11 16:57:11.827665] Scanning block 70146543
[2025-10-11 16:57:14.021718] Transaction 0xa734789075a855d3c0d3f94508cf2af4539e77939f18f8c42e4ae2b919876c04 skipped due to low value: 0.0 AVAX
[2025-10-11 16:57:14.129718] Transaction 0x35067d70983c85b770b254d96c7860e1c799e7289570637b56b1ae1b1246a307 skipped due to low value: 0.0 AVAX
[2025-10-11 16:57:14.240718] Transaction 0xe366b000fb1cb1e3a954492695ae45c332a202f0d695a76bfc0283b447274e54 skipped due to low value: 0.0 AVAX
[2025-10-11 16:57:14.350720] Transaction 0x76dc974c742563fe169b236ab166470a26e7ed16ee94df961d1993fd46b0dbc1 skipped due to low value: 0.0 AVAX
[2025-10-11 16:57:14.462350] Transaction 0xa2d2141c4867db01e34bd93c2f4db9000643b3aab1ef45d33c4364bedd4bd261 skipped due to low value: 0.0 AVAX
[2025-10-11 16:57:14.572352] Transaction 0xf9f343e89b2188e1f721c1cbc660690ed4447625bf53d2c83c91473fcac5a940 skipped due to low value: 0.0 AVAX
[2025-10-11 16:57:14.728369] Transaction 0x351a94ef0f4f19b2a07784a01452a84e571eba164589b5784bbce854b55fda61 skipped due to low value: 0.0 AVAX
[2025-10-11 16:57:14.837349] Transaction 0xa3b95899534d9f4d40e6bb27891dab1085ceb14c842ef8e952e2e6a9a113276f skipped due to low value: 0.0 AVAX
[2025-10-11 16:57:14.948356] Transaction 0x70eb244b6c0aa39fedd5f409a1f6d21adf6fdec4055d2f4bee2ad7608cbbdd1c skipped due to low value: 0.0 AVAX
[2025-10-11 16:57:15.059353] Transaction 0x222ce331c6aa888428a7b4ee83e30433339689210102a65a74be11e405130602 skipped due to low value: 0.0 AVAX
[2025-10-11 16:57:15.168354] Transaction 0xe59eb091f5466db5919be1532952de6440c4006da32856c6bda9bd343ad71ced skipped due to low value: 0.0 AVAX
[2025-10-11 16:57:15.276350] Transaction 0x099710ed63d571d11413b13e02f46ef7257a8611a9a8c2ed2bd1f472f6db4f2b skipped due to low value: 0.0 AVAX
[2025-10-11 16:57:15.384354] Transaction 0x093f08b5d8d0995ec9f0c496125fa364e8b17e0b21b54c42a039d628e3e221b9 skipped due to low value: 0.0 AVAX
[2025-10-11 16:57:15.492353] Transaction 0x928b097c21908cc94a26c42e220e45bc32fb46c2d1b8855b46f6a76aec86cccc skipped due to low value: 0.0 AVAX
[2025-10-11 16:57:15.602352] Transaction 0xde90198800985df3e49ccef62e939fbfae6f83ce1c4fc6f363df1430da5eecd2 skipped due to low value: 0.0 AVAX
[2025-10-11 16:57:15.711351] Transaction 0x926c1fad31511042c0c1921481d75159f92f779278a061b936e46038883a94ad skipped due to low value: 0.0 AVAX
[2025-10-11 16:57:15.821351] Transaction 0xf7b60032d8cd7a1568d0fe8bdd2c796d179bcf347e806bda105739f1bafb25e4 skipped due to low value: 0.0 AVAX
[2025-10-11 16:57:15.930350] Transaction 0x5e269cfd4babc5a8578212b1a77f3f7a1b306743e04f004e00f27b45013b1dbc skipped due to low value: 0.0 AVAX
[2025-10-11 16:57:16.039349] Transaction 0xf157ea76b81960b677864ae6f5fd7439ece260cb7a1492bec0f5abcb6260e1d8 skipped due to low value: 0.0 AVAX
[2025-10-11 16:57:16.183354] Transaction 0xf1c6ab25a43d72710eb4d1cfcd7281245147da2bf62b0e1ed6475f4385454f88 skipped due to low value: 0.0 AVAX
[2025-10-11 16:57:16.292975] Transaction 0xc09f02cf35317b57466969eb499f12187d631d1a4463775790c448550037f464 skipped due to low value: 0.0 AVAX
[2025-10-11 16:57:16.401977] Transaction 0x0959c241966ed857dc166a93a3803977a3c7c995159ac19f95eb0c9679af9a41 skipped due to low value: 0.0 AVAX
[2025-10-11 16:57:16.509977] Transaction 0xa7d6cb31fdf202df8ad55dd65ea0bb2ab5457b513beede6dc4d4f45f6234b490 skipped due to low value: 0.0 AVAX
[2025-10-11 16:57:16.620784] Transaction 0xdd6f2064039dc86ec757f61359f0613f22b11b7ed96bdf8e024d772407bca1e3 skipped due to low value: 0.0 AVAX
[2025-10-11 16:57:16.729219] Transaction 0x8c1cca706d8ea6f657bedf883560b40060c362f5cdd9711a7bd938e1fd49e84d skipped due to low value: 69.15555555555555 AVAX
[2025-10-11 16:57:16.839219] Transaction 0xc3c8a2a53b669b0f12454078778baa34ebb9376fb415a907e1f6cea0b0de0718 skipped due to low value: 0.0 AVAX
[2025-10-11 16:57:16.947218] Transaction 0xbb0152a8220541636b2b522bf30c577dbe1cc7f32371c01059f5612471b2fc71 skipped due to low value: 0.0 AVAX
[2025-10-11 16:57:17.066221] Transaction 0xd94888be78d97abfa37f20fa799151fa0e3458c5f7956a705f3419a08b515fb8 skipped due to low value: 0.209 AVAX
[2025-10-11 16:57:17.174239] Transaction 0x018672166fd7e82744a668e5fa3363d210553e621124afebb6e32f149808f0b1 skipped due to low value: 0.0 AVAX
[2025-10-11 16:57:17.282222] Transaction 0x4d71c7de85f747ea6f684d523540fc14e56cbec0684b9b56809b35325cdf89e4 skipped due to low value: 0.2718 AVAX
[2025-10-11 16:57:17.391222] Transaction 0xd50955ceadc0d856b26414fdc0d944dc6b0a28aa574f4bb80d7a24933151f56b skipped due to low value: 0.288 AVAX
[2025-10-11 16:57:17.643222] Transaction 0xefb86e01030e20b79c31df2fe6f18424aa154205e1b867b48531ee7d26ef3a6b skipped due to low value: 0.0 AVAX
[2025-10-11 16:57:17.755330] Transaction 0xe005e74716715b9799b36fd0c24abbd4b6f091abfd1432d76068d5ce9bd41e56 skipped due to low value: 0.2643 AVAX
[2025-10-11 16:57:17.871677] Transaction 0x8b9ab9514f6e4fa565de988ee486933eae33075f88a5de36001f72281169a863 skipped due to low value: 0.0 AVAX
[2025-10-11 16:57:18.027659] Transaction 0x6e7ca3b5caf13ab5f0ffe5636bd8689e3d09dbeef1284a026169388a75f24b1c skipped due to low value: 0.237 AVAX
[2025-10-11 16:57:18.136659] Transaction 0x337a54687661cc4aaa8214a1f932acdf3d14ca6e5179505d8fefbd5ac4b50abf skipped due to low value: 0.0 AVAX
[2025-10-11 16:57:18.245658] Scanning block 70146542
[2025-10-11 16:57:19.860031] Transaction 0x707b7ad2b41e431527e0aa91a6f26c4f1200a39b24632143a536983dedfe03af skipped due to low value: 0.0 AVAX
[2025-10-11 16:57:19.969553] Transaction 0x00603e589d6d9c3e2753ecd662c2ffb9060890512261f2c09440d24087b453da skipped due to low value: 0.0 AVAX
[2025-10-11 16:57:20.079554] Transaction 0x3315fca857f2d6ce1c7cdb289fcf1cea74b0bcc1b47170edf557140cba4d6361 skipped due to low value: 0.0 AVAX
[2025-10-11 16:57:20.188548] Transaction 0x5db2c0c25efb721a99aef8912b114e33907b9048e510da0bf8ac36dfc99fe860 skipped due to low value: 0.0 AVAX
[2025-10-11 16:57:20.298550] Transaction 0xd224a658a91bc428e9653b6b2a04b16de1138d7155019566dc09150eb34313ce skipped due to low value: 0.0 AVAX
[2025-10-11 16:57:20.407550] Transaction 0x9a89feba1c1d7f4c36e539500eff519aae86488f1f25517d2b5a2ab076ea41f3 skipped due to low value: 0.0 AVAX
[2025-10-11 16:57:20.516549] Transaction 0x0c8b0e5fd41d3855d36e3be1dac903b9694f7a44985f867125aa18899e2df9ca skipped due to low value: 0.0 AVAX
[2025-10-11 16:57:20.629548] Transaction 0xa24efc0edfdc59e636fb214092436b3e07b274ffd8f2fb64282dee5bf37c63c4 skipped due to low value: 0.0 AVAX
[2025-10-11 16:57:20.739549] Transaction 0x6c1806ff8941bccdd16df242af98a0ffa2f9f40d5478ceec30f2889c6da01794 skipped due to low value: 0.0 AVAX
[2025-10-11 16:57:20.902594] Transaction 0x589b7f19ccb5d1528e69ccafe6af939d737eeb26cf52c51a14d14964163c385c skipped due to low value: 0.0 AVAX
[2025-10-11 16:57:21.009599] Transaction 0x44219e48024cfb78f6f3b54beae0c3d02127df362f83bb98e728c469bb09a8c4 skipped due to low value: 0.0 AVAX
[2025-10-11 16:57:21.120117] Transaction 0xcfcefb0f209bd6c0d86ff76c8bb564e88462c2a8b47a983408bf9a9dedee9605 skipped due to low value: 0.0 AVAX
[2025-10-11 16:57:21.228064] Transaction 0x13a27ccbe35f7d101301e19bc2efd1567c569dab5e5b0accf92c02c85e1322e5 skipped due to low value: 0.0 AVAX
[2025-10-11 16:57:21.337060] Transaction 0xbc6b41ef3cbc0e7776e5138323d445e9d7bc1fbb07d792648fefa13ef8764265 skipped due to low value: 0.0 AVAX
[2025-10-11 16:57:21.446063] Transaction 0xdd4e26b6153e02a475a5700a0655921885f2fc64b493b303d12b089e7429d316 skipped due to low value: 0.0 AVAX
[2025-10-11 16:57:21.555061] Transaction 0x32276e8ed914331954022396e447a76693dcb37e38f184fcac16e7f8d054130f skipped due to low value: 0.0 AVAX
[2025-10-11 16:57:21.664061] Transaction 0x765701c737b1fa9765126c102bf948e08ebeb7384ac689e8323f819d0fa06b1b skipped due to low value: 0.0 AVAX
[2025-10-11 16:57:21.774061] Transaction 0x8601066b973aaf8619cec806398000f7e11db0db2df8c01e2556963d674548d1 skipped due to low value: 0.0 AVAX
[2025-10-11 16:57:21.883059] Transaction 0xa4c686992515fc9b6f82f758bbb9d861a387394fb1cc76206f2bfc287ebaddb2 skipped due to low value: 0.0 AVAX
[2025-10-11 16:57:21.991073] Transaction 0x08b53e759ec3e720d825db95f950643b1f77742ab141b5069b0bbe04b7ab7c63 skipped due to low value: 0.0 AVAX
[2025-10-11 16:57:22.100580] Transaction 0x3756732830070d5de96f6073a8a1c3b50dce1f2fb746648a33b46bf5c49b49e3 skipped due to low value: 0.0 AVAX
[2025-10-11 16:57:22.239559] Transaction 0xfec0cdd7e696828db37fa6b3bbf61e69d587ca0f08d8edd4ad2acf383ea411c4 skipped due to low value: 0.0 AVAX
[2025-10-11 16:57:22.348560] Transaction 0x2dec74a678f6e504eb375df4e592a035700538f83202367c6c634692e4d1869e skipped due to low value: 0.0 AVAX
[2025-10-11 16:57:22.457572] Transaction 0x71989d8c200f7b1af08f3d1bae790d65d13c836775ddeab52f00f0d6c2038937 skipped due to low value: 0.0 AVAX
[2025-10-11 16:57:22.566574] Transaction 0x0698b39618a306299c949a180e0fb37576a7a96d3407213f97205bd90231c240 skipped due to low value: 0.0 AVAX
[2025-10-11 16:57:22.674574] Transaction 0x3d7d000c819977792dc22cde63b26923701ebf06ca551407fcac1c81aba81cb4 skipped due to low value: 0.1565 AVAX
[2025-10-11 16:57:22.783571] Transaction 0x9c7fee3ab3f6323ba08a7e2eeabe4c55ad1420573bb56552a8d2310d96e2e384 skipped due to low value: 0.312 AVAX
[2025-10-11 16:57:22.926653] Transaction 0xc89d7b21e92590e00168d0ae8abbd7f8a652528f3ca5122b29af4958a8656e07 skipped due to low value: 0.0 AVAX
[2025-10-11 16:57:23.053650] Scanning block 70146541
[2025-10-11 16:57:25.071468] Transaction 0x6efb7decb736705579f9ded41101c79bad56cd8520d988caac26d503274cd605 skipped due to low value: 0.0 AVAX
[2025-10-11 16:57:25.182469] Transaction 0x7efc64b576d624730eacdddb3770251459a65c63f7b1a685595a25196a78312a skipped due to low value: 0.0 AVAX
[2025-10-11 16:57:25.292466] Transaction 0xc80c3f1538284cee4d681938a0ba70b19c34d7156775ef631ef41d00e0626117 skipped due to low value: 0.0 AVAX
[2025-10-11 16:57:25.402464] Transaction 0xd5f35266801316b7a4949087f8fe085abb69ccfb3513b519526617b8e731199c skipped due to low value: 0.0 AVAX
[2025-10-11 16:57:25.509967] Transaction 0x593261d388ae60f15a86fb9f471908b16ceb69e05a77ef83103d387e7704fb0c skipped due to low value: 0.0 AVAX
[2025-10-11 16:57:25.619317] Transaction 0x0cbadf24d3d7d930dadf41817e2d367b1caa3d7775947257bee3e35ca4e0fce0 skipped due to low value: 0.0 AVAX
[2025-10-11 16:57:25.729318] Transaction 0x7e9b65db5cc536316a894332175540bf360f8621ef5f510f2ca9f4ea06d8af40 skipped due to low value: 0.0 AVAX
[2025-10-11 16:57:25.840317] Transaction 0x059a238c70feecc2a0130a98b95770e16364f17645034cff16b3299e25dd5252 skipped due to low value: 0.0 AVAX
[2025-10-11 16:57:25.949429] Transaction 0xf4185ee6bf2b6b18c8bb3e78cb31d0108bf59505d443fbe64a80f15f573417fe skipped due to low value: 0.0 AVAX
[2025-10-11 16:57:26.058053] Transaction 0xaa18f43838a50c359a7981a524cc1e64e5e7d76652d74aee4abab03376d2e4e2 skipped due to low value: 0.0 AVAX
[2025-10-11 16:57:26.166058] Transaction 0x8a8bcca978f07298557467329c89206b81517247a189b19c66456c42c049258d skipped due to low value: 0.0 AVAX
[2025-10-11 16:57:26.276055] Transaction 0x41a983ed37064c00fe984dc5c9baf7a3dc0588f256768cb42b10231220d7aed4 skipped due to low value: 0.0 AVAX
[2025-10-11 16:57:26.385052] Transaction 0xbc3fd303a84472c1b6b9c50f5eeb3bcd1fe200f09a7c6369ae865b3923fa6689 skipped due to low value: 0.0 AVAX
[2025-10-11 16:57:26.495056] Transaction 0xe02bd66b3adf7a2b88b77ca8ab85f0639a120bd96313d299c458bcdca45a553b skipped due to low value: 0.0 AVAX
[2025-10-11 16:57:26.604050] Transaction 0xe69694c9fc17167716222defbaac3eb29f62584db45d46fd39aff3d43c160915 skipped due to low value: 0.0 AVAX
[2025-10-11 16:57:26.714051] Transaction 0x3ba5fba266e316685d84d04095aba2ef59699ef2cd5c1a66b339b84c826885fc skipped due to low value: 0.0 AVAX
[2025-10-11 16:57:26.824054] Transaction 0xbfedc5edbc74a5f774e27d4e0b5bd61ec828994c274c20b3d7115e68d7376da6 skipped due to low value: 0.0 AVAX
[2025-10-11 16:57:26.932050] Transaction 0x0034051272f98cebb4b09053949815f672d7bb463a0db00b4c13cb9e0f6603d7 skipped due to low value: 0.0 AVAX
[2025-10-11 16:57:27.040057] Transaction 0x78ca37aeea38b456a9050bb9feee8960b8baf66d56c01e7d17b1c98270beef28 skipped due to low value: 0.0 AVAX
[2025-10-11 16:57:27.151053] Transaction 0x44ae04a97f0ed46569853c460a5779785fbf34a324a0410649c9c982db7a6779 skipped due to low value: 0.0 AVAX
[2025-10-11 16:57:27.260052] Transaction 0xcd85fa563214cfd84e76c3008f2bbc5fe3119c2b166cbb4c15157f1e8a68aed1 skipped due to low value: 0.0 AVAX
[2025-10-11 16:57:27.370051] Transaction 0xafab0790ab807ca4599d6214cdda923ffceb1ed798bc729178b2039725de6e50 skipped due to low value: 0.0 AVAX
[2025-10-11 16:57:27.482053] Transaction 0xe97452dbf04dc6e4544e3be2485d53db223bd7c8e5fc85a358dbd127897cd1d7 skipped due to low value: 0.0 AVAX
[2025-10-11 16:57:27.590049] Transaction 0xc1118e6677ef8f3683f68ffd68a644111241e2888e7fb10881fdf201e5be9b8e skipped due to low value: 0.0 AVAX
[2025-10-11 16:57:27.703053] Transaction 0x4fec1ef53433b17c9ad3859a1c2e64473e716e1446fd53433dad326e9cc54aff skipped due to low value: 0.0 AVAX
[2025-10-11 16:57:27.812077] Transaction 0xc94b1343c64b40f8d5cc4f8097b5d3fed2d5f0440b09c82335f270d3bddea7a1 skipped due to low value: 0.0 AVAX
[2025-10-11 16:57:27.979228] Transaction 0xf324412d1d67b9c6ae440ac7558a83e766f886e6ae4eb96b0543db2479de746a skipped due to low value: 0.0 AVAX
[2025-10-11 16:57:28.088231] Transaction 0x9f7c93a669035fe77cb0eadb6cd72ed4d49327427590d08c4eefc6b490acf86b skipped due to low value: 0.0 AVAX
[2025-10-11 16:57:28.196262] Transaction 0x2add69a7fda42b02d06547a5137f80017441bd0d83dffbe2e3375c2dc3d11db7 skipped due to low value: 0.0 AVAX
[2025-10-11 16:57:28.305032] Transaction 0xaa686e75643b74a75db46d097d175e24ce91666f4a8fca29918186bb9ae4bf2a skipped due to low value: 0.0 AVAX
[2025-10-11 16:57:28.414033] Transaction 0xc2dec1d00f8cb38264f353bd22c98cf94af9a351c16f83ee5465c5e08b47c742 skipped due to low value: 0.0 AVAX
[2025-10-11 16:57:28.524045] Transaction 0x1ffdc634cba947c236dec735129a5fbb26fc02749f9f2b0c075deee5a0e7d429 skipped due to low value: 0.0 AVAX
[2025-10-11 16:57:28.648160] Transaction 0xd8b6fe27e42fa34b3ada47c67389f427467c0cd89bb6dd3f97765b2e0ec953de skipped due to low value: 0.0 AVAX
[2025-10-11 16:57:28.757152] Transaction 0xa1798709bc99bd401a537b4afdfde9a78f93799adc697ec5289019f1187c2ff0 skipped due to low value: 0.0 AVAX
[2025-10-11 16:57:28.866155] Transaction 0x78c5285e0714145cf97a5955897068c09b3836d89ae5922ed801c06bfa34dc51 skipped due to low value: 0.0 AVAX
[2025-10-11 16:57:28.973160] Transaction 0x97c6193a44b24f3a20ea74992557c196fe3ea2b2c078dc4c7e658b66d1b56725 skipped due to low value: 0.0 AVAX
[2025-10-11 16:57:29.083156] Transaction 0x554653afa62355a3cbd7d27e81507b89f3b9408b8088e03e54a0ce9fdc037266 skipped due to low value: 0.0 AVAX
[2025-10-11 16:57:29.191156] Transaction 0x2dbcbd8831024ba4da104dca473312867b47b10fe39838ba065a9c0a0a83cf02 skipped due to low value: 0.0 AVAX
[2025-10-11 16:57:29.300155] Transaction 0xc0cf7a363e6d5ad1e21d6cb4d22647bff19dc3c6e6495c61c0a19c38c9c1a64f skipped due to low value: 0.0 AVAX
[2025-10-11 16:57:29.409157] Transaction 0xac39dc1aa65805db0b12f438d16bdb957b3f4f5f03e0df7b8747b4c1381611fe skipped due to low value: 0.0 AVAX
[2025-10-11 16:57:29.519153] Transaction 0x4a16d33eaf0d37c969b6c1e3a22abac18557a3b85483b99f3e016fd7bdfae58a skipped due to low value: 0.0 AVAX
[2025-10-11 16:57:29.627154] Transaction 0x18b81a974b5255161c305216d279eaa75a0339d9365c25ddeb67825a2989167d skipped due to low value: 0.0 AVAX
[2025-10-11 16:57:29.735153] Transaction 0x2f497bea832d745939511edf0ff697baa81bbe8a3891c695780ff7f2e60b671d skipped due to low value: 0.0 AVAX
[2025-10-11 16:57:29.844712] Transaction 0x0a28525b68f390703f1e7671a835a8bd1995714ee49d62add21bdc3ed8923076 skipped due to low value: 0.0 AVAX
[2025-10-11 16:57:29.959875] Transaction 0x829793dc93fc69af5503b4b823c3f88c2ae574fa198ac11128338e2a4365e4b4 skipped due to low value: 0.2034 AVAX
[2025-10-11 16:57:30.071869] Transaction 0xa4a67135ce04997a17c45a330282d007c0e1c3d5f8fa8f509fba86c8af867127 skipped due to low value: 0.2696 AVAX
[2025-10-11 16:57:30.179869] Transaction 0x3d3e1277a48b5e0745a4bde63d859397e1bcaf2c25dac1fac24407af0b3d687f skipped due to low value: 0.1396 AVAX
[2025-10-11 16:57:30.289873] Transaction 0x5347806cbf7fa5ef0d7532e086305f46821d54e3a9f4ff96119ee2e574d28343 skipped due to low value: 0.0 AVAX
[2025-10-11 16:57:30.397844] Transaction 0x475c7f5c39862d6bf14e59d51c926e5a7a6784f3298caca59891f4aed0ea60d6 skipped due to low value: 0.0 AVAX
[2025-10-11 16:57:30.507324] Transaction 0xf9efab5594f01dc5f83b710dc171c2b21965f8dd4d54239ad408187b9f420e13 skipped due to low value: 0.2628 AVAX
[2025-10-11 16:57:30.617322] Transaction 0xb6f11f8c9cebb60f6370ea1c692c341988e50d0e4bce14c0b8e0151a03c5b366 skipped due to low value: 0.0 AVAX
[2025-10-11 16:57:30.725962] Transaction 0xd5aaf3e435a7fadcde1a1c3b5b70644f14dfeceff9e68d43da1420ff09a9f5a9 skipped due to low value: 0.0 AVAX
[2025-10-11 16:57:30.834247] Transaction 0xc2f2d55e610cd9ca464bea5574d40dc9452daf5a931d228130ef73a7891f4bb9 skipped due to low value: 0.0 AVAX
[2025-10-11 16:57:31.003227] Transaction 0x8bf3bc2477b6b3b06d0ca05f0cd2347cc5ee7edae7d65262a0431031221053e2 skipped due to low value: 0.3017 AVAX
[2025-10-11 16:57:31.112228] Transaction 0x006d9d6b8bb521cc7927df515cd10439d1fe60440c036925ddf4dc16a9763222 skipped due to low value: 0.0 AVAX
[2025-10-11 16:57:31.220227] Transaction 0xab4ced388d1646c858983444b006dd776244b80c30f73b16b24d21119ef436b7 skipped due to low value: 0.1783 AVAX
[2025-10-11 16:57:31.336227] Transaction 0x7167998901d1340163d849aa6f42a82dd63da4cc6d8ee63be983d0a5a2def3bf skipped due to low value: 0.3077 AVAX
[2025-10-11 16:57:31.443246] Transaction 0x9f520146b184beee86f3ec107d0d554d4b7d22aad60b84e553cd78a801b709ca skipped due to low value: 0.0 AVAX
[2025-10-11 16:57:31.551227] Transaction 0xa687f19c88a8c25a27528d34b568c7dbf5ac739e6a5a2d3fe85609d9a32ace7e skipped due to low value: 0.1543 AVAX
[2025-10-11 16:57:31.658241] Transaction 0x27f85b9318d8d3591804ad8ec3c7c10b9151dd10605aca05fe263043e8f11359 skipped due to low value: 0.0 AVAX
[2025-10-11 16:57:31.770227] Scanning block 70146540
[2025-10-11 16:57:33.440058] Transaction 0xe2b083a2c53ecf1723efe3c49d541c7c22a4e9e9f6a0a81888a59699d19ce877 skipped due to low value: 0.0 AVAX
[2025-10-11 16:57:33.548861] Transaction 0x2880643f286ce829b0ea8d2d57935b77401184c5ae327039ec577f76dd346b01 skipped due to low value: 0.0 AVAX
[2025-10-11 16:57:33.654861] Transaction 0x131f17e65c9557979d2ec4789fb4ff163c25c344fe2c23b3553108e652d6e889 skipped due to low value: 0.0 AVAX
[2025-10-11 16:57:33.763863] Transaction 0x2b86844b5b2e8b7ec03f6be72c54d1673b65c4c92e9e6e4100ccab4115b016ab skipped due to low value: 0.0 AVAX
[2025-10-11 16:57:33.892863] Transaction 0xb4271d3bc575e08eb5d5a83ce7745f3049b775a04914f96f8fd53ca98df71902 skipped due to low value: 0.0 AVAX
[2025-10-11 16:57:34.000864] Transaction 0x83185f6767bf69b1a022814ad8fe339fbe24e7d6d8a9083a8a612b987e3fd000 skipped due to low value: 0.0 AVAX
[2025-10-11 16:57:34.109869] Transaction 0x16915f6639c61003efe05193c642f54ffd3718ce872d7b1e2d694e64c3422c0b skipped due to low value: 0.0 AVAX
[2025-10-11 16:57:34.218867] Scanning block 70146539
[2025-10-11 16:57:36.088974] Transaction 0xc8e7df3fcde009a0d9c9903dd94f880749d84710ef3b335d210da528a1180d0b skipped due to low value: 0.0 AVAX
[2025-10-11 16:57:36.198976] Transaction 0x4310b8ef87399e7fd195b87f277b8c3c4fe05c2c7a89a6e5c230491c8f664f6e skipped due to low value: 0.0 AVAX
[2025-10-11 16:57:36.307973] Transaction 0xcdcba1e51c8c6bd108ccfdf7f857c3f9ba692e0d03c33b003c54d3c89a05f404 skipped due to low value: 0.0 AVAX
[2025-10-11 16:57:36.415976] Transaction 0xaed57a0967155f4e3e9a6a518d77cd0b9ff193843c27bd90ae845fcc692abba1 skipped due to low value: 0.0 AVAX
[2025-10-11 16:57:36.524971] Transaction 0xfac6506c3c2c4edc8080425426f6ec821f20447fc6294f7c3709fc8ef3dd61da skipped due to low value: 0.0 AVAX
[2025-10-11 16:57:36.633972] Transaction 0x7c0c32088a8e5f31eec944a9c962eaf4d01f497851fe6606ef99183d6b0e0ae1 skipped due to low value: 0.0 AVAX
[2025-10-11 16:57:36.743971] Transaction 0x33bf520a86f1298c3e7099139f2bb9bcc597774b20cb602b716eb8b5c08ffe36 skipped due to low value: 0.0 AVAX
[2025-10-11 16:57:36.851975] Transaction 0x8d1308236a48f02e339893cb73951983184671ab2aaf91f19e23a2acbb5dfd6e skipped due to low value: 0.0 AVAX
[2025-10-11 16:57:36.961975] Transaction 0x94f52e3d84b79a75d0e27b6885f400dfff7f07ef61fd2b9678ecbb93c23f4c17 skipped due to low value: 0.0 AVAX
[2025-10-11 16:57:37.071976] Transaction 0x24a2b05e9520ad7a302787366099554c24a538829b06deb5ffbfabd75b62306c skipped due to low value: 0.0 AVAX
[2025-10-11 16:57:37.180854] Transaction 0xf68572b28d03fc7ecfa7f5e224e5d142b180bfc24019368b4cf9033f8ad431e6 skipped due to low value: 0.0 AVAX
[2025-10-11 16:57:37.290298] Transaction 0x4e0b70c738c1a966a878c5fa561df2776c0c4cab19d2f4e87335c0eb4e263c39 skipped due to low value: 0.0 AVAX
[2025-10-11 16:57:37.400294] Transaction 0xa13b1a54112496f986c56ac0c2207fb420cad90baa7d26e7070dd9e9a98a11c6 skipped due to low value: 0.0 AVAX
[2025-10-11 16:57:37.512294] Transaction 0xbf273de3f7004675cc241dff5c5d1e7ef7d425f589edda8bf26abbf85340851a skipped due to low value: 0.0 AVAX
[2025-10-11 16:57:37.619593] Transaction 0xe4b536e451b105020a7ac8279caae07f542e76cdcf1973b4d0671f66c4d71119 skipped due to low value: 0.0 AVAX
[2025-10-11 16:57:37.735155] Transaction 0xd51cb45b99cca4ff628fd8306c5401dd946ad981164107be5a75b7ca1398f457 skipped due to low value: 0.0 AVAX
[2025-10-11 16:57:37.845109] Transaction 0xf796e1d45445188a555dc2787ebcfccf995d1cbd064c81746ac1872c8b976bdf skipped due to low value: 0.0 AVAX
[2025-10-11 16:57:37.983107] Transaction 0x834f148edaecec69fa41e993e544ccb10a4bebbd4e3b05efe0d2be1023fc501e skipped due to low value: 0.0 AVAX
[2025-10-11 16:57:38.091107] Transaction 0x7db0fa23959aecc84cab220e81ceab34c734ce23864aa99bd527ed9080126e1c skipped due to low value: 0.0 AVAX
[2025-10-11 16:57:38.200111] Transaction 0xb365f19deb4cb655d86725cd436424a0f2ee3cb88ed4ce2300bb3b7a991948c6 skipped due to low value: 0.0 AVAX
[2025-10-11 16:57:38.308108] Transaction 0x7146d4f239f729c8c0129ff019074e40f6d6de87b83ede8cf1345b867939e5b6 skipped due to low value: 0.1169 AVAX
[2025-10-11 16:57:38.417107] Transaction 0xa938c3a99b38ecb78b5654ee9400a4c54589211b742ecceef8758db6f1a670e5 skipped due to low value: 0.0 AVAX
[2025-10-11 16:57:39.564536] Scanning block 70146538
[2025-10-11 16:57:42.057603] Transaction 0xecfb3c2e04880fe9d7a5f80b929593136ca80655ae33fc7f74adc75261cd2a11 skipped due to low value: 0.0 AVAX
[2025-10-11 16:57:42.150637] Transaction 0xceb0778c8908b2f0852ec7752495acb6f863b625c44cbcc1f507d4ad18b52be0 skipped due to low value: 0.0 AVAX
[2025-10-11 16:57:42.366647] Transaction 0xc40951b56fcf77dbb6135c12564ddfac9062308e120fb706acd8f22a9c1c48e0 skipped due to low value: 0.0 AVAX
[2025-10-11 16:57:42.485675] Transaction 0xfe55940097e3de9bd67444ae8d92dcbe732754e15f7ef6eaacc308725513a7f1 skipped due to low value: 0.0 AVAX
[2025-10-11 16:57:42.576138] Transaction 0x98f6a8a94f9c91a07bd3f614fceb1ef1c5fee0d98f284f8f3b9598a0cb18b664 skipped due to low value: 0.0 AVAX
[2025-10-11 16:57:42.669295] Transaction 0x35b70f4ed19eb17b880942d357c4cbf8d12a6ac7a5ccad307584e3e8f5915af2 skipped due to low value: 0.0 AVAX
[2025-10-11 16:57:42.760475] Transaction 0x296ac211dae301be9eb73e8e6bc9d5c924d729a934467977b8527b04cdbc2ee3 skipped due to low value: 0.131383296 AVAX
[2025-10-11 16:57:42.884478] Transaction 0x80080fbd004d7f72ddbb3a7dd30291ab01875ec93cc0091ba797545d02ad5311 skipped due to low value: 0.2683 AVAX
[2025-10-11 16:57:42.977476] Transaction 0x5cef072c497f9316650cbd5406168e002e17b01e902a8ab7fa1488b4c1fd67f7 skipped due to low value: 0.0754 AVAX
[2025-10-11 16:57:43.068478] Transaction 0xf61200ed4ac785dbe4de8b26875af64e41cd9430368d0edce47199d6faebb536 skipped due to low value: 0.131 AVAX
[2025-10-11 16:57:43.158475] Transaction 0x1453682ea4253f6fc7eed24f6475cea5fe397e71a568c201a206a61ed0b2d219 skipped due to low value: 0.0 AVAX
[2025-10-11 16:57:43.248475] Transaction 0x44469488c96b7921c4669f6d075d52d1e189cedb09b86867591a00a0f1d3eb89 skipped due to low value: 0.2734 AVAX
[2025-10-11 16:57:43.338476] Transaction 0xf9a21cbe5fc50db5a310e64e7be52165724493d1dbdaf90fa3777d8cf1d632d1 skipped due to low value: 0.1697 AVAX
[2025-10-11 16:57:43.429477] Transaction 0x5bb4c9d08622078c4c5cfc9ea4954246307eb90f816de3c1f31ff8088bdcac39 skipped due to low value: 0.0 AVAX
[2025-10-11 16:57:43.519475] Transaction 0xa5722f2213c1d484bccc66f2a5efea76404ccbb42aee8ae58f9740ed795d7073 skipped due to low value: 0.0 AVAX
[2025-10-11 16:57:43.609475] Transaction 0xfc159c3dd6b0fcff817f6633a1adc3965542fa21ee21165fad05a172678522ef skipped due to low value: 0.2187 AVAX
[2025-10-11 16:57:43.700478] Transaction 0x9a05f4552f1bb289939a4752dac775de9632ee8f978779d282b93fc978e37db9 skipped due to low value: 0.0792 AVAX
[2025-10-11 16:57:43.790481] Transaction 0x36b0fedbc5bf862cadb338d7721d8f4956af06fd198a92535791c195c18f1932 skipped due to low value: 0.1552 AVAX
[2025-10-11 16:57:43.881875] Transaction 0xb1e84c6e1a07844a91d6de818b40b81a22b570dd9777498c134e868704d939b8 skipped due to low value: 0.0 AVAX
[2025-10-11 16:57:44.186865] Transaction 0x6cac1ce8410fa3b1a095d1181aa1000c3bd7edd69d972a75cf0804aaa3b6fa49 skipped due to low value: 0.1431 AVAX
[2025-10-11 16:57:44.305863] Transaction 0x008c7e95bdd647c20efb8ee436a02e7146888be9a8ffd65090abceba51a466b2 skipped due to low value: 0.0 AVAX
[2025-10-11 16:57:44.438861] Scanning block 70146537
[2025-10-11 16:57:46.838863] Transaction 0x44e884f3a25256910a63e5982380407c009095e087afc616c03e42c04b8dfefd skipped due to low value: 0.0 AVAX
[2025-10-11 16:57:46.989864] Transaction 0xe7223baafd4530369912fd183ec7698d086d4779564e923a0016c79add0cdd0d skipped due to low value: 0.0 AVAX
[2025-10-11 16:57:47.112534] Transaction 0xfbb99f41bc8042122f03c54e895f3b058a896111fbc7ea63edd9c30729557794 skipped due to low value: 0.0 AVAX
[2025-10-11 16:57:47.206351] Transaction 0xd60d98ad0f82c824878ccb58dcf0dd17fb93ffbc0d022288e322b2c8bb55e5ab skipped due to low value: 0.0 AVAX
[2025-10-11 16:57:47.296969] Transaction 0x552b4c5a0992ca945605773f8322017bbe859fe3ff4713ade0b326a9d610431b skipped due to low value: 0.0 AVAX
[2025-10-11 16:57:47.387971] Transaction 0x90a60524968573f290942aa688eb5b73140becab423a7d8b9faf3eb96ab34caa skipped due to low value: 0.0 AVAX
[2025-10-11 16:57:47.477969] Transaction 0xc0f256472948d15ae56f2323527a9d338eb3e4688f18e31f781fba9395de0bf5 skipped due to low value: 0.0 AVAX
[2025-10-11 16:57:47.567967] Transaction 0x95a025051bebe4f5ef23a3713d580b141aa604a52f138587a3a3275e3c43b070 skipped due to low value: 0.0 AVAX
[2025-10-11 16:57:47.660969] Transaction 0xfbe4187d723d3645b00cad9e21540b7df4e291f8844335576f2c13a00bbee377 skipped due to low value: 5.621043613090711 AVAX
[2025-10-11 16:57:47.750970] Transaction 0xf9cb054529a05594ddd5533097fb0039d3aa05ccda81dd28bdc270f82c755b26 skipped due to low value: 0.0 AVAX
[2025-10-11 16:57:47.839969] Transaction 0xd0b33afc5f6d0e0a4cd5e7b51f80e6de15bcf3097dc8b447fa5337cf0f21c38d skipped due to low value: 0.0 AVAX
[2025-10-11 16:57:47.957970] Transaction 0xc0269cc71093c355cd165a4080d987eec9b325fd92d1e9e1edff506de62d1d1c skipped due to low value: 0.0 AVAX
[2025-10-11 16:57:48.057968] Transaction 0x117ddbd45a319557919459888839ad6f564043a4c17c5cd26f4b9d92223014b2 skipped due to low value: 0.0 AVAX
[2025-10-11 16:57:48.627970] Transaction 0x99bf7fe110d3fc36225c6d9e93739103ebc9a628bc0a763cb8beeda1bc7faab7 skipped due to low value: 0.0 AVAX
[2025-10-11 16:57:48.963971] Transaction 0x17a320929c6adbfaf32c5602f6d4a6411ebcd62deea37f58e8be36f550371a2f skipped due to low value: 0.0 AVAX
[2025-10-11 16:57:49.052988] Transaction 0x8f907a304581ca9bf0b69459321fc3de4c6fbb47acc5add3aef8b0f00f85a616 skipped due to low value: 0.0 AVAX
[2025-10-11 16:57:49.334971] Transaction 0xd5396e50b5123f755f0bc38ec22cb4151c348c47ad08e2990c5c69bc74e9491f skipped due to low value: 0.3312 AVAX
[2025-10-11 16:57:49.874480] Transaction 0xdabe70bd4dae35259a832b78354afee674942f74469b0ed2b1aae963a4e1f3c7 skipped due to low value: 0.0 AVAX
[2025-10-11 16:57:49.967477] Transaction 0x2853de972c05f3718e9e9d763491c7478ec1964ffad205975561aed32c43c837 skipped due to low value: 0.0 AVAX
[2025-10-11 16:57:50.058482] Transaction 0x23ff2808f4e209970851b02af7f36baaa3e064f5b7a61b2273ce00c3ea3f0506 skipped due to low value: 0.0 AVAX
[2025-10-11 16:57:50.147478] Transaction 0x27935090a4d9df251e3a3c762d0b258581321b1641a6a95f95c18b6f667d36f6 skipped due to low value: 0.0 AVAX
[2025-10-11 16:57:50.239480] Transaction 0x6bec29a2f28881fa3a8049bd43ef79d84f397d4997326e73e9eb86120ccf8f0c skipped due to low value: 0.0 AVAX
[2025-10-11 16:57:50.375480] Transaction 0xa3062099caac759429e6e08dc60b6c598ab9d3aa4071dd25dcc445e8111e71d0 skipped due to low value: 0.0 AVAX
[2025-10-11 16:57:50.468481] Transaction 0xab765b34ea6a163316da13f6ebc71a7feed070470c11d3808b3aeff7a3eab246 skipped due to low value: 0.1796 AVAX
[2025-10-11 16:57:50.562483] Transaction 0x40a00e1dba2cc0ae9aa11a16785a2ca5746d707b5282968d2286724334f34d79 skipped due to low value: 0.2788 AVAX
[2025-10-11 16:57:50.657298] Transaction 0x8ac5aa5b937cd455a470875f24ea1b3bad7fe66350d10b0821da44bfc0a0e658 skipped due to low value: 0.0 AVAX
[2025-10-11 16:57:50.746530] Scanning block 70146536
[2025-10-11 16:57:52.624566] Transaction 0x31ea720f1c09f49b85c859cc15f23db3602b0e2b61a043803f5a5906789c2887 skipped due to low value: 0.0 AVAX
[2025-10-11 16:57:52.965571] Transaction 0x463fd43bdc31c38afc4bbe28f787a43ff43dbce3f9ba07a39bc57b7b7f7f85af skipped due to low value: 0.0 AVAX
[2025-10-11 16:57:53.132570] Transaction 0x520207b0781f372aba1470958ecf23a841d604f0d6493bde19e944867c2347ea skipped due to low value: 0.0 AVAX
[2025-10-11 16:57:53.246572] Transaction 0x46506c1fd240dd622b9b88571608f3ce9ce2cb4efc04c412c890136473d4cd2b skipped due to low value: 0.0 AVAX
[2025-10-11 16:57:53.364567] Transaction 0xe2d207dfe8a9e558f0ec52e6b7de2597129f48df60daf4950c19b66bc9223297 skipped due to low value: 0.0 AVAX
[2025-10-11 16:57:53.472570] Transaction 0x6cb0853bfe4454c863e0dd8f87acf82766cfc4fe9f589a5fde5b6a9642b90fb3 skipped due to low value: 0.0 AVAX
[2025-10-11 16:57:53.582568] Transaction 0xb45bbdb3390fb9173de6956ae62312d09834106af59c055985cf9420699d3d12 skipped due to low value: 0.0 AVAX
[2025-10-11 16:57:53.692571] Transaction 0xfd79af284af5a43024b0f02077ddc07bdda9b9c1282f01be1f1987d238aa90e2 skipped due to low value: 0.0 AVAX
[2025-10-11 16:57:53.802574] Transaction 0xe4610839dcc7b1c955bff3db291e56dc12f83cd39a2c2f40c70bddcc5481c6bc skipped due to low value: 0.0 AVAX
[2025-10-11 16:57:53.913016] Transaction 0x8e9e9610704c51911ea8de55b0bb1798166cd8e78ea72cd9c3bcdac7762d21bb skipped due to low value: 0.0 AVAX
[2025-10-11 16:57:54.026604] Transaction 0x8f98a5c61e11296d4fa4684e3f04586a998a43ad5146e0759ae8ebe217742ba4 skipped due to low value: 0.0 AVAX
[2025-10-11 16:57:54.380612] Transaction 0xfe74917c875441dec9c77a6de24fa381b3efbe3363d4c58c475703f8947d0f42 skipped due to low value: 0.0 AVAX
[2025-10-11 16:57:54.589611] Transaction 0xdac6eb9ac25eb0b3cf030420aeb7399f231a5ef0291096a2af39b7bb33b05bc8 skipped due to low value: 0.0 AVAX
[2025-10-11 16:57:54.857611] Transaction 0x998f9bea402b15c3b947a8f1c884bcb39a076b2ce66a540943aa77d0eabe7bb8 skipped due to low value: 0.0 AVAX
[2025-10-11 16:57:55.502608] Transaction 0x119adbd3816a92a74cccb2ba8458ca897af154105f7aaf17700548ef0e99c7df skipped due to low value: 0.0 AVAX
[2025-10-11 16:57:55.672610] Transaction 0x2a22462282515e0d084ac03488ad3f22c67c3ed83ea84bd3c837aab199e0b24e skipped due to low value: 0.0 AVAX
[2025-10-11 16:57:55.793615] Transaction 0x436f44cd6ab256dcedc1f21ef6b14cc1aaf82657c05e7b2f919fc8185e0029e7 skipped due to low value: 0.0 AVAX
[2025-10-11 16:57:55.907606] Transaction 0xae1e79e09883c6d129b895f99511625e90132f04a2a0131db40e4ae316f1c524 skipped due to low value: 0.0 AVAX
[2025-10-11 16:57:56.017613] Transaction 0x52844a73317b0c233296e6446efe1d7deb1e37f954a9794ab715c20a36b5a949 skipped due to low value: 0.0 AVAX
[2025-10-11 16:57:56.127753] Transaction 0xab7a4df5f839f4e45ad6690d8294a9fdbdab43a028230c0cf1d9c34a5771c416 skipped due to low value: 0.0 AVAX
[2025-10-11 16:57:56.238737] Transaction 0x454e34c16d02ac4df498fdc810b4e4ebd77ae86e9b48940470920281c65f5860 skipped due to low value: 0.0 AVAX
[2025-10-11 16:57:56.349733] Transaction 0xd7fc49512dbc654134304d184c156906eb0f10dce79e83d893dd777df37d621a skipped due to low value: 0.0 AVAX
[2025-10-11 16:57:56.458733] Transaction 0xac60f7fa33f4ff806464a7dd895332cef3ddd89c5774dafd17dff3e6f7c6be09 skipped due to low value: 0.0 AVAX
[2025-10-11 16:57:56.568736] Transaction 0x1a35e0d54e15aaee079b5b0a641e7c253e163bbe81b3eff7e69f489c9be4212c skipped due to low value: 0.0 AVAX
[2025-10-11 16:57:56.679730] Transaction 0x06a82c5adf42930949301803abdefd91c687c70d40e1d65c47ac34e4c93e5dee skipped due to low value: 0.2455 AVAX
[2025-10-11 16:57:57.121738] Transaction 0xcbf3b83d055878096681f023727d3bf2375da73ee55601b8c3ba89d6d4cab2e3 skipped due to low value: 0.1588 AVAX
[2025-10-11 16:57:57.230731] Transaction 0x5d1c00614315fb8e8e5846bc1b0821ab742f7ac642cf5f05e1298ad966de314f skipped due to low value: 0.0 AVAX
[2025-10-11 16:57:57.345733] Transaction 0xf1d4d33b65e57fce2b66f83a4b4244a044999e317afaf6e9cdf85fe30437fd78 skipped due to low value: 0.0 AVAX
[2025-10-11 16:57:57.454729] Transaction 0xf764c65f930ce16410b4d93035ef34223f5bc22be0c783f1d4fb867feabe4123 skipped due to low value: 0.1817 AVAX
[2025-10-11 16:57:57.564734] Transaction 0x2445d6fd8038e570a0737114b20148d41afcb3accdeac328ecd6db68d466f285 skipped due to low value: 0.0 AVAX
[2025-10-11 16:57:57.673731] Transaction 0xe2b6e260d57f53668d5a92560786e0cf81b72eeca50c6a9d046c370a5070653a skipped due to low value: 0.0 AVAX
[2025-10-11 16:57:57.782730] Transaction 0x5bac08c87a945d17f945ecbe45c8243e19947f18acbf19f067815566cf0158f8 skipped due to low value: 0.2834 AVAX
[2025-10-11 16:57:57.971749] Transaction 0xbad11612064e8a840ac405546271bad7c47f7fd0409fd6c8f35eb93afa73286c skipped due to low value: 0.0649 AVAX
[2025-10-11 16:57:58.081413] Transaction 0xe0c39aec24ef71927efe54c16ee75685d586a3a4166ed1233b9dfcb4a5528efb skipped due to low value: 0.0 AVAX
[2025-10-11 16:57:58.190161] Transaction 0x3e8471c801e1759e85cbeea32ca5cfebeca1ef8cb8dff50e73155dbef061a5e5 skipped due to low value: 0.1316 AVAX
[2025-10-11 16:57:58.300552] Transaction 0x517b9169afa7765ac58e6cc773a4bdcd40037e8b79feff235a3735f32686d0a4 skipped due to low value: 0.0 AVAX
[2025-10-11 16:57:58.409855] Scanning block 70146535
[2025-10-11 16:58:00.072465] Transaction 0x324ab7fc8ed52a7df190c3769b0e17a3509dd0daecb45e8ff23a96bdf8476b01 skipped due to low value: 0.0 AVAX
[2025-10-11 16:58:00.182473] Transaction 0x3cc2f316e8f9dc2fbb7bd9fe340e7c3233f0a70c3e6fdad41f84fcb78401badf skipped due to low value: 0.0 AVAX
[2025-10-11 16:58:00.291467] Transaction 0xefb7c8c7ae164960783708af1e5124764284d164177196b7e528d044c07f947a skipped due to low value: 0.0 AVAX
[2025-10-11 16:58:00.400487] Transaction 0x8b96544c64d3eaf672596751e6b811735a993427573001acc0432e21a192004d skipped due to low value: 0.0 AVAX
[2025-10-11 16:58:00.509469] Transaction 0xdd55ffcbdc7b3f6c605e059cddc416c785f213a291312494dd5cfe474a135a75 skipped due to low value: 0.0 AVAX
[2025-10-11 16:58:00.617415] Transaction 0x45207b6f65eadacacfd5d6312fcc569f920f17525f8d76cbb7915e00adc8de2a skipped due to low value: 0.0 AVAX
[2025-10-11 16:58:00.728367] Transaction 0x963483d1d423c2bcb2b1f8ce4c5b43e3113a93672a06c4a6553385e3c55c3880 skipped due to low value: 5.2699 AVAX
[2025-10-11 16:58:00.836367] Transaction 0x92ed65221e1a90beb29642b9f853d133d995c8b119b266996d9696ed06aa7788 skipped due to low value: 0.0 AVAX
[2025-10-11 16:58:00.957368] Transaction 0x7a5a59b156b17eb5d327ad18508acd50a863a5eb8d65b939597bfbc79040cd14 skipped due to low value: 0.0 AVAX
[2025-10-11 16:58:01.066368] Transaction 0x4ee5502b6c9f1fe1c174abd55db3c4fe01437e0b6d314382e7f1420d3867ea10 skipped due to low value: 0.0 AVAX
[2025-10-11 16:58:01.174368] Transaction 0x7d6a6484994d31316261a393314f5226b53d297c84031c68450aaef8fbbb8c7d skipped due to low value: 0.0 AVAX
[2025-10-11 16:58:01.291368] Transaction 0x564fe9d694379afcab2c95abeff37ada9351086cc0ebd16f1dfb7d88f085cc45 skipped due to low value: 0.0 AVAX
[2025-10-11 16:58:01.400371] Transaction 0x0749ba14b017b35537449c3d6fa370840b372628815692455b0dd7e47e9cf8f2 skipped due to low value: 0.0 AVAX
[2025-10-11 16:58:01.509371] Transaction 0x738b7d678dbc55819987f7c514d38674cdfa26385308ffff3af61ff82d21a587 skipped due to low value: 0.2334 AVAX
[2025-10-11 16:58:01.616375] Transaction 0xc1f0a98252a8b8750e4e7033b2ac437dd009a7b48852762cb50ff5ed85a1da1a skipped due to low value: 0.0 AVAX
[2025-10-11 16:58:01.806377] Transaction 0xf60f8b13a04f86e953613a426e7ae282cdc0b31860f5d0d69a1896be1546b9ef skipped due to low value: 0.0 AVAX
[2025-10-11 16:58:01.916368] Transaction 0xd3c27cdf96298b4cb22c57b6f90706150d34d98e563f2a3b026807a5d40ce7cc skipped due to low value: 0.1493 AVAX
[2025-10-11 16:58:02.025368] Transaction 0xde4fa34c1855e0e874869c6c8aa1af8404ddec4524db43d30842b74ab93170b2 skipped due to low value: 0.0 AVAX
[2025-10-11 16:58:02.135370] Transaction 0x78970ff1d7ae41ce334749b8496d1b6a673c9b02ab683d54c75e7e4f9be0d810 skipped due to low value: 0.0 AVAX
[2025-10-11 16:58:02.244366] Scanning block 70146534
[2025-10-11 16:58:04.243440] Transaction 0xd2a490ea6f7475ec9fa977fe884b32037474f90ae57789660b3929a4f4027b39 skipped due to low value: 0.0 AVAX
[2025-10-11 16:58:04.353435] Transaction 0x40ffb34b6f1a9ddd5a86abfa42243f699a2bc10f4062e8478d2ecc012cc7ee84 skipped due to low value: 0.0 AVAX
[2025-10-11 16:58:04.462434] Transaction 0x0b045440d341bdea86b18e3cd055a0f17e376cb460c3c116c1fbda58af101b16 skipped due to low value: 0.0 AVAX
[2025-10-11 16:58:04.579437] Transaction 0x339d422fbb92ecd4fc714df814fa98c28684f8b0f6f99fd4494e459ca1d352f2 skipped due to low value: 0.0 AVAX
[2025-10-11 16:58:04.689437] Transaction 0x7743e6499126fd1b2c8f53b98667b63ad1667892d349236fe2defcabcbb0df58 skipped due to low value: 0.0 AVAX
[2025-10-11 16:58:04.798439] Transaction 0x6f00246bc3095440d34d8669b75e7ddcc00672d32a36a7c1a1e1fa490275ec9b skipped due to low value: 0.0 AVAX
[2025-10-11 16:58:04.906434] Transaction 0x4a68cafd86708e5084f688a5aceb6ac264fcadcb5aa64c1d2b00b79cc7845ab8 skipped due to low value: 0.0 AVAX
[2025-10-11 16:58:05.445843] Transaction 0x6b49a8d9f34afb58cf172f08437117cc635615fae91d18e21128a9e0e578b496 skipped due to low value: 0.0 AVAX
2025-10-11 23:58:05,468 - INFO - Starting block scan...
[2025-10-11 16:58:06.399517] Transaction 0x69abb05c63b830ffe9ab73c634f8b86901e28bf94989bc6bbedcf34969659302 skipped due to low value: 10.872376385115663 AVAX
[2025-10-11 16:58:06.526522] Transaction 0x7a3a0f1f87762b8a8677a89b33380e014d82c0682ee8abb08ea34a3843ffe1bf skipped due to low value: 1e-05 AVAX
[2025-10-11 16:58:06.684520] Transaction 0x0e8eb8065d477663ccec57deb1c250c44cce868a42e9cce7f93ba376653a9792 skipped due to low value: 1e-05 AVAX
[2025-10-11 16:58:07.143521] Transaction 0x12593a71b40d09d6cd7b6673196267db6df241c7aacca953c0404ab5b06fcbb4 skipped due to low value: 0.046 AVAX
[2025-10-11 16:58:07.331469] Transaction 0x67900895d574d7f51a5cc7e824feeb5eb4a7ac824191a40a98f321061931df74 skipped due to low value: 0.2018 AVAX
[2025-10-11 16:58:07.478468] Transaction 0x635977b167953951a98c4e4d5cfd9cf2cecfaf05117e40d18497c2abe0882f25 skipped due to low value: 0.0 AVAX
[2025-10-11 16:58:07.606468] Transaction 0x390b6b202dcdbb2c52939b2c9c5c28f2f6e8aabe7b12711da8038a7c67d14230 skipped due to low value: 0.1863 AVAX
2025-10-11 23:58:07,688 - INFO - Latest block number: 64269893
[2025-10-11 16:58:07.755473] Transaction 0x846df168ad754f2ab5ce64f1dcf5fdd119ec7629776f2f196c85d45937ff46a2 skipped due to low value: 0.0846 AVAX
[2025-10-11 16:58:07.945467] Transaction 0xcc9cde20ab97cb793f958c8c862a0c9c7db3c487afcc2cb9ef45692bb493c195 skipped due to low value: 0.0 AVAX
2025-10-11 23:58:07,978 - INFO - Scanning blocks from 64269893 to 64269794
[2025-10-11 16:58:08.071469] Transaction 0x5d8d23710923514a669112c9949e7273e77c504dbf6d864d10ff21fc9077d226 skipped due to low value: 0.3178 AVAX
[2025-10-11 16:58:08.206465] Transaction 0xa7f4b1ddf09d7d8a100ee596d5010a510f13d987138c1749ac766cdd6d58fa4a skipped due to low value: 0.0907 AVAX
[2025-10-11 16:58:08.384466] Transaction 0x08d08a7ec997745174fb83a10265d0c802c5b841c479cb2c896b3bb31b2521c1 skipped due to low value: 0.0 AVAX
[2025-10-11 16:58:08.522469] Transaction 0xfadacd87c3fa8cfd671c4062eee2ee4dd5e6f8dc4a5823c2f03d00ae318a0c7d skipped due to low value: 0.1667 AVAX
[2025-10-11 16:58:08.660469] Transaction 0x61c91ec11bac2e4fa055dc191df1ea4a159ad3a240490c890c1961f4939f79f5 skipped due to low value: 0.0 AVAX
[2025-10-11 16:58:08.782468] Transaction 0x00ace1265e69c27687cb8d28d37c6225f37eda3d285ea8792922814663d9865e skipped due to low value: 0.1975 AVAX
[2025-10-11 16:58:08.932469] Transaction 0x397d6760208e3c8151a171341772863c0edaea2521fed24b8653c3ffa770108a skipped due to low value: 0.2235 AVAX
[2025-10-11 16:58:09.068465] Scanning block 70146533
[2025-10-11 16:58:10.871660] Transaction 0x4035dac0b10c404f83f2400719a964016cec25e05aa75d04b4033e0126884070 skipped due to low value: 0.0 AVAX
[2025-10-11 16:58:11.015180] Transaction 0xbc54c9945c88d7a0cdf5cf57d745a0f00692a97c09330ce63ae14a0e4a1065f9 skipped due to low value: 0.0 AVAX
[2025-10-11 16:58:11.151180] Transaction 0xa17a95f696f08c09df5fe77a2820c3f01a1dd64cb8085affbc02eb260e9e1097 skipped due to low value: 0.0 AVAX
[2025-10-11 16:58:11.283178] Transaction 0x92887828fbc6ba395abb657655b4d434a41b9ab962c7d6572461ad73ede36fc4 skipped due to low value: 0.0 AVAX
[2025-10-11 16:58:11.413183] Transaction 0x8223bfe4f4a6df5fe7c595661562ecffab59f4b826fddeaadf8e1580318cba02 skipped due to low value: 0.0 AVAX
[2025-10-11 16:58:11.546177] Transaction 0x6d22672661ef75625dfac45abf6ac9f80a9dcbdb5b17fb764f30608f6064143d skipped due to low value: 0.2643 AVAX
[2025-10-11 16:58:11.676180] Transaction 0xfc14e339324734a2150a04fd00570a17a8209d93b24f95b5cea3fa58272e723b skipped due to low value: 0.3461 AVAX
[2025-10-11 16:58:11.815180] Transaction 0x636d9f81b7771f54c0ae7be633abe871357d8599a7d86db1c751f9cdcfebb841 skipped due to low value: 0.0 AVAX
[2025-10-11 16:58:11.948093] Transaction 0x3fc85142d0740466bef2a93d7be204739ab23595120502ddf81166c61902552b skipped due to low value: 0.0 AVAX
[2025-10-11 16:58:12.086619] Transaction 0x7018b29ec9d759eab3d18ba133c05d0619023af6f6e23ca5bbd343ea2dd78328 skipped due to low value: 0.1838 AVAX
[2025-10-11 16:58:12.210623] Transaction 0x7ad9ae3585a9111be73dd43777d862d76d9eb8d437734102c17f4919fd0c4312 skipped due to low value: 0.0 AVAX
[2025-10-11 16:58:12.341624] Transaction 0xce69b932bc5e852dacb267258c09ed0b85a17a168b4ff60d0cc84790ac3968af skipped due to low value: 0.1118 AVAX
[2025-10-11 16:58:12.471619] Transaction 0x24362bf0365ea9ba52c49425aa0252be7c3b6da627d8ef78fdf862a248881446 skipped due to low value: 0.2347 AVAX
[2025-10-11 16:58:12.624627] Transaction 0x5740d7a6fd454cd420edef87533e4603e8e26df97b3c5866411fb54f8512510c skipped due to low value: 0.2175 AVAX
[2025-10-11 16:58:12.754620] Transaction 0x18e241b9084f01a47ce0c7e3894aa7c10ce09aa9bd634b20780b0bd71545f6dd skipped due to low value: 0.0 AVAX
[2025-10-11 16:58:12.884621] Transaction 0x77cc6f235a84ea253e1da2464c9b08dea1ecfca3e681bc6b4a4aa8b6004a1431 skipped due to low value: 0.0 AVAX
[2025-10-11 16:58:13.008622] Transaction 0x5fb4599821e06d46ba580932744585dc005d21809fcf406066285ef6b2495eb8 skipped due to low value: 0.0 AVAX
[2025-10-11 16:58:13.133619] Transaction 0x76ad012865c974c8c5f4f926934ac8ed6e5b47f718205aa1abe5a32000e68d07 skipped due to low value: 0.1749 AVAX
[2025-10-11 16:58:13.266616] Transaction 0xd8138fdea2617c790a1e6bbb3d4fdd91a86dde2dfd6d5fde655a2700a2bdaf91 skipped due to low value: 0.2611 AVAX
[2025-10-11 16:58:13.397620] Transaction 0xa1a04ccfd824ed6d0a2b8ba762d298d678674dda98c3099e59f0dbd7e8b3a337 skipped due to low value: 0.2886 AVAX
[2025-10-11 16:58:13.733629] Scanning block 70146532
[2025-10-11 16:58:16.058247] Transaction 0x30c594e969ebd50f8fa5fd1b10113b53998dc4dda5c46581546d34d326b82b45 skipped due to low value: 0.0 AVAX
[2025-10-11 16:58:16.160252] Transaction 0x455e01633f26918b324f54616972e7193abdc4a5efba6380af8b28953df14f5b skipped due to low value: 0.0 AVAX
[2025-10-11 16:58:16.260250] Transaction 0x8bbf6d59e6cbe817f24cac476cdba01d51bb3f96ee83eac7e670850357236499 skipped due to low value: 0.0 AVAX
[2025-10-11 16:58:16.362248] Transaction 0x0412e054d38a602744661842b2fcbd2e50aad12f5214d4fcbe9a6214bae47f51 skipped due to low value: 0.0 AVAX
[2025-10-11 16:58:16.531209] Transaction 0xf43e4c6beab911c7ec45c297d4652334531a1d5acb793acd91a5c96b6619868f skipped due to low value: 0.0 AVAX
[2025-10-11 16:58:16.633417] Transaction 0x31e839159291617e5ca52a5cc67ef2e267a636892ac2f97af61adc5dbe4a51d9 skipped due to low value: 0.0 AVAX
[2025-10-11 16:58:16.736227] Transaction 0xc7ecf9c67cd451d00bbff0073ce5b4d7009ce18b8ac4b2426ba1a6279b7d5a9e skipped due to low value: 0.0 AVAX
[2025-10-11 16:58:16.838226] Transaction 0xde2eb8fb5123f3039c54494717bd4b757b359651d000c1c24308242154d99ea6 skipped due to low value: 0.0 AVAX
[2025-10-11 16:58:16.939230] Transaction 0x382d5c23feafea4b63668d7c655902372997d7e93b343026667ba49f63dc7540 skipped due to low value: 0.0 AVAX
[2025-10-11 16:58:17.041228] Transaction 0xe1181702e4ca37d13718584f23f425fdd28227ce98942f522f57c1f731aa6128 skipped due to low value: 0.0 AVAX
[2025-10-11 16:58:17.509744] Transaction 0x27bed6797d8e434c452fead902331a8e40c473e04eca57d19fc2eca5e930a025 skipped due to low value: 0.1927 AVAX
[2025-10-11 16:58:17.677294] Transaction 0x9c8d01be283e79b0b6be6d4b80357cb5551f98c5515c304efb3bcbbc0c3d0962 skipped due to low value: 0.2466 AVAX
[2025-10-11 16:58:18.028289] Transaction 0x5247f1302e23c13e06295da34d72187757298945076b7f9086ce50c258128249 skipped due to low value: 0.0 AVAX
[2025-10-11 16:58:18.261823] Transaction 0x081c267b820a48cb144983fd04d49ee511c71c06281b0bb99981644b0639d193 skipped due to low value: 0.0 AVAX
[2025-10-11 16:58:18.392818] Transaction 0x5887e74b96cae0ab25ec0b2847cbbf7b36795b31b4752d3c32f9e520a575ddbb skipped due to low value: 0.1265 AVAX
[2025-10-11 16:58:18.493820] Transaction 0x10daca31cfa15bcb134b91ef4b14154978060ab450afb1c132e00ae7cf97f172 skipped due to low value: 0.0 AVAX
[2025-10-11 16:58:18.595333] Transaction 0x6e67e6d385a31985f0caa0d20b14b262585ae3709e701e0d95e13ab4fb5bd518 skipped due to low value: 0.0 AVAX
[2025-10-11 16:58:18.699334] Transaction 0xac2a3beda4bc8f8a79a6f975d95a304e9c5600f45480db95fcff54c03151beb0 skipped due to low value: 0.2422 AVAX
[2025-10-11 16:58:18.800339] Transaction 0x523d413b1ceaf1fefff12561cc0d517efdd4ab98abdf28892b8fadacca04c27e skipped due to low value: 0.1741 AVAX
[2025-10-11 16:58:18.900895] Transaction 0x24c13f13a8314f624a3e4cc14b58b6f730d183d9df930b5f2a05b1994611b67f skipped due to low value: 0.0 AVAX
[2025-10-11 16:58:19.001463] Scanning block 70146531
2025-10-11 23:58:20,261 - ERROR - API returned error for block 64269889: {'status': '0', 'message': 'NOTOK', 'result': 'Free API access is temporarily unavailable due to unusually high network activity. To maintain uninterrupted service, we recommend upgrading to a paid plan: https://etherscan.io/apis'}
2025-10-11 23:58:20,261 - ERROR - Error processing block 64269889: API error: Unknown error
[2025-10-11 16:58:21.474004] Transaction 0x944c98a0c0beac3c65c7fb4f91a449c5af1ef2330a6caa862a12963ba2eb7a4b skipped due to low value: 0.0 AVAX
[2025-10-11 16:58:21.663405] Transaction 0x005a60606d86dfdd3e9759bb78121da066499ecf3067816f66556bd4203e808c skipped due to low value: 0.0 AVAX
[2025-10-11 16:58:21.779403] Transaction 0x9827952f8c26d185f7271e23471ce11d5e18b5335bad6e03ca6ce1a6c5fb9205 skipped due to low value: 0.0 AVAX
[2025-10-11 16:58:21.882403] Transaction 0xad54cad7569d03b688dcba5e748e300079c6aec46d24b30cb2647be6de037f9f skipped due to low value: 0.0 AVAX
[2025-10-11 16:58:21.984405] Transaction 0xf2bb8229657938f163d3902d0651f3e7ab0507f1e7058becd090dfec69427b56 skipped due to low value: 0.0 AVAX
[2025-10-11 16:58:22.084405] Transaction 0x929358e7bef1ad60a5e92dc04b0290d58dd07303f53805ff400974159e9ed0ff skipped due to low value: 0.0 AVAX
[2025-10-11 16:58:22.185402] Transaction 0x3629375101eed883fd7c2ad1356a8e6ecef2bded213881da0297149283819268 skipped due to low value: 0.0 AVAX
[2025-10-11 16:58:22.284542] Transaction 0xb518a901dabf97a7e0084073b7b1113e3be4745a0b6455f1cbd3642e5c165db1 skipped due to low value: 0.0 AVAX
[2025-10-11 16:58:22.384538] Transaction 0x21deed994ab3526e6c6b5a1d7e45f21b9621f5426e18288a76f4dd44f295a73c skipped due to low value: 0.0 AVAX
[2025-10-11 16:58:22.486539] Transaction 0x58e2ff0fac702be00a4e5a638ec475f7de5276bee9262eaaaed26e2625ba96c7 skipped due to low value: 0.0 AVAX
[2025-10-11 16:58:22.586539] Transaction 0xf45e8fe7ad2a667251b9bd223d9d221cba4b35430bba85d68c8248328d05df8c skipped due to low value: 0.0 AVAX
[2025-10-11 16:58:22.744137] Transaction 0x1950dd167446eea8d4d7d6705daf1c02137532981353886a787b73a5918d575d skipped due to low value: 0.0 AVAX
[2025-10-11 16:58:22.847916] Transaction 0x8921b6a04e4152627b39c6161b7c2a7f6f8057cc0af8967afe19023c1202da3b skipped due to low value: 0.0 AVAX
[2025-10-11 16:58:22.960484] Transaction 0x3b6e65102e649af8b2d5527b4dec02133365997f41c7c1643e935e7caaf99e0d skipped due to low value: 0.0 AVAX
[2025-10-11 16:58:23.080473] Transaction 0xe10e2ad85f9ef32e9d24e5f91cbfce944f6ca9437bfe39a38f9de97e6b356523 skipped due to low value: 0.0 AVAX
[2025-10-11 16:58:23.190467] Transaction 0xd98a9f7b81e8120ea29be19307de255c92ff60b0fb29bcbeb8a12b41c2706a00 skipped due to low value: 0.0 AVAX
[2025-10-11 16:58:23.291469] Transaction 0x36f7151c4eebb01711aa9a67916ab179fb01bf8b695450dd341149eb6c439960 skipped due to low value: 0.0 AVAX
[2025-10-11 16:58:23.393470] Transaction 0x2553021918829b808ab5dc40b995e9a4b19a128b7c5a304dc6bd30a1e1713129 skipped due to low value: 0.002072053817599695 AVAX
[2025-10-11 16:58:23.493468] Transaction 0x79e869101f1db9592bfd0998497894b9c184f04e4a8dcb3ac74998e0c7fffe2e skipped due to low value: 0.3146 AVAX
[2025-10-11 16:58:23.595468] Transaction 0x68038ab634a1895c605019762a98eb4df4b81b49bd88b4e07383d50648fdb4d1 skipped due to low value: 0.0 AVAX
[2025-10-11 16:58:23.699467] Transaction 0xf32ae8c31f6e4346efa8c18ca9d4e437581c8a4f44203afb47144cccefe454ca skipped due to low value: 0.0 AVAX
[2025-10-11 16:58:23.800467] Transaction 0x7406f77883aa1b8663dd66ca4b7053f24af63bc339ee22e216cfd0ebc5e26c9e skipped due to low value: 0.1934 AVAX
[2025-10-11 16:58:23.902477] Transaction 0x1331432475268d7575ea77a5806677fa1105cc6fc7ba1df460df00968a26afeb skipped due to low value: 0.0 AVAX
[2025-10-11 16:58:24.004267] Transaction 0x26fe6151440cdd5d2a8cd49caa22a8b47142873d699013a94829b74db97efcd2 skipped due to low value: 0.0 AVAX
[2025-10-11 16:58:24.105279] Transaction 0x79f19584d8038ef12d1dce835dae6a61dabe9b5329f7d9532325f9fd0a3d8345 skipped due to low value: 0.0 AVAX
[2025-10-11 16:58:24.489266] Transaction 0x25cdb8b47c1787f16f9cbf335f9f18702041b988286501aebefc791f7105f961 skipped due to low value: 0.1243 AVAX
[2025-10-11 16:58:24.914266] Transaction 0x290605eef4ce31de5729d3d228661c920884ddfe0ccd8ee915dde03bc9a6b3a1 skipped due to low value: 0.2844 AVAX
[2025-10-11 16:58:25.041266] Transaction 0x03d2752faf9904cf0394b2cd986b0f4c6935d8ac6707d044a29da89538cf3d3d skipped due to low value: 0.0 AVAX
[2025-10-11 16:58:25.141266] Transaction 0x3e70ad7c11639956400dc5b510bd28e2bfb3a2b196b0f855a510ac569e078bea skipped due to low value: 0.0781 AVAX
[2025-10-11 16:58:25.240268] Transaction 0x18d883985ae3ab65c42e9dde04a8f3d90219841df38f5b5b1ba7c5c65c60b391 skipped due to low value: 0.0 AVAX
[2025-10-11 16:58:25.340266] Transaction 0x47507fa477b3cb787a4fd9e7b3a4c9d54b582c555b240e08de49becafdd1de82 skipped due to low value: 0.2796 AVAX
[2025-10-11 16:58:25.442271] Transaction 0xead3d5ed29060aa9cc8df54459f3cf5ec83bdacf59ee0b57c3259531fe57b27c skipped due to low value: 0.0 AVAX
[2025-10-11 16:58:25.543266] Transaction 0x4086c35db78a5b4a8b2e53a26fc585c00a75dcf4ff4620fd71ea4214734f56d8 skipped due to low value: 0.1585 AVAX
[2025-10-11 16:58:25.644265] Transaction 0xfca10ef57a8caa137727d72008be2f861b9cb4f2ac167a91501df89ce747e58d skipped due to low value: 0.0 AVAX
[2025-10-11 16:58:25.746266] Transaction 0x467c2343a2af10d01b74591db9135165930cf4f72efa846889c0225387ebc447 skipped due to low value: 0.0 AVAX
[2025-10-11 16:58:25.846266] Transaction 0xf6577221f3f3e2150649f4185978967b7a4eb78be4cf1df91bd2c43010d94b95 skipped due to low value: 0.1167 AVAX
[2025-10-11 16:58:25.967263] Transaction 0xa5f5c1f18f964ec0bdff0877e34ddd8400e65ca07874925d524baaa1840f5b55 skipped due to low value: 0.0 AVAX
[2025-10-11 16:58:26.069266] Scanning block 70146530
[2025-10-11 16:58:28.176091] Transaction 0xff689880333063325d00bdfaa8fb069a8ce64a4fcfbffcb98ad7458d2e179713 skipped due to low value: 0.0 AVAX
[2025-10-11 16:58:28.353583] Transaction 0xce419cb1bac2976f1d11fb9d42353f37c40ef575de9f22eb329d2c1994f91246 skipped due to low value: 0.0 AVAX
[2025-10-11 16:58:28.506330] Transaction 0x7519f1071100e202740b834ba14d141757c4481872d4b4710e26a53b9842c7ff skipped due to low value: 0.0 AVAX
[2025-10-11 16:58:28.607335] Transaction 0x52e32b5f8799453f6c88ec17fc6535277ffdc3dfccfb2e1ca92a34faefc1fb64 skipped due to low value: 0.0 AVAX
[2025-10-11 16:58:28.707333] Transaction 0xc8cc9e572b9c4a7f2d1c461ed473aeb2c8a692edcb6b1c84498fc0631b56776b skipped due to low value: 0.0 AVAX
[2025-10-11 16:58:28.807333] Transaction 0x66f6e8fe1697940a0c9f94a3a44a18de0fc3882b55da4b8e6cb097bbc0537517 skipped due to low value: 0.0 AVAX
[2025-10-11 16:58:28.907331] Transaction 0x1f8ab1b6f15be0482fc30687e38adc00674c26bd23de29bbf87de0a696fc70ed skipped due to low value: 0.0 AVAX
[2025-10-11 16:58:29.008330] Transaction 0xc928c45de482697e2916125f7291a18a030e778515c18c029d4fdd934216b664 skipped due to low value: 0.1347 AVAX
[2025-10-11 16:58:29.111333] Scanning block 70146529
[2025-10-11 16:58:31.098820] Transaction 0x5bdbdd0738a246f95b2c476fc11622173d8ad36fa76beb2117ab248567c724b4 skipped due to low value: 0.0 AVAX
[2025-10-11 16:58:31.273807] Transaction 0x9fbdb2ffe5d7067be728bac42bd382a2a1ffeef070ef4cdf0272c4fb242bf858 skipped due to low value: 0.0 AVAX
[2025-10-11 16:58:31.380804] Transaction 0x5f3bc6a17ec48eb134a7218464f34f4ae02f322cbddb299f18e56c6720a68a9e skipped due to low value: 0.0 AVAX
[2025-10-11 16:58:31.480803] Transaction 0xea9d9fbcba4746fd6f77b0da3975ca3a1c1922a7b479ba1d4134fcdb923c5fba skipped due to low value: 0.0 AVAX
[2025-10-11 16:58:31.581808] Transaction 0x0f85fb26db0cfd5cf00fd6ea01a93f42ada7fa98081fc22990ed631c2b5b2244 skipped due to low value: 0.324 AVAX
[2025-10-11 16:58:31.682804] Transaction 0x20960e24e1ecb0a452853f1829abea10d9c06c87a0e5051d07e2df73fee67d3d skipped due to low value: 0.0 AVAX
[2025-10-11 16:58:31.783805] Transaction 0xf7e2e39985775337933e43305e42db18516f5f8f5418c64cea82a01df0d445f9 skipped due to low value: 0.0 AVAX
2025-10-11 23:58:31,786 - ERROR - API returned error for block 64269884: {'status': '0', 'message': 'NOTOK', 'result': 'Free API access is temporarily unavailable due to unusually high network activity. To maintain uninterrupted service, we recommend upgrading to a paid plan: https://etherscan.io/apis'}
2025-10-11 23:58:31,786 - ERROR - Error processing block 64269884: API error: Unknown error
[2025-10-11 16:58:31.885807] Transaction 0x2a36091152890386d65256bb7366d8b9eca945e4617f03b3389b315318ba23c2 skipped due to low value: 0.0 AVAX
[2025-10-11 16:58:31.991806] Transaction 0x4e304bb94bb681e339c9123f57f14456fbf5d70fe15f453cb8785cb592fc38cb skipped due to low value: 0.1824 AVAX
[2025-10-11 16:58:32.094320] Transaction 0xbf38d07e206182d47e9911d2ae0a131935c31dd9495c169c9bac12097e5f4716 skipped due to low value: 0.0838 AVAX
[2025-10-11 16:58:32.195317] Transaction 0x2e223cc1ddbca73e086ca5494d3b0485b3f97d109b0e50094dd5a21a980c6292 skipped due to low value: 0.0 AVAX
[2025-10-11 16:58:32.296316] Transaction 0x2efcf2529427ac5a813a833772a1273711fe4446fe935c28f6357b4d43d3053b skipped due to low value: 0.3283 AVAX
[2025-10-11 16:58:32.398317] Transaction 0x09072c1ef89995e73c1d20419705465db338658316720c74cfc1b49651974075 skipped due to low value: 0.0 AVAX
[2025-10-11 16:58:32.515322] Transaction 0x38efe552ed6b791fa47fd326f7dc40595b20916e88a69827f94f2545be71ea2d skipped due to low value: 0.2433 AVAX
[2025-10-11 16:58:32.614839] Scanning block 70146528
[2025-10-11 16:58:34.557974] Transaction 0xc97489c82b2ec8664b72f3d1c4a85d82159efca4278077a5179a8cb58a3f4627 skipped due to low value: 0.0 AVAX
[2025-10-11 16:58:34.660973] Transaction 0x39eec82c0c2121f1a5956421b52e89e274c1857b4e2238a1acab6300978010ea skipped due to low value: 0.0 AVAX
[2025-10-11 16:58:34.762974] Transaction 0x44bb5a91573160530a16293aaa386400d06d155a922779df191e32028b9b1243 skipped due to low value: 0.82 AVAX
[2025-10-11 16:58:34.863974] Transaction 0x2db783832734f81fec256f17d36cbe9c72631b7afe0701b9b8a0350ae9240c5d skipped due to low value: 0.0 AVAX
[2025-10-11 16:58:34.965973] Transaction 0xdca9cf36bad5bb7762af13af8cf87c8cef0eb97a22b1abf689ccec5eb6f0a433 skipped due to low value: 0.0 AVAX
[2025-10-11 16:58:35.067974] Transaction 0xd1792e773ceb742be405ea4fcfa427869a7b17f2e9d0f03ed89cf474400181cb skipped due to low value: 2.1101526995979194 AVAX
[2025-10-11 16:58:35.168974] Transaction 0x8beca7b3aa09d5918b33cdcdec9fd57d5b97eeebbaafeb93d22dda305619af5e skipped due to low value: 431.22199846383336 AVAX
[2025-10-11 16:58:35.270509] Transaction 0xb453276137c63497f0e629b55d80926665b1a0caf60a10fda571af75d7d2c8b2 skipped due to low value: 0.0 AVAX
[2025-10-11 16:58:35.372508] Transaction 0x88fc4fc4c5054ce95d13390ab015465d0a5ed6bc82b77bf39b3a02a230d347a9 skipped due to low value: 0.1395 AVAX
[2025-10-11 16:58:35.475509] Transaction 0x2ce74960b4e045ee51c19f9c403c6a60f21bffe3858ca9da75bf8644b7174177 skipped due to low value: 0.0 AVAX
[2025-10-11 16:58:35.576506] Transaction 0x4b31406ff0da6e1f28853355b108b268d3722fa813699ca2db20423c69357878 skipped due to low value: 0.1684 AVAX
[2025-10-11 16:58:35.678510] Transaction 0x4e6b1b8cbb6702bc385953496194c684e775865f5b575d1a0748b8ee74da4830 skipped due to low value: 0.0 AVAX
[2025-10-11 16:58:35.779509] Transaction 0x4f758841ac43dac993fe43e8fe7084b4cfe5fcb4b35c041bfdd00a93c10771a0 skipped due to low value: 0.1018 AVAX
[2025-10-11 16:58:35.884551] Transaction 0x4cbe3349afd7e75811b2c4edc46834716dc85ba739ef975f6399b3fd5f3692c7 skipped due to low value: 0.0 AVAX
[2025-10-11 16:58:35.996512] Transaction 0x0dcf93d2f2914c3068ec116cc49f084583168ebc8639aaa969998f5a38093f3c skipped due to low value: 0.3028 AVAX
[2025-10-11 16:58:36.097508] Transaction 0x7eece412b02c314a4dab93938cc3c7b7c90b5048fdd2872a1b685bc6b6cf753a skipped due to low value: 0.0 AVAX
[2025-10-11 16:58:36.227504] Scanning block 70146527
[2025-10-11 16:58:37.829748] Transaction 0x55aff616e6d6508109fdb21082f15309c7b603cc6642ffac5fdbc17f03cee4e0 skipped due to low value: 0.0 AVAX
[2025-10-11 16:58:37.969750] Transaction 0x438c30d180a8f064447ef9fcaab00813f9800ce2569b8c67ca00d629ad0d3d39 skipped due to low value: 0.0 AVAX
[2025-10-11 16:58:38.077750] Transaction 0x4e0ec2ac5dd6639e0dcb9aa0d6f03c1b8d6d0e71ded3ce34f719295177e8b911 skipped due to low value: 0.0 AVAX
[2025-10-11 16:58:38.179751] Transaction 0xb00192788d2f28546990241e461a86b7c3fc8328908bcaab671f43874a628a4e skipped due to low value: 0.0 AVAX
[2025-10-11 16:58:38.281752] Transaction 0x5f870c6147baf3b985ca35ac143980319544cae94578ef3c98174bbd008949a9 skipped due to low value: 2.56 AVAX
[2025-10-11 16:58:38.383748] Transaction 0xf4d0f823fe378c713f733cd6107b60573a6a87a281870070d563a5c23f7453e5 skipped due to low value: 0.0 AVAX
[2025-10-11 16:58:38.483748] Transaction 0x5c1ec73998ecae44b85591fd01a10504be208330cd3f1347ec7b41643b124824 skipped due to low value: 0.0 AVAX
[2025-10-11 16:58:38.585748] Transaction 0xc96880a0503dea0d088fdeed2503755662f00b5a7886a0be828fb9db3cc78cfc skipped due to low value: 7.684074778e-05 AVAX
[2025-10-11 16:58:38.687753] Transaction 0x23531b67de25ef93d14295f09f69d48cc4ce6358b30d83a6a614e17788473f29 skipped due to low value: 40.144199027673956 AVAX
[2025-10-11 16:58:38.788751] Transaction 0xb9bf0558b01c745e9655c8c80aded2373105f126f428482291fcaa0a881580c9 skipped due to low value: 0.0 AVAX
[2025-10-11 16:58:38.888748] Transaction 0x033f15d377a85a4945eb2412fa530aead704cd046a1bf270a19af5141bec4ddc skipped due to low value: 0.0 AVAX
[2025-10-11 16:58:38.996750] Transaction 0xe6f725bebd59a8ad266a1ae6be99665741e78abce926c67a9d430ceabaae6022 skipped due to low value: 0.0 AVAX
[2025-10-11 16:58:39.099750] Transaction 0x45e8fcaa26e01afe3f957c40af9eff3d48e9e059b23f65a069e9aad27dad4281 skipped due to low value: 0.0 AVAX
[2025-10-11 16:58:39.245749] Transaction 0xdf26def5b18b5fce5299ceaae20806f749e48c5949ac2b82577a41be21eca0e8 skipped due to low value: 0.0 AVAX
[2025-10-11 16:58:39.346752] Transaction 0x375ac460c5bfba686ae8ecfb835648a917374b31c6dc228a4cd1d95d07225e2e skipped due to low value: 0.1484 AVAX
[2025-10-11 16:58:39.448762] Transaction 0x4a8d8988ee65cb4104aeb086643c61d930f42adc4c61da77e9455253b61a980d skipped due to low value: 0.21 AVAX
[2025-10-11 16:58:39.550226] Transaction 0xc19eaa34f06d6c3bfa43a4329e5e494dbeb434d326b4dfabc84b1e55aad183e6 skipped due to low value: 0.0 AVAX
[2025-10-11 16:58:39.651044] Transaction 0xa2729f3ae22af3a981dc25cad29f8b8c2363a7f29237218d8c2acb58ea803d64 skipped due to low value: 0.0 AVAX
[2025-10-11 16:58:39.752157] Transaction 0xc9089266db287f2133eb14adbb451a7a3eaec8e4f3e6f4a9d359c9e07614a5c4 skipped due to low value: 0.2231 AVAX
[2025-10-11 16:58:39.853155] Transaction 0x3314a0272af012c1e9c3a074e1c285881e568e0f8690bbb36fdf6ed73ff4f9cb skipped due to low value: 0.0 AVAX
[2025-10-11 16:58:39.953980] Transaction 0xbd477a14c9f66423ea75ac1e745f9ecf58b6ed700038f7841a19ddc8db7cf948 skipped due to low value: 0.0 AVAX
[2025-10-11 16:58:40.055979] Transaction 0x8cb38913dc82e782f90bff09eb7b72860a5d3f78048ed1149646a308b37be911 skipped due to low value: 0.0 AVAX
[2025-10-11 16:58:40.180980] Transaction 0xc242d3b57fd42acf6ac53c710dc12000c1aa5c95c75a092641f8e73250c1df14 skipped due to low value: 0.0 AVAX
[2025-10-11 16:58:40.281993] Transaction 0xdc81f601fbd37f05c975ca8e793f5187f8fe92c0beab7a7c7d570b08dccd02e5 skipped due to low value: 0.0 AVAX
[2025-10-11 16:58:40.381440] Scanning block 70146526
[2025-10-11 16:58:42.432847] Transaction 0x3c347128332c3b7195fb6163dab9933591c1cfbfe4d3f8f9df0c5795125cf6ad skipped due to low value: 0.0 AVAX
[2025-10-11 16:58:42.532834] Transaction 0x13885f73bba5c396bbad5ca8b687bc5fd6472325a386b96428578b3e23fb8eeb skipped due to low value: 0.95081466 AVAX
[2025-10-11 16:58:42.634834] Transaction 0x1b1960c3d231f3b64445ad36bbbfbce2c1ce9b1360c0fb7acd56e0024a9396fe skipped due to low value: 0.0 AVAX
[2025-10-11 16:58:42.734853] Transaction 0x046d2b2a0b3f6371e186dbdc94a09a40f45188e320660d12fa2e9a3d97bb9451 skipped due to low value: 0.0 AVAX
[2025-10-11 16:58:42.833850] Transaction 0x61b82c8012903c8eecc09c94de30e456b8ea060f641951a13c859b2b618039b3 skipped due to low value: 0.2084 AVAX
[2025-10-11 16:58:42.935514] Transaction 0xebb77a0c6b5b524543fc9fd6771888bc11be18b95e91d0236e3d4e6a941dff6e skipped due to low value: 0.0 AVAX
[2025-10-11 16:58:43.038798] Transaction 0x209aae7b663f3cb82a25c3cf5b192772546ac362abaa3b64e8f60ff1aef6c834 skipped due to low value: 0.0 AVAX
[2025-10-11 16:58:43.143958] Transaction 0xa4813812a93263222278fc78972c450c006dcabd75de7c6682a978aa49f7dcc1 skipped due to low value: 0.0 AVAX
[2025-10-11 16:58:43.249074] Transaction 0x24120507a3f62e847451cb10ab73fc82ef79021703f15c7d1e857436e086c814 skipped due to low value: 0.0 AVAX
[2025-10-11 16:58:43.350074] Transaction 0xd6c03d7a09d22f2e59836a414b49f1a00c5915d2ad9824cbf9a6a679354682e3 skipped due to low value: 0.010926573426573428 AVAX
[2025-10-11 16:58:43.451070] Transaction 0x6a9464ba24615f11fb04c9d703e9a7b4f7af70d75dd1c2c768f21f5eeef9c97e skipped due to low value: 0.0 AVAX
[2025-10-11 16:58:43.550073] Transaction 0x19bbcc15a68a05f623b44be479b9bb0b841e6d4cf6fe5173945d2e03660c17b3 skipped due to low value: 0.0 AVAX
[2025-10-11 16:58:43.650070] Transaction 0x53a830d00d2cfb11c1cc34179670f7037fb776e5452eed2b221a3564ff24fca2 skipped due to low value: 0.0 AVAX
[2025-10-11 16:58:43.752406] Transaction 0x63caf40376d77e927d5d7dbca733100e88964115b2d82b48b9f507fda7d6d140 skipped due to low value: 0.0 AVAX
[2025-10-11 16:58:43.854400] Transaction 0x643bf7de21186012908f3cfb0c2bd6f19fc49da244a23d3135f811a934fdbaa0 skipped due to low value: 0.0 AVAX
[2025-10-11 16:58:43.954281] Transaction 0x599dd639b8d54f84f7c280f1b6d7af6381716547ccb34a1ec40093d1c5101434 skipped due to low value: 0.0 AVAX
[2025-10-11 16:58:44.054295] Transaction 0x7aa46b9aca73e90bd3a5d17895c6ed4e9606640c65863a2d90809dfd066fa86c skipped due to low value: 0.0 AVAX
[2025-10-11 16:58:44.155282] Transaction 0xa8b39e661d53ccf8044d7580c307b33c81c90e6936e3e7a01f1443e619bc9e5a skipped due to low value: 0.1078 AVAX
[2025-10-11 16:58:44.309065] Transaction 0x059000c6a3207167c717db1cdda8d6bed0327d23188ec8fc67e7bf0941a2bf61 skipped due to low value: 0.0 AVAX
[2025-10-11 16:58:44.410635] Transaction 0xd7678b8a3de7c3abddf2e252a189b5ded23ee7a773356cd9ea6d492a0e011113 skipped due to low value: 0.2305 AVAX
[2025-10-11 16:58:44.509679] Transaction 0xf79b9f9bf84a33c0680f7930b8a5888a63452a26791117d235dbbb7a2896e1a2 skipped due to low value: 0.0 AVAX
[2025-10-11 16:58:44.610266] Transaction 0x3e51fcf0790c00b39997f92f6fdafb002ad05b46a7b0d3a07a05dd41b48044df skipped due to low value: 0.1566 AVAX
[2025-10-11 16:58:44.710898] Transaction 0x24f481794eeccd3f30f3cd8cf06bead9721a3649d6fe878b7bd636b2caa334c8 skipped due to low value: 0.1969 AVAX
[2025-10-11 16:58:44.817696] Transaction 0x2d57a8a695a30b9f52b9dc21237f689606826d863ea5aa3bb200ad444d87b20b skipped due to low value: 0.0 AVAX
[2025-10-11 16:58:44.919306] Transaction 0xa3e8d6f68d689e8fdfb8dac146b4ba005e75ac9e7d83e53f9d735e8e6642cfdf skipped due to low value: 0.0 AVAX
[2025-10-11 16:58:45.024316] Transaction 0x5c54d996cdf0f45a35f6c397b84f67ed444fb3668cecfcadd466508b05992f19 skipped due to low value: 0.0 AVAX
[2025-10-11 16:58:45.125317] Transaction 0x83eae3a26e0ebd048b7cd372ab0d5ef3ed8aa7006c143a862e3a57ead6032cba skipped due to low value: 0.1223 AVAX
[2025-10-11 16:58:45.244322] Transaction 0x6f0f42a4d70b7ec82fe816f512280df84d13a0204fa12e4ba36e0dc25652e093 skipped due to low value: 0.0 AVAX
[2025-10-11 16:58:45.342335] Transaction 0x17dbff01d0b83d51c5183cf9cf07342a36fec0d8ddbe2b55dc52993e5f5cbde7 skipped due to low value: 0.1106 AVAX
[2025-10-11 16:58:45.443796] Transaction 0xf8427787cb71f09e82859b1e20d311a7e0ee8a9bd9e37c4941e5dbff1b54ae1c skipped due to low value: 0.1005 AVAX
[2025-10-11 16:58:45.545029] Transaction 0xa320c49d3ded56d7dd0d0f69d3021bb5e061b82acd46e76c6b88be9e1e5b0f63 skipped due to low value: 0.0 AVAX
[2025-10-11 16:58:45.646028] Transaction 0xfebc88eeebb24917190e166b5af278f89a5a87823c147c91e510537b4d54756a skipped due to low value: 0.0 AVAX
[2025-10-11 16:58:45.750014] Transaction 0x05100f00167b803778d622ff1132d4dba0c82a18697e56ed5c5943b42a7cf57a skipped due to low value: 0.0 AVAX
[2025-10-11 16:58:45.851009] Transaction 0x653feaacd4232ee09925ce490f53c003e2d0ce322a70f16e25b832532ff1f450 skipped due to low value: 0.0 AVAX
[2025-10-11 16:58:45.952016] Transaction 0x28dbdebf511e3f2deb0b804e693d0ddf9993d156a6bd6ba576720fe1524b412e skipped due to low value: 0.2855 AVAX
[2025-10-11 16:58:46.053015] Transaction 0x84edb692cac7fc44a48e852cc70b03a91db54519b8b218e7932650630e7bef91 skipped due to low value: 0.0944 AVAX
[2025-10-11 16:58:46.166025] Transaction 0x0622c44139e0bec9f1492061875853b341c2b9dbbf16d1996aa5e19407e22d59 skipped due to low value: 0.0 AVAX
[2025-10-11 16:58:46.282966] Transaction 0x6ee9f2f4e1e9e6cc8d5b66bb3df0fea68ed341ddffdd45c904d24f8e7e8e194d skipped due to low value: 0.0 AVAX
[2025-10-11 16:58:46.388243] Transaction 0x2fef3df45ba03e1b6972b115d390d97e002be855109d15f1359a0b2712e54ba5 skipped due to low value: 0.0 AVAX
[2025-10-11 16:58:46.492242] Transaction 0xdde247bee9b4bcce5b55b3d74dccf8e78ab64b036276431abb2617d7dbd61f1b skipped due to low value: 0.1694 AVAX
[2025-10-11 16:58:46.593243] Transaction 0x45fccfb6729cf22f7b9daa00c1110267b9d442579d34ffe88439b8db34719ad2 skipped due to low value: 0.0 AVAX
[2025-10-11 16:58:46.694244] Transaction 0x5065a40deecb1793e1c213ae2790f170a249973230747499326ac54e65285128 skipped due to low value: 0.1568 AVAX
[2025-10-11 16:58:46.796428] Transaction 0xd402ea95469afbca61529936bc904c3e7d04dd28360e15da375efdf3701840d5 skipped due to low value: 0.0 AVAX
[2025-10-11 16:58:46.899336] Transaction 0x2ff1216b9878524517088e4d973aaef586cba321469517232b934346f141b818 skipped due to low value: 0.1697 AVAX
[2025-10-11 16:58:47.004334] Transaction 0x30db6aea6961be5c01a8b6763260ef26f2060817f1e77b0bd052238987475bb8 skipped due to low value: 0.0 AVAX
[2025-10-11 16:58:47.107334] Transaction 0x7879ad8e3ee9d1fc12e753db8990c53c5dc5872e0110199684488db923b6746a skipped due to low value: 0.2912 AVAX
[2025-10-11 16:58:47.210878] Transaction 0xea93835c60ef02e1e51dffdc03ff5ebf6445206ac19e02ec788c3f243df5136c skipped due to low value: 0.0 AVAX
[2025-10-11 16:58:47.311915] Transaction 0x5348320a040f18c42945d9e473111a6e3a387f29282ed0547c1a8262aad43c12 skipped due to low value: 0.0 AVAX
[2025-10-11 16:58:47.422658] Transaction 0x3f6d994ae68a64e9e33a4086672a7ac9b16113c1256aeb13e205238511710e4b skipped due to low value: 0.2248 AVAX
[2025-10-11 16:58:47.523843] Transaction 0xf2a4b07022741ca8489dfa2f18b33fba817ef1845d58669ef10aaba837a46846 skipped due to low value: 0.1179 AVAX
[2025-10-11 16:58:47.624850] Transaction 0xd0bec13a271a711fb7c1d344367d93ef6ec2e5428b866cfc67056d11e1e72ee0 skipped due to low value: 0.1728 AVAX
[2025-10-11 16:58:47.727848] Transaction 0xeea3fd3a3463797476cb0afe7a26b6e07e6d5f8299ac480b69bd6b4299819fb4 skipped due to low value: 0.2336 AVAX
[2025-10-11 16:58:47.829845] Transaction 0xfebb735275a32c92c03d58f7040f8d223b58a84beb5a96ed951bf6316f90534b skipped due to low value: 0.0 AVAX
[2025-10-11 16:58:47.982847] Transaction 0xe4f36c145f5298fb64a194f3596fd891ccfb369a69b87e6b27a259622c7beca0 skipped due to low value: 0.0 AVAX
[2025-10-11 16:58:48.083848] Transaction 0xb7e9f6e19f3b43c7a106a7ef063b38e4e647efb1b7a432ee8e90b8e82dff6254 skipped due to low value: 0.1113 AVAX
[2025-10-11 16:58:48.188857] Transaction 0x1a119160657070b5e50b8eac0d08f23fc7a1743d9ac003a8803f3bd6850357e5 skipped due to low value: 0.1702 AVAX
[2025-10-11 16:58:48.297851] Transaction 0x9ef0c26b809bb36db36d7cba96c054821a7548ef0cc31e49a4dda153099ccf85 skipped due to low value: 0.0 AVAX
[2025-10-11 16:58:48.403785] Transaction 0xfa1e55bbdba929cecd6a07377797db1f312fa2bdde88725cf811c1333f5cc9a8 skipped due to low value: 0.0 AVAX
[2025-10-11 16:58:48.505068] Transaction 0x6cf31cb0b35f9ccf9f3109c79c47528108d61f156fdd9aa5bf2734e4f3a8c527 skipped due to low value: 0.3058 AVAX
[2025-10-11 16:58:48.605079] Transaction 0x6fb46b66906241ffd01a6e156657e942954e2e1842c6c147e5b049c7c65a067b skipped due to low value: 0.0 AVAX
[2025-10-11 16:58:48.706083] Transaction 0x926d3199ec0785f17a5b4a812dac6586ca7d45864a09d11e9fd8baf806e386fc skipped due to low value: 0.0 AVAX
[2025-10-11 16:58:48.808082] Transaction 0x6ceafc0fd2a2a5050564de0ca2b4af24b68004d804175a97b4cedcb81db936ac skipped due to low value: 0.0 AVAX
[2025-10-11 16:58:48.908100] Transaction 0xcf49f2fb208dacc23959008cd8f18fba06ce6e5259eb4e06e6326d630eada496 skipped due to low value: 0.0 AVAX
[2025-10-11 16:58:49.009418] Transaction 0x10bac6fae9ab0510b24f5f6860ee159b2e36bc18d3c5b880c93f4f9b27bd8531 skipped due to low value: 0.2642 AVAX
[2025-10-11 16:58:49.109648] Transaction 0xa9f5a18d262353ea1a3eca91b81699314afab99059d85d4ef7842036cd148d50 skipped due to low value: 0.0 AVAX
[2025-10-11 16:58:49.262426] Transaction 0x0f94ee95575ac6787093573b6f057c389d33bb07796dbebadd1cbe074718223f skipped due to low value: 0.0 AVAX
2025-10-11 23:58:49,277 - ERROR - Error processing block 64269880: HTTPSConnectionPool(host='api.etherscan.io', port=443): Read timed out. (read timeout=10)
[2025-10-11 16:58:49.364369] Transaction 0xc631cfde0687131803483cc3e8dcbeb5689cf4f72c9760b988342f424407e2de skipped due to low value: 0.2472 AVAX
[2025-10-11 16:58:49.464387] Transaction 0x19d2ddde94716df230f886c4e69baa1484929a1d59282486593e6fdd66f4736b skipped due to low value: 0.1682 AVAX
[2025-10-11 16:58:49.566367] Transaction 0x5688cea9c0b47b569381795f78358b575d5a77c04847bb7f093ed038d72c6425 skipped due to low value: 0.0 AVAX
[2025-10-11 16:58:49.667371] Transaction 0xd8e3bb72312ab4aa4dc47498f3994758a0b1519d413e0ef8f7d1fc9602b76408 skipped due to low value: 0.2495 AVAX
[2025-10-11 16:58:49.766369] Transaction 0x6c10783a2f7290e631b03ad67db37ee55786cc08326f070a842809ca7ccb89e7 skipped due to low value: 0.0 AVAX
[2025-10-11 16:58:49.867372] Transaction 0xe850a3c8292c6ef24146c249ddb77a471a1663893c6615ecd4fb773513630c1d skipped due to low value: 0.0 AVAX
[2025-10-11 16:58:49.968374] Transaction 0x794cd10b33116488ef43932eb565e7e01988a5f1c41979609a0cb729e8d9853c skipped due to low value: 0.0 AVAX
[2025-10-11 16:58:50.073368] Transaction 0x66dcacc234d8c3a2647b2ffcf037f583e8a7726edd63d22c68dcd2172bc0abb2 skipped due to low value: 0.0 AVAX
[2025-10-11 16:58:50.175669] Transaction 0x7a074c08f4377b1747edcdc0dd3435f4809bd8124b3f88262b87db9ea95da1c5 skipped due to low value: 0.0 AVAX
[2025-10-11 16:58:50.293888] Transaction 0x3483ab2353d8997a8a0151d1a5b979f9b0c4a222d184407082ac57e1e88eef36 skipped due to low value: 0.0 AVAX
[2025-10-11 16:58:50.399907] Transaction 0xe2f9193af6f4d9429d28b6ed7fa1c419f7102e5f482303b49af91be485da9f00 skipped due to low value: 0.0 AVAX
[2025-10-11 16:58:50.501889] Transaction 0x397e670c6bad9fb44bfecd962351e59b3e6634535aba9028da07f87413f06378 skipped due to low value: 0.1489 AVAX
[2025-10-11 16:58:50.600890] Transaction 0xc2ad2afb1cb075240932f275af26778ca926238ae0753bb9fcf84b571e6e7925 skipped due to low value: 0.0 AVAX
[2025-10-11 16:58:50.701937] Transaction 0xf9af95d0f079a484a4a80d9161f73e891ba3352f782e7c81c75ead69d3556ed5 skipped due to low value: 0.0 AVAX
[2025-10-11 16:58:50.802750] Transaction 0xd856a498c38e468d863334edf0bcfe587ff3897d8e8f08dcff44bf4c5cd4c89f skipped due to low value: 0.1297 AVAX
[2025-10-11 16:58:50.961969] Transaction 0x1192e9d8b3f143359aabbf2fb575f110082df022b7f2bc1fe2e91f6fffb750ec skipped due to low value: 0.0 AVAX
[2025-10-11 16:58:51.065779] Transaction 0x520d27789e02fb2869f4176829fc287f893b14133543dab9ab1ac5205012bbef skipped due to low value: 0.1872 AVAX
[2025-10-11 16:58:51.165778] Transaction 0xee32d04b9376a1b2f295f81a2db7832498bee013dca6e42aa7655805d4df1e7c skipped due to low value: 0.1315 AVAX
[2025-10-11 16:58:51.281651] Transaction 0xf35e6fbb1fa5b6d8097c601170a445de5c38b199c8c8d5ced70bad810be519fb skipped due to low value: 0.1319 AVAX
[2025-10-11 16:58:51.382648] Transaction 0x5ae3144968f974e286253463e9295349148d92d185fd95c765f7c40742aea30a skipped due to low value: 0.1795 AVAX
[2025-10-11 16:58:51.484648] Transaction 0x848f28292d064e4e63d88386dd60db49332571bbf23d277426d8f8cb7f236168 skipped due to low value: 0.0 AVAX
[2025-10-11 16:58:51.585653] Transaction 0xb21fd14c4f7842163e5c02ba6fe73e1a2460513bf56865920ec8b501626453cd skipped due to low value: 0.2964 AVAX
[2025-10-11 16:58:51.687669] Transaction 0x6515306429fbc533be8a966a34bb87000b7f369622672fe662026d12d09258ef skipped due to low value: 0.1453 AVAX
[2025-10-11 16:58:51.788652] Transaction 0xd27be4fbb8b7df7cdf510b3f74c9f66f5e5ecd141fb572961c6313f53c01f59a skipped due to low value: 0.0942 AVAX
[2025-10-11 16:58:51.888651] Transaction 0x9a2aed1f7c55db20d791d4bdac5788e9dbd94bdbba083913933bd11e2fb2c353 skipped due to low value: 0.1505 AVAX
[2025-10-11 16:58:51.991649] Transaction 0xae51c26c2798913279a84e8d04fc827b2da096196fe8cb84c7d28fed7d69683e skipped due to low value: 0.0 AVAX
[2025-10-11 16:58:52.094679] Transaction 0xecabbee61866773da8bd2250b8cd14709229254f0b7b7e56c0664153824b4dba skipped due to low value: 0.1191 AVAX
[2025-10-11 16:58:52.200677] Transaction 0xf052061f402cb7eec4a8a688c3319da267e9d9e093232d929561263e037e09fc skipped due to low value: 0.1954 AVAX
[2025-10-11 16:58:52.346651] Transaction 0x6517a344de751bc4ded96bc6bd580449aec0d87bdf3c619dbdfaf0579d801f01 skipped due to low value: 0.0 AVAX
[2025-10-11 16:58:52.447651] Transaction 0xe554b877bed6160d1efe969f0f4013bffc96ccead03c3249c63e32a4c3ccc54a skipped due to low value: 0.2559 AVAX
[2025-10-11 16:58:52.547495] Transaction 0xd25c974c000163e06699d724bdfc1240a2b55a91da2c385e096e4b2d78d7de3a skipped due to low value: 0.0 AVAX
[2025-10-11 16:58:52.649004] Transaction 0x7bf24700a88e16507040527a0e3e0a6213b1fea76aadf50ee422037182db8f48 skipped due to low value: 0.1646 AVAX
2025-10-11 23:58:52,665 - ERROR - API returned error for block 64269878: {'status': '0', 'message': 'NOTOK', 'result': 'Free API access is temporarily unavailable due to unusually high network activity. To maintain uninterrupted service, we recommend upgrading to a paid plan: https://etherscan.io/apis'}
2025-10-11 23:58:52,665 - ERROR - Error processing block 64269878: API error: Unknown error
[2025-10-11 16:58:52.749278] Transaction 0x662b502283900078500346e3aa8d978651b8368d18768ef77013a430b7696248 skipped due to low value: 0.0 AVAX
[2025-10-11 16:58:52.851081] Transaction 0x7f0db8f0e912c8957a9b0fc0b1b50ed7ba23a2e35a3127894181536078928b2e skipped due to low value: 0.0 AVAX
[2025-10-11 16:58:52.958074] Transaction 0x80f277af70dc9c27bf495c359c986ed733cd15c6d43301b891c085c2e443b4ee skipped due to low value: 0.2706 AVAX
[2025-10-11 16:58:53.071073] Transaction 0xdce967edd8da0aa2ca5c6a3a42ae4f38713616045e7b20ad8251d57a2988cfb0 skipped due to low value: 0.302 AVAX
[2025-10-11 16:58:53.176070] Transaction 0x3b6aaa74c6158fc34cd682669e1f982d2defe769e986e89644540855e39d1e82 skipped due to low value: 0.0 AVAX
[2025-10-11 16:58:53.283074] Transaction 0x4a34120b755aeb027a7f1d7b11d49902fdce257a59ba43a5a37ab60e91c4f515 skipped due to low value: 0.0 AVAX
[2025-10-11 16:58:53.388070] Transaction 0xc519860340346b84127364232faddb4f97e47a8342c429c9ada03effa0a00644 skipped due to low value: 0.0 AVAX
[2025-10-11 16:58:53.490072] Transaction 0x9bafbac4f5a01c476499935be41f840bb1013b25aad64b0e68cb520997f8610b skipped due to low value: 0.0 AVAX
[2025-10-11 16:58:53.591080] Transaction 0xaca370b5131d0ee5ade5ed12e2cc77fb226c8129b216a20736e1af3066b8b1b2 skipped due to low value: 0.2226 AVAX
[2025-10-11 16:58:53.699249] Transaction 0x4a0e0bdb28de15019d98af8d0f1f109977c63be117e6bb6f9317e60d1b200634 skipped due to low value: 0.0 AVAX
[2025-10-11 16:58:53.804250] Transaction 0xee92ccdc43de028a70c53ffa137783cb4091be514f30287c5be0f94d06375ed3 skipped due to low value: 0.2335 AVAX
[2025-10-11 16:58:53.907243] Transaction 0x93495dbd7cb01b630e8a450e59b86a9d1849f2c91f8597f6d4497f0ae5a01e14 skipped due to low value: 0.0 AVAX
[2025-10-11 16:58:54.010248] Transaction 0x21decaf7082f8a188a4ddbd7c4ec51fb14b036b533c7fccf1ba212a993c5e299 skipped due to low value: 0.3014 AVAX
[2025-10-11 16:58:54.112249] Transaction 0xd9f1704a3cb30dcdf8c668b5649de914db3f2ff689b116024f9f6e5f175b4c3f skipped due to low value: 0.0 AVAX
[2025-10-11 16:58:54.214251] Transaction 0x4d49b805c110cd8236ecc89cb1727f3b2fb6351b4dd5d9f0b3b1ca45c60c4747 skipped due to low value: 0.1586 AVAX
[2025-10-11 16:58:54.315250] Transaction 0x1e946d8650d5b90b1adcdbef10190a473afcdd6b7b08670314600d9c22232051 skipped due to low value: 0.0 AVAX
[2025-10-11 16:58:54.417245] Transaction 0xcd0dccb3c45b83fae01d2d14260321071be69484929af9307290efb650601794 skipped due to low value: 0.2911 AVAX
2025-10-11 23:58:54,497 - ERROR - API returned error for block 64269877: {'status': '0', 'message': 'NOTOK', 'result': 'Free API access is temporarily unavailable due to unusually high network activity. To maintain uninterrupted service, we recommend upgrading to a paid plan: https://etherscan.io/apis'}
2025-10-11 23:58:54,497 - ERROR - Error processing block 64269877: API error: Unknown error
[2025-10-11 16:58:54.518246] Transaction 0xa1b67b5c021a06f667e8a2f9b3626a52b8cd3cd666330ee4fb65b5d66c90bac3 skipped due to low value: 0.0 AVAX
[2025-10-11 16:58:54.619247] Transaction 0x2fdb0ffd0ec8971794f3be48ce492696ae89b6adc369cc95d93e915270a4a588 skipped due to low value: 0.1905 AVAX
[2025-10-11 16:58:54.722246] Transaction 0x76bb0fa36e7f87bb4d9d590795a47bd4b0da236b6aca56dfe9757663cad647a2 skipped due to low value: 0.0 AVAX
[2025-10-11 16:58:54.831243] Transaction 0xf9e46f71472a941f56ea0b6b994337acd4c272f1d105414293f705b529f57b58 skipped due to low value: 0.3365 AVAX
[2025-10-11 16:58:54.931250] Transaction 0xfc6a6d9ba16a1ba0be77c3f5c9becd7c45ea8c77179dc6e85d972f4523f220f8 skipped due to low value: 0.2679 AVAX
[2025-10-11 16:58:55.033245] Transaction 0x8a8663943ec8224635b6d135cadf51551965e4345ef85ff208361ac71e20eb84 skipped due to low value: 0.0 AVAX
[2025-10-11 16:58:55.133249] Transaction 0x1b2a621ce49dc6a3b7976842f95dbbfc177f64430be4e5421a12330d051864fc skipped due to low value: 0.0 AVAX
[2025-10-11 16:58:55.234252] Transaction 0xa5306a207da45a6488eb2845fb64df83c62044c5df5efb2fefda69b8c91cb7b5 skipped due to low value: 0.152 AVAX
[2025-10-11 16:58:55.349244] Transaction 0x193f5f3abda63442f78fbf1e97abe780d8461afbb7072d2ec0c9060d77644401 skipped due to low value: 0.0 AVAX
[2025-10-11 16:58:55.449246] Transaction 0xbdf1b5e9432ae3a7bca90f9f4006a6b343efb89e82b188024d2657eda663daa6 skipped due to low value: 0.3314 AVAX
[2025-10-11 16:58:55.557250] Transaction 0x3cf150bb02aad152b60c3ebb0a00dae7ada267216436d84784320c83655c42ba skipped due to low value: 0.1311 AVAX
[2025-10-11 16:58:55.658264] Transaction 0x07e79ca1c89055206571dc70307d8d38c13683e56e9c2833a488d4a489f3ff24 skipped due to low value: 0.0 AVAX
[2025-10-11 16:58:55.760248] Transaction 0xf64168b0215e00f3524bc8d0a87df82d0cbbb3aead254f007e71e5ac2aecfba1 skipped due to low value: 0.1507 AVAX
[2025-10-11 16:58:55.861240] Transaction 0xc0aa68ddad5c04dce3b713c3ec85e7e7de53d71be225cdb413350c90a0637467 skipped due to low value: 0.1624 AVAX
2025-10-11 23:58:55,921 - ERROR - API returned error for block 64269876: {'status': '0', 'message': 'NOTOK', 'result': 'Free API access is temporarily unavailable due to unusually high network activity. To maintain uninterrupted service, we recommend upgrading to a paid plan: https://etherscan.io/apis'}
2025-10-11 23:58:55,922 - ERROR - Error processing block 64269876: API error: Unknown error
[2025-10-11 16:58:55.964810] Transaction 0xda3b00797c71c223fd413ba19a9f2282b627dc906935a48766a090128fa79a2e skipped due to low value: 0.1116 AVAX
[2025-10-11 16:58:56.065682] Transaction 0x3c44decf9d65cd19d1437a7c854174f4f34df7ca1742095584bacec0e7141bf0 skipped due to low value: 0.0 AVAX
[2025-10-11 16:58:56.166709] Transaction 0xc76e475d92384a880423541a48a8e00f713e9e8df9fc36684edb61f533852aee skipped due to low value: 0.1283 AVAX
[2025-10-11 16:58:56.267707] Transaction 0xc36268315b078c4d75bfa753aec1144a686f85875df2dffef1baaaca45504504 skipped due to low value: 0.0 AVAX
[2025-10-11 16:58:56.368705] Transaction 0x34cc132bdb85d9219091d1b13ef850dc1c24a382eee76b0dfcdf776aa7980c26 skipped due to low value: 0.2759 AVAX
[2025-10-11 16:58:56.468709] Transaction 0xf05378622da10ef31aa3d1bc6b82ded88d93e087d4f5bfe3864427aced45b4d0 skipped due to low value: 0.0 AVAX
[2025-10-11 16:58:56.568702] Transaction 0x0a99d69d7551e50d7f97f1494d5b62e7181bf8b51d5c25773691a92d04423512 skipped due to low value: 0.2801 AVAX
[2025-10-11 16:58:56.668707] Transaction 0x785f67b9873d4266a171747e46c0dd9e7821f91996aa12756dbaf954bbc0854c skipped due to low value: 0.2032 AVAX
[2025-10-11 16:58:56.769708] Transaction 0x63f1ad8eb4a54c4b3526b8a740a6d00161344bf14367d987d841609fb2d2ce09 skipped due to low value: 0.1453 AVAX
[2025-10-11 16:58:56.870706] Transaction 0x4ae5cd220cc194f3f1bda05af848fc14bcfe07bde00ffc9630845d469a309028 skipped due to low value: 0.0 AVAX
[2025-10-11 16:58:56.970751] Transaction 0xe5f1bab32a0af1dc2033897b91f09a2c410d1616e4e9a00158c1d3f51b533d55 skipped due to low value: 0.0 AVAX
[2025-10-11 16:58:57.080536] Transaction 0xf41c25849c128c3b3a0a72917560f9c277bc891cc60d3cc5929597d76dead822 skipped due to low value: 0.0 AVAX
[2025-10-11 16:58:57.195674] Transaction 0x2a6a60982c675cfde3cd7e647a81f6aa3b647cb5adf4be6087ef996fb68a88b9 skipped due to low value: 0.2747 AVAX
[2025-10-11 16:58:57.315662] Transaction 0xb930b64d4b29a078a3c6a7bfa15c9a4ac754dc67eff3a7edb0713bd96eab813c skipped due to low value: 0.0 AVAX
[2025-10-11 16:58:57.415658] Transaction 0x7d541455e0ef2929b956c7c85f4c26f04286e5df9494df9d09a6392214ecd7d7 skipped due to low value: 0.0 AVAX
[2025-10-11 16:58:57.516664] Transaction 0xf0ca380e5bae719a6076714603b63ee04293714b35778350e86dd1c3b600019e skipped due to low value: 0.0 AVAX
2025-10-11 23:58:57,522 - ERROR - API returned error for block 64269875: {'status': '0', 'message': 'NOTOK', 'result': 'Free API access is temporarily unavailable due to unusually high network activity. To maintain uninterrupted service, we recommend upgrading to a paid plan: https://etherscan.io/apis'}
2025-10-11 23:58:57,522 - ERROR - Error processing block 64269875: API error: Unknown error
[2025-10-11 16:58:57.618658] Transaction 0x3a2516ecbe0e2ac17377bdf4b05e1bd0543a74b0644830f0683299ace7ce13e5 skipped due to low value: 0.0 AVAX
[2025-10-11 16:58:57.722784] Transaction 0x61def8c4787e1f8ba56e968df981c6c1738ed9a570bb03ab54d5ed97c9647280 skipped due to low value: 0.114 AVAX
[2025-10-11 16:58:57.822769] Transaction 0x0d2a7f1a09a6b048a4e148d077ac5dfcdffa7f55b373a72676162565ce7a8210 skipped due to low value: 0.1571 AVAX
[2025-10-11 16:58:57.968771] Transaction 0xd64c1d015723b3fcbfc04736c8c6494c15c37ce849f1a7659a7c7e5f0e3820c7 skipped due to low value: 0.2824 AVAX
[2025-10-11 16:58:58.068769] Transaction 0xed0b8602a68156289adf40f793fc3e85ee8eb11bfa1e12669d5ddc87d58574a4 skipped due to low value: 0.0 AVAX
[2025-10-11 16:58:58.170219] Transaction 0x928372d745b68d66ceb3d7a8844a12c46ab4ed78e0a23b479a837d565184308c skipped due to low value: 0.1929 AVAX
[2025-10-11 16:58:58.270231] Transaction 0x7b1033c940a005fe2133777094270968148dde971cf32a0c7277b69e8a3a9870 skipped due to low value: 0.0 AVAX
[2025-10-11 16:58:58.370234] Transaction 0xf8d737f40b0d2d501807a8204d149f573ece2870cb78a9fe8aec07f805dcd2cd skipped due to low value: 0.2561 AVAX
[2025-10-11 16:58:58.475232] Transaction 0x06e3927cdb28c910427e820525027fdc6da6cc27d5f136f1d0bf49142e209251 skipped due to low value: 0.269 AVAX
[2025-10-11 16:58:58.576231] Transaction 0x013f74676583e16a9b4f6c270efa1bbf2ee8e5fd94312bda4c129c1d5a97abb9 skipped due to low value: 0.2759 AVAX
[2025-10-11 16:58:58.678227] Transaction 0x85a0af1bd3968991f62fcd12376093509b99ef7438e25f9754f0f91115a7e39c skipped due to low value: 0.3034 AVAX
[2025-10-11 16:58:58.781231] Transaction 0xf252791b5bd5daae7ff04f288ec9c07a3a53b1839a3917913835dfc6f4c538ca skipped due to low value: 0.0889 AVAX
[2025-10-11 16:58:58.885111] Transaction 0x62d679d13e32a9043caf38a8c665525097f77facbd8502f39884a0ff73f62ecb skipped due to low value: 0.2211 AVAX
[2025-10-11 16:58:58.986721] Transaction 0xeb6bfb8a651872c55565bc5ed651afc77df2fbaa7892b535e4c659abb0087252 skipped due to low value: 0.0 AVAX
[2025-10-11 16:58:59.088407] Transaction 0x5dc61271efd20b45e1570a8fd41b0da0b3b413b7a28d3d4259f1ea6101768cd0 skipped due to low value: 0.0 AVAX
[2025-10-11 16:58:59.191464] Transaction 0x1730d431163366a7995f07261b2b6e24a348a512f07aa5e994d036e397a2cd23 skipped due to low value: 0.0 AVAX
[2025-10-11 16:58:59.320419] Transaction 0xfaef205b331d2325dd1619959d03e0cdac116d7b3ae167b95ff76322db6cb245 skipped due to low value: 0.0892 AVAX
[2025-10-11 16:58:59.420420] Transaction 0xe6d11988e054ed1920a4a6485e79e58dcdb31b69fc10d7ed78212e551ced575d skipped due to low value: 0.1332 AVAX
[2025-10-11 16:58:59.521423] Transaction 0x63859401c1fe72cc1ff52ae275af1e88463d1b05b554083bb0a64318baaf168c skipped due to low value: 0.1329 AVAX
[2025-10-11 16:58:59.623425] Transaction 0x539e2731b7c5f68d7697e6adecaf47af22e43246d27646f1c412efef7a08522a skipped due to low value: 0.0896 AVAX
[2025-10-11 16:58:59.731423] Transaction 0xcf9f373f2b9b6635d6b8d93b0d6bc0328b697dce12da0a294406bd4e1aa1741e skipped due to low value: 0.2249 AVAX
[2025-10-11 16:58:59.832424] Transaction 0x534693a8e77e02f90a7d7eaf0613f8e5814b35997c941100d556ad9da618c789 skipped due to low value: 0.1245 AVAX
[2025-10-11 16:58:59.933429] Transaction 0x0b7994f6f30b873a7bb58f41d7bbdc22ea69a2998971fc3b5753af6120f25121 skipped due to low value: 0.1602 AVAX
[2025-10-11 16:59:00.034425] Transaction 0x202bc33bfbe95ce75cf24c5d17e2c3bcabe1c71583147547930db72ff004aa3f skipped due to low value: 0.1939 AVAX
[2025-10-11 16:59:00.137422] Transaction 0x861fb67ca48158b4cb723d59e585d15fdbfd4f93445675f34a82b52f1f5b1afc skipped due to low value: 0.3286 AVAX
[2025-10-11 16:59:00.237424] Transaction 0xf7170162aab560adf6a1a6d9605970dd4c77c23011387c1bd91f7b167c86e865 skipped due to low value: 0.1213 AVAX
[2025-10-11 16:59:00.353951] Transaction 0xf659d9fc34d5a3d6f19870a3e54305aba674cd569f3ddcaf11595e15d796a83b skipped due to low value: 0.1065 AVAX
[2025-10-11 16:59:00.456931] Transaction 0x1a6873d1588ee6c6740c24c37c3300f2d66d696e3def28378cb115c4311feec3 skipped due to low value: 0.1923 AVAX
[2025-10-11 16:59:00.557180] Transaction 0x0dff6f964dc5d0c2713f6207dc634fed4a151a882a965e623101a659c12aaa2a skipped due to low value: 0.1278 AVAX
[2025-10-11 16:59:00.657767] Transaction 0x4f06f22915e0376e6bce56ef7c9051e27542e71643daa6b29b2283ebdefa579c skipped due to low value: 0.2396 AVAX
[2025-10-11 16:59:00.758767] Transaction 0x6bf80d1701a0419bcd3af5f34bcd2208e4d3e4e79b615fefd6cc326e35af90dd skipped due to low value: 0.2719 AVAX
[2025-10-11 16:59:00.912770] Transaction 0x3db2a1069b7e5dd0fe877eaa4db1d84f97261b936c887a0aeaa8ebd30dd4588f skipped due to low value: 0.15 AVAX
[2025-10-11 16:59:01.015767] Transaction 0x741d88daa4efa77e3efc48ec68f7dfc69957ce038764f48e8f966ea1bc333f9a skipped due to low value: 0.2774 AVAX
[2025-10-11 16:59:01.115767] Transaction 0xb363bae9014ab5a48047f09a58ef83adfd86df74a3523f4a2122ff67f710de7f skipped due to low value: 0.1791 AVAX
[2025-10-11 16:59:01.215769] Transaction 0x17c2c078528afd26251e8ee3135b4069e55eb2263ad0e1e7202865e75d21f559 skipped due to low value: 0.0815 AVAX
[2025-10-11 16:59:01.316766] Transaction 0x5265fb59b5a4fa54b0866f36ad8fe0604e569530068dec0245b1e6e83372c0c9 skipped due to low value: 0.2615 AVAX
[2025-10-11 16:59:01.418769] Transaction 0x3f3ffdd17d81bd7abce67282af0d2793dfb090f465854fa903fb304697fe06dc skipped due to low value: 0.0 AVAX
[2025-10-11 16:59:01.520764] Transaction 0x3565999010b7c47b4786150989ac0384349ddabe49434dd1c9679fc02621159e skipped due to low value: 0.1451 AVAX
[2025-10-11 16:59:01.623772] Transaction 0xaee8e4f59f7c7422e2320a6749aba09ca02e30e6f13759af83e2a8182b7d226e skipped due to low value: 0.1285 AVAX
[2025-10-11 16:59:01.726770] Transaction 0x1e3c461a67c0b07721fc40162781f11c713daece4bad2da25cb33b8c4240bc10 skipped due to low value: 0.0 AVAX
[2025-10-11 16:59:01.828769] Transaction 0xbe145070ac7fe2a2c2f5d12cbb9307ddf0719143f737cba88f45323c5cb3d635 skipped due to low value: 0.0 AVAX
[2025-10-11 16:59:01.930768] Transaction 0xde9b056eb20eeba75f3e5103ed2e1348471bb628e59e01bd70f5184078c20d75 skipped due to low value: 0.0 AVAX
[2025-10-11 16:59:02.033769] Transaction 0x4a8b963133af12323235ff647b7e222441939b7d3f759916a86554b38e6d6d39 skipped due to low value: 0.2177 AVAX
[2025-10-11 16:59:02.140770] Transaction 0x4f1d34eae3ebb45d24082058c2e8e2d1db8927d16ebe522292d84d36d6817a85 skipped due to low value: 0.0 AVAX
[2025-10-11 16:59:02.241767] Transaction 0x333471cb632b992fb8088208b0553717e29715dc2236ab471f34ab7ba9b8de8c skipped due to low value: 0.0 AVAX
[2025-10-11 16:59:02.351771] Transaction 0x557edf2eba36678c742e63ac3b2d872d073707860f0d468db5c6e145387bcbbb skipped due to low value: 0.0946 AVAX
[2025-10-11 16:59:02.453299] Transaction 0x38e68f43f23d6d87608929019a2b27732f1a8df3a82c41fe6c5abb1364c0a2ef skipped due to low value: 0.0 AVAX
[2025-10-11 16:59:02.554294] Transaction 0xe0939d023d397f5e7e175fbe69eca8b796640a25d932b88a01a981a28e4fda9e skipped due to low value: 0.0 AVAX
[2025-10-11 16:59:02.655297] Transaction 0xf9f36a2474327418d1fc9d8c5d6a26f6ba18f633b259fd2ea3873fbbc5846f29 skipped due to low value: 0.222 AVAX
[2025-10-11 16:59:02.756298] Transaction 0x65f28e12c2566d9c8a6bbcc72a3ca5f1cf90f2e24cfd5c5d57055678d0da8cd5 skipped due to low value: 0.0 AVAX
[2025-10-11 16:59:02.863043] Transaction 0x5736f2ed653a20b6b00cb484a9c875bbc5fe18f6f3a13d106f9039f898dbc016 skipped due to low value: 0.1273 AVAX
[2025-10-11 16:59:02.964425] Transaction 0x71557939593c8d19872fe13a10dea5933b1df565dede61834acf3fc66c13144f skipped due to low value: 0.2546 AVAX
[2025-10-11 16:59:03.066426] Transaction 0x5cedbe4bd3137fb946bfdcf1e1c2e5f3bd0edc8d0b043573b6746d808540364b skipped due to low value: 0.2923 AVAX
[2025-10-11 16:59:03.167435] Transaction 0x7ae84951f900f02877a1adfae3b1c62d3e3f1175088cd98dbfb0b7441878aa2c skipped due to low value: 0.2962 AVAX
[2025-10-11 16:59:03.289099] Transaction 0x91a3fb5a92af2b6e94e0406df5a6af5102a257e4ebdd13b76aca1287a7cbdd6c skipped due to low value: 0.1511 AVAX
[2025-10-11 16:59:03.390165] Transaction 0x808e44545c73268dfb15777bac58d08805c7005d82b671a2ce7689728716bcf4 skipped due to low value: 0.0 AVAX
[2025-10-11 16:59:03.491668] Transaction 0x70f43e3956e48caf5d9da17c378008e92df413a7779c81475950b0d7fe002f71 skipped due to low value: 0.1672 AVAX
[2025-10-11 16:59:03.592128] Transaction 0xb03dcc44fe82ec7b60a91797ce24312304e44c3663bbf10f58c61299d3f6f793 skipped due to low value: 0.1351 AVAX
[2025-10-11 16:59:03.699146] Transaction 0xdeb189f68d8027d1b5dcfb759adbcf9d3fc58d8929b5640d03c084ff232cce5f skipped due to low value: 0.0 AVAX
[2025-10-11 16:59:03.801129] Transaction 0x17e3788fec52553c73b21c792b9f026e40e0b719613bcfeaa083817d5c8ab450 skipped due to low value: 0.0752 AVAX
[2025-10-11 16:59:03.902127] Transaction 0x54518406471eb2e445a882aeb0be5e8022db8cee4d062e167af66ec914fcd3aa skipped due to low value: 0.0 AVAX
[2025-10-11 16:59:04.005143] Transaction 0x811906119fc9c9504f210114c5cb71be867c97fb9c64a448d399c3ea6e718462 skipped due to low value: 0.2485 AVAX
[2025-10-11 16:59:04.106072] Transaction 0x5271d08485724692b1a87532dd130fcb39feac9c53da45a0eb1f5dd19ce51785 skipped due to low value: 0.211 AVAX
[2025-10-11 16:59:04.220662] Transaction 0xb1a20d704a4030d0c930a5a91398c984aec2c22066ba73d6b0b865332345798c skipped due to low value: 0.0 AVAX
[2025-10-11 16:59:04.352671] Transaction 0x51958d9b9ccdc60b2e372b2d0d17fc48255cb2c48223dc373f78fe11a4ae37cf skipped due to low value: 0.0 AVAX
[2025-10-11 16:59:04.456654] Transaction 0xb9cbdefafc41b0581f7927e051d8fb2fc4064a5eab932ba7a0f85ea10fad864a skipped due to low value: 0.0 AVAX
[2025-10-11 16:59:04.557654] Transaction 0xc055836d7dd5b010448960227577d6761fd0e2a3a7d95505bd049d29c6b99e61 skipped due to low value: 0.0 AVAX
[2025-10-11 16:59:04.662657] Transaction 0x1418dad5f8d2ff1671970d12c973f212300771ff16d8f5988766afd18943cf5e skipped due to low value: 0.0793 AVAX
[2025-10-11 16:59:04.764655] Transaction 0x85a11d345d86e6a96e788277c471ddeb353a3532028a85200a0419d11a014fd3 skipped due to low value: 0.2045 AVAX
[2025-10-11 16:59:04.866652] Transaction 0x4924da55b644e95e937c9cfbea807bee36e0ad8d071182d322833663183f6fe4 skipped due to low value: 0.0 AVAX
[2025-10-11 16:59:04.969656] Transaction 0xacbc8583e3ee7c2d948f72ab6e57ab83f37b3d821d076034ec4e6ff327c1af64 skipped due to low value: 0.0 AVAX
[2025-10-11 16:59:05.072657] Transaction 0x0f7ded28d031048186a457afa425055a7a80e2cc95e2d8c3643abebc5bf53f3b skipped due to low value: 0.1163 AVAX
[2025-10-11 16:59:05.172122] Transaction 0x9a2cad1b27377dc553782df778321527832f78ada75b3959e149821bd9ade5ff skipped due to low value: 0.0 AVAX
[2025-10-11 16:59:05.289314] Transaction 0x2ccd5424ede4105646e439e0333ba6f9e413d564ccf3dac53f2621c708b255e7 skipped due to low value: 0.0 AVAX
[2025-10-11 16:59:05.391313] Transaction 0x4b3389ca21c0d3ae85272b5fcf949787c7ab42ed726d333356a27b890602bc1f skipped due to low value: 0.2247 AVAX
[2025-10-11 16:59:05.502314] Transaction 0xc9335684282bb75aa861627b7e1ee281084fb000a3a116dc7272cb2ed70999aa skipped due to low value: 0.0 AVAX
[2025-10-11 16:59:05.604645] Transaction 0x4ccb9379cd803f480d202a6261d0f4f7d5a3c2a12d2b0c5b8f6cd7b8c712c8d4 skipped due to low value: 0.0 AVAX
[2025-10-11 16:59:05.706285] Transaction 0xdc2141401ef60214c8c6febf7cfe32fc72e2ee08325e69672e90f9d8b61eecbc skipped due to low value: 2.0 AVAX
[2025-10-11 16:59:05.810353] Transaction 0xc161eae8a2ca3eb79ece20a0dd907635ba4f19d4599628f75b97f4959e2805b2 skipped due to low value: 0.1769 AVAX
[2025-10-11 16:59:05.916054] Transaction 0x905f1bd84a8250d61998b5a560c9f228ce2c59576bb85829c628195962853702 skipped due to low value: 0.1655 AVAX
[2025-10-11 16:59:06.018051] Transaction 0x4d8504cea4394c19aaee97949a5df88db8c611f8a53cb719deeee22067ed2d80 skipped due to low value: 0.2179 AVAX
[2025-10-11 16:59:06.121050] Transaction 0x1f433b584bb50057e3c58ddd06a9bd48a1e8ea852d7b44c5d8926c62f522ef00 skipped due to low value: 0.0 AVAX
[2025-10-11 16:59:06.223050] Transaction 0xbcf093f7daeb28316551ec78c916ed4389dec2722e35b840f30f33b61682ae25 skipped due to low value: 0.0 AVAX
[2025-10-11 16:59:06.323044] Transaction 0x25425805349417715b5d67a783e7772060fc1d700ab4423ac0baf5e199654510 skipped due to low value: 0.1048 AVAX
[2025-10-11 16:59:06.422048] Transaction 0xb64162af697132de12736d884a7c425841963c8a77f262e3ce48b0ca3c7690db skipped due to low value: 0.0 AVAX
[2025-10-11 16:59:06.524050] Transaction 0xe3910cfa7e8befdd836da29dbb2992a2f45df8494ae2c3f86013edbb9c5542ef skipped due to low value: 0.1089 AVAX
[2025-10-11 16:59:06.623566] Transaction 0x72080c0a3bb64737df491080fdbec2acc37e69334174386ef142b9577c8693a0 skipped due to low value: 0.1915 AVAX
[2025-10-11 16:59:06.725570] Transaction 0xdadc97ff64599d8b59e451da6c0ca9f16b572d2b5b695c0fe27f1ccf7df3e442 skipped due to low value: 0.0 AVAX
[2025-10-11 16:59:06.828478] Transaction 0x6a2f3a8be19704958ae855fbd5e0d7a07f3ce7ba424f92b2f08bdc8f93bb2b6b skipped due to low value: 0.0 AVAX
[2025-10-11 16:59:06.929635] Transaction 0xbca2851268e33073cd18a491fe7ee8f4a7adc6806b1706b37a22f0e9a86ff971 skipped due to low value: 0.0 AVAX
[2025-10-11 16:59:07.029630] Transaction 0xcbda09d0ced210cf393dfd230e547d1fd2c44408632826906d0c702593038f99 skipped due to low value: 0.0934 AVAX
[2025-10-11 16:59:07.131638] Transaction 0x2a058e4a92ffbd3650976e6bba94c6bbe6aca37c088caf069d4148cfd13934d7 skipped due to low value: 0.2742 AVAX
[2025-10-11 16:59:07.233637] Transaction 0x3e059e482bd3814723f70abb74a8d7bfec04a8a863ea936df7fdceee5d602a61 skipped due to low value: 0.0967 AVAX
[2025-10-11 16:59:07.355824] Transaction 0x2b59382180a352870e6b0515160cee7006c4af880ca9f008cbca0622f6e433e5 skipped due to low value: 0.282 AVAX
[2025-10-11 16:59:07.456268] Transaction 0xe44999dedc890cbc4be254ea36328bbe6ba1fa40eda52bd6337c8d6ec2f08356 skipped due to low value: 0.0 AVAX
[2025-10-11 16:59:07.566756] Transaction 0x33a0a141962619b733e4eccc8137b822ff8e2d24e6c7db0e74358b85d048ca9b skipped due to low value: 0.0 AVAX
[2025-10-11 16:59:07.667415] Transaction 0x09709bea4d4c4274b9ad42b5f61f711de1269814f2e8caa80fe8ec17d470ef34 skipped due to low value: 0.1361 AVAX
[2025-10-11 16:59:07.768236] Transaction 0xd5dc3c4d378eb1396dde671938a31d55183e10e27502d62751a89a769b17fde4 skipped due to low value: 0.0881 AVAX
[2025-10-11 16:59:07.933038] Transaction 0x0fd6788696ebdecbc5d54c1622e59041992c2033b5417cfbcf110416897bc111 skipped due to low value: 0.0 AVAX
[2025-10-11 16:59:08.047049] Transaction 0x42ec33f3d5d405664f4fadf1aa503cdac6d544e547469d62067c2586caad457c skipped due to low value: 0.0 AVAX
[2025-10-11 16:59:08.149033] Transaction 0xab5f6ec7e9f8803e224919c8c1984b389f2e50905027dd40071d47f25d2a3a98 skipped due to low value: 0.0 AVAX
[2025-10-11 16:59:08.251033] Transaction 0x61d4c8fbc50c8c2c410c9ff7f37f8f8c3c584053417a1a4c271870bd5eb1a8aa skipped due to low value: 0.1624 AVAX
[2025-10-11 16:59:08.354033] Transaction 0xbcf56e94df9aa0b5ee0a7805fec03ab1ca01492fcfe83a23dbc7590fa2d42de6 skipped due to low value: 0.0873 AVAX
[2025-10-11 16:59:08.453030] Transaction 0x8ca91677d61a71d14cf8914c43dfc16824058fae41a9b4baad458ae939941f96 skipped due to low value: 0.1072 AVAX
[2025-10-11 16:59:08.555038] Transaction 0x1da519cfd99af4a29e08a936fc5fb62e6f53fb8639b3eda0c8142fc49655258c skipped due to low value: 0.0 AVAX
[2025-10-11 16:59:08.656030] Transaction 0xe8a99fef3a9ac1311417100af4a05c5abf1ba81abec7ca1099eaeabd8167f81c skipped due to low value: 0.0 AVAX
[2025-10-11 16:59:08.757034] Transaction 0x7ed36696f94cdadeffd476c3f1fa026824bc913962550f3f8ed098f0d3a996e8 skipped due to low value: 0.2604 AVAX
2025-10-11 23:59:08,841 - ERROR - API returned error for block 64269871: {'status': '0', 'message': 'NOTOK', 'result': 'Free API access is temporarily unavailable due to unusually high network activity. To maintain uninterrupted service, we recommend upgrading to a paid plan: https://etherscan.io/apis'}
2025-10-11 23:59:08,842 - ERROR - Error processing block 64269871: API error: Unknown error
[2025-10-11 16:59:08.857036] Transaction 0x20bc8748e64b8f3d8cfa915ca6aa36b0713b1c2df120962781f2d9b176ae9e2b skipped due to low value: 0.0 AVAX
[2025-10-11 16:59:08.960035] Transaction 0xe7a7e2db435443aa263a089b3fc2dc84de85847c27de4f50927127fab4168b6b skipped due to low value: 0.0 AVAX
[2025-10-11 16:59:09.061033] Transaction 0x411771607b18f5d8c769af4fe9d9574b60d2ad4284beae44d85afa5db69ce719 skipped due to low value: 0.1851 AVAX
[2025-10-11 16:59:09.161032] Scanning block 70146525
[2025-10-11 16:59:10.709418] Transaction 0x569fd8a30657b051bd43de085e8017492dc5e947d18544f4b6823fd5d8f24751 skipped due to low value: 0.0 AVAX
[2025-10-11 16:59:10.812396] Transaction 0xe819fe3eacaa5e32b3dc532e10c2e9616f2b3a2ce6c7cdead2932f1542945651 skipped due to low value: 0.0 AVAX
[2025-10-11 16:59:11.013447] Transaction 0x1b6aa86622c12f116c907ba0bb007d6250e157fda0af6e856b38d269bb96153f skipped due to low value: 0.0 AVAX
[2025-10-11 16:59:11.109937] Transaction 0x532965ce0945ce36f0e6dddaa511c4470ef161f980662239c7fa1710ecb5272a skipped due to low value: 0.0 AVAX
[2025-10-11 16:59:11.208919] Transaction 0xbec35b8f220970065fee60bd5567a08c9aa749ccbdd2538f9d119afd34fe8f7a skipped due to low value: 0.0 AVAX
[2025-10-11 16:59:11.309915] Transaction 0x2e8830aa1216c8ca86da74a83cc64e6af3aba7d9cb008ef5509028c5129ea021 skipped due to low value: 0.12729634 AVAX
[2025-10-11 16:59:11.409916] Transaction 0xa544b95e35f0cd0c981a2ba688ef5b5353b14c6097d0c8ec338986b89e7268ff skipped due to low value: 0.0 AVAX
[2025-10-11 16:59:11.510917] Transaction 0x3b4cbdd20709dd89b075d70a89bf6e7a32e7b6528e9c508c3e7ced701a48e816 skipped due to low value: 0.0 AVAX
[2025-10-11 16:59:11.611921] Transaction 0x0156c7148187db7943ca578ca0ffeefb438ed64bcb82d2fa16410d9a53a1eda9 skipped due to low value: 0.0 AVAX
[2025-10-11 16:59:11.713930] Transaction 0xf88d24efe2b8ff150d19d89fd1a785d7cf0ccac46f673351deaa32a1a9a9dd9c skipped due to low value: 0.2214 AVAX
[2025-10-11 16:59:11.819920] Transaction 0x166b0b0c9b9890a61cf3c120e34373ab4f89548e51eae2a223848eae13b69197 skipped due to low value: 0.1693 AVAX
[2025-10-11 16:59:11.920359] Transaction 0x969a370cd2619d6ecb0c7541d63e67b8e7dc885e1534b3e808dcb1e59b50964a skipped due to low value: 0.0 AVAX
[2025-10-11 16:59:12.021008] Transaction 0x686cfa73b6de923e73e2eafc4e5ab95cc42cad70bfe24e4897f288ad05e4fd6c skipped due to low value: 0.2483 AVAX
[2025-10-11 16:59:12.120998] Transaction 0x4d8657ace3000690b91f115d0c7595a8d37b90ca2f065d373c4cc9e43a1771b6 skipped due to low value: 0.0 AVAX
[2025-10-11 16:59:12.221662] Transaction 0xe020f53eb9334544dd43480de2922fe8f383c1928c011fb26789ecb275c0dbdd skipped due to low value: 0.0 AVAX
[2025-10-11 16:59:12.350455] Transaction 0x6df7f597ac0fbba8038f9c3e86267c8a94799ce7786c1cfe7eb0065b7f7b87b9 skipped due to low value: 0.0893 AVAX
[2025-10-11 16:59:12.452579] Transaction 0xc0f5eeab2362b37c2220cef7b65be4b1c780f9995f78b696fe97cf8dce2f1ab4 skipped due to low value: 0.0 AVAX
[2025-10-11 16:59:12.551577] Transaction 0xa6a5acfd62aef95f7b1ad0ff5d58cfc96f8e96d6aee9e69df82f9bbb67877659 skipped due to low value: 0.1766 AVAX
[2025-10-11 16:59:12.651573] Transaction 0x28dddb64f9228fa21db3c5961eef85b54091456d91963940d9ddc87900671354 skipped due to low value: 0.2421 AVAX
[2025-10-11 16:59:12.751578] Transaction 0x2b9a980aa0ce6f606ce5aed83a85226cd40c153d45c6e47cc9397513b06500d8 skipped due to low value: 0.1234 AVAX
[2025-10-11 16:59:12.852591] Transaction 0x7747e9cda45c6ea75d1334f98f06c432cecb405fd8ec1f611e31b69d4ec89c9b skipped due to low value: 0.0 AVAX
[2025-10-11 16:59:12.953166] Scanning block 70146524
[2025-10-11 16:59:14.539416] Transaction 0xe8a707cbca783fa568f08a5463a40eb4b2dc506b135d74c6e58e363d0b894f88 skipped due to low value: 0.0 AVAX
[2025-10-11 16:59:14.641427] Transaction 0x3e28e41fdad0b2d354be4230d10d057cba85544b93756ccc3f6216844eb4cd02 skipped due to low value: 0.0 AVAX
[2025-10-11 16:59:14.740934] Transaction 0x8ab3238a9eadb25d17a5fa1a76957908234f57bfb90653c6fe1892c943af3871 skipped due to low value: 0.0 AVAX
[2025-10-11 16:59:14.843537] Transaction 0xfcd8c1e17564a7ac75b5b6c94f381c06df86cd8c091dba5f3aedb06c823906c1 skipped due to low value: 0.0 AVAX
[2025-10-11 16:59:14.946699] Transaction 0x912d63a5b3bf923255f9015a6bfe06bd98e9b4788fa6b2bef13b7e268170fbd8 skipped due to low value: 0.0 AVAX
[2025-10-11 16:59:15.045833] Transaction 0x9899cb4dcce8d2dd0bec459846c87e27e36b15a5609af843ab87242fddf11c83 skipped due to low value: 0.0983 AVAX
[2025-10-11 16:59:15.145838] Transaction 0x4f4ca224a7e15be4588021c035aa6a1d0c2c2fb47bf9a2cbf3542cf6eec1b5d9 skipped due to low value: 0.1493 AVAX
[2025-10-11 16:59:15.245837] Transaction 0x6f313d7e5552c78a62283417aa5d6de42953a54e7f94fa1e7495e910cd72c3bb skipped due to low value: 0.0 AVAX
[2025-10-11 16:59:15.345840] Transaction 0x795c782464a9360eebaa3f08bd5e0ef288739df5a6e058fd909ea9ae005a5700 skipped due to low value: 0.0 AVAX
[2025-10-11 16:59:15.447792] Transaction 0x907a9152e58803e8965a8d1082664a643782ee9b3ed2823e559933cbd8454fe5 skipped due to low value: 0.0 AVAX
[2025-10-11 16:59:15.549767] Transaction 0x662082796c43964f14260047025ceca6c5d28a41267dbc1fb8e35ec9ee432e7d skipped due to low value: 0.1275 AVAX
[2025-10-11 16:59:15.650790] Transaction 0xbcf6f173572cb44affbde7b48d52124f528afbf66d4d84f40f32e6e0c4a7b891 skipped due to low value: 0.0 AVAX
[2025-10-11 16:59:15.751150] Transaction 0xc43609d0b652dcbacb286b51896f86e800e5f1c69e23f5a7cd5f2fa721e1616a skipped due to low value: 0.1949 AVAX
[2025-10-11 16:59:15.852255] Transaction 0xc88dedc69e5f4930244e4119af475be9ac09224cc01939e44e5fdd36ae9e7729 skipped due to low value: 0.0 AVAX
[2025-10-11 16:59:15.953270] Transaction 0xa6f881ea7ee93a5603f1f8d80a879f5c131a113b28eb39b555579250bf96abe7 skipped due to low value: 0.2524 AVAX
[2025-10-11 16:59:16.053252] Scanning block 70146523
[2025-10-11 16:59:18.056606] Transaction 0x40ba8f533994867f015297d42adf1ac91e3fa63dc62b20b655301d71a98a83ce skipped due to low value: 0.0 AVAX
[2025-10-11 16:59:18.216619] Transaction 0x54158a1024f1a532a819c2bcc283678d0edf3f8e691a7b77033f9a3a324152ee skipped due to low value: 0.0 AVAX
[2025-10-11 16:59:18.342618] Transaction 0x5286c41942dd887584aaf31d313ed291b254ed0f2de57ce313329408fc77b5bf skipped due to low value: 0.0 AVAX
[2025-10-11 16:59:18.467615] Transaction 0x1aa5fe630a49b13abab2cbe4609bbf6c126957e3158215588704e42a66481810 skipped due to low value: 0.0 AVAX
[2025-10-11 16:59:18.596056] Transaction 0x8a1edbd3157d0962d6f04e4991c4219ad9753374cdc978043181ef2e87cc2abf skipped due to low value: 0.0 AVAX
[2025-10-11 16:59:18.727055] Transaction 0xd02d8b2f4af30853496d2c8128e5139dfaaeabaeb95ee9dc35bfcdbff64520aa skipped due to low value: 0.0 AVAX
[2025-10-11 16:59:18.847054] Transaction 0x88865ee4bb29bcf6c0a9dbc2433b12deca9a539a5b4fff5feb454b0a7c101dfb skipped due to low value: 0.0 AVAX
[2025-10-11 16:59:18.974052] Transaction 0x118913c234338b51c7d4e3226487346c17880ceb741b3153633db97611ddfc0f skipped due to low value: 0.0 AVAX
[2025-10-11 16:59:19.104055] Transaction 0x9e7d18a34648811da65ad65bd38d683fff8fae131f5e473c40507ffbeac382e8 skipped due to low value: 0.1275 AVAX
[2025-10-11 16:59:19.230054] Transaction 0xd1943e63a4ed1f44d867fdf6b9486f4d15a238d98e04d2638b4724fbdf98f1e6 skipped due to low value: 0.0 AVAX
[2025-10-11 16:59:19.356054] Transaction 0xe4403d623ac0083b44ddd576a0b0bd001a12f2f9c731a3bf22a6ef4a613c39cc skipped due to low value: 0.1056 AVAX
[2025-10-11 16:59:19.493054] Transaction 0x09eb65d8f1ac72a0fba8bf3bff57e044b8e24fedcfa15d2e845bd5f486f0cb7b skipped due to low value: 0.2319 AVAX
[2025-10-11 16:59:19.622053] Transaction 0x94c06a21a5c5188c0510635f348ad655fe6e0bf4bc6ba08dc4130b08f1d227c8 skipped due to low value: 0.0 AVAX
[2025-10-11 16:59:19.732055] Transaction 0x526a352abde95c7fd446de0a9305233925aff861be297dd6075fc4c083d6a4b0 skipped due to low value: 0.0 AVAX
[2025-10-11 16:59:19.856053] Transaction 0xacf6a2dddad9b77768e24bf27b9267c6825ecbd64ce2f229215889ef0699060c skipped due to low value: 0.1458 AVAX
[2025-10-11 16:59:19.978053] Transaction 0x0dcaa3d1addda8da38a44605e9409ed22d1f5a1834d95107370c70393217da6c skipped due to low value: 0.0 AVAX
[2025-10-11 16:59:20.097052] Transaction 0x238b195b00f693262ae151e7a1fcb1b56bf52afe0a132056f45874fc6b093de0 skipped due to low value: 0.0 AVAX
[2025-10-11 16:59:20.228054] Scanning block 70146522
[2025-10-11 16:59:22.128920] Transaction 0x41b9d94b9a577e9ab53ed11fcaf7a5b1e4247e96f244d032b9cf951eb5ea0cfc skipped due to low value: 0.0 AVAX
[2025-10-11 16:59:22.251924] Transaction 0x01c523d4fdbba9f90a0d52715e1aade70312f3deea2de34b2efb4168f22da0d5 skipped due to low value: 0.0 AVAX
[2025-10-11 16:59:22.380923] Transaction 0x36b53c6ea153d4762d3d6d6b2965e61414c54d6496477e7f5a6a0f551d7aa8d1 skipped due to low value: 0.0 AVAX
[2025-10-11 16:59:22.586923] Transaction 0xf9d555492f1c73b70d485551ed870701feb9d3471a547994cea838c16da29883 skipped due to low value: 0.1731 AVAX
[2025-10-11 16:59:22.771923] Transaction 0xe921663d65e7ebefb58167640d4638313bee0d6cabd14299ccd01f37e65a7480 skipped due to low value: 0.1424 AVAX
[2025-10-11 16:59:22.883921] Transaction 0x33c8c342f74b000face39416522eeff8098fa46c9ba8b1ec6a83fe66448520bf skipped due to low value: 0.0 AVAX
[2025-10-11 16:59:23.001791] Transaction 0xdf716f39550d3cb19d8fe094fe218e2b082b0ddaecfd2bb95e365837e7e8fc63 skipped due to low value: 0.0 AVAX
[2025-10-11 16:59:23.130728] Transaction 0x53c310326b58345b732114313e2295e30616b283ab91a00d7e3f5f549e090e46 skipped due to low value: 0.3067 AVAX
[2025-10-11 16:59:23.268727] Transaction 0x59d6da7d95211ffdfae1681622639d0acde9b31b98885ee1a289015fb3ec67d5 skipped due to low value: 0.0 AVAX
[2025-10-11 16:59:23.388734] Transaction 0x45afc021c94ca73cba157e2f132ec7161531e092477f82e3f7cde62bd518384b skipped due to low value: 0.1745 AVAX
[2025-10-11 16:59:23.514730] Transaction 0xb1b5b23ce72ae19fe56ec8a240a4488f1a0b67326b8f868b3202be4708a531e9 skipped due to low value: 0.2333 AVAX
[2025-10-11 16:59:23.626730] Transaction 0x8cd3035771ab6ba3e925abbd0477ec805e29603c2428059c85b0df3419b0c0fd skipped due to low value: 0.151 AVAX
[2025-10-11 16:59:23.778730] Transaction 0xbd6a7435c8cf0784574923de77e211edba90e46a24f6d783d8c5f0015d50b8ea skipped due to low value: 0.0 AVAX
[2025-10-11 16:59:23.880753] Scanning block 70146521
2025-10-11 23:59:24,215 - ERROR - API returned error for block 64269866: {'status': '0', 'message': 'NOTOK', 'result': 'Free API access is temporarily unavailable due to unusually high network activity. To maintain uninterrupted service, we recommend upgrading to a paid plan: https://etherscan.io/apis'}
2025-10-11 23:59:24,215 - ERROR - Error processing block 64269866: API error: Unknown error
[2025-10-11 16:59:25.633806] Transaction 0xa9c85fad021815bfa4621ac696b6941d1a8946e0a6d893e36bbcc37833f3f8c5 skipped due to low value: 0.0 AVAX
[2025-10-11 16:59:25.743859] Transaction 0xd8066db98c3c12379b7c337736c55e442aa22a4087241e2f89091323a36a82cc skipped due to low value: 0.0 AVAX
[2025-10-11 16:59:25.863204] Transaction 0xec09390b441d351a9f196178c272b8d0830700c4734d38186ad9e67bd3e1590a skipped due to low value: 0.0 AVAX
[2025-10-11 16:59:25.980387] Transaction 0x962f5222cde891a8542c761e324f2ad57abd9ac1eeb73700e071655c63fdea57 skipped due to low value: 0.0 AVAX
[2025-10-11 16:59:26.091360] Transaction 0xd26ba18cbf8a55c32cf015a5a3ed3aac0432a66441d83ce1c597232e5db4af2d skipped due to low value: 0.0 AVAX
[2025-10-11 16:59:26.200362] Transaction 0xd4a7bb533325ba2b1349e8141b403377fa4c056c01183a4dc6aef79b7df0f079 skipped due to low value: 0.1141 AVAX
[2025-10-11 16:59:26.311361] Transaction 0x08bbec0717a929d3be8738ccef4ec46b306d3a354f9e42d7257f4327a765f453 skipped due to low value: 0.2916 AVAX
[2025-10-11 16:59:26.420363] Transaction 0x921bf1036c4919bb3c5e409c7797980808aaff510051c2ac162ce338b32bf39c skipped due to low value: 0.1263 AVAX
[2025-10-11 16:59:26.530382] Transaction 0xc02dbf1f798dda298b41b660bb42079a72fec840b9f21418dfef6e788c309057 skipped due to low value: 0.1413 AVAX
[2025-10-11 16:59:26.641814] Transaction 0x430c22c2fcc940d2bb4ab8b3c283655d0fbc623923bfd5b597d78ae5ac8f3337 skipped due to low value: 0.0 AVAX
[2025-10-11 16:59:26.753823] Transaction 0x7bb784910a0fd19f680f46fdce92e2560cfc92923d7792577a9d25bb476d6843 skipped due to low value: 0.0 AVAX
[2025-10-11 16:59:26.863814] Transaction 0xf41c54d982ac8a14653c090968c5f1f484d38f3d58d19ae82b2dba2e9b11b524 skipped due to low value: 0.0 AVAX
[2025-10-11 16:59:26.974815] Transaction 0xedfdb461c1f924a679a9deb73a1e98e7dcc99fd4d7a53b07cfaea2130bb09eb0 skipped due to low value: 0.0 AVAX
[2025-10-11 16:59:27.081816] Transaction 0x94667027ead596d0d118e49228c96b2f964d224975815b78f31eab2c894adc8b skipped due to low value: 0.2592 AVAX
[2025-10-11 16:59:27.196813] Transaction 0x924832210324bca0dc5dbc6e7365bdc88f82b1268824a0be98674cf9ca7d2104 skipped due to low value: 0.1246 AVAX
[2025-10-11 16:59:27.304817] Transaction 0x2867e837edade9e801c455a33a03de5b5051d49999468ae1ee7f8a7dafd764d1 skipped due to low value: 0.0 AVAX
[2025-10-11 16:59:27.414816] Transaction 0xc5d8f0930765b7c181b1732dfc2f411099f51792ecee1d2154795834850daca9 skipped due to low value: 0.205 AVAX
[2025-10-11 16:59:27.524815] Transaction 0x77dc73e949e9ddda6d13c5814a3625a2fdeca1fee8f2fb82f525539f49c4f13b skipped due to low value: 0.0 AVAX
[2025-10-11 16:59:27.634824] Transaction 0x461abaa529fc67cd59db111862e24e920238b858cb1fbf8d8d4d10949bcc2356 skipped due to low value: 0.329 AVAX
[2025-10-11 16:59:27.743816] Transaction 0x3f9374d864157476ad65ae58de01523fdc984dc25cda2bbfb39f0b8a55cfc7ef skipped due to low value: 0.0 AVAX
[2025-10-11 16:59:27.867814] Transaction 0x2a0076b0f5b07c15574723f7bdf57196bb959c43b53cad20cc40ffd475b07887 skipped due to low value: 0.0 AVAX
[2025-10-11 16:59:27.988815] Scanning block 70146520
[2025-10-11 16:59:29.910235] Transaction 0x1660344e4354ad4252a6da21c78bdb6b7d5ce896e4810bf484e05be06068a355 skipped due to low value: 0.0 AVAX
[2025-10-11 16:59:30.020226] Transaction 0x8f6285fbf12f76d73587a18c392da7627c0c85f6a16b6ff7988395b9070e1628 skipped due to low value: 0.0 AVAX
[2025-10-11 16:59:30.129227] Transaction 0x0771ecd594815b5f17f7717b7d060fcd2775864d8b3f43ce447aeda424ab7f6f skipped due to low value: 0.0 AVAX
[2025-10-11 16:59:30.239230] Transaction 0xb13456ae8c79980521b10b8bdf9e3f5fe3f58e33cab545409df6876552425fc7 skipped due to low value: 0.0 AVAX
[2025-10-11 16:59:30.349228] Transaction 0xee2c2e864d5371112c855a4ee72cbfdf149a0fe19d221423632322d5dbc677bf skipped due to low value: 0.0 AVAX
[2025-10-11 16:59:30.458622] Transaction 0x955d6cb4cdc941aed6f1affa8683bd03ea8586e93034ff03144ee2f58185123e skipped due to low value: 0.0 AVAX
[2025-10-11 16:59:30.567500] Transaction 0x4a4909572d4d8677869a643211f927e563b7ae80b2420bf9e6b10d85ba3b7c3f skipped due to low value: 0.0 AVAX
[2025-10-11 16:59:30.675216] Transaction 0xa894afa3c533e5620c93d604db60206b7805b2bc7ccc220d8b108ac3cd83e7e8 skipped due to low value: 0.0 AVAX
[2025-10-11 16:59:30.787229] Transaction 0xd5a8a537550ca08898d376a1ed2de68abcdfce004e7ac2a3df1b1b11e41bc169 skipped due to low value: 0.0 AVAX
[2025-10-11 16:59:30.944215] Transaction 0xc414de650bdaf297be7f54478839ff0654fab0faacadb1050d661d594211668d skipped due to low value: 0.1877 AVAX
[2025-10-11 16:59:31.053212] Transaction 0x849fbf4e10773fcac9f93fd307815e48a6aae48ab326eed37fc978b734d7918c skipped due to low value: 0.0 AVAX
[2025-10-11 16:59:31.163216] Transaction 0x12a3f4e136dad0baa5e533073c456a107c2cc17008cd905ae5e7f0bed587d184 skipped due to low value: 0.0 AVAX
[2025-10-11 16:59:31.271217] Transaction 0xf025a9515e656950fbdf4f1d4707ed47a3af92d01d0be0c8ef1f5389b62efc1b skipped due to low value: 0.0 AVAX
[2025-10-11 16:59:31.380228] Transaction 0x00ae2e2f0260a61cfb6c1cddd59f0684faa65b9bcb520022a3ee3b911910b1ea skipped due to low value: 0.0 AVAX
[2025-10-11 16:59:31.489216] Transaction 0xdaa71d2851fcb925e0011f6585928338417efa5503846ad1ec06b96a4cf6617f skipped due to low value: 0.173 AVAX
[2025-10-11 16:59:31.598219] Transaction 0x4e7a1def17bb616f3fc625a3907eb3a06ba649834607419e6f8fb13a8e20c3ee skipped due to low value: 0.2625 AVAX
[2025-10-11 16:59:31.711758] Transaction 0x055f6bf97fe15538cdd04da2dc7aea0935c01e14277a1ecbce1568415d94901a skipped due to low value: 0.0 AVAX
[2025-10-11 16:59:31.819741] Transaction 0x9b1ee9ee1c59c6266262cd79e3068f7ec30ce7ef135058d7b84ecb704bcb4643 skipped due to low value: 0.2017 AVAX
[2025-10-11 16:59:31.929741] Transaction 0x7d1b297a087e2a3207158c643c473d9494bd4066add9aa0a8b359ee06665c1ad skipped due to low value: 0.2611 AVAX
[2025-10-11 16:59:32.039743] Transaction 0x29c146ce74269ec08cf7917aac211017cfa109830859be970cd651213a51cfb3 skipped due to low value: 0.137 AVAX
[2025-10-11 16:59:32.147752] Transaction 0xef0df54e517a003cbb2607fc73e40c824a919720f7cd415b4e42fe87b375fcfc skipped due to low value: 0.0 AVAX
[2025-10-11 16:59:32.258742] Transaction 0xd7e45122e00c49b0cb1a829756e660cdb6467eb8401893543dc02a9f3e2cbc47 skipped due to low value: 0.0 AVAX
[2025-10-11 16:59:32.373744] Scanning block 70146519
[2025-10-11 16:59:34.065301] Transaction 0x67979a4c12ae73f177f54b6a0fbf9ccc13839c21fb7f32bce4a522afc0993082 skipped due to low value: 0.0 AVAX
[2025-10-11 16:59:34.178084] Transaction 0x8e7a8ee3b173f8800d06ade2debb698b0ce593433a12128df0e18bc6ce60a2f8 skipped due to low value: 0.0 AVAX
[2025-10-11 16:59:34.286563] Transaction 0x1f2bbbe8cccd6ca1c300a3e3901442e3e39b50a1c05c9f3c26be2e5ca0b41710 skipped due to low value: 0.0 AVAX
[2025-10-11 16:59:34.394856] Transaction 0xc83754ae4f62c4375fd9a4e8c0bc04110614e360fadf0f8861f4f508c8f6c0e1 skipped due to low value: 0.0 AVAX
[2025-10-11 16:59:34.503077] Transaction 0x48480485f09130303d670f7af6fe47ed8a9a710562b71c15f42de542d405515a skipped due to low value: 0.0 AVAX
[2025-10-11 16:59:34.610073] Transaction 0x1327136e3de086872f8186372db1bf85fc1185463e7e5b0be390169c55339454 skipped due to low value: 0.0 AVAX
[2025-10-11 16:59:34.721079] Transaction 0x0fc8e820f9d3c066d1240de905e665d80e8af5915c211489e99981c5a78593a9 skipped due to low value: 0.0 AVAX
[2025-10-11 16:59:34.832077] Transaction 0x3a3ef9701e34e0dd9185a8dd57e8f8785d71bc6075f4d3b3d9ac166c5ef93216 skipped due to low value: 0.0 AVAX
[2025-10-11 16:59:34.945076] Transaction 0xe3ee0a146a3c7a82efd374ee2259e5c49865c62f167c310c5970467658b184d3 skipped due to low value: 0.0 AVAX
[2025-10-11 16:59:35.056491] Transaction 0xd9bb9c21e0ddc2665fa07d367f29d8072ba8ad969ad5af7af18077e3dd1e6dd8 skipped due to low value: 0.0 AVAX
[2025-10-11 16:59:35.163175] Transaction 0xa3852fb7fc6bc1b9cace556fca9a69d52f10f36fb48814e154b66aee765e22fc skipped due to low value: 0.0 AVAX
[2025-10-11 16:59:35.273157] Transaction 0x40a7cb10f8514ba91fed5d5a13724d0cae02570eb2d2d0b4f0e6f5cf4046ef72 skipped due to low value: 0.010926573426573428 AVAX
[2025-10-11 16:59:35.382880] Transaction 0xf4fe3ff5f66acaa2600eca6f2763fa3832b9ff735c8cbd1ef67adf83d059d2de skipped due to low value: 0.0 AVAX
[2025-10-11 16:59:35.490345] Transaction 0x7156bd110951dc64a3205b25160fc988ac769ba68e8a0a16c3b42214f34a844b skipped due to low value: 0.0 AVAX
[2025-10-11 16:59:35.602350] Transaction 0xa1b88e9121b5a84fafb4d29f76027586f562f3d5a6a344e01aea6762628a04d9 skipped due to low value: 0.0 AVAX
[2025-10-11 16:59:35.713344] Transaction 0xecebea47a5a038bb15beb36b4bc606975174ef7cbd839fe255321de66e23c4d5 skipped due to low value: 0.0 AVAX
[2025-10-11 16:59:35.822345] Transaction 0xe31884c2905642f208f7e0d27fed6e640fe741d65c1a1fb88f21c327c618c9bd skipped due to low value: 0.0 AVAX
[2025-10-11 16:59:35.931344] Transaction 0x4d91e5eebf1b3f8073cbe8176ff885ae20f9b1f53d7a37aec7cd3c9ae1ab961d skipped due to low value: 0.0 AVAX
[2025-10-11 16:59:36.050350] Transaction 0x2968c565ff7fa97bc07e8917c287cf0cace6522c5c64ca4c52166ccdd7c4ae2b skipped due to low value: 0.0 AVAX
[2025-10-11 16:59:36.164345] Transaction 0x0eb6b94ebbf0ac193974ebd1abdbc1040f35bca6015bdb01bdb719d6e512298d skipped due to low value: 0.2439 AVAX
[2025-10-11 16:59:36.276457] Transaction 0xc4f8869b36c0384c11acd6a5a67cd61ee33f95a146965eb805bc0b14da8361bd skipped due to low value: 0.0 AVAX
[2025-10-11 16:59:36.386977] Scanning block 70146518
[2025-10-11 16:59:38.336067] Transaction 0x9e920460ab144b79d935220337e8c5e51fa6229891b924e2ad55353530d0ced5 skipped due to low value: 0.0 AVAX
[2025-10-11 16:59:38.455065] Transaction 0x5c7e77e1c431f3bf7f0a4e0853f2b98a84366b33611e5d67bbb2bef8f7c1c876 skipped due to low value: 0.21281812055630067 AVAX
[2025-10-11 16:59:38.564066] Transaction 0x5420b243033f76fb521ee181575cdb9a92a8065cdf4e8c7a6a78af406fec9d63 skipped due to low value: 0.0 AVAX
2025-10-11 23:59:38,598 - ERROR - Error processing block 64269864: HTTPSConnectionPool(host='api.etherscan.io', port=443): Read timed out. (read timeout=10)
[2025-10-11 16:59:38.676062] Transaction 0x2d0031f3f17bd9b8f2651c0753094f2827e4e5353b005c3b835f5b9030803dd2 skipped due to low value: 0.0 AVAX
[2025-10-11 16:59:38.787063] Transaction 0x3d495040cedfa666062007b951ae72289a85124f94725403874e4a4f3bc60d30 skipped due to low value: 90.15794113999999 AVAX
[2025-10-11 16:59:38.896063] Transaction 0x6f25f0f1a9011ccde993e4e07a10fe75180aa4b9cd4d6330e0592b0e28d9f3dd skipped due to low value: 0.2003 AVAX
[2025-10-11 16:59:39.006062] Transaction 0x00719db9c2de41eacdf9e080cde086b7fe2604aca7dca00b58d30d9218427069 skipped due to low value: 1e-07 AVAX
[2025-10-11 16:59:39.120062] Transaction 0x8d73fc0284d42f75c698e78ff57d796ed67cbfab6e1e3c7c088bfbb0e6bd4502 skipped due to low value: 1e-07 AVAX
[2025-10-11 16:59:39.229062] Transaction 0x780a9a5547111ae57325a78547aacf85d11e6bf34d895ca1ef77fe0aca08bcc5 skipped due to low value: 1e-07 AVAX
[2025-10-11 16:59:39.356065] Transaction 0xe1e6bdf96d922f12b77f5fd3852e144531c745e07a2c77fe83a15f243464dd4f skipped due to low value: 1e-07 AVAX
[2025-10-11 16:59:39.474063] Transaction 0xf9da25435d224c7ae47490a99c7355a3164f2af3e687193f73d4b48ad4eb47e6 skipped due to low value: 1e-07 AVAX
[2025-10-11 16:59:39.586576] Transaction 0xd3c4caf45404013c4b7ee4ab3c969790cb97c8371eb09e9671a63367c8a556a2 skipped due to low value: 1e-07 AVAX
[2025-10-11 16:59:39.694358] Transaction 0x5377a6cdf3806f06509b45759e5b4bf715fcf819aa2ee44e80d3bd484b37e68b skipped due to low value: 1e-07 AVAX
[2025-10-11 16:59:39.806357] Transaction 0xb96d63530fa37c253c3fc793986c8e201cc0cc6cf140707c2ff86c92d4b5f365 skipped due to low value: 1e-07 AVAX
[2025-10-11 16:59:39.915361] Transaction 0xe627ccb08311224bcfeeeadc35f72a4fe451dbc95e87a606c29ad2c1bebeeb6f skipped due to low value: 0.0 AVAX
[2025-10-11 16:59:40.030364] Transaction 0x06032268e62d40fb4966ac0949a299aecddeb3bf444a3f7fa687d5ea7511b380 skipped due to low value: 0.0 AVAX
[2025-10-11 16:59:40.144357] Transaction 0xbb72b963fbd0e2cba673743528a7820bf32790940b43a323df9ad463c13092e8 skipped due to low value: 0.0 AVAX
[2025-10-11 16:59:40.258357] Transaction 0xa79f255b6a7d44596c409c86426a91c985e874204c6b3ff81e309389cb811529 skipped due to low value: 0.2915 AVAX
[2025-10-11 16:59:40.367355] Transaction 0xe1fdb0371f1b862a3672719af3ee603e981b69dacb9367945695b07eb440eccb skipped due to low value: 0.0921 AVAX
[2025-10-11 16:59:40.476356] Transaction 0x57bc2d4bfb3fcc6bb6946eb1eb773b215b35ed16b7915457dc7dbb1cae2e89e0 skipped due to low value: 0.0 AVAX
[2025-10-11 16:59:40.587374] Transaction 0x49317545732b6fb41fafcdf93a99fed7e0563beb470b291d798c9af0ea2c100e skipped due to low value: 0.0 AVAX
[2025-10-11 16:59:40.697360] Transaction 0x09e8d33f78f5839a4fceb7e7f0bc31d071437aedde41031bb3987f4ce608fcf1 skipped due to low value: 0.177 AVAX
[2025-10-11 16:59:40.807355] Transaction 0x2f6b7755e908381aebcc348ac07279f0498617523555cb7706e7d62d3e5a1523 skipped due to low value: 0.1264 AVAX
[2025-10-11 16:59:40.948876] Transaction 0x4432a283edf6ed026647b72dd5a5ff9832f7bab36962e5f8e624b548edb663bf skipped due to low value: 0.0 AVAX
[2025-10-11 16:59:41.061877] Transaction 0x4abd4de2f9b445399ac8db6b26b7bd33823e47217c5678100200cbc9962e2af6 skipped due to low value: 0.0 AVAX
[2025-10-11 16:59:41.180877] Transaction 0xd73f7015ca3b680d80f3457171c3896ec4e4e151a451e21179e51c44781e4cb4 skipped due to low value: 0.0 AVAX
[2025-10-11 16:59:41.290875] Transaction 0xbb39517c537093272860da5f8b084419b2e8dec9892d20968ea174f9ac33d437 skipped due to low value: 0.0 AVAX
[2025-10-11 16:59:41.398397] Transaction 0x8a944e7a5adebab4f59fdbb68b501ad464c75bb222eb03a322aab70f926afa26 skipped due to low value: 0.0 AVAX
[2025-10-11 16:59:41.507397] Transaction 0x7aba1f5de6a999ce7372da3edddcfbb2b9d7d0e958e68095c1fb183c47e94d66 skipped due to low value: 0.0 AVAX
[2025-10-11 16:59:41.613394] Transaction 0x3a89de2146e18918418369a1af5cbd6d3a28e0d1fd06b61e064c09f22354e92d skipped due to low value: 0.0 AVAX
[2025-10-11 16:59:41.723401] Transaction 0x8c994cf36c0f50a9aa437e2bbfe51c86375ba22e364342bcedcf0143d2e7bb4b skipped due to low value: 0.0 AVAX
[2025-10-11 16:59:41.832400] Transaction 0xe9241aad33addb4d34dd226a63f2d0e8cc91f5b74e59b669dc356dc4416b2a2d skipped due to low value: 0.1765 AVAX
[2025-10-11 16:59:41.944922] Transaction 0xf884bbab798364e3524d1341f3bc3957a022b2d3196ef897ccc8b62a37ca6c2a skipped due to low value: 0.0 AVAX
[2025-10-11 16:59:42.053026] Transaction 0x9727bf32f0845ad9b42e2ac740aca881dd810f9310d732796f3937d077e776e7 skipped due to low value: 0.0 AVAX
[2025-10-11 16:59:42.162158] Transaction 0x489cae8ee9c13aaf836b8c2757f26e9d538ba40eca892991e6b1a0f311205b0c skipped due to low value: 0.0 AVAX
[2025-10-11 16:59:42.271763] Transaction 0x627f435e86639ab42a84e01c9842820d2a67bb9e761a75da205cd20152a09bfa skipped due to low value: 0.0763 AVAX
[2025-10-11 16:59:42.379762] Transaction 0x7fd1ff48c840b9938573f14e3c92e15c7e63fa1f4b5356abc0fe6def861b1d12 skipped due to low value: 0.1279 AVAX
[2025-10-11 16:59:42.498767] Transaction 0xd076c0d084a6a440810aba8fb01ee2138def6315e8d805d85b4a493390cdb5bb skipped due to low value: 0.1224 AVAX
[2025-10-11 16:59:42.618766] Transaction 0x969d096c0ccfd8ada6b5cfa0e6ef1ca382c8b6cd2be6ab29a7c7d7a0817569aa skipped due to low value: 0.2558 AVAX
[2025-10-11 16:59:42.730764] Transaction 0xc0730d2b73e5d102c3df54154d0e7d1380adfaada7bced3d66fdfee77b4b6300 skipped due to low value: 0.0 AVAX
[2025-10-11 16:59:42.839765] Transaction 0x54ff074e837ab34be8df6d0cbdd0ac4247a7e20811376215f237a66cb565bbdd skipped due to low value: 0.0 AVAX
[2025-10-11 16:59:42.949775] Transaction 0x08edf15a42509c8b4c2168b7b34696392c188c1b13e8e9a9fc07410c179f36c4 skipped due to low value: 0.0 AVAX
[2025-10-11 16:59:43.059763] Transaction 0x8834b55ce38fb408b9069274f7a54b5d68b72d2f194683a7938c1721486cad3d skipped due to low value: 0.0978 AVAX
[2025-10-11 16:59:43.170769] Transaction 0x1c19dd3f88dbf5474fe8148f9c42ee799f5a90978bf0384bebceeb4eda497a7b skipped due to low value: 0.2729 AVAX
[2025-10-11 16:59:43.279763] Transaction 0x4144e270c7abe8ff33c13a7632968b02569d24c5f475852471e7afd46f4147b6 skipped due to low value: 0.0 AVAX
[2025-10-11 16:59:43.399763] Transaction 0xbb437adc6e37f074558575474a773c84d68be8e1eebb9ec2136ea57712046363 skipped due to low value: 0.1699 AVAX
[2025-10-11 16:59:43.507768] Transaction 0xd6a5316ba625c59d391053fa34758c99e8f3f12e71c00ed178bccc525a16425f skipped due to low value: 0.218 AVAX
[2025-10-11 16:59:43.617764] Transaction 0x3fe1496e19e24b3912d8f045b96c74fd840620ce9686147ee3991a7d69c0931f skipped due to low value: 0.0 AVAX
[2025-10-11 16:59:43.726763] Transaction 0x6fc4106975a862334b3a8ef91ba06441d93c2221932659b0161f53d113835307 skipped due to low value: 0.0 AVAX
[2025-10-11 16:59:43.834765] Transaction 0x36ba7487869e9fefcf22a24ee302de9e4a28a52b8b1bc4e42f64a048238e2a94 skipped due to low value: 0.0 AVAX
[2025-10-11 16:59:43.942765] Transaction 0x0d93e04e1f400165c65874784aff60e5b5558259b451b3ad63b9c4c96929e562 skipped due to low value: 0.1236 AVAX
[2025-10-11 16:59:44.052766] Transaction 0x8d7b0e6145145c21f031bbc2b2631e71bbbd643c4a9adec426b9e8ed6a28a7b7 skipped due to low value: 0.0 AVAX
[2025-10-11 16:59:44.162766] Transaction 0x4d897ec7873eff40c74412c061fffeb19abb8c55a448fc3c8ede1cbf82b6df10 skipped due to low value: 0.0 AVAX
[2025-10-11 16:59:44.273766] Transaction 0xad179cec31c01644544ec54a58fa5a8156aa6f559af2a3dd5658f4a13595ac63 skipped due to low value: 0.0 AVAX
[2025-10-11 16:59:44.382766] Transaction 0x3fdc9bf5395d2ad9e6add4d2b8d5ae4ec280a947b1c25517f6ce21bbfd136d65 skipped due to low value: 0.0897 AVAX
[2025-10-11 16:59:44.507766] Transaction 0xc8a294a488d9b54013990675081a151880ec4b97b9ddf6d3a7af54f009590644 skipped due to low value: 0.0 AVAX
[2025-10-11 16:59:44.617085] Transaction 0xef3e8e3b5d50fff03b2a11b588a3f65af89a3eea6019c570b15a5e55d6cca81f skipped due to low value: 0.1826 AVAX
[2025-10-11 16:59:44.728415] Transaction 0xc307107204229f7c5554b6f71226885437bbc004d368ea7df4781dfd0ddf2f4a skipped due to low value: 0.0 AVAX
[2025-10-11 16:59:44.837997] Transaction 0xe95a248fdde42e0810ffe279ca638e368e903a2ff8cbcf4979eb352e2a5627a8 skipped due to low value: 0.1608 AVAX
[2025-10-11 16:59:44.948054] Transaction 0x9fc155149c832577da921d8452bbce52d4a09d548f8a683711f1e5842e6294f5 skipped due to low value: 0.1284 AVAX
[2025-10-11 16:59:45.059054] Transaction 0xf44cd7d59ffcadcc830ce71775dcd4f8e843e6e4c07729ba2bcc7d08caf6e702 skipped due to low value: 0.2408 AVAX
[2025-10-11 16:59:45.171059] Transaction 0x2f51127e04f98246f4ac4d99abcbfdcd9cb34788475353983a5203956adb0e64 skipped due to low value: 0.0801 AVAX
[2025-10-11 16:59:45.279054] Transaction 0x3cdc96af62978feacf4f8f8b24ae74954e1cfc1493cd636573da18adc25487c4 skipped due to low value: 0.0 AVAX
[2025-10-11 16:59:45.390053] Transaction 0x493149462aab8804fcb6291a675fdce77628812566e39d072ee8f234fa3c3483 skipped due to low value: 0.2036 AVAX
2025-10-11 23:59:45,432 - ERROR - API returned error for block 64269861: {'status': '0', 'message': 'NOTOK', 'result': 'Free API access is temporarily unavailable due to unusually high network activity. To maintain uninterrupted service, we recommend upgrading to a paid plan: https://etherscan.io/apis'}
2025-10-11 23:59:45,432 - ERROR - Error processing block 64269861: API error: Unknown error
[2025-10-11 16:59:45.510052] Transaction 0x5cc0e05609bbf4111093f4b88fe2d06ab0e5edc252f6ae38a7f06672bf2476c1 skipped due to low value: 0.14 AVAX
[2025-10-11 16:59:45.620052] Transaction 0xf6557f8ef768eff84e293b6ddb4c59cf9cab681d40f765ea05006144b86c3439 skipped due to low value: 0.0 AVAX
[2025-10-11 16:59:45.730057] Transaction 0x2a7368a1ea09a09bc1a7a9f9ddfb66feb8350473cc31fd25d011d8d5b931b3f7 skipped due to low value: 0.2435 AVAX
[2025-10-11 16:59:45.840582] Transaction 0x27a8713ec153e7fb1c627349e96ba7345260a652f532da6e709797bf4683ed44 skipped due to low value: 0.0 AVAX
[2025-10-11 16:59:45.949584] Transaction 0xddb48aae3e02781421d8b1deb3cbe1b8b1a49ad31e6bb6c73f5e9d5e2b26467b skipped due to low value: 0.0 AVAX
[2025-10-11 16:59:46.059112] Transaction 0x950e615b92198791b33ae5367c22ee097435fa69296843cb07283179bd5dbe8a skipped due to low value: 0.215 AVAX
[2025-10-11 16:59:46.177113] Transaction 0xc733fc8b46a7e826b81742d747a2e12d6b96244e556f4a6954f1dc68f417ed5a skipped due to low value: 0.0 AVAX
[2025-10-11 16:59:46.288113] Transaction 0x45e13d2d4f9d01275985730ca9e940364e0a9a9849ae72eea4849ef981b86f24 skipped due to low value: 0.244 AVAX
[2025-10-11 16:59:46.399117] Transaction 0x1bed54a53f9d65c62331fdf422309b27139d58ac236353066a5460a6bdb70684 skipped due to low value: 0.0 AVAX
[2025-10-11 16:59:46.509110] Transaction 0xcd81535ad1949738559f52e190211ec96f4921375198af8513e185509b109bc4 skipped due to low value: 0.1633 AVAX
[2025-10-11 16:59:46.624109] Transaction 0xb56b0daa6b7d822e7c26bcafb352177ae42103a60d6b8808839091b1be1e9e53 skipped due to low value: 0.2547 AVAX
[2025-10-11 16:59:46.731117] Transaction 0xfa1ecda1cccc759e0706e53205ed9579fb5695bcc95fab853e596f085c101acd skipped due to low value: 0.1532 AVAX
[2025-10-11 16:59:46.838882] Transaction 0x749f0bb90e8431c3370ba3fe76df2357bd908e84d065fa1d9d3a47dd22f951a4 skipped due to low value: 0.2191 AVAX
[2025-10-11 16:59:46.947364] Transaction 0xd1d836733859cb59e59bbcf2de59e6a679f4b787713735d764575c856b51054c skipped due to low value: 0.2024 AVAX
[2025-10-11 16:59:47.055055] Transaction 0x8263827daf9ff9f38f1dfd96611c3070f9b55af33f27fcfed69877bc7098220b skipped due to low value: 0.08 AVAX
[2025-10-11 16:59:47.164009] Transaction 0xc40d8b6799e67bf5f5e4cb0857785ac0cb9af0ee8fe1bd583d5628584f176fa7 skipped due to low value: 0.0 AVAX
[2025-10-11 16:59:47.273982] Transaction 0x8ff4e811058f5c5f48031e0c9c9fd4ea132ef3e48d72490f01592b1491a9d4c7 skipped due to low value: 0.1139 AVAX
2025-10-11 23:59:47,375 - ERROR - API returned error for block 64269860: {'status': '0', 'message': 'NOTOK', 'result': 'Free API access is temporarily unavailable due to unusually high network activity. To maintain uninterrupted service, we recommend upgrading to a paid plan: https://etherscan.io/apis'}
2025-10-11 23:59:47,375 - ERROR - Error processing block 64269860: API error: Unknown error
[2025-10-11 16:59:47.385988] Scanning block 70146517
2025-10-11 23:59:48,909 - ERROR - API returned error for block 64269859: {'status': '0', 'message': 'NOTOK', 'result': 'Free API access is temporarily unavailable due to unusually high network activity. To maintain uninterrupted service, we recommend upgrading to a paid plan: https://etherscan.io/apis'}
2025-10-11 23:59:48,909 - ERROR - Error processing block 64269859: API error: Unknown error
[2025-10-11 16:59:49.088514] Transaction 0x3f26001ff5eef8bc24e13b1b91d5137d3e282007acfb5f450a80c31585e5deea skipped due to low value: 0.0 AVAX
[2025-10-11 16:59:49.198519] Transaction 0x54effcbb0b99b8ef0e5184f38a74ecbd808c6d21d15b3cfde1e5388dab029439 skipped due to low value: 0.2162 AVAX
[2025-10-11 16:59:49.307624] Transaction 0xf76ac8e527179979d797cae94d17fa1abe21cebc9aaa4d8120b5aeca2c6f1911 skipped due to low value: 0.0 AVAX
[2025-10-11 16:59:49.424623] Transaction 0x59de32842931f3ea36131f657181debad007b8a6f2ef71358f880f45faa232a8 skipped due to low value: 0.2916 AVAX
[2025-10-11 16:59:49.533626] Transaction 0x33d9f91be623f7295311530bc057ced2096ad92d55a81f83c9bf3d7b1f292859 skipped due to low value: 0.0 AVAX
[2025-10-11 16:59:49.643623] Scanning block 70146516
[2025-10-11 16:59:51.486925] Transaction 0x5ee1e1ebb81d3ceaaea48c43b1d18852107336f74167ab28cc8039190273c497 skipped due to low value: 0.0 AVAX
[2025-10-11 16:59:51.619376] Transaction 0x88acb9b77d869d2c94957342824232afc82d5ba0ce778bc23b0d6f6fa1f80cf8 skipped due to low value: 0.0 AVAX
[2025-10-11 16:59:51.736213] Transaction 0x184dab713b5ed29c4fd98ac8a741c73bdf0d2c09efba9741b860de906d9de231 skipped due to low value: 0.0 AVAX
[2025-10-11 16:59:51.856212] Transaction 0x601400b9652f3bbdf3fa717771d592151f60a5c4f478037ebd37f71e38ac11eb skipped due to low value: 0.0 AVAX
[2025-10-11 16:59:51.968212] Transaction 0x61c150e05e0385d13c703ccfa7ff7f8310deaad74d507a52db7792846187c113 skipped due to low value: 1e-07 AVAX
[2025-10-11 16:59:52.078229] Transaction 0x2f94b30ec393ad25f147cd9a5fe9533d93cf63b22cb5d4c51c6c0dad9adb95f9 skipped due to low value: 0.0 AVAX
[2025-10-11 16:59:52.199215] Transaction 0x433c028f2eda051252ec8e1d51f62da4a5c542642bb6dc7e5fa1c4f917e3e758 skipped due to low value: 0.0 AVAX
[2025-10-11 16:59:52.318214] Transaction 0x7b824d2a0896541b25034bfbc1e8ac4c21dce7caf6a2917c05bd2a0ec293d3f0 skipped due to low value: 0.0 AVAX
[2025-10-11 16:59:52.427213] Transaction 0x01bebe8d591a93b4ec9ce1cdc6eb52b42db162873975b36dc4154daff910c8d8 skipped due to low value: 0.0731 AVAX
[2025-10-11 16:59:52.538213] Transaction 0x33e64a1a212575eab6ca71b2e353ec00283bb5e6a09daa2f32e9a7a757055c41 skipped due to low value: 0.0 AVAX
[2025-10-11 16:59:52.659210] Transaction 0x5912cb3ad4341bdbc075930c09b5cef3590f792e0433dcd82e565356c054d228 skipped due to low value: 0.0 AVAX
[2025-10-11 16:59:52.781212] Transaction 0x6654a2b4073a9a01de9e1c7219b01e47ee36cc9bdad477f267080ffc8cbaaf64 skipped due to low value: 0.1474 AVAX
[2025-10-11 16:59:52.889218] Transaction 0x0734b7498b4928344fa9f7aa6586f6fc92b60c263dc829ffff720f6d64e0934c skipped due to low value: 0.0 AVAX
[2025-10-11 16:59:52.998213] Transaction 0x3d3c986603f74652653aec6cdc0dae49d008f1fd5747fb6167c2bcda4e2eec56 skipped due to low value: 0.1609 AVAX
[2025-10-11 16:59:53.105229] Transaction 0x273c5613ebcebf3d98c842fb012aff3578f0047660e42ba37075098fba27697e skipped due to low value: 0.2878 AVAX
[2025-10-11 16:59:53.214211] Transaction 0xacd164dc843c9c7829542d564042b0fc6142f8b3d6a20495880228d4241eeaf1 skipped due to low value: 0.0 AVAX
[2025-10-11 16:59:53.323214] Transaction 0xe3aae284846321200e44eee78bc8b7c2c80be9c03190964dad31e4a4b88747dc skipped due to low value: 0.0 AVAX
[2025-10-11 16:59:53.431213] Transaction 0x06adcf1c602a0cfdeae2d747c8f848a9eeba56646ee3b2a3ff4236821cb60ae3 skipped due to low value: 0.0 AVAX
[2025-10-11 16:59:53.539211] Transaction 0x68d2da0faa3606c5f309a4c9661efd9cb4eeb2115920e7a3bfa8f7144088f76b skipped due to low value: 0.2251 AVAX
[2025-10-11 16:59:53.648214] Transaction 0x44284aaaaf0418f46bfea9f9d85abf435fc077ab2ebc160c4d346a302cd512ad skipped due to low value: 0.3341 AVAX
[2025-10-11 16:59:53.755214] Transaction 0x9d2942f0c78a19c2b4db66334a0cc7eb4998bfb7ff54971e95d35d58fedbfd3f skipped due to low value: 0.1927 AVAX
[2025-10-11 16:59:53.864219] Transaction 0x08362d04bd1eb44bb10e89447a838d6b411ce1b6983ac30709db5b4e417c2a30 skipped due to low value: 0.0 AVAX
[2025-10-11 16:59:53.973215] Transaction 0x71b0d8b7d8cb355135e6af7d7c8702a555d9d4732917ee956c5634049ce836b8 skipped due to low value: 0.0906 AVAX
[2025-10-11 16:59:54.083217] Transaction 0x962fd7a56ab1639c90d7039f1a78b4d5fa31101699e91fb37a5c156ec071ad1e skipped due to low value: 0.1262 AVAX
[2025-10-11 16:59:54.191973] Transaction 0x701fd5cf4ecd71d8aa75574eeae57d0abb50a67e5b92120607fc6f92a1b400ac skipped due to low value: 0.2508 AVAX
[2025-10-11 16:59:54.300400] Transaction 0x9e516fd1a092b865a92163f6e1164e66dee83195273676b8243ef1e4ebba4195 skipped due to low value: 0.2106 AVAX
[2025-10-11 16:59:54.408867] Transaction 0xa9eb710a51f9fbb853eff10de6f4b0014177749c3266bbcf0993e63743cb7a40 skipped due to low value: 0.1225 AVAX
[2025-10-11 16:59:54.535454] Transaction 0xba498c8c6972ae86ef3eaf8a74705b4f1e0eabeeedf7a3c9678909c5d18cd1d7 skipped due to low value: 0.2013 AVAX
[2025-10-11 16:59:54.646223] Transaction 0x3b82375a1621fe2e6643717acffefc86750ffe189d76e0f740c1c8a96c6ef5ea skipped due to low value: 0.2557 AVAX
[2025-10-11 16:59:54.767231] Transaction 0x02f2332e918d794dc8c41595d5f0b5aa0a21e2f32782faa4c6f699ea58b71e23 skipped due to low value: 0.0 AVAX
[2025-10-11 16:59:54.878229] Transaction 0xe76f6a456e29a49da3ab031ba14dea350ab0d739619b69fad55a83254cb03407 skipped due to low value: 0.0 AVAX
[2025-10-11 16:59:54.988224] Transaction 0x6327a6215431b2e34fb051a148b0fdf15279eb842032174ae684a14eeb4f6f7b skipped due to low value: 0.0 AVAX
[2025-10-11 16:59:55.098224] Transaction 0x507efc95e9fa106401590f9c03950d01039b863af53534756be829b2f00959c4 skipped due to low value: 0.0 AVAX
[2025-10-11 16:59:55.208248] Transaction 0x9524caa50c33ce7ab375a25520dd68c3fa32696dfc852f717da47309df3f8f5b skipped due to low value: 0.0 AVAX
[2025-10-11 16:59:55.318225] Transaction 0x05f74e2a46a61d208e5da09a9666b32160d42dc41b7109d2c3c5561fa6d018ec skipped due to low value: 0.0 AVAX
[2025-10-11 16:59:55.426226] Scanning block 70146515
[2025-10-11 16:59:57.921080] Transaction 0xae888a6f33714fe73b4d1b779bef316e589ab4599c8b34e2196cd79cf99acf13 skipped due to low value: 0.0 AVAX
[2025-10-11 16:59:58.039077] Transaction 0x30619a36251cd3c09d2651ecf62a781c35a4c6087c8acc6bbc457ccf9f99bdaa skipped due to low value: 0.0 AVAX
[2025-10-11 16:59:58.130084] Transaction 0xa7e0e3d0499e95b15af83290ac8e393113f52275d1bf5e7c91bdc3ae59e06a00 skipped due to low value: 0.0 AVAX
[2025-10-11 16:59:58.225081] Transaction 0xe1c48420b70aa3596b5fc0089bea9fb9847deec9590902d2d48e9f405793ebdc skipped due to low value: 0.0 AVAX
[2025-10-11 16:59:58.316093] Scanning block 70146514
[2025-10-11 17:00:00.602195] Transaction 0x0678b34f3c9d65b86e24543a0e5ab795801e38e48584ed18dd95b8f6b150184b skipped due to low value: 0.0 AVAX
[2025-10-11 17:00:00.695194] Transaction 0x059aa851f1337a5e3d310e51bc9c2ec39bc8604a5b1683607865500fddd507de skipped due to low value: 0.010926573426573428 AVAX
[2025-10-11 17:00:00.785197] Transaction 0x4f5b4d3f0d8232508ff1f893c24f1f5c5f40a8f7d0bd001078e160d36af12866 skipped due to low value: 0.0 AVAX
[2025-10-11 17:00:00.912193] Transaction 0xbd8607dbe2a354a797942b0e0865bcb05cae2c45b12d386fe731ba683d4b9515 skipped due to low value: 0.0 AVAX
[2025-10-11 17:00:01.005195] Transaction 0x28ff790fa599ad5d1dec82ef247ab5bc4c002339b8f6eb9e1474803e9fd83574 skipped due to low value: 0.0 AVAX
[2025-10-11 17:00:01.101195] Transaction 0xc9eef2c875c9c7e0e2e50b4b0d6ff520ecf801e83c7d11a60938edae788f5f68 skipped due to low value: 422.74771864280683 AVAX
[2025-10-11 17:00:01.192194] Transaction 0xe0bfe9d3385a1d2ee36bdacfcabbdf662e6224c2dfb411f5386c9ff420e609fd skipped due to low value: 0.000287089938720009 AVAX
[2025-10-11 17:00:01.295195] Transaction 0x5e36b7fc3e42634181772b62b40b09ebda1996f762631b925769f68e4b27dcf5 skipped due to low value: 0.0 AVAX
[2025-10-11 17:00:01.387196] Transaction 0x3b8255b8d0f4f54fe87dc30d9e822b3beb43be58f3e4c9450ab474aa68ccac47 skipped due to low value: 0.0 AVAX
[2025-10-11 17:00:01.492199] Transaction 0x0ba940e23de139dd0d72c747a62850b47b4a938c9437e8858a52e323bd16f0f4 skipped due to low value: 0.0 AVAX
[2025-10-11 17:00:01.583195] Transaction 0x3accb4eee8f80839b61762e101ff1830e3e9b5e1a505e4b43a8431e5b6eb66c2 skipped due to low value: 0.1156 AVAX
[2025-10-11 17:00:01.679933] Transaction 0xbe4c6fcdcd18a05a2df85e3d7c63074e24dfb0a6f21e1554b7e7daac8dc2653c skipped due to low value: 0.0 AVAX
[2025-10-11 17:00:01.776162] Transaction 0x1d24ffd434776d68a081c07294d7827c9fd0f703ca6f18a8e74068debf3b9c61 skipped due to low value: 0.0 AVAX
[2025-10-11 17:00:01.866165] Transaction 0x74d50c8aa3de88bb6bb6293052f1a07ca7c099fd021a76ace62be921e88334c4 skipped due to low value: 0.2335 AVAX
[2025-10-11 17:00:01.957161] Transaction 0xb7f3a3f74cc73e80f452eb1ee5f6669ec60f38d59c34f4cc6042b9eec8210baf skipped due to low value: 0.1472 AVAX
[2025-10-11 17:00:02.055162] Transaction 0x70c46106c117eff16df5c6abe2f5b8d7f5526277afa16c33b62ec87814e5d2dc skipped due to low value: 0.2019 AVAX
[2025-10-11 17:00:02.147162] Transaction 0x8647ac5950212e4d8cbd8ad627305adb732bd750cbd52cc6d80cae24352a4fac skipped due to low value: 0.0 AVAX
[2025-10-11 17:00:02.238162] Transaction 0x45d75d7f6a96c4c6e4302d8bfb11bdac0f2b1ae0bbdc9ebf437fecd8bbae84e7 skipped due to low value: 0.0 AVAX
[2025-10-11 17:00:02.330167] Transaction 0x9abc4545bf6501d616a7086300c12477c04a95206133ae60df5dfcafcdae3a6d skipped due to low value: 0.0 AVAX
[2025-10-11 17:00:02.422703] Transaction 0x9e5ffdb36c9b538a8cf1104b1b1530d6379dad0d4d9c2e610d60a7e2a073ce9f skipped due to low value: 0.2263 AVAX
[2025-10-11 17:00:02.513380] Transaction 0xa2a7e1781da9e7b86df7a17112a97b23f2da386bc3f768fd3c00b6d7661dc4b2 skipped due to low value: 0.251 AVAX
[2025-10-11 17:00:02.618379] Transaction 0xb45fa04365fee52d532b473ff58022631b230e5b1a9e1f41d74453f0bd33eaf7 skipped due to low value: 0.2538 AVAX
[2025-10-11 17:00:02.712381] Transaction 0x00b38825b88c9952b2f5c0585a948a4f18d7feb98a745b79d63c084a26ee9858 skipped due to low value: 0.2418 AVAX
[2025-10-11 17:00:02.802377] Transaction 0x1e1673df2020450e9b053eaff07cf7b05f4e6e7a9bb57642cb87da7f1747a77a skipped due to low value: 0.2112 AVAX
[2025-10-11 17:00:02.894898] Transaction 0x1ae91c07566a77e8a9c3f9bfce06c436b0ed0115a21ddb8f642114f5147c5570 skipped due to low value: 0.0 AVAX
2025-10-12 00:00:02,932 - ERROR - API returned error for block 64269853: {'status': '0', 'message': 'NOTOK', 'result': 'Free API access is temporarily unavailable due to unusually high network activity. To maintain uninterrupted service, we recommend upgrading to a paid plan: https://etherscan.io/apis'}
2025-10-12 00:00:02,932 - ERROR - Error processing block 64269853: API error: Unknown error
[2025-10-11 17:00:03.017899] Transaction 0xb9f57c9370406a55d8bc4f6838b4474e5ae84437408a3ac7a176a706c2e32491 skipped due to low value: 0.22 AVAX
[2025-10-11 17:00:03.128896] Transaction 0x2bdc089ad32bde55617f4e41d45a73d9950367cda6ce90d86a42a6739955a894 skipped due to low value: 0.2924 AVAX
[2025-10-11 17:00:03.222898] Transaction 0x6d626296155156c9877e275f6bcd8ea7a6874886b2e46c6c8afd475f4a6cb9dd skipped due to low value: 0.0 AVAX
[2025-10-11 17:00:03.314895] Transaction 0xf67f7ccccd369b940abb5a729c7f4a8fe96e00963c2e3048cf404141e166d060 skipped due to low value: 0.0 AVAX
[2025-10-11 17:00:03.405480] Transaction 0xbd5c9b2b47f022ab3fb139d28fec43f53f44a1f1267a72ae3890db43f432052f skipped due to low value: 0.0 AVAX
[2025-10-11 17:00:03.497480] Transaction 0x9c22988729f19f6196b13b6c4840a402a4cdd6bf24c13103da520e85f4a5699b skipped due to low value: 0.2116 AVAX
[2025-10-11 17:00:03.594483] Transaction 0x6ea2a1441d1de8465a7eb12569fd8c54f00ca7c07884dab2499509ccfb4c6610 skipped due to low value: 0.1949 AVAX
[2025-10-11 17:00:03.684479] Transaction 0x3e0024bc8408a02ce30f0f0a9cd5d159cb39acf3dd73db9a0afdd512802e0bd6 skipped due to low value: 0.1748 AVAX
[2025-10-11 17:00:03.776486] Transaction 0x856da6d23e5ca413610ad8c09f5e737995a56f2279dcb030837ba12d6e1916c1 skipped due to low value: 0.0 AVAX
[2025-10-11 17:00:03.869483] Transaction 0x562438dd700c55d3cd5d9d8145419c4f1b8838347fc39f012c98527488c676bc skipped due to low value: 0.0 AVAX
[2025-10-11 17:00:03.960483] Transaction 0x7a285740a408b722e1375d03e5d244848c8f802001b36bff3b8253c361ae202d skipped due to low value: 0.2592 AVAX
[2025-10-11 17:00:04.051871] Transaction 0xb6cecf53150cca5a240ac2d82c382c321f0c07c9de3c179cfa521bc22e48ae5e skipped due to low value: 0.1461 AVAX
[2025-10-11 17:00:04.144760] Transaction 0x68b5c6a159f2492465cd16434dc39beeef6cb7cd35ab4df6160f3d0c60bff1be skipped due to low value: 0.0 AVAX
[2025-10-11 17:00:04.233495] Transaction 0x16f691f150ba11c952a50a5b37da6b5812f0ea46db858b218b80a31ede1962ea skipped due to low value: 0.0 AVAX
[2025-10-11 17:00:04.326500] Transaction 0xf8e869d76b5a382d7c9b755e7ad379df3af7f1e3b967a82cf7b8464571d3d302 skipped due to low value: 0.0 AVAX
[2025-10-11 17:00:04.417496] Transaction 0x342026b273a5b9161070ab24312c439c34ae8bbba50c5db2a0de002373e0aa64 skipped due to low value: 0.2647 AVAX
[2025-10-11 17:00:04.523498] Transaction 0x78ea7da1a50b54b21338eb99738abe88f55fd7dce61b01cb2fa79505080c1f15 skipped due to low value: 0.2802 AVAX
[2025-10-11 17:00:04.614495] Transaction 0xa88156898b93e79d4b122a7f00bf05882ed8cc1581989713d132efd4074470bf skipped due to low value: 0.0 AVAX
[2025-10-11 17:00:04.705496] Transaction 0x5c933bc29c59c38f7de2ba67dad2f376c22810a1916c8c911557564d84a9e954 skipped due to low value: 0.0 AVAX
[2025-10-11 17:00:04.801495] Transaction 0xd7c4017ecfffac4608f1907e1baf25ef8fc7e2692c68d234d8cdbd45d3386bd8 skipped due to low value: 0.2305 AVAX
[2025-10-11 17:00:04.893497] Transaction 0x1be43af060006c4d6ba603defcd07f84a42245e5f407378e409034498f471730 skipped due to low value: 0.2967 AVAX
[2025-10-11 17:00:04.986496] Transaction 0x8e78a2aaf9acdd1629866981c149e50dc18a8110be564b8f5a3adcaec0b10c58 skipped due to low value: 0.0 AVAX
[2025-10-11 17:00:05.076496] Transaction 0xed4553e81d94a967472165558c8eed8e561e92d9aad75cd2475825039560d472 skipped due to low value: 0.0808 AVAX
2025-10-12 00:00:05,090 - ERROR - API returned error for block 64269852: {'status': '0', 'message': 'NOTOK', 'result': 'Free API access is temporarily unavailable due to unusually high network activity. To maintain uninterrupted service, we recommend upgrading to a paid plan: https://etherscan.io/apis'}
2025-10-12 00:00:05,090 - ERROR - Error processing block 64269852: API error: Unknown error
[2025-10-11 17:00:05.168496] Transaction 0x940714970e8b61c506496b407ddc513435d4f8ba81c2003522b710a331c8bc9b skipped due to low value: 0.2514 AVAX
[2025-10-11 17:00:05.265364] Transaction 0xaf3e5d88888e700d5a62123c7883e45d3fb308a4a23f7ded36ff33ae8522c3e9 skipped due to low value: 0.0 AVAX
[2025-10-11 17:00:05.360367] Transaction 0xda9f132fab66a2405dcad815c81d86b37b17648f84e009f5d43a543e1db25332 skipped due to low value: 0.0867 AVAX
[2025-10-11 17:00:05.450364] Transaction 0x5920247e12afbc6d5ce278ac9906aec3de1036df6d20964d5117d81fabdec020 skipped due to low value: 0.1036 AVAX
[2025-10-11 17:00:05.543368] Transaction 0x1f6dbb1fde9181ba6cba1d641bf72539bd1af4c7012ccd4d256b6fdcc0f5e132 skipped due to low value: 0.0 AVAX
[2025-10-11 17:00:05.634365] Transaction 0xc6ea07fcaa989382086bcc72e29f4e50cb1a929f9baf542e6409ba83e8343956 skipped due to low value: 0.0972 AVAX
[2025-10-11 17:00:05.725365] Transaction 0x88dc9d7d8bfabd86ee90f22330d7b6015f9f63431210126f47e844bf1d4bc1d1 skipped due to low value: 0.2947 AVAX
[2025-10-11 17:00:05.816362] Transaction 0x0c8e47cf63c04b81a8aa8587ae8e535cd769bae7e9e592a87cef95aa98cfe074 skipped due to low value: 0.0 AVAX
[2025-10-11 17:00:05.910368] Transaction 0xda2f4dfa3fe40dbfac0bd38e613d6bd8338a873bf6667435413d9f648a7fc810 skipped due to low value: 0.0 AVAX
[2025-10-11 17:00:06.003363] Transaction 0x7915983e3f11a564fd33c2fb4ffc59f5807362e84a263182b1e98bc7ab2e9460 skipped due to low value: 0.0 AVAX
[2025-10-11 17:00:06.094364] Transaction 0xbf341909ff6a72c0e3ab8b3d341249210ba61b85f84b1bfd194d262dadaf297f skipped due to low value: 0.0 AVAX
[2025-10-11 17:00:06.184364] Transaction 0x15ba4690304af60d619885acc2380821835d3a1a1ed0d151fa33934a74f464e2 skipped due to low value: 0.0 AVAX
[2025-10-11 17:00:06.273364] Transaction 0x803a06b81c1ebe6794f4e45476ab643f0ee4514917a4692aa790de2c88ad5d29 skipped due to low value: 0.2095 AVAX
[2025-10-11 17:00:06.365366] Transaction 0xe3f54cad5c4e6e1e98f27350772ebdfbcd061c4d0b051ab3f560da0da5081f43 skipped due to low value: 0.2013 AVAX
[2025-10-11 17:00:06.454324] Transaction 0xfa50aade7b554a24416bb02adb4c1ba0c75e51ea3979ff48dc0fb5e3f14f26c0 skipped due to low value: 0.1785 AVAX
[2025-10-11 17:00:06.544331] Transaction 0x53015e78a37b886759d67e064a4d673993b75ae58d25ca952883c6e44edeb59d skipped due to low value: 0.1924 AVAX
[2025-10-11 17:00:06.639330] Transaction 0x1b0115a25f09d60737767f1e10635f2be8b0c3291411b0cfcc1f86a3651aca51 skipped due to low value: 0.1849 AVAX
[2025-10-11 17:00:06.731324] Transaction 0x8fa12794cd4df7afe8f7696a554df1f2f39f4c95da3e3a7b6f5a8d171a29ec4a skipped due to low value: 0.2228 AVAX
[2025-10-11 17:00:06.823328] Transaction 0xddaeb8edbed27acee4bf5367a6ca9777d0c8b84b4291dda5047e474b2393da70 skipped due to low value: 0.2243 AVAX
[2025-10-11 17:00:06.915328] Transaction 0x8e7b1b4a5e1118d6718e81dc92a553325f0dcc2f2f69a0fca8dcd4ba3d2ea401 skipped due to low value: 0.193 AVAX
[2025-10-11 17:00:07.007327] Transaction 0x1f4b0ca8cde6ef25c6907ea5bf546b233b74454fd0b85bdf086eac35e4cce85e skipped due to low value: 0.0914 AVAX
[2025-10-11 17:00:07.099330] Transaction 0xa260cdef57cd7a1ba24c794de67bf6fbe98a08fda3cb48fd81e0a13a49289330 skipped due to low value: 0.3118 AVAX
[2025-10-11 17:00:07.192329] Transaction 0x9b3b96c60a7001abd3e924c95b3cb8de40b3e717f11b4ce986d16ee33ea03836 skipped due to low value: 0.1611 AVAX
[2025-10-11 17:00:07.290327] Transaction 0x394f7ed9a2f91342e694016963e5c5e061b346a9e881a0339d3cbd55b8154e3d skipped due to low value: 0.1204 AVAX
[2025-10-11 17:00:07.382324] Transaction 0xb2a196413baad0a1c48f8830d347c9daaf678f64491d730097801da0a7076cd6 skipped due to low value: 0.0887 AVAX
[2025-10-11 17:00:07.474339] Transaction 0x7eab6811e443a1d8a6f5e4bafcced1fbd23364bbdd28b7441965d7236e486492 skipped due to low value: 0.2863 AVAX
[2025-10-11 17:00:07.565329] Transaction 0xceeee214b5ee7e3dcf643d51a60e2950a1fa85cb153e7f8f215a6a5075e7d5ab skipped due to low value: 0.1202 AVAX
[2025-10-11 17:00:07.656346] Transaction 0x24b168e8611f8639fbdf3684f276b5a1326b83a306c11e9f6d231e7e81737752 skipped due to low value: 0.0 AVAX
[2025-10-11 17:00:07.747324] Transaction 0x62b55f9b701788782795f0ad0f88a76dff2c18fb11f8bf8e1f5bde2151d2b2a2 skipped due to low value: 0.0 AVAX
[2025-10-11 17:00:07.838326] Transaction 0x7b0067fe257ecde9ed8a308a82ed95a33069f524b3eae625d8df61cda2543e0e skipped due to low value: 0.0 AVAX
[2025-10-11 17:00:07.958327] Transaction 0x0c133a02c1a03eee55698415e5e776c1f638ede96c78989e2ace23acf137f156 skipped due to low value: 0.1587 AVAX
[2025-10-11 17:00:08.066330] Transaction 0x79025a72e89cd944376e7b484c9f8823c13dd49a85fb846ef6be3ab85b9b9467 skipped due to low value: 0.0 AVAX
[2025-10-11 17:00:08.161328] Transaction 0x1bae4027d46ba7fc6d2bc2ecba06630a00b9bfea54aa96d5223a36c39a715027 skipped due to low value: 0.0 AVAX
[2025-10-11 17:00:08.251328] Transaction 0x2174fd07017bdd4c5b6f7584ba05d118212bd1c05b37b8654cee7dd6167cdc70 skipped due to low value: 0.2196 AVAX
[2025-10-11 17:00:08.342328] Transaction 0xb64fb3c4f436c91ac279dea92c3cb91890974919106ebb7a8f40a3fbc9934b8e skipped due to low value: 0.0 AVAX
[2025-10-11 17:00:08.431332] Transaction 0x1137c3473714cbc1438a3d028128a0550f997b7f9205f8edd7656c8d83f2de93 skipped due to low value: 0.0 AVAX
[2025-10-11 17:00:08.522329] Transaction 0x30724066086a346642ecc4da50ed18fe8ffa163711fdd97e2bed434364e80e98 skipped due to low value: 0.1059 AVAX
[2025-10-11 17:00:08.653456] Transaction 0xf58332260c4fa9510a56e8c927334dcf95798353cd7a4f5a5c2bf26f8980257f skipped due to low value: 0.0 AVAX
[2025-10-11 17:00:08.744119] Transaction 0x44a3e976a7ac9211a2f2461c6bfda326fe6fb3d1e8e3037e6e38d039ab7dd486 skipped due to low value: 0.0 AVAX
[2025-10-11 17:00:08.834127] Transaction 0x57827bbd24956e7f147966c5dbba654cae226d140ea7d861178f63d883931870 skipped due to low value: 0.0 AVAX
[2025-10-11 17:00:08.925124] Transaction 0xb88e0729b300ec6b5267f1e43c68d39595492d32a54400646722799b7a9d9598 skipped due to low value: 0.0 AVAX
[2025-10-11 17:00:09.015121] Transaction 0xeb51a52c65b5a9c12dc1ea21be78c6afa9d233e868d2d2d907088a0421c8ed06 skipped due to low value: 0.282 AVAX
[2025-10-11 17:00:09.116123] Transaction 0xdc30fd53cd94bca0622c6dafed72112760b606fda6a1a08c15e62a85700a2e97 skipped due to low value: 0.0 AVAX
[2025-10-11 17:00:09.209125] Transaction 0x5b1d1afaaca60139f89421cd8e99667506b9aefca114812546ca296e895f0ab9 skipped due to low value: 0.0 AVAX
[2025-10-11 17:00:09.299123] Scanning block 70146513
[2025-10-11 17:00:11.056827] Transaction 0x7bb553176260abdb18acd9be7e9863650d97bea0cc8ff305e3a5706a3637c730 skipped due to low value: 0.0 AVAX
[2025-10-11 17:00:11.165828] Transaction 0x5de12401f23d00c0b65282e223d5ec313949632b237b6a21a0318e75ea4702f4 skipped due to low value: 0.0 AVAX
[2025-10-11 17:00:11.274831] Transaction 0x1c387e2a35e45cc68ae08c999f0dcc5a148e558c920a50ec5233b1d019365bab skipped due to low value: 0.0 AVAX
[2025-10-11 17:00:11.383828] Transaction 0x7f84d49a35e2e18004161e932be309c71cc2efae9a973d5bd4c7af2e282c5fa3 skipped due to low value: 6.212986343138037 AVAX
[2025-10-11 17:00:11.491836] Transaction 0xb5d351b72e32e2e9c42c6481c7704ea48e477988ee7f56f30b74353b4ba7a600 skipped due to low value: 0.0 AVAX
[2025-10-11 17:00:11.600827] Transaction 0xc248fb7e2d413579a632a0e45940d90148d0bc95b273b6d0e5c382df830f95a8 skipped due to low value: 0.0 AVAX
[2025-10-11 17:00:11.722832] Transaction 0x77cba7bb0243a1474999fc94e59e677f08362434f0f22d1f51629dc2d0ca6ab8 skipped due to low value: 0.0 AVAX
[2025-10-11 17:00:11.833832] Transaction 0x5bd7c75eab086cb15819fddf7f40c75a0cfbdba01e59a864f999d0ccad9698b2 skipped due to low value: 0.0 AVAX
[2025-10-11 17:00:11.947831] Transaction 0xae27e45dbf29ad74af837f937c537a578f9f9334c4fe06c5c4d63e9cd4a0dd0d skipped due to low value: 0.0 AVAX
[2025-10-11 17:00:12.060831] Transaction 0x84b26ea6844ed8d8390485e332fa87bae12a5a494dd051045b2d21e36f15d19d skipped due to low value: 0.0 AVAX
[2025-10-11 17:00:12.175827] Transaction 0xb254c27450011e49f45cb8b3e74a1129a8b33c1b563b24be22c83fff7a7dd3fb skipped due to low value: 0.06336000000000001 AVAX
[2025-10-11 17:00:12.284827] Transaction 0x978c89309e8d919e6a0b28f838117d48112b5cfa45b26a1ce36d672e8bef9a7a skipped due to low value: 0.0 AVAX
[2025-10-11 17:00:12.394827] Transaction 0x4ca85494b3dd735a0267a10264cff9af6ee72860edfd8baf7c248d7c02103b93 skipped due to low value: 0.0 AVAX
[2025-10-11 17:00:12.504829] Transaction 0xccd2c8aac02eefeac65bfef1e3eb5f01b7718bdb4dea560a9d3f35aef244b2aa skipped due to low value: 0.2988 AVAX
[2025-10-11 17:00:12.615830] Transaction 0x8242e82fee03beebbdac3f455045d9ca52d45af6caa840811cc9dea27b662edb skipped due to low value: 0.2329 AVAX
[2025-10-11 17:00:12.726833] Transaction 0x2e5f3770e1624d8dfcae178edc9b1ff25714884eef7d89a15590be3649d7faba skipped due to low value: 0.0 AVAX
[2025-10-11 17:00:12.835832] Transaction 0xe908646a389781dbae8673b265c3ebfbfd5d737c40119a6873ee82776ad55d42 skipped due to low value: 0.1569 AVAX
[2025-10-11 17:00:12.945833] Transaction 0x1bc9c54d2448eaece642a578ddf7c047bea463df44f2fc2d70798157c4f10ce6 skipped due to low value: 0.0 AVAX
[2025-10-11 17:00:13.056833] Transaction 0xaf4a4551e5d7eecbce52d3de82c0e4a7619886d89ea747b0dca6975fd802fd9d skipped due to low value: 0.1392 AVAX
[2025-10-11 17:00:13.169053] Transaction 0x52660bfe5fa76bf235cab99a228ce7b134fba7573e8e1c141d920b6c096a3ea9 skipped due to low value: 0.231 AVAX
[2025-10-11 17:00:13.279909] Transaction 0x95f2e589f6d203df085d701d3967a24fe65428cb981e874df149d42f3929c5ea skipped due to low value: 0.1472 AVAX
[2025-10-11 17:00:13.389910] Transaction 0x85a4005def3b6992a5024c02d963837d5640f383a7b8d1769591a2346ffc5bf3 skipped due to low value: 0.1741 AVAX
[2025-10-11 17:00:13.497912] Transaction 0x9768fe5fd8f1c9703577e252e4e07d56458044e3f7871724e9a9474bf13556d1 skipped due to low value: 0.2322 AVAX
[2025-10-11 17:00:13.607907] Transaction 0x91ea8efd5160e81c29e03ae5a0b95de5b7bea74fcfb0dcbd09f18be7d278f109 skipped due to low value: 0.0 AVAX
[2025-10-11 17:00:13.718909] Transaction 0xbdadad74fe2165a6b50c77bfdeb9858a28f9f1d5287d2fabbc7b2eb8d782f0bf skipped due to low value: 0.1558 AVAX
[2025-10-11 17:00:13.828915] Transaction 0x628adf847c5a3da62caa4fa761151d9b37c2a0d0a09eda0aaff2119e0286e005 skipped due to low value: 0.0 AVAX
2025-10-12 00:00:13,853 - ERROR - API returned error for block 64269848: {'status': '0', 'message': 'NOTOK', 'result': 'Free API access is temporarily unavailable due to unusually high network activity. To maintain uninterrupted service, we recommend upgrading to a paid plan: https://etherscan.io/apis'}
2025-10-12 00:00:13,854 - ERROR - Error processing block 64269848: API error: Unknown error
[2025-10-11 17:00:13.938917] Transaction 0xfbc0eadee3ea59bfef493eac9cb910621ca448e0b36077c3b49bcceeca82ea8e skipped due to low value: 0.0 AVAX
[2025-10-11 17:00:14.049911] Transaction 0x50bcc1b72ce191d8f1f520f2621f57667eb1dea098acd69c664b53a714ab4be4 skipped due to low value: 0.0 AVAX
[2025-10-11 17:00:14.162913] Transaction 0x1b3088b71760086dcffb1723b725c08bc9b558c51e86edd0b22f806214dc5396 skipped due to low value: 0.1012 AVAX
[2025-10-11 17:00:14.273908] Transaction 0xf4e8297ef8c8a366459c65fa061fafe4b855f0b8ea9ec41fe3156bc05b9df295 skipped due to low value: 0.0 AVAX
[2025-10-11 17:00:14.383914] Transaction 0xebe1e865129d50625e7c1b5c6df03e568a7e2cc4aac1511f5cac2f36e24218c7 skipped due to low value: 0.0 AVAX
[2025-10-11 17:00:14.504911] Transaction 0x79e1c2cadc251838f48dd7df502f4faa6194b07b8aa0febce4cebb5209ad30c4 skipped due to low value: 0.0 AVAX
[2025-10-11 17:00:14.622910] Transaction 0x3e266efbf552b454e79ee813682726e6b4a55fa937d9127af5a8fc3bea5eb845 skipped due to low value: 0.183 AVAX
[2025-10-11 17:00:14.731912] Transaction 0xbfe00341504bb60fcd3b1c360d45cb25c72f773cbd6dde7de27fe648a61702ca skipped due to low value: 0.0 AVAX
[2025-10-11 17:00:14.841910] Scanning block 70146512
[2025-10-11 17:00:16.476980] Transaction 0x0b07eabfd47b3f124015097df7582e45b4af9ef68fe31e15a9619d783192bbc6 skipped due to low value: 0.0 AVAX
[2025-10-11 17:00:16.587431] Transaction 0x434cc3ac4d2dcc21bde7f87831edcc86a009e54cf635fc11c590754640c7d121 skipped due to low value: 0.0 AVAX
[2025-10-11 17:00:16.699435] Transaction 0x84fdf15b4bb3e536abe43a9d54017f65082d0a1d7c93c3dd1a911ba121e98e72 skipped due to low value: 0.0 AVAX
[2025-10-11 17:00:16.808435] Transaction 0x09b6fba47a0342811a90977bdf1bc6d1e30eda2ff702ce071dadebe64b4f103e skipped due to low value: 114.4803 AVAX
[2025-10-11 17:00:16.919436] Transaction 0x439acdacac7b68cd70a27d52cd3a2286ffb73a4dd4b04a33f8cb81726dda804b skipped due to low value: 0.0 AVAX
[2025-10-11 17:00:17.030957] Transaction 0x88a1ab215dfb914596ae938e3f8dc077817014b3384d9e9e420654b674a28532 skipped due to low value: 0.0 AVAX
[2025-10-11 17:00:17.141960] Transaction 0x5d68df9d91da1589cf362eebd8f6a6e6342d59c9d5ff5b2417fb8562bf61e6af skipped due to low value: 0.0 AVAX
[2025-10-11 17:00:17.251960] Transaction 0xe9b04601f0d14fa610755b80bc5e3ee3e15f712cf3655552d314471c095905a9 skipped due to low value: 0.0 AVAX
[2025-10-11 17:00:17.361960] Transaction 0x60432b0c2e3d5b10f31f5bf581cab503819a1c08d7c4ac5f32814e86b0563cfc skipped due to low value: 0.0 AVAX
[2025-10-11 17:00:17.472965] Transaction 0xfde2bc3597080e3e13bdad6fd3f3c381f0f37426f12d32c2c33980d40c68dfe2 skipped due to low value: 0.2304 AVAX
[2025-10-11 17:00:17.581102] Transaction 0x3b073c82810cad16a0387ac7f811b7cf4f29030f6229e8f1fde075c56e1f28e8 skipped due to low value: 0.2037 AVAX
[2025-10-11 17:00:17.690203] Transaction 0x47f2031383d364a9c9796218ab5df5337417bd06f5c0fd9e6599de03fe93313c skipped due to low value: 0.0 AVAX
[2025-10-11 17:00:17.800202] Transaction 0x01fb243b891a0702b276b71fb514dcfa0254a9999b08a3e580f5ff2c9c9512da skipped due to low value: 0.0 AVAX
[2025-10-11 17:00:17.934202] Transaction 0x06e8e5d861d661a596a0005aaf946d3170b9f63c24d40527ec895f92753e08a2 skipped due to low value: 0.0 AVAX
[2025-10-11 17:00:18.044201] Transaction 0x1aefd4f078aa960fbabf225c88106d2cbdccc05bb48148e5d41a716eae8fe923 skipped due to low value: 0.0 AVAX
[2025-10-11 17:00:18.155207] Transaction 0x303c92d0d3cb64f667723a9bc4f7da539c0b8ebaa8e62cc44fb5655b57635f0a skipped due to low value: 0.0 AVAX
[2025-10-11 17:00:18.266204] Transaction 0xc24a6a7c07c25abe8c5324c181c0c35fc9755dffbecad4002c0aa98b39fb9210 skipped due to low value: 0.0 AVAX
[2025-10-11 17:00:18.376205] Transaction 0x246a98232a76777084b0dba524c1ccd494797c935dab80c830b756daf4cb9a2e skipped due to low value: 0.0 AVAX
[2025-10-11 17:00:18.487200] Transaction 0xaf2bc12fd8557f0577e2f7a1ee044b9505234bc05d6933b064999ca7beaf2c17 skipped due to low value: 0.0 AVAX
[2025-10-11 17:00:18.597201] Transaction 0x6ab4a3ac4a34baec0ac7c5391568d0cb06c9d61f17e9989a1dd555fb84ae09fa skipped due to low value: 0.2694 AVAX
[2025-10-11 17:00:18.717201] Transaction 0xb0b834668ecd5d8bfc3dc6b71dd09fea6b8f14fe4cc07c46ce638f6ea316d8db skipped due to low value: 0.0 AVAX
[2025-10-11 17:00:18.828200] Scanning block 70146511
[2025-10-11 17:00:20.379231] Transaction 0xfbbd3b1b7b1c1ef8d4ab8ceacd6896d55e996e478a0315edbf1730aef1a6fbf4 skipped due to low value: 0.0 AVAX
[2025-10-11 17:00:20.489554] Transaction 0x8c5bd02662dfaa852b6c08b44f4b54a02e3e432ddafcb8301d2d23e697192732 skipped due to low value: 0.0 AVAX
[2025-10-11 17:00:20.599915] Transaction 0x273845f256aaaa788c7b4f4c580216eb98c7acd392ca1d20256d873026704c7e skipped due to low value: 0.0 AVAX
[2025-10-11 17:00:20.709639] Transaction 0xd293d2b2a372899f359f063d2b29fd08c2b820b92ef458e21963dfdb73cb2cc2 skipped due to low value: 0.0 AVAX
[2025-10-11 17:00:20.818123] Transaction 0x9ac99f833fb14c6c2966dd20ddf767479b28b8e603704dc25c501212ba281eac skipped due to low value: 0.0 AVAX
[2025-10-11 17:00:20.980126] Transaction 0x213da3cf64af9f7a64efb5fd0cd735825adf65391cdcdcf423a02c9e1d9d3671 skipped due to low value: 0.0 AVAX
[2025-10-11 17:00:21.092126] Transaction 0x5f13d9a968c0616e6313acc73078a12de50c61d542f220f2c17a029960175013 skipped due to low value: 0.0 AVAX
[2025-10-11 17:00:21.202129] Transaction 0x1caf215d49c09d5a6d47d73ffa0ddf79a387f9e7d3858bbb5762f49ffe2c2080 skipped due to low value: 1e-05 AVAX
[2025-10-11 17:00:21.312130] Transaction 0x274adf8f9ec5b5936f1979bde1e0b861b8c8d704423f02abf4c5aeea78c4ac5a skipped due to low value: 1e-05 AVAX
[2025-10-11 17:00:21.423129] Transaction 0xe43d79ea5384518c2752227ded52443c4712dd3ddf7b88d46ffca6307e37976e skipped due to low value: 1e-05 AVAX
[2025-10-11 17:00:21.533147] Transaction 0x882384b78736fe0abb8efc73a54f7351a5a40f4febfe3f7dbb20eb7ade0a1e69 skipped due to low value: 0.0828 AVAX
[2025-10-11 17:00:21.652129] Transaction 0x01198d62227e31e1d5d7701b437608bf63c1fb8691ddc3c0ff278ab1f13fde34 skipped due to low value: 0.0 AVAX
[2025-10-11 17:00:21.766126] Transaction 0x75cde3ab09a7c8fd10495d44c63ea3c1a2875ad89de0e437ce277e21475d6001 skipped due to low value: 0.272 AVAX
[2025-10-11 17:00:21.876125] Transaction 0xa5838214e591c651ca257e37f326746be96265558f53046f12f6cccca9b364e2 skipped due to low value: 0.0 AVAX
[2025-10-11 17:00:21.986132] Scanning block 70146510
[2025-10-11 17:00:23.684717] Transaction 0x3f8c90505b80c900e5c3805dae50a582c16585a568652d31286732ce5affab90 skipped due to low value: 0.0 AVAX
[2025-10-11 17:00:23.792714] Transaction 0x2d3f047245b852b9afd1bedbb8911f7c2be9674c88fd49f9c617c51758929516 skipped due to low value: 0.0 AVAX
[2025-10-11 17:00:23.900716] Transaction 0x25771ac4d1130831535b2668a8b3c28beb38b3722c66e8b07e1f194d7d30a3ca skipped due to low value: 0.0 AVAX
[2025-10-11 17:00:24.009719] Transaction 0x87e4a467a13ec7f2c194839c4d465b81dfed0612a732e4a979b10ca544f90eb2 skipped due to low value: 0.0 AVAX
[2025-10-11 17:00:24.117717] Transaction 0x0f834dabcab27494185015b25defc839e1ec5e7a590abe69ef57a9be69dff08b skipped due to low value: 0.1427 AVAX
[2025-10-11 17:00:24.229718] Transaction 0x4a08e606f9a6a7c51b3db57c212fcb3fdf485d235c0f9f0c683c955e45c39c37 skipped due to low value: 0.0 AVAX
[2025-10-11 17:00:24.339719] Transaction 0x42bea23a393b4a15e2b420062ab0d260593578680a0c0c06fe5b15ac0bb1c09d skipped due to low value: 0.0 AVAX
[2025-10-11 17:00:24.453714] Scanning block 70146509
[2025-10-11 17:00:27.037842] Transaction 0xfd9e3236edd3cf4ad28d4ca7a4ea46bba086b7cd33a09caa687b82ddc264bdad skipped due to low value: 0.0 AVAX
[2025-10-11 17:00:27.185810] Transaction 0xfe79a8f3d2462749ecd042119a9a4c609d590ba049a9b2d4c3ca5685fea243b8 skipped due to low value: 0.0 AVAX
[2025-10-11 17:00:27.311357] Transaction 0x52d75ecdb03a1600f4281e0fe23e8011abb8970e704b038a354bb311c222007d skipped due to low value: 0.0 AVAX
[2025-10-11 17:00:27.450355] Transaction 0xc9766002ec5cea667cfdcd048504f3c0e54f3ea2b07d1c19faba46469b551e00 skipped due to low value: 0.0 AVAX
[2025-10-11 17:00:27.589354] Transaction 0xcf762023f4ce9375ee33dd336ed2d23cbb129fa1d9aa6df43b5955605c30d9c7 skipped due to low value: 4.16477538 AVAX
[2025-10-11 17:00:27.713355] Transaction 0x90091e8ab3ea84ffeb6154774bb368f250757c397ce8235747ac6376c152098f skipped due to low value: 0.0 AVAX
[2025-10-11 17:00:27.844354] Transaction 0x066655488ffff33f2bb07d753f5e69b435dd0c6ad3838b970012ed7e825bee41 skipped due to low value: 0.0 AVAX
[2025-10-11 17:00:27.988356] Transaction 0xbf5d3eda964828ca6bf503d63808bed58a5911b8aaba11fc7b47a14d15930702 skipped due to low value: 0.0 AVAX
[2025-10-11 17:00:28.125355] Scanning block 70146508
2025-10-12 00:00:29,601 - ERROR - API returned error for block 64269841: {'status': '0', 'message': 'NOTOK', 'result': 'Free API access is temporarily unavailable due to unusually high network activity. To maintain uninterrupted service, we recommend upgrading to a paid plan: https://etherscan.io/apis'}
2025-10-12 00:00:29,604 - ERROR - Error processing block 64269841: API error: Unknown error
[2025-10-11 17:00:30.217626] Transaction 0x56ef4f1854f6c63824f16a4b4371959cddeb08aed050be66ffd074e12ce3f349 skipped due to low value: 0.0 AVAX
[2025-10-11 17:00:30.363627] Transaction 0xdfde8295c4dd25d738f6e443dccdb4e7f0dfb2aed083b9a9452779f57d9a0ced skipped due to low value: 0.0 AVAX
[2025-10-11 17:00:30.500628] Transaction 0x32fabea7a9693ebc4ef26284c8cb188cf6b614b76e424ada50c2d3af6dfe257f skipped due to low value: 0.0 AVAX
[2025-10-11 17:00:30.630629] Transaction 0xd1e6aa7e269c3f9259c862be9382e83e8002f9eb3cbf8e0097b9860021a5fcf0 skipped due to low value: 0.0 AVAX
[2025-10-11 17:00:30.757630] Transaction 0x9cd20b18c272ff4909bd610f9f4da8c7d53fb5bde7121802a1eba5dd23145616 skipped due to low value: 0.1911 AVAX
[2025-10-11 17:00:30.923627] Transaction 0x4352bd2b679fdef2a431ddb36814fc7b269f1e1ae4f7caf511a38875ba853ddf skipped due to low value: 0.0 AVAX
[2025-10-11 17:00:31.049629] Scanning block 70146507
[2025-10-11 17:00:32.879910] Transaction 0xa53c6b75b4fd726ced5918a1fa116beacfb0c335248908ce503729463b1fa482 skipped due to low value: 0.0 AVAX
[2025-10-11 17:00:33.002913] Transaction 0x201406a48e5bc4b8cfd110efb8d721a9fec289054b0150dbc8aa837073214ac3 skipped due to low value: 0.0 AVAX
[2025-10-11 17:00:33.129911] Transaction 0x1824d1404031049087af2ea445348497408623fb3132b4b79b5f49059da395af skipped due to low value: 0.0 AVAX
[2025-10-11 17:00:33.259910] Transaction 0xdbcd56aa3abc7526c1b81911c6cfcf03f89101e44f1571f14c88e648fd484b2d skipped due to low value: 0.1465 AVAX
[2025-10-11 17:00:33.541913] Scanning block 70146506
[2025-10-11 17:00:35.426640] Transaction 0x282f9afd367574abd0b76b358fc73b97eb5a266812ab18683dd2ebedd78d8825 skipped due to low value: 0.0 AVAX
[2025-10-11 17:00:35.527656] Transaction 0x76015f9674744d77a41c28ac56bf5660c1355ccd8a7a889f9d538810ae981cd9 skipped due to low value: 0.0 AVAX
[2025-10-11 17:00:35.628640] Transaction 0x3a5d4b6a0cdc3104f4d11867bc38ef5e505a85bbd17e8b1846782542f230ed9b skipped due to low value: 0.0 AVAX
[2025-10-11 17:00:35.730642] Transaction 0xb5652de9c4ec8aae3d201aac7e44de70a2a25fac6254f51a6dca2cf3978ec239 skipped due to low value: 0.0 AVAX
[2025-10-11 17:00:35.833639] Transaction 0xf32aa1a0dba1fe01f9d03bf357829e764d514c474463874a55c4a2bb886d91b1 skipped due to low value: 0.0 AVAX
[2025-10-11 17:00:35.936641] Transaction 0x74ee6914c17048d1a61539c5a6f02d9758994b847d08042b0bf772c5d2b12d53 skipped due to low value: 0.0 AVAX
[2025-10-11 17:00:36.039638] Transaction 0x9d5b17648b7fdee4b46e7920009f8381249719b7d6d7906a5d7842c30d2cd2c2 skipped due to low value: 0.0 AVAX
[2025-10-11 17:00:36.141641] Transaction 0x89140ea479c433e6c6993b05f5dc057904d6effd86d0b1033506032f2f024eb3 skipped due to low value: 0.0 AVAX
[2025-10-11 17:00:36.245641] Transaction 0xaa06f6cc92e73d5f000e311af669988e993ac5e4100550eb3272ae4dbcbd4646 skipped due to low value: 0.0 AVAX
[2025-10-11 17:00:36.345642] Transaction 0x6001c4cd2adefbd607d340a31bfa42d77589b0b30edb4d352e06bd2952c17050 skipped due to low value: 0.0 AVAX
[2025-10-11 17:00:36.448642] Transaction 0xe470c741880a0d20ab3c3aada5d3ea6edc926f087fc6f2e96f5930c253f5f509 skipped due to low value: 0.0 AVAX
[2025-10-11 17:00:36.552644] Transaction 0x72c6349a05030e6a0d3581dd9d2aab8c281d76170bee967527f4edf5410b119e skipped due to low value: 0.0 AVAX
[2025-10-11 17:00:36.700642] Transaction 0x56879b9a791d6e05a766aab08391a346c1025591f413f65071e526a6b155ff9f skipped due to low value: 0.0 AVAX
[2025-10-11 17:00:36.805641] Transaction 0xde4cc06bd3b780b08f9d150495b201c6234aef5d127841ab11b4c04daf68899f skipped due to low value: 0.1261 AVAX
[2025-10-11 17:00:36.909646] Scanning block 70146505
[2025-10-11 17:00:38.658284] Transaction 0x929d4e2b28eaed83b86ecae51921c7e8be8cc98f98328d121c27008fcdd2ad0f skipped due to low value: 41.6019 AVAX
[2025-10-11 17:00:38.758284] Transaction 0x01c3a07962eb76d175e22b24f46e3e8797884a8c6d61b0f999ef08317633eb65 skipped due to low value: 0.0 AVAX
[2025-10-11 17:00:38.859289] Transaction 0x09ad4007247641c24f8218ff9416b455ab40aa2f0a2f3d102682890eb0730f03 skipped due to low value: 0.0 AVAX
[2025-10-11 17:00:38.960286] Transaction 0xece72c81a3abe895e120ff636dc9b442a5df19534631263a3f33c5518b26c079 skipped due to low value: 0.0 AVAX
[2025-10-11 17:00:39.062283] Transaction 0x24229c21531d0483840e819010400160352df11e2b2a1a00a027c2c45967239b skipped due to low value: 0.0 AVAX
[2025-10-11 17:00:39.164286] Transaction 0xc00ddee9949a2ac91bcefdd9f992c0745d0094cd5a2c555421f28270b709f092 skipped due to low value: 0.0 AVAX
[2025-10-11 17:00:39.266289] Transaction 0x147272fd7c624283ef779e684c65f937e587a90876f37110fb22942178bf17ab skipped due to low value: 0.0 AVAX
[2025-10-11 17:00:39.370287] Scanning block 70146504
[2025-10-11 17:00:41.330917] Transaction 0xb89358bf4a5bc2f6cd698f78beebc0036a65ecea18467427261212a8d636f6f2 skipped due to low value: 0.0 AVAX
[2025-10-11 17:00:41.432919] Transaction 0x19dbd29c1d71a940d4dc1f429a15565f1cf100b8621c7f6e619f3f02ca42cc3d skipped due to low value: 0.49993833402159804 AVAX
[2025-10-11 17:00:41.537919] Transaction 0xbb7d14fbf668b245b4c5ccbfbd2bdb23e37a0349e5ed99dabdb69a58009b0daa skipped due to low value: 0.0 AVAX
[2025-10-11 17:00:41.646922] Transaction 0x3f6e6c14238e1cdfbea1187731ea14ea19f4b6b851ecd9ce9ffc76df50ee909d skipped due to low value: 0.000121518675861 AVAX
[2025-10-11 17:00:41.775919] Transaction 0xb035ba5366773793f2c602a4bc007a8fcca7b7fab88d44006768b0a1d6da605c skipped due to low value: 0.9919512919953986 AVAX
[2025-10-11 17:00:41.877918] Transaction 0x7f354ab66e7ed41869ccc5c292863f688f4dc57d664328d8156b0653197385f4 skipped due to low value: 0.014818745920000011 AVAX
[2025-10-11 17:00:41.981923] Transaction 0xa77eb6c8b0a70ae04a57bf9e2b7669f7843e55a183305ef36f3ff290090b70cc skipped due to low value: 0.0 AVAX
[2025-10-11 17:00:42.083921] Transaction 0x2866d21af7fbaf046f1c8f26837dc3ff3dcd40e104fb506bea16de16f59cf452 skipped due to low value: 0.0 AVAX
[2025-10-11 17:00:42.189412] Transaction 0x9560d35f3c7c9ed854364b7d6bababcd4ac84350b625b68edf00e8ffeec62ae1 skipped due to low value: 0.0 AVAX
[2025-10-11 17:00:42.292619] Transaction 0xe376973f42525a99a97fdbb968facb3a7ce1cb4fe69d846357b714991bd9887b skipped due to low value: 0.0 AVAX
[2025-10-11 17:00:42.393556] Transaction 0xe7f309dc80df871979dff0da8044d5dd54fd9641711a21e35d918f49f540015b skipped due to low value: 0.0 AVAX
[2025-10-11 17:00:42.495721] Transaction 0x846aca56e1003b11db034819d9d1c7dd3998743e9e272f18760ca4be082819c8 skipped due to low value: 0.0 AVAX
[2025-10-11 17:00:42.598731] Transaction 0xed0da188e835c94e97c6944ac48d1a730716be7908779db5c99a96284de90f11 skipped due to low value: 0.1935 AVAX
[2025-10-11 17:00:42.702718] Scanning block 70146503
2025-10-12 00:00:43,767 - ERROR - API returned error for block 64269835: {'status': '0', 'message': 'NOTOK', 'result': 'Free API access is temporarily unavailable due to unusually high network activity. To maintain uninterrupted service, we recommend upgrading to a paid plan: https://etherscan.io/apis'}
2025-10-12 00:00:43,767 - ERROR - Error processing block 64269835: API error: Unknown error
[2025-10-11 17:00:45.219950] Transaction 0x0243007f15bae91c0ec7fb8d5b4b4a2a05bfe76634a826d25131a6f93015afb9 skipped due to low value: 0.0 AVAX
[2025-10-11 17:00:45.322950] Transaction 0xfffd1878f3c183aaf33c83af6e55e606cf9e9967b979987457ba0eff0e5c7a16 skipped due to low value: 16.0799 AVAX
[2025-10-11 17:00:45.428951] Transaction 0xdc3664e7c31aa7760b9443c23055ba2e55ab6167e89e5e87ea58a039fd2c0a00 skipped due to low value: 0.0 AVAX
[2025-10-11 17:00:45.529947] Transaction 0x766a65ea314b37218c7e70122d3ec59dead28f877c96aea400d76996a204cf68 skipped due to low value: 0.0 AVAX
[2025-10-11 17:00:45.635952] Transaction 0x02c3c0a5d89d29ceb49c1f2db0dee65068d2c1e592cc80a06390a8c312ebd220 skipped due to low value: 0.0 AVAX
[2025-10-11 17:00:45.736952] Transaction 0x5c15dfc9d3f909057d13070d5332132c41a60ad9cc85d02b0121581c3c082d50 skipped due to low value: 0.0 AVAX
[2025-10-11 17:00:45.838952] Transaction 0x65afac6830fa57f8c7ee1e26979020b88559289b47a6124e60d848d02ac461f1 skipped due to low value: 0.0 AVAX
[2025-10-11 17:00:45.939950] Transaction 0xc7a57641221a50179b03f93715fded6dfc2cbb05843e4e7c62bcbc3800308a8e skipped due to low value: 0.010926573426573428 AVAX
[2025-10-11 17:00:46.040953] Transaction 0x0014b7a30b26640f4224a48f99a29f7500655bce2d02924e96ecdfe6bbddfce0 skipped due to low value: 0.0 AVAX
[2025-10-11 17:00:46.144953] Transaction 0x081adc51420091569ba8781ef3ae96b67af64a8a0f5dcdf12817289e20aa93d3 skipped due to low value: 0.0 AVAX
[2025-10-11 17:00:46.249952] Transaction 0xf04b815770b965bf7e639a78e62684c53e7f8e906ea98b49d3fc67c78b3a2cd0 skipped due to low value: 6.353679837835795 AVAX
[2025-10-11 17:00:46.359950] Transaction 0xe00a8b2fc70a91df7229af7327273e7ebf2a1e4f861c3f1930ceeeca0d0be7fa skipped due to low value: 0.0 AVAX
[2025-10-11 17:00:46.459947] Transaction 0x6d2388830fd19acedeccc3bac08d40c94639f4514ed51321a69814be12712d8a skipped due to low value: 0.0 AVAX
[2025-10-11 17:00:46.560948] Transaction 0x0defa114b5dc8462d0a5932c2f1f3bd4c9d8897db89d6a2dcaab77487045d1e3 skipped due to low value: 0.0 AVAX
[2025-10-11 17:00:46.667954] Transaction 0x3e000ada7583a3471545560fa5021b81e0b76897a496d4bbbc25b5478f01633f skipped due to low value: 0.0 AVAX
[2025-10-11 17:00:46.807948] Transaction 0x53a7b3ebc6ee1eb2aac8ff98eda141f485609e6027a2e9888b1ab9e453e1d522 skipped due to low value: 0.0 AVAX
[2025-10-11 17:00:46.909951] Transaction 0x9f37475145cd7a94f1d9d91034bc20a10f71fa0df66d7a3b2bc6208b8d3fd5dd skipped due to low value: 0.0 AVAX
[2025-10-11 17:00:47.011892] Transaction 0x0068c23a373926d07c83a3e501e76e2dd6eb65218ae09886b0392e835bec7129 skipped due to low value: 24.691206817638495 AVAX
[2025-10-11 17:00:47.119422] Transaction 0xd4f872633b4c6239140be9a40a1e4a53e64d5877b28f12130f3aefaf77a544be skipped due to low value: 0.0 AVAX
[2025-10-11 17:00:47.222956] Transaction 0xe0dd0bdf6d0c388e82a1b23a23ad153c4f9c2187c56fd903cd2d39a00fe99961 skipped due to low value: 0.0 AVAX
[2025-10-11 17:00:47.322949] Transaction 0xc6aac4dddf3ffed7b32479cb775237d52c42911980e3016b37e707e2be51318d skipped due to low value: 0.1008 AVAX
[2025-10-11 17:00:47.423815] Transaction 0x73af5f0d2be85b59fb5291dfcb73fbc560eb70507ca86d599efb6cbf65d3ac4b skipped due to low value: 0.0 AVAX
[2025-10-11 17:00:47.524795] Transaction 0x2f98202eae956c9172ab4b94ce4c2e2d4e86f00fa3170a8e754f963154eb1911 skipped due to low value: 0.0 AVAX
[2025-10-11 17:00:47.625791] Transaction 0x89165eba6646263ab74a2705924396e064e7f27da3a4a6fcd98ee112ac0e6db8 skipped due to low value: 0.2434 AVAX
[2025-10-11 17:00:47.726792] Transaction 0x3587818e0bea4d692022ed20d0a1224534145fe41db9d4b35bd85397f6fd61fc skipped due to low value: 0.241 AVAX
[2025-10-11 17:00:47.840800] Transaction 0x5e90e7a9a348dc75b7628a28c3fdba1e4ad78bb23ad20b8ce2a438d9f402f6b5 skipped due to low value: 0.0 AVAX
[2025-10-11 17:00:47.968838] Transaction 0x80e3860974da47b16999aa330afc0aad95cc9726eb692ab460e12ebf07692695 skipped due to low value: 0.0 AVAX
[2025-10-11 17:00:48.071840] Transaction 0x34c12915c6d43686de3353d963f1b482f0f5627aacf003e007024f77014f4513 skipped due to low value: 0.2503 AVAX
[2025-10-11 17:00:48.174372] Transaction 0xca7ebb8af16e9d6b2413d8def10cf65c74aec77fad080fc980284c5f1802c742 skipped due to low value: 0.0 AVAX
[2025-10-11 17:00:48.278201] Transaction 0xe1dd5ade0757ab88387908eae71f9ea5ad61f708164390ecdbf1505a12ffcae5 skipped due to low value: 0.2409 AVAX
[2025-10-11 17:00:48.379591] Transaction 0xda5ac6bee6a037bb0a4837518f24d3102caf8cd93d4d2c4736495af7a7f32549 skipped due to low value: 0.0 AVAX
[2025-10-11 17:00:48.480615] Transaction 0x0949950024aa1a9092cb3aa6fc8febeef1b5aa381931e4aceec14c0eac68340c skipped due to low value: 0.1824 AVAX
[2025-10-11 17:00:48.583630] Transaction 0xd2fd7e50bd8b71b39bda83a10a9d8a437eb9b8edf8f30d68c3d20073a0aaacab skipped due to low value: 0.1089 AVAX
[2025-10-11 17:00:48.685612] Transaction 0xe4955e5f5ffe1fa4cf9d97c0538fdf4a4345363b56e9ce930fbd73c2325657eb skipped due to low value: 0.0 AVAX
[2025-10-11 17:00:48.786615] Transaction 0x2daf58842d8759a2f26fd6845e9aca81100d0e2097af9b1ae793ee5619529528 skipped due to low value: 0.0788 AVAX
[2025-10-11 17:00:48.887614] Transaction 0x1ed15da42c5b751bc0e87f189d2c9f76c0427f915a5616abf0e65651e0909297 skipped due to low value: 0.1826 AVAX
[2025-10-11 17:00:48.990615] Transaction 0xd4792d6ba54babc580d9e74292812c77be885d24e8305358f36f94cdc8ea50a5 skipped due to low value: 0.1399 AVAX
[2025-10-11 17:00:49.095614] Transaction 0xd394d917fe6eedc27a383bf278fd75cde043a8d5b020efb90f77165fee6c2c5c skipped due to low value: 0.2467 AVAX
[2025-10-11 17:00:49.201617] Transaction 0x364bf0c79ea78688added1944c757c8fb9c905da6ff0ac19a4c01a4357d0a674 skipped due to low value: 0.117 AVAX
[2025-10-11 17:00:49.322614] Transaction 0xed415768b4bea276530b04c45e1d788b4a79d6127d23493de9863cadc02f47da skipped due to low value: 0.1082 AVAX
[2025-10-11 17:00:49.457192] Transaction 0x2f46c3cdcb6acc322dc36e5be2680e5c6f2f891c951bfb2e094c16b15b12d0f5 skipped due to low value: 0.1537 AVAX
[2025-10-11 17:00:49.558198] Transaction 0x69e385e776309680d2cd269b3740de43fc36bba767c2d06733fe311e13deb6de skipped due to low value: 0.2539 AVAX
[2025-10-11 17:00:49.659212] Transaction 0xab5385383cd1afd53c4d6c86152614276f710098c0b978a0969e18474b0766d0 skipped due to low value: 0.0759 AVAX
[2025-10-11 17:00:49.762117] Transaction 0x31aaa2818b4879cfcbb00be19830d632d2f5e18bd06b07af248ed938e50b94c8 skipped due to low value: 0.3279 AVAX
[2025-10-11 17:00:49.869010] Transaction 0x0b03b3a72868fc7883535143d9028cbb986594f90d5a48b025502a1b28c726ec skipped due to low value: 0.1759 AVAX
[2025-10-11 17:00:49.970007] Transaction 0x1393b682882a486742b2063d4ba39291d06191d66fac4896020278608e2eb971 skipped due to low value: 0.2278 AVAX
[2025-10-11 17:00:50.070876] Transaction 0xf63c1274e8b68c98da187389f30aefc40b2b78ade34132ad6fd4c944bc962abe skipped due to low value: 0.2646 AVAX
[2025-10-11 17:00:50.169657] Transaction 0x6567ab8a38db280f50aed3f98d8f676ed4414cf4fda9003f9df0b697c1542f4d skipped due to low value: 0.1869 AVAX
[2025-10-11 17:00:50.272661] Transaction 0x9ece10dc66ff70eac8cd80bae9c288d9cd394c3e642ed2804b9d931be871d0d4 skipped due to low value: 0.1096 AVAX
[2025-10-11 17:00:50.372655] Transaction 0x6c714ebbae5800d0e06b3373ac79146d682f2720288ca131554c0fab3cd8d37e skipped due to low value: 0.1005 AVAX
[2025-10-11 17:00:50.471720] Transaction 0xbe829316845cf88b799362780bf05964d080158a3fce1e9541a50c4ab2caf333 skipped due to low value: 0.2487 AVAX
[2025-10-11 17:00:50.597763] Transaction 0x64a75b5bb2e0464948b09fd6151cba2985b48bc820c2823741250a7c4425bd98 skipped due to low value: 0.2946 AVAX
[2025-10-11 17:00:50.723755] Transaction 0xda3ab8bd3358d6447c387f91a80ce80c05f4b08db79a0720691bf76773a558a4 skipped due to low value: 0.1798 AVAX
[2025-10-11 17:00:50.881745] Transaction 0x9f711f494d9c0a8595939cec0df875b662b659fa5ea8d67bed11924143970970 skipped due to low value: 0.1042 AVAX
[2025-10-11 17:00:50.982752] Transaction 0x8ff4723004215715539c9f33cbc1d1004c99aeb2cdfbe65211363d8edfdd74a8 skipped due to low value: 0.1616 AVAX
[2025-10-11 17:00:51.083747] Transaction 0xf9649e1819c7cdc1b7e7e883b0b24372b67f80d24bcc26a7b6d86ed8da1393a7 skipped due to low value: 0.1952 AVAX
[2025-10-11 17:00:51.185747] Transaction 0x8e71f72d336a5c3f53651abd4589575d54b22515c144cff519514c8a80a38ec2 skipped due to low value: 0.1606 AVAX
[2025-10-11 17:00:51.286746] Transaction 0x92af136548974737941c5c664565014c1da4b8fe6f43046b7e0764e01609b37d skipped due to low value: 0.2112 AVAX
[2025-10-11 17:00:51.388747] Scanning block 70146502
2025-10-12 00:00:52,342 - ERROR - API returned error for block 64269831: {'status': '0', 'message': 'NOTOK', 'result': 'Free API access is temporarily unavailable due to unusually high network activity. To maintain uninterrupted service, we recommend upgrading to a paid plan: https://etherscan.io/apis'}
2025-10-12 00:00:52,342 - ERROR - Error processing block 64269831: API error: Unknown error
[2025-10-11 17:00:53.059225] Transaction 0x32a7ad8b4136f7203277ac371cdca0ccfbfe778815dd581d115dba1d3adfc1c7 skipped due to low value: 0.0 AVAX
[2025-10-11 17:00:53.158223] Scanning block 70146501
[2025-10-11 17:00:54.762782] Transaction 0x7cda7cba66790c5a9b5ebde9a99a37dc967399075a9f8c1f66a5684310f2d8da skipped due to low value: 0.0 AVAX
[2025-10-11 17:00:54.864779] Transaction 0x5b57e5576d371eda84f3059752f877d86fd45aea957c81a991f42a12dfa532b4 skipped due to low value: 0.0 AVAX
[2025-10-11 17:00:54.965778] Transaction 0x109ef3c8b65eec25a0e214c47ff260b46a4dd40d62c4733655a234c992810ab0 skipped due to low value: 0.0 AVAX
[2025-10-11 17:00:55.066782] Transaction 0x88e9207a03f4d91740442b930eb877d00741da7740438f0213f3992102b12c8c skipped due to low value: 0.0 AVAX
[2025-10-11 17:00:55.167782] Transaction 0xf47d3913a5d37eece8e16e40ebe8b9e637bc6f40d1ec1de5534cc9c81ed4e4d3 skipped due to low value: 0.0 AVAX
[2025-10-11 17:00:55.270791] Transaction 0xd413ff89b68344fc5f0b3ca6d61dfc109cd56220e813a50240e38845070db6a8 skipped due to low value: 0.00025 AVAX
[2025-10-11 17:00:55.375558] Transaction 0x5c32e6bd59a41dbffd8e9f62fb92be17d53f757e130ea2e8cc0265e0fc930239 skipped due to low value: 0.0 AVAX
[2025-10-11 17:00:55.483612] Scanning block 70146500
[2025-10-11 17:00:56.997099] Transaction 0x505c3febf205829fde181c5423cd61779a6bc575f7de9005c66ab790260b3a8a skipped due to low value: 0.0 AVAX
[2025-10-11 17:00:57.099121] Transaction 0x7a866d83dec0b3f4b8f16c31f29ec3b8d252ce03cbc7aeb8b2de8733e80ee24c skipped due to low value: 0.0 AVAX
[2025-10-11 17:00:57.200122] Transaction 0x975a61f490d52c5b5b8f679198ed7291e92562d2d7355cc75e39e9359333b700 skipped due to low value: 0.0 AVAX
[2025-10-11 17:00:57.299141] Transaction 0x940a2fda4073fbc22fadc5655c21233366dedc61826905cb8e3a211337528511 skipped due to low value: 0.66 AVAX
[2025-10-11 17:00:57.402530] Transaction 0xbb4946c07d5709835cfbec6b3b4e99722428d0920f2afd4950a47ae9faf3df18 skipped due to low value: 0.0 AVAX
[2025-10-11 17:00:57.502473] Scanning block 70146499
[2025-10-11 17:01:00.024582] Transaction 0x160e4721da33678896261e10d2818a82c00fb51ba83425dca2160ffe6adc96c4 skipped due to low value: 0.0904042205980782 AVAX
[2025-10-11 17:01:00.126592] Transaction 0x6fa9a1f1237237afe4fdad74726d50b3bc9d0cfcba7563729096ced7a1996267 skipped due to low value: 0.010931351114997814 AVAX
[2025-10-11 17:01:00.226902] Transaction 0x61db2cf3acd03d3897e6cf5eb84b95b64d6ca685a96ee380f4f1b0e1a538cbbd skipped due to low value: 0.0 AVAX
[2025-10-11 17:01:00.330763] Transaction 0xa9476449d44c35e70353d406a03c16a56083c1cafc461b780e4aba1867fe6503 skipped due to low value: 0.001384536241670056 AVAX
[2025-10-11 17:01:00.436404] Scanning block 70146498
2025-10-12 00:01:00,567 - ERROR - API returned error for block 64269827: {'status': '0', 'message': 'NOTOK', 'result': 'Free API access is temporarily unavailable due to unusually high network activity. To maintain uninterrupted service, we recommend upgrading to a paid plan: https://etherscan.io/apis'}
2025-10-12 00:01:00,567 - ERROR - Error processing block 64269827: API error: Unknown error
[2025-10-11 17:01:02.051842] Transaction 0x4f6f331a933953a14f1b8f520cc5f08dee90824174bf6b39b0fe8c8732cedab4 skipped due to low value: 0.0 AVAX
[2025-10-11 17:01:02.157723] Transaction 0x61508382be2bd05e80e3ee0c6f069d809b566b45c9853090592a1075a9304af6 skipped due to low value: 0.0 AVAX
[2025-10-11 17:01:02.259714] Transaction 0xe3217b32c97f197372e14361837656c2d5fdbfb42d5f6f4f2b72c56fdd4d6124 skipped due to low value: 0.0 AVAX
[2025-10-11 17:01:02.360692] Transaction 0x86720c84c05a26c43834a842e69fb44f4141de8ffaf1d753fdddc246b596f6b7 skipped due to low value: 0.0 AVAX
[2025-10-11 17:01:02.462696] Scanning block 70146497
[2025-10-11 17:01:04.200208] Transaction 0x37b8b4bfe2b0549d0328a4fdfaadcdb9302c6fd0695f7f554c396468b8da39b1 skipped due to low value: 0.0 AVAX
2025-10-12 00:01:04,224 - ERROR - API returned error for block 64269825: {'status': '0', 'message': 'NOTOK', 'result': 'Free API access is temporarily unavailable due to unusually high network activity. To maintain uninterrupted service, we recommend upgrading to a paid plan: https://etherscan.io/apis'}
2025-10-12 00:01:04,224 - ERROR - Error processing block 64269825: API error: Unknown error
[2025-10-11 17:01:04.300209] Transaction 0xfc06a4941135e0351a16c7ba9afc23ecd5a28adb0f6427aec536a2a3dfe179af skipped due to low value: 0.0 AVAX
[2025-10-11 17:01:04.403211] Transaction 0xfdaeb6d120543d8206e31634a24aedf1a78e475e33c9b4b8400b4dcf2d9ca930 skipped due to low value: 0.0 AVAX
[2025-10-11 17:01:04.504209] Scanning block 70146496
2025-10-12 00:01:06,142 - ERROR - API returned error for block 64269824: {'status': '0', 'message': 'NOTOK', 'result': 'Free API access is temporarily unavailable due to unusually high network activity. To maintain uninterrupted service, we recommend upgrading to a paid plan: https://etherscan.io/apis'}
2025-10-12 00:01:06,142 - ERROR - Error processing block 64269824: API error: Unknown error
[2025-10-11 17:01:06.483281] Transaction 0xea6f2385eeb58f11aa7b02ad2fbb4119f5308e220787e67e7ca175a664ad2456 skipped due to low value: 0.0 AVAX
[2025-10-11 17:01:06.585285] Transaction 0x1f21ea8db65f23ff194770c0c719fb8340e9706d1ea92e649dba4e0a62e85af2 skipped due to low value: 0.0 AVAX
[2025-10-11 17:01:06.685281] Transaction 0xe438a7be01263a4b1489f249dff37be4b9cec6cb83e8a5c6e71b66b8ab74657f skipped due to low value: 0.0 AVAX
[2025-10-11 17:01:06.786285] Transaction 0x0b14db01567baa7d9da2841847c20f1e1f08a49a6ad1fb0d385b10414d1737de skipped due to low value: 0.0 AVAX
[2025-10-11 17:01:06.891281] Transaction 0x11ca784cff094a8316d10e8883786604d9557fb1745c4463b72f050b8ea1da8e skipped due to low value: 0.0 AVAX
[2025-10-11 17:01:06.995286] Transaction 0x68ceec573834cd66275c6f1d9b689f58a6457d2bb225e167ed024d24a99880e9 skipped due to low value: 0.0 AVAX
[2025-10-11 17:01:07.096884] Transaction 0xdb6d58ee82ed3805eb309d6d71d1f08748989f32a5549a35c77c1cb2ceb0d469 skipped due to low value: 0.0 AVAX
[2025-10-11 17:01:07.200226] Scanning block 70146495
2025-10-12 00:01:07,620 - ERROR - API returned error for block 64269823: {'status': '0', 'message': 'NOTOK', 'result': 'Free API access is temporarily unavailable due to unusually high network activity. To maintain uninterrupted service, we recommend upgrading to a paid plan: https://etherscan.io/apis'}
2025-10-12 00:01:07,620 - ERROR - Error processing block 64269823: API error: Unknown error
[2025-10-11 17:01:08.800593] Transaction 0x46f284e60ea93b2a9aec9b773b59942b1f9d22f2fd1fce929bf134dfdda0b647 skipped due to low value: 0.0 AVAX
[2025-10-11 17:01:08.909256] Transaction 0x07802b1118258bb05c21f3e776111154cb911045654dc676bc5c3a50c55a40bd skipped due to low value: 0.0 AVAX
[2025-10-11 17:01:09.011246] Transaction 0x90f1621959710d2298985729193b69bb50c10fe1946c951f7825a768a273b712 skipped due to low value: 0.172 AVAX
2025-10-12 00:01:09,106 - ERROR - API returned error for block 64269822: {'status': '0', 'message': 'NOTOK', 'result': 'Free API access is temporarily unavailable due to unusually high network activity. To maintain uninterrupted service, we recommend upgrading to a paid plan: https://etherscan.io/apis'}
2025-10-12 00:01:09,106 - ERROR - Error processing block 64269822: API error: Unknown error
[2025-10-11 17:01:09.113038] Transaction 0xd89b7d1fdf8c23aa991380d2197d3efe8d0695a816ec3a8dbc6928de57e39d89 skipped due to low value: 0.0 AVAX
[2025-10-11 17:01:09.216079] Transaction 0x3ee5a09277aae9a2af265a09b1d266efe8c811c73f921fc1e4513ca90b087ce0 skipped due to low value: 0.0 AVAX
[2025-10-11 17:01:09.316074] Transaction 0xf96ca00e809cea20cde6cb59cce25505364fd8020cbf5f0a329a01bc74226cc8 skipped due to low value: 0.11 AVAX
[2025-10-11 17:01:09.417078] Transaction 0xd81ebdd50f3035ce533002ae78493bcda8d40bcfce116faf87fa137702b8734c skipped due to low value: 0.3058 AVAX
[2025-10-11 17:01:09.518994] Transaction 0x8ca2cbe318c8e120a88f3ba53fcd53181fca4d94e46bbe1fa2e6bba3d02cfdeb skipped due to low value: 0.1895 AVAX
[2025-10-11 17:01:09.619204] Transaction 0xf4d29105323844f6278d5fd780332a556476a88f94250aaa51c5c1098503b0f0 skipped due to low value: 0.2145 AVAX
[2025-10-11 17:01:09.719203] Transaction 0x2c011c38fc7cfaf89b02bf784ec6f6f59557c485248e2f88f1513630f1eb3c4d skipped due to low value: 0.1556 AVAX
[2025-10-11 17:01:09.821203] Transaction 0x82285a17b386e89ac183f2e3193a56910f83e654bd80182b316eed0893cd9955 skipped due to low value: 0.2182 AVAX
[2025-10-11 17:01:09.926205] Transaction 0x30a3a73bd813d965f3cb55cf33f7439ac53bb76aaf6b75dddebb6ea09446b09e skipped due to low value: 0.1451 AVAX
[2025-10-11 17:01:10.028204] Transaction 0xb59979d7c2206134a9a1b03fef20fbe894ee6ec763d7a4e2649dd8275e3a7fb0 skipped due to low value: 0.1651 AVAX
[2025-10-11 17:01:10.129463] Transaction 0x5565788595f5d407e3c67fbec553b79ecda14c1921166bdb4133475b96f072f3 skipped due to low value: 0.2082 AVAX
[2025-10-11 17:01:10.230407] Transaction 0xe89e2820e54882ca1ff9c6d4d678738d28d72828a0402531b9e107dd621def3e skipped due to low value: 0.2347 AVAX
[2025-10-11 17:01:10.332403] Transaction 0x6bb1c9106947ec62b67b7746c064f996c1a0825c0a3da0776bfc71c8164e2cb2 skipped due to low value: 0.2028 AVAX
[2025-10-11 17:01:10.436409] Transaction 0x98142e269f3b83f2aca35a67b374216a4ea41ca48b35c506306881918e050dbf skipped due to low value: 0.0964 AVAX
[2025-10-11 17:01:10.537407] Transaction 0xfbd4b9eb3ec1213bb12c7db5e487dbc3d6042352a93da05a4e2631e25622274e skipped due to low value: 0.1752 AVAX
[2025-10-11 17:01:10.638407] Transaction 0x76b84c4f66fc1e3a3a5ac2919164d0642d7b61f6f4b5dc430b018b15bc5a89a8 skipped due to low value: 0.2032 AVAX
[2025-10-11 17:01:10.738936] Scanning block 70146494
[2025-10-11 17:01:12.674800] Transaction 0xe19cb6ef20f755c632c99ee2d2048b5700dc6fd13bbff925f9a889d748aa698c skipped due to low value: 0.0 AVAX
[2025-10-11 17:01:12.775797] Transaction 0x8876a98ad28a9e256e740579fa72df17837da3689b13e95f507cec278a1ce3c1 skipped due to low value: 0.010926573426573428 AVAX
[2025-10-11 17:01:12.877797] Transaction 0x337840d11e36f0f6a93bddff3de06f3c773e8588ac42c4deba4ed2522c382eec skipped due to low value: 0.0 AVAX
[2025-10-11 17:01:12.979798] Transaction 0xd16d37659a7100df51cb6619ba8a406db88319af0d1dd402213bfc5844e946f8 skipped due to low value: 0.0 AVAX
[2025-10-11 17:01:13.081795] Transaction 0x46c1ab81a10e29b674038562f5c4ab4f46f7769195994cd0105ea813bac229cc skipped due to low value: 0.0 AVAX
[2025-10-11 17:01:13.182362] Transaction 0xb93f17eee06b11aef1f1ef236b37fa6b5ed6ba6bec918d09f5c8900d71a4e5b4 skipped due to low value: 0.0 AVAX
[2025-10-11 17:01:13.284430] Transaction 0x3b3ff893dff0e203cc3fca1a098440e33fe0bc12c9dec2b56c153b4b8d06f2d6 skipped due to low value: 0.0 AVAX
[2025-10-11 17:01:13.384678] Transaction 0x6a2192efa06acde81e4c368c850c4e0401c1a2d9089c4371121fd163a0f4c6d5 skipped due to low value: 0.0 AVAX
[2025-10-11 17:01:13.496261] Transaction 0x1f33e430456d70e4d64b5e740ba9a91554462d2dfc2dd326d11fdc6576b1cfd4 skipped due to low value: 0.0 AVAX
[2025-10-11 17:01:13.605663] Transaction 0xa22215c28efeebc1eeba319d99f77b574ec8f182ff68fe207a61feb46c7ab849 skipped due to low value: 0.2447 AVAX
[2025-10-11 17:01:13.733607] Scanning block 70146493
[2025-10-11 17:01:15.243075] Transaction 0x4957c948c4c61cbee0119ede310be2c7f4e2523e054780c76330f6523dd5e7b1 skipped due to low value: 1.061154670259552 AVAX
[2025-10-11 17:01:15.345078] Transaction 0x3ea310a3586d19a7ddb21c9123696b8b297b7ee86f62b6dd27220fa7d310d06c skipped due to low value: 0.0 AVAX
[2025-10-11 17:01:15.446075] Transaction 0x35d3bdce63cfd28241d91470423fee292239827596053a82d42dbb13201eb51b skipped due to low value: 0.0 AVAX
[2025-10-11 17:01:15.548076] Transaction 0x0ddd125026abf90b60df960513a75025c159369b3796642c45c85e2336c6fe77 skipped due to low value: 0.0 AVAX
[2025-10-11 17:01:15.649080] Transaction 0x2bcbb8c6faa7e19d9ef401eba77b93d5c9084f68e42f3b395ce530036b1856e3 skipped due to low value: 0.0 AVAX
[2025-10-11 17:01:15.750075] Transaction 0x629d582820e22f53080890180d0741e35a3b611c7afefe58bcdc8249759e8bc1 skipped due to low value: 0.0 AVAX
[2025-10-11 17:01:15.850072] Transaction 0xa3f776ee8ab60925e37a1ae78398e12e7dc22ab91b0fe5370cfcdd72afe64602 skipped due to low value: 482.53140238725035 AVAX
[2025-10-11 17:01:15.951569] Transaction 0xdc37c66ccc3d566e689456fca6ad7132086544baabdca42bdc7810899131dcef skipped due to low value: 0.0 AVAX
[2025-10-11 17:01:16.051806] Transaction 0x87c3da4f05d6e3fd597dc9f017e1bcc9e0ba92201eb96cc92dc4fe66d970208d skipped due to low value: 0.0 AVAX
[2025-10-11 17:01:16.151536] Transaction 0x3a042fef54b6554d6c4544bd4d45b806a3fdc789c9efe5a931d341362c558aac skipped due to low value: 0.0 AVAX
[2025-10-11 17:01:16.253548] Scanning block 70146492
[2025-10-11 17:01:17.772825] Transaction 0x16d2d9fd06ea28213cabf86329d7dd9085d53e534b080a637b1ad7e620e37095 skipped due to low value: 0.0 AVAX
[2025-10-11 17:01:17.976827] Transaction 0x8d417f8eb922a7600ccbe88b0e7049d246bae7e095278efdcff2d23bf8ddaef3 skipped due to low value: 0.0 AVAX
[2025-10-11 17:01:18.082828] Transaction 0x3dbc505f11438566fbbdf34a2042b39427a0a08ffa4c6b9f43b645243259114c skipped due to low value: 0.0 AVAX
[2025-10-11 17:01:18.183823] Transaction 0xdc4310c123029b98cffad231c28761e453afa2d81ce89b89d773e8911b18ad24 skipped due to low value: 0.01301520917102144 AVAX
[2025-10-11 17:01:18.285821] Scanning block 70146491
[2025-10-11 17:01:19.811758] Transaction 0x1f05ca62fbb53551ceed806a1f4ff82cfd3a35e1cffcd1e44c16306ffe340d88 skipped due to low value: 0.0 AVAX
[2025-10-11 17:01:19.913751] Transaction 0xfec2c56a03ceafc854409d16638a61481a65789d017fbb206812f99056566497 skipped due to low value: 0.0 AVAX
[2025-10-11 17:01:20.014750] Transaction 0x71582fe854493894b059177d3369ebf5fe00c9059eb353b5ac45c57aa243386b skipped due to low value: 0.0 AVAX
[2025-10-11 17:01:20.141763] Transaction 0xe9ff89059d3d199aad80654819b877ab57be7e32232ecc2821af9fd7c4c0551d skipped due to low value: 0.0 AVAX
[2025-10-11 17:01:20.250488] Transaction 0x883ffe99fbdfdfae903bb538d0d35f2d54867993f06c9fb3d46e30084136bff0 skipped due to low value: 0.0 AVAX
[2025-10-11 17:01:20.352402] Transaction 0xea22e6cb990042b79f05d326bb0376b091d4d9dc138103ac89d39dc5c6f125c1 skipped due to low value: 0.0 AVAX
[2025-10-11 17:01:20.452526] Transaction 0xf3bf6b2636b2d4d45809965537ca167352a240369f4fa1fbe96cfce424cf338e skipped due to low value: 0.0 AVAX
[2025-10-11 17:01:20.554941] Transaction 0x1cc20d48c819b5b9c1d19042ae8bde62c6cfd14c99bdd577745114bc51f53f24 skipped due to low value: 0.0 AVAX
[2025-10-11 17:01:20.655996] Transaction 0x004d04b5f0c421703d407d9c8fc27d22cfcf8a765c4b6fe56f32fdb3869febf3 skipped due to low value: 0.0 AVAX
[2025-10-11 17:01:20.755979] Transaction 0x61d91821620c380674546c001b8ddf78870ea5657d58da390659f1960b8ad18a skipped due to low value: 0.0 AVAX
[2025-10-11 17:01:20.858372] Transaction 0x07ef141ab18bd56698a09c0a4608388f79875a751ead65a9b774f952561c7ab6 skipped due to low value: 0.0 AVAX
[2025-10-11 17:01:20.958971] Transaction 0x0abccd0ba3d7cc6f9c56b1ea655ed162df169276315567f17e679e66916f5554 skipped due to low value: 0.010931351114997814 AVAX
[2025-10-11 17:01:21.059968] Transaction 0x5f2674c97f8e64119dd81498a22fb5e388d02e49df26dda87ee437bc6bb8dc9a skipped due to low value: 0.0 AVAX
[2025-10-11 17:01:21.186382] Transaction 0x89f5854c609e04cdf94132d73e5e651e28b27c2759b307b66a9261ab1c3adf41 skipped due to low value: 0.0 AVAX
[2025-10-11 17:01:21.293650] Scanning block 70146490
2025-10-12 00:01:22,874 - ERROR - Error processing block 64269820: HTTPSConnectionPool(host='api.etherscan.io', port=443): Read timed out. (read timeout=10)
[2025-10-11 17:01:23.799269] Transaction 0xb161e49594af1e86183531b5420a0943b8b9f3e3ba5198c884be3b3922107f36 skipped due to low value: 0.0 AVAX
[2025-10-11 17:01:23.900482] Transaction 0x815e9fa57e8df4a02c562650e06df966d2453075de2ab327e89f6eb5560fdc60 skipped due to low value: 0.0 AVAX
[2025-10-11 17:01:24.002103] Transaction 0x0a41f7ff692fd7066a7e42f24db256bba45f11cb2244d38c16186c4b9c61de34 skipped due to low value: 0.0 AVAX
[2025-10-11 17:01:24.106715] Transaction 0x6554b9bb3033df1d6135f6f82398825afee3719ac781066758b27af78fc3b0c1 skipped due to low value: 0.0 AVAX
[2025-10-11 17:01:24.208714] Transaction 0x24aee8f586d38f8faea0c6526df498b3c9a0f1dd9b13fa7aff401c7876438357 skipped due to low value: 0.0 AVAX
[2025-10-11 17:01:24.313712] Transaction 0xb6d5aa060d96e9e6ce4f98b7f81e330706da8ae2511f47d168dd231c3c4bc18a skipped due to low value: 0.0 AVAX
[2025-10-11 17:01:24.415246] Transaction 0xd48a3fd34a9d24b79667340ded809671c091f919cae0c568cf6d076043ed0ace skipped due to low value: 0.0 AVAX
[2025-10-11 17:01:24.517240] Transaction 0x8cbb34aaaa60d69a8f380df6b20d6435bd3efa89c515d09fe6892c06092c554c skipped due to low value: 0.0 AVAX
[2025-10-11 17:01:24.618259] Transaction 0x508171a63a61f88834fcbfb86f36b0bb41432590ebe9e5d8d653925e363abd52 skipped due to low value: 0.0 AVAX
[2025-10-11 17:01:24.719363] Scanning block 70146489
[2025-10-11 17:01:27.326914] Transaction 0x464bed7a579d76575e5067d11d0284283cf1b7493598a2b26354a965025cb9d2 skipped due to low value: 0.0 AVAX
[2025-10-11 17:01:27.429913] Transaction 0xad6f4fc57bf6b5b8e63c784f66fec6e7d7131dee7d882d059af310d689d5c473 skipped due to low value: 0.0 AVAX
[2025-10-11 17:01:27.532911] Transaction 0xbfc9e5b8f02ffa56319cc89e11eeccb818d1ed6bea7c3ce438915fecc07ab97d skipped due to low value: 0.0 AVAX
[2025-10-11 17:01:27.632912] Transaction 0x2ed248dbbec78a8e530cd1d325821b5d3862d254b1cece265a88c251642896b5 skipped due to low value: 0.0 AVAX
[2025-10-11 17:01:27.734921] Transaction 0x592cca5ad4820e389da5a80b26701152bcc56352cecc3ade5e68e76663c35231 skipped due to low value: 0.0 AVAX
[2025-10-11 17:01:27.835914] Transaction 0xd7aeff56dd39688a3bd2cae9e68854d549cc042d93b217418e4351f23b272de3 skipped due to low value: 0.0 AVAX
[2025-10-11 17:01:27.960914] Transaction 0x4c0ad0874d3bb352380560e01413961ea3787d1b9f15963e7c5646fd02730a14 skipped due to low value: 0.299747673156347 AVAX
[2025-10-11 17:01:28.063912] Scanning block 70146488
[2025-10-11 17:01:30.085295] Transaction 0x4822347aeb8278f21007262918b23517b64001bc9f556b95e93b129e7a001d86 skipped due to low value: 0.0 AVAX
[2025-10-11 17:01:30.187305] Transaction 0xb64c07f93672e5f42724c4943f3954a8fcf4e3835e162d1484463a5d3b6320dc skipped due to low value: 0.0 AVAX
[2025-10-11 17:01:30.290300] Transaction 0xc21d9223ce0c7be7d6995842d47c36f5d5e2ebbb64d0cc2b8d5cb231cf2cdd53 skipped due to low value: 0.0 AVAX
[2025-10-11 17:01:30.393296] Transaction 0x625ec58200c0b77d78ae977dc173826cb42ed21dfdc7739ab81f79f1c9fcb4b5 skipped due to low value: 0.0 AVAX
[2025-10-11 17:01:30.495820] Transaction 0xd96e6d43eea92bb71b33f22b20e0f42dfeaec907f0ed36114a82af519d1f267a skipped due to low value: 0.0 AVAX
[2025-10-11 17:01:30.594825] Transaction 0xfedf6d812010c99073c982479008a407984d5d74001bd8211a7293f497fa3f80 skipped due to low value: 0.0 AVAX
[2025-10-11 17:01:30.697826] Transaction 0xc9283f4a2a659671bdd23c81982c6b85bfe0baea2f8fa23404cacad32a4b7fb0 skipped due to low value: 0.0 AVAX
[2025-10-11 17:01:30.799824] Transaction 0x0c257f86f921bfd5f7c8fc0d662d3c946bf5c441af20dad9a3c360caaeca7864 skipped due to low value: 0.000315009129 AVAX
[2025-10-11 17:01:30.941824] Scanning block 70146487
[2025-10-11 17:01:32.572646] Transaction 0x80f51522719648b06c4d416977f42e064e741e015cc8a0c8a18bacbcf2afa294 skipped due to low value: 0.0 AVAX
[2025-10-11 17:01:32.674647] Transaction 0x591a998f272e40b45a69d72766e1f89bb24f7aa29b15727a2fb5d343735e0210 skipped due to low value: 0.0 AVAX
[2025-10-11 17:01:32.777647] Transaction 0xa271d65fe7cb971822a57fd840fc352f5e45b53fb230c7211875b01ab19a0eca skipped due to low value: 0.0 AVAX
[2025-10-11 17:01:32.879649] Transaction 0x36cf233af10af9e41278617343dbdb2f77bd9858cafa1aa3ffdfeaab1073a025 skipped due to low value: 439.9488246222961 AVAX
[2025-10-11 17:01:32.980644] Scanning block 70146486
[2025-10-11 17:01:34.394860] Transaction 0x28b231c1f7ca04e408af03219772dec94ae5e85b0f0248cc7d346f2d1a2befbb skipped due to low value: 0.0 AVAX
[2025-10-11 17:01:34.494857] Transaction 0x0aec8f27675ba628a7a301c885ecd5e597e887a43dba0383658b7ce8a243285a skipped due to low value: 0.07405711634579254 AVAX
[2025-10-11 17:01:34.595857] Transaction 0xd3fea2b0b5d2ce0b62528d8e9e6da85bd95909c956641fab3313791bfad1cb87 skipped due to low value: 0.003165738076331366 AVAX
[2025-10-11 17:01:34.696858] Transaction 0x218f673c183f4475255696d8f3ab8ab919609c5bb08e1a5082e43ef3c0ea9c63 skipped due to low value: 0.004665347238847997 AVAX
[2025-10-11 17:01:34.797858] Transaction 0xb7f00ea19ddd6a65c6834a9dd15d742d9c43561db243377475e7f78059ed0c63 skipped due to low value: 0.0 AVAX
[2025-10-11 17:01:34.900383] Scanning block 70146485
[2025-10-11 17:01:37.849786] Transaction 0x2493b4eaa30f22d1cb8e95be0aaba8a4cdb546217721c9f242d738aaa9ca278c skipped due to low value: 0.0 AVAX
[2025-10-11 17:01:38.032785] Transaction 0x3433e0be9fc3fc58e3f7fea79bfd93b96bcf75586e4e87c1e1c58442b1f85e3e skipped due to low value: 0.046 AVAX
[2025-10-11 17:01:38.151784] Transaction 0x3dbc6f5ca266c9b96df6ecee043923a94ecb0d0a9e1c575668311579ffc56d03 skipped due to low value: 0.0 AVAX
[2025-10-11 17:01:38.264657] Transaction 0x97d7a33fa68a461fa15a1167d2fb9a48691b4f7cc4f0f811f03eb4bb2650d045 skipped due to low value: 0.027904000000000012 AVAX
[2025-10-11 17:01:38.412315] Transaction 0x8c07c0b24c3b7d9d3aef8b696e26e8469ccdccb9f2fec31f61cdb756af6c5143 skipped due to low value: 0.0 AVAX
[2025-10-11 17:01:38.532946] Transaction 0x3aea5469c9484f5fa97b6dcae4db7b29c9dac2e5178d30cebe96c07d7c15c045 skipped due to low value: 0.0 AVAX
[2025-10-11 17:01:38.660947] Transaction 0x228bbd350325c943c5eefa800cb33003b6e47929297007180f4904d06ab52d32 skipped due to low value: 0.0 AVAX
[2025-10-11 17:01:38.793946] Transaction 0x857f7afda383ecf7efbacf689dde7704a14cb69176a249f1977e055b4541bbb0 skipped due to low value: 0.0 AVAX
[2025-10-11 17:01:38.915944] Scanning block 70146484
[2025-10-11 17:01:40.868470] Transaction 0xb8c0a2746aee48034b0d5e2817d9328d43b36030c501d6e87a57d51f5a216017 skipped due to low value: 0.0 AVAX
[2025-10-11 17:01:41.035472] Scanning block 70146483
[2025-10-11 17:01:43.108219] Transaction 0x8e24d442bbff509fcd5d8f8338c52166e60163e0ddb64b520c8c1bf1a02859cb skipped due to low value: 0.0 AVAX
[2025-10-11 17:01:43.242218] Transaction 0x4ec8dd1a0c93e83327de001ccf038692333ae346dc0071f479f4286040b13e40 skipped due to low value: 0.0 AVAX
[2025-10-11 17:01:43.363217] Transaction 0xff229551fe41a5773849a09898bc8f8b38a9662303e780676b357022a2d8274c skipped due to low value: 0.0 AVAX
[2025-10-11 17:01:43.535218] Transaction 0x646439b82097a4e8ca6a84a9e2b76615ff807bef4323eb9e15c0198b20032093 skipped due to low value: 0.010931351114997814 AVAX
[2025-10-11 17:01:43.692219] Transaction 0x618d50a1f7b89513a0e86cc2f88cd465bdfbb051dee64e8c5cc4d7db3eaff8bf skipped due to low value: 0.0 AVAX
[2025-10-11 17:01:43.801220] Transaction 0x2ab23bd7b7df4e080731937c216b38022dc4cda0b498c050b7d7d55d85657efc skipped due to low value: 0.30165604 AVAX
[2025-10-11 17:01:43.974217] Transaction 0x7f0698b5e7d78861c083eccea9dfc96130abbb289d25336db7118d78d3d34849 skipped due to low value: 0.0 AVAX
[2025-10-11 17:01:44.186220] Transaction 0x25d5ebc88f2835817f40fc2fc09ae04446b137a51bc1ead7b9728ea0234630b6 skipped due to low value: 0.0 AVAX
[2025-10-11 17:01:44.454223] Transaction 0x9d5b901d0445f49cc0588f1dbcb39d82c7a5d0a4bfe81347c2e56f3357b0b316 skipped due to low value: 0.0 AVAX
[2025-10-11 17:01:44.614545] Scanning block 70146482
[2025-10-11 17:01:47.691898] Transaction 0x47a6d9683f58b256ae2483a3ba0514d331a89ee1d4492e4ff47bf8aa9ad14f15 skipped due to low value: 0.0 AVAX
[2025-10-11 17:01:47.800902] Transaction 0xfa959b032d29e36c63e3b114eacd5a58e644e9761abcf6d29908e2be20e31311 skipped due to low value: 0.010931351114997814 AVAX
[2025-10-11 17:01:47.962900] Transaction 0xa15e6107adc6cc48b810639aff808085a18ac60060a037e9cda8ed6060bc0bb5 skipped due to low value: 0.0 AVAX
[2025-10-11 17:01:48.072361] Transaction 0x675d7a1a17464178ec59ca62f3499c0553bbb7285004c781160c3b86eeece247 skipped due to low value: 0.0 AVAX
[2025-10-11 17:01:48.182833] Transaction 0x9f44476ce8f37f1dbe4c68cef29223897233f8de1a69a5f715a398276296a050 skipped due to low value: 0.0 AVAX
[2025-10-11 17:01:48.298374] Scanning block 70146481
[2025-10-11 17:01:50.183259] Transaction 0x4aedecb64dbe06b6a1bbd26fa7b8fb50a7624b339351877c2043ab7ce6599d3e skipped due to low value: 0.0 AVAX
[2025-10-11 17:01:50.293258] Transaction 0x5efb7ce231707be96d347e0e03bc1bb37e828065ff0b03e6e09cc5be8bf377c0 skipped due to low value: 0.010936132983377077 AVAX
[2025-10-11 17:01:50.400260] Transaction 0xd6f0999fb41fa7d9b0e4c8f27bc87eb02f3dd1f007989d74ca63d43e668e1f61 skipped due to low value: 0.0 AVAX
[2025-10-11 17:01:50.510407] Transaction 0x011528b7c9bc0f701819dd875634cc207df22b29f8c80ded59394336d7fc0262 skipped due to low value: 0.0 AVAX
[2025-10-11 17:01:50.620831] Transaction 0xdd07706a2e2a3466562cb0983c81ec0b9eced9503bb3ee702131273bfa6986c1 skipped due to low value: 0.0 AVAX
[2025-10-11 17:01:50.728834] Transaction 0x55eba9b920d844b6c77bf76363ace1c6e8fdfcc2e16e54ab8d3d4c97577a8739 skipped due to low value: 0.0 AVAX
[2025-10-11 17:01:50.916832] Transaction 0x28b47e362cef3ef279024d0a21344345e594e3ee0e3e61bb3ac16de8631d0ad8 skipped due to low value: 0.0 AVAX
[2025-10-11 17:01:51.024830] Transaction 0xe68e4ede4c935ef81548b7d615719726a024bb138689f2a59ef7a8591030728f skipped due to low value: 0.0 AVAX
[2025-10-11 17:01:51.209833] Scanning block 70146480
[2025-10-11 17:01:52.898257] Transaction 0xea705c9bc55f188b182f6dc01ae6c305fc98c9d6fe80966a1e5eb12063b28970 skipped due to low value: 0.0 AVAX
[2025-10-11 17:01:53.005260] Transaction 0x924e7552c37aca0f43939b8a4f1b563aec980dfb328b685cdd40e062e1f1cd35 skipped due to low value: 0.0 AVAX
[2025-10-11 17:01:53.113026] Transaction 0xea28c6427799080cb69dfd8790d520e753a76ce0f89fcc6c3f4ddb3b7128e3b7 skipped due to low value: 0.0 AVAX
[2025-10-11 17:01:53.223365] Transaction 0x5d69c4a91614fb167e2d561486a77e16107c9b3155119ecf9f46664258031e1d skipped due to low value: 0.0 AVAX
[2025-10-11 17:01:53.331545] Transaction 0x430e62d4bef3feed824b43d6e07ea7afff53eba78ed4a304f540bd9569cc2a2f skipped due to low value: 0.0 AVAX
[2025-10-11 17:01:53.440288] Transaction 0x5dcdae248fa5c00dc574d2c815fd6ebb96e1607891f29e1a2504d9854dc0a5cb skipped due to low value: 0.0 AVAX
[2025-10-11 17:01:53.548290] Scanning block 70146479
[2025-10-11 17:01:55.186728] Transaction 0x4d5f37da5e10170eadff876db5d6d8a811f60862cfad006087af4e2f5b2fc975 skipped due to low value: 0.0 AVAX
[2025-10-11 17:01:55.297666] Transaction 0x3b971cebe14048c41d69d390bc3295dbc3ba2461c90d03982153bc5371add088 skipped due to low value: 0.0 AVAX
[2025-10-11 17:01:55.409863] Transaction 0x6721e2cd96110e247471df09e4c0c4c6831b74b10f2749aabf666ffcb8889d31 skipped due to low value: 0.0 AVAX
[2025-10-11 17:01:55.543867] Transaction 0xc2ff7548ebeedc7b0230bee9270ae3d7b3ecbcdf8e9fe4d1f9510755d91efb8c skipped due to low value: 2.299946635646888 AVAX
[2025-10-11 17:01:55.656921] Transaction 0x589277ff2fcce6bbeb7388568c94537b04087d84314a90f72bc7167995148cf5 skipped due to low value: 0.0 AVAX
[2025-10-11 17:01:55.774919] Transaction 0x2ba65a073bd6043f3a8cac1577ddb40a594369f5494ece78a081ac5dc9990b7d skipped due to low value: 0.0 AVAX
[2025-10-11 17:01:55.881929] Scanning block 70146478
2025-10-12 00:01:57,248 - ERROR - API returned error for block 64269807: {'status': '0', 'message': 'NOTOK', 'result': 'Free API access is temporarily unavailable due to unusually high network activity. To maintain uninterrupted service, we recommend upgrading to a paid plan: https://etherscan.io/apis'}
2025-10-12 00:01:57,248 - ERROR - Error processing block 64269807: API error: Unknown error
[2025-10-11 17:01:58.162517] Transaction 0xda00acd1ca9ff17d1d5b1c7472e14f1dc91c74fabc3317f883f804277007b237 skipped due to low value: 0.010936132983377077 AVAX
[2025-10-11 17:01:58.275234] Transaction 0x5ebb9a8910a63c930021d663b756e5edbf1a1f918134b1cf314a1921c644db05 skipped due to low value: 0.0 AVAX
[2025-10-11 17:01:58.385209] Transaction 0xca914ec66f3c19648cee1938c53445997e176e3b7b48c47c8b874a4e60554772 skipped due to low value: 0.0 AVAX
[2025-10-11 17:01:58.497213] Transaction 0x2662b787ac602981b6b0778bfb9036e07be318dc33581082b840f0ab2ab4541c skipped due to low value: 0.0 AVAX
[2025-10-11 17:01:58.605208] Transaction 0xe58bef463a51f5539655ba88b3c1833b7d30db57af630c5835e8f6124c352d28 skipped due to low value: 0.0 AVAX
[2025-10-11 17:01:58.713423] Transaction 0x3539e2a6786af394bc2d6809816ecd0b39921d82bb5838022c5bd8419c59507d skipped due to low value: 0.0 AVAX
[2025-10-11 17:01:58.821857] Transaction 0x52f2c23d77bf2164f53d77311ad7d2bff9f1d328c3c5d97bdb08fd28db5108d7 skipped due to low value: 0.0 AVAX
[2025-10-11 17:01:58.930848] Transaction 0x85fc39ab267b8fcc47cf4d0b7e152b820638895f5533836056bc3e929883fdae skipped due to low value: 0.0 AVAX
[2025-10-11 17:01:59.039853] Transaction 0xf705b7764cf69346091442fda1eebbec0671f7059d605a02561318b3d59e78c5 skipped due to low value: 0.0 AVAX
[2025-10-11 17:01:59.151847] Scanning block 70146477
2025-10-12 00:02:01,088 - ERROR - API returned error for block 64269805: {'status': '0', 'message': 'NOTOK', 'result': 'Free API access is temporarily unavailable due to unusually high network activity. To maintain uninterrupted service, we recommend upgrading to a paid plan: https://etherscan.io/apis'}
2025-10-12 00:02:01,088 - ERROR - Error processing block 64269805: API error: Unknown error
[2025-10-11 17:02:01.216421] Transaction 0x35a7c72eeb9c850b60e95e9557ffdcf165006b41979ca1e53bddba9d85525aad skipped due to low value: 0.0 AVAX
[2025-10-11 17:02:01.327424] Transaction 0x9d978ac47fecc2bee37d35a10fe88b100d8655c9f0e280c3f3b69b7abf8eaed7 skipped due to low value: 0.0 AVAX
[2025-10-11 17:02:01.436423] Transaction 0x4816293b60e29c906a03be14a6f2b21f5b5e9db030d425db2dc61846e7f7bcd8 skipped due to low value: 0.0 AVAX
[2025-10-11 17:02:01.546419] Scanning block 70146476
[2025-10-11 17:02:03.048949] Transaction 0x79604935106d485d643b77140177371f08afe90fa85f425d4537d1ee967e1d8d skipped due to low value: 0.0 AVAX
[2025-10-11 17:02:03.166267] Transaction 0xf616f49208ec8896b733cede4bd28e3f59719b7edc8d7be2a4812948efd43b70 skipped due to low value: 0.0 AVAX
[2025-10-11 17:02:03.277816] Transaction 0x904cb35d654038a1014e73062f26a201e9a9d85080f822afa3d17d09ef950a7f skipped due to low value: 0.0 AVAX
[2025-10-11 17:02:03.386839] Transaction 0x3b8c542a912ab2466533f8dfe79408993d0108107969d969730278794e369361 skipped due to low value: 0.0 AVAX
[2025-10-11 17:02:03.495839] Transaction 0xb3094c8827a49259840ec6ccb36b5e435be1022ce626b06d019c8041fea2f111 skipped due to low value: 0.0 AVAX
[2025-10-11 17:02:03.604839] Transaction 0xd7a14c08d729b1fe334d88893fc94c26913c9de27cee748fd1566c5b23892d64 skipped due to low value: 0.0 AVAX
[2025-10-11 17:02:03.714835] Transaction 0xec3c371bff9e4ea716fa703a5f52b13e4bd07659079c343acd6ce6c12cc5a2cb skipped due to low value: 0.0 AVAX
[2025-10-11 17:02:03.822839] Transaction 0x046ee063015569a0f923b75f7ef5a02c218e4ae4bce3f1251b8f090f3d257c2c skipped due to low value: 0.0 AVAX
[2025-10-11 17:02:03.931836] Transaction 0xb1d2114817ff6ad0219fd6d7a94282ad0945aaffc32293350b2cb163e7087eb7 skipped due to low value: 0.0 AVAX
[2025-10-11 17:02:04.039665] Transaction 0xa262a0e96d496cc7120e334fb565dd6bbe3affcfb715a6b4e1e36515d9d92914 skipped due to low value: 0.0 AVAX
[2025-10-11 17:02:04.149660] Scanning block 70146475
2025-10-12 00:02:05,021 - ERROR - API returned error for block 64269803: {'status': '0', 'message': 'NOTOK', 'result': 'Free API access is temporarily unavailable due to unusually high network activity. To maintain uninterrupted service, we recommend upgrading to a paid plan: https://etherscan.io/apis'}
2025-10-12 00:02:05,022 - ERROR - Error processing block 64269803: API error: Unknown error
[2025-10-11 17:02:05.643285] Transaction 0xbc2e04091bdcdce1b0e19b3323a490fd21cfe2b674f1e14f8cc3b77af742a088 skipped due to low value: 0.0 AVAX
[2025-10-11 17:02:05.752293] Transaction 0xb86fc68f569bc4e63bb7ae4252e258116527522114eb6623c31f8c143437e82b skipped due to low value: 0.0 AVAX
[2025-10-11 17:02:05.862287] Transaction 0x8dcebecff2e28c498a09f73389a48bc4981ca513cf795fc2aa71f51d877ad712 skipped due to low value: 0.0 AVAX
[2025-10-11 17:02:05.970318] Scanning block 70146474
[2025-10-11 17:02:07.516594] Transaction 0x048f8620a8bce3e81a6d786e60120e0fe4b61d970281a1a5d2887690a361e070 skipped due to low value: 0.0 AVAX
[2025-10-11 17:02:07.607597] Transaction 0xc008d30302248f0c23be0f48f02ad47ca303b1fabda08d38c011869259414761 skipped due to low value: 0.0 AVAX
[2025-10-11 17:02:07.697598] Transaction 0xd18a300b50e068f36b5214ed7cedc272f4e3661702c01a0be851cf3523138138 skipped due to low value: 0.046 AVAX
[2025-10-11 17:02:07.786594] Transaction 0xefebc7fe0c5df8bfced19b14cfb178f4a888ec0dab5fc1f6d647e2b9f9432647 skipped due to low value: 0.0 AVAX
[2025-10-11 17:02:07.876593] Transaction 0x63b9cee682bbf33decd46539ca7971d16577839423aef61881c95442691b5a9e skipped due to low value: 0.0 AVAX
[2025-10-11 17:02:07.966594] Transaction 0x875ee57ca3a00ad98bd3c9430a94b4aaa704944b1a284f37cd32e2cc4af1aa5d skipped due to low value: 0.0 AVAX
[2025-10-11 17:02:08.057598] Scanning block 70146473
[2025-10-11 17:02:09.583735] Transaction 0x8b934780d1a9d83148690659e502f533305fa43d42ef8a50cdd8edabf35d0762 skipped due to low value: 0.0 AVAX
[2025-10-11 17:02:09.677764] Transaction 0x51d5228ced6a6c23b10cd1ee497920e8bb6dae111b25f0c7e33682b05b300251 skipped due to low value: 0.010936132983377077 AVAX
[2025-10-11 17:02:09.767789] Transaction 0x2a9d0e1940b28cb13a0be761067435553d2c003e18a06a1520ad0d62997a37c6 skipped due to low value: 0.0 AVAX
[2025-10-11 17:02:09.856788] Transaction 0x233bf9bc0f69edd4007f6ea26193615be0d1ffd54dcab975b8d7a5d9614964bb skipped due to low value: 0.0 AVAX
[2025-10-11 17:02:09.950786] Transaction 0x5d9900ad09c2859095ecd658960bd14ee8d9fceaf88607d93bb91e8374091b35 skipped due to low value: 0.0 AVAX
[2025-10-11 17:02:10.041787] Transaction 0x3307156f0e50cb3d125e7576c0f1ef0159ce1f385598ea9053c059e4d3e819e5 skipped due to low value: 0.0 AVAX
[2025-10-11 17:02:10.132786] Scanning block 70146472
[2025-10-11 17:02:11.665571] Transaction 0xc915501a3c9b4db5ddaadefa9fc05edffa7a12dac7095d2b93c7261bb875edbb skipped due to low value: 0.0 AVAX
[2025-10-11 17:02:11.767590] Transaction 0x4ff8d2922631559931280322cd8acec7fe6aea6b591b1c506bc96cd852481ed8 skipped due to low value: 0.0 AVAX
[2025-10-11 17:02:11.856569] Transaction 0xd92b4f2c7649d4150a4527bd74abea22b0abe496d9652995b42dc27fd08fd183 skipped due to low value: 0.0 AVAX
[2025-10-11 17:02:11.944571] Transaction 0x159b0cc686af3d3616526a96883cc7c62169006563864e19237161df52a51839 skipped due to low value: 0.0 AVAX
[2025-10-11 17:02:12.034567] Transaction 0x9525b576cd58261b4ccc67f625b3edde13a4c4f6a28f7cbe25da7977e244fa0a skipped due to low value: 1e-05 AVAX
[2025-10-11 17:02:12.129567] Transaction 0x982b20837b1c2c158568603fbb463d8cca1140ac60b88c78283f31a8ef4a6726 skipped due to low value: 1e-05 AVAX
[2025-10-11 17:02:12.221568] Transaction 0x65268e56def94064933f5cb04ca19aecf16186d6221e1530d55229b0abd41220 skipped due to low value: 1e-05 AVAX
[2025-10-11 17:02:12.310567] Transaction 0x99b1db617ab800623228b93452b0e1d0c2c2d07b82d9c4c683b448460275b6d3 skipped due to low value: 1e-05 AVAX
[2025-10-11 17:02:12.400569] Transaction 0x670112f1ae61c7497aad92521b5fde563c749ea366a526acf766aa99c01ac808 skipped due to low value: 1e-05 AVAX
[2025-10-11 17:02:12.490574] Transaction 0x1aba946d8fc8f56ad7489bce7c976c4a1de0eea6ad586293f6bf817a22307f9c skipped due to low value: 0.0 AVAX
[2025-10-11 17:02:12.581572] Transaction 0xba7f1fa53c20e9637410b60f7c5715ae4a47cf5ab5e65c15e928490396a10a21 skipped due to low value: 0.0 AVAX
[2025-10-11 17:02:12.672569] Transaction 0x7a6458385239afcd4f16f2df1a67ddcce4c01d53969ac40018fce60695dd6be3 skipped due to low value: 0.0 AVAX
[2025-10-11 17:02:12.762570] Scanning block 70146471
2025-10-12 00:02:13,225 - ERROR - API returned error for block 64269799: {'status': '0', 'message': 'NOTOK', 'result': 'Free API access is temporarily unavailable due to unusually high network activity. To maintain uninterrupted service, we recommend upgrading to a paid plan: https://etherscan.io/apis'}
2025-10-12 00:02:13,226 - ERROR - Error processing block 64269799: API error: Unknown error
[2025-10-11 17:02:14.340199] Transaction 0x7e9ffd01c44daeaf2c8f4a21b8e66e5e79e05a617f06425fb505680564340caa skipped due to low value: 0.010936132983377077 AVAX
[2025-10-11 17:02:14.431198] Transaction 0x935e0406aadf1e30d50ea6c3721d12ad3baa7292736dc833933bafb93a42ea10 skipped due to low value: 0.028 AVAX
[2025-10-11 17:02:14.520200] Transaction 0x70771e5647da10346f168588fcd080966eeff8a4b96bea43c125658072bf7d12 skipped due to low value: 0.3641795857278157 AVAX
[2025-10-11 17:02:14.608694] Transaction 0x4a216629d5acef1b497914246f63308f95862c70d2286e3228e0e6e8757593c5 skipped due to low value: 0.3514612554293226 AVAX
[2025-10-11 17:02:14.699987] Transaction 0x62fdb05f0df4dc5866e70f7f7eae1f72f04b23f6c025e0362af0fba19c3818d3 skipped due to low value: 0.0 AVAX
[2025-10-11 17:02:14.790984] Transaction 0x951217651f86fff3071fb27d6356f6eecb6b9ea9b5a124e0ab4c5bb0f147db91 skipped due to low value: 1.06131674 AVAX
[2025-10-11 17:02:14.896983] Transaction 0x65b0bf04f28c6e4d33e8b77c51fa706972482a19668fc6f78b84fd1a2b37b4de skipped due to low value: 0.0 AVAX
[2025-10-11 17:02:14.992986] Scanning block 70146470
[2025-10-11 17:02:18.137988] Transaction 0xc738e019aa89911a5013f257c315108c61350a4f352d49eb9d2fa76ff993ce81 skipped due to low value: 0.36074246624066386 AVAX
[2025-10-11 17:02:18.227005] Transaction 0xb999c585e6e45bd7c47bc251e57271dd158c28e6e18c338ab39051c86f2a9f67 skipped due to low value: 0.010936132983377077 AVAX
[2025-10-11 17:02:18.316988] Transaction 0xf610a8af871e48f4d4a49f3c3d25d277a2a2c65e153b191345addba8a3e30077 skipped due to low value: 0.3058157542580214 AVAX
[2025-10-11 17:02:18.406993] Transaction 0x4aa454a9969e415252154d42b83020eeb1da697dd3b894599f68c6cb57d4699c skipped due to low value: 0.2758088585760707 AVAX
[2025-10-11 17:02:18.498991] Transaction 0xa185ae884b90a9c8cf6c6df6916d0f4775457f6eee5133f5691fe5f4e3a40236 skipped due to low value: 0.0 AVAX
[2025-10-11 17:02:18.588262] Transaction 0x959e838f218695d47471fbb8e2bd513d9fd474794d8eb9b6fe7f8fa450e1a330 skipped due to low value: 0.010936132983377077 AVAX
[2025-10-11 17:02:18.682133] Transaction 0x59e214de6f98ced413dde3d38dd7c7dd56edbe4a6d04bcdbb5528162f105e8b3 skipped due to low value: 530.0 AVAX
[2025-10-11 17:02:18.773128] Transaction 0x2fb19936200854c0f3728672da97cda21b9d842d3b166d4e054a0d8769788c91 skipped due to low value: 0.0 AVAX
[2025-10-11 17:02:18.863128] Transaction 0x8e9861a34fd2491f330d462a02df501bb954c20a5cf290bcf47d6c19fab352f3 skipped due to low value: 0.0 AVAX
[2025-10-11 17:02:18.952126] Transaction 0xf1dec2977597b70ee08e8d26950c0f827b657627aef7b18ab88bcb39d2a33bc1 skipped due to low value: 0.0 AVAX
[2025-10-11 17:02:19.043125] Scanning block 70146469
[2025-10-11 17:02:20.761582] Transaction 0x8bf7875a242906b1e4140560ee1df0dd4686b6bd2e8e73967c575eb62db082b6 skipped due to low value: 0.0 AVAX
[2025-10-11 17:02:20.893580] Transaction 0xa1361359de8d18d556b39b1bc17dc038bda2fbe4f378fe8b33eeeba9e54244df skipped due to low value: 0.0 AVAX
[2025-10-11 17:02:20.981581] Transaction 0xb7185bc807d12c5bedefd334e7bed8a944ba577aab184c8ea26d3e456aa8c0f1 skipped due to low value: 0.0 AVAX
[2025-10-11 17:02:21.069597] Transaction 0x211a3b2630b7b7d2052542a10b04a28c721d821ef45ed077b0a4d8b428b19419 skipped due to low value: 0.0 AVAX
[2025-10-11 17:02:21.160598] Transaction 0x3a09873587cc2870fbbfd69e1df83a35fa5651bacd25c9c36855c6483cf9a739 skipped due to low value: 416.3930749479443 AVAX
[2025-10-11 17:02:21.252076] Scanning block 70146468
[2025-10-11 17:02:22.987642] Transaction 0x6963dd02a2c16d5d2bff802d74a37246077e00c11e5f88eee07fc3e871260ac0 skipped due to low value: 30.46937576 AVAX
[2025-10-11 17:02:23.080019] Transaction 0x8dbb18bb3c0b6255adb1a8082f9ffb452f4dd60a0aa734802c218af630bb22da skipped due to low value: 0.0 AVAX
[2025-10-11 17:02:23.171984] Transaction 0xe2cdde09e109e8821452bbbb743bffb885869bd64746c328c3c74b06c0d9830c skipped due to low value: 0.0 AVAX
[2025-10-11 17:02:23.259955] Transaction 0xf1d73f52a173e395eb03fb7bc3fb8ab71a95b4ebbcca64449b1a7775fe3acc15 skipped due to low value: 0.0 AVAX
[2025-10-11 17:02:23.347872] Transaction 0x01f2b9797e14c32d440e7d9691c1bc24f7a30e96d89f0e605f49368d8cba6cd6 skipped due to low value: 0.0 AVAX
[2025-10-11 17:02:23.437871] Scanning block 70146467
[2025-10-11 17:02:24.853163] Transaction 0x02260262f091c03cdd3adb1bb98ca0e07805f4f7b09f8b982c5197722f68ec0b skipped due to low value: 0.0 AVAX
[2025-10-11 17:02:25.063056] Transaction 0xfeb867d0437f3b213344f22e97c6efcd2cac7f3bf7ab261fb313e1256b06f770 skipped due to low value: 0.0 AVAX
[2025-10-11 17:02:25.165040] Transaction 0x29d5ab388ba5047523f5b38c22a690ad81b6084921e452e4cf3dbf1ab130366b skipped due to low value: 0.0 AVAX
[2025-10-11 17:02:25.265038] Transaction 0xa06f172cd5a40a2938582fdae8df227c3a72707a0c45ece54ebd891e9b8a5e10 skipped due to low value: 0.0 AVAX
[2025-10-11 17:02:25.365041] Transaction 0x63b5dc311ac65b0206512725cb44aefad99fa037af83534e3f49126e93a47b27 skipped due to low value: 0.0 AVAX
[2025-10-11 17:02:25.465721] Scanning block 70146466
2025-10-12 00:02:25,599 - INFO - Block scan completed and history updated.
[2025-10-11 17:02:27.168143] Transaction 0xd053c4becc6e9c4897dce5d28813ca8ab8050fde2a21f1c9ffd3a3b6b65680ee skipped due to low value: 0.0 AVAX
[2025-10-11 17:02:27.258912] Transaction 0x0e4f19ebe9280b7d2c5de07534a406e1a209152a706837e30979860424d95bf4 skipped due to low value: 0.0 AVAX
[2025-10-11 17:02:27.350488] Transaction 0xc9be8638c3ff19f571daaed4c548d484de19ac709fd3ac306323cabc9c7a450f skipped due to low value: 0.0 AVAX
[2025-10-11 17:02:27.440473] Transaction 0x0d00d5a19ee1bd18dd64233545d791862e11cc2433794e37367260c28cb6b6ad skipped due to low value: 0.0 AVAX
[2025-10-11 17:02:27.530088] Transaction 0xaf07dd85c44e72094b107813ae4e4e177bc7ea34305039d5486f9dff8e296231 skipped due to low value: 0.0 AVAX
[2025-10-11 17:02:27.619104] Transaction 0xa91e3cd34c601a4e8c7ffb31a540151c34407341fc1bdc6a1409376fe2682272 skipped due to low value: 0.0 AVAX
[2025-10-11 17:02:27.929059] Transaction 0xb05b55782c3bdb7944fd7d0823048ed62d3923119e991938b65050efaf3a8ce1 skipped due to low value: 0.0 AVAX
[2025-10-11 17:02:28.021169] Transaction 0x385d689a5e691d24525255beacc137fd26d4b02dd4462e1a0c5ad7be18a15cbb skipped due to low value: 0.0 AVAX
[2025-10-11 17:02:28.110192] Transaction 0x89309967c8af862e50400955e8bf9cf53e1c0f1a17be6a7cb5908e976dd4ce30 skipped due to low value: 0.010936132983377077 AVAX
[2025-10-11 17:02:28.201297] Transaction 0xf228e67428879d7a3d7b325b1b9e7f0955d174d782359ae25c6356c35b77580c skipped due to low value: 0.046 AVAX
[2025-10-11 17:02:28.289946] Transaction 0x55df9fc216a08ea5053dd0ce8e5502c485a430eb20880841dea8c8feb8975283 skipped due to low value: 0.0 AVAX
[2025-10-11 17:02:28.382943] Transaction 0x5781f100587f5a7ca573b894e5f49914af3dd89f91051879053ad72fa8babf13 skipped due to low value: 0.0 AVAX
[2025-10-11 17:02:28.475898] Transaction 0xe2d41747d0e80d062424b8812dd0835dea5c2b3e82a1257cda52ec8bacd15937 skipped due to low value: 4.362756567 AVAX
[2025-10-11 17:02:28.569017] Transaction 0xb606c111935827c88bdef5acbe68b45403fe2fa6a3732854d80a104ef540e739 skipped due to low value: 0.0 AVAX
[2025-10-11 17:02:28.660267] Transaction 0x3e95c8fa591104d8bf3a358957405c6cfecf12419957375ecb63922ce244d0a2 skipped due to low value: 0.0 AVAX
[2025-10-11 17:02:28.751972] Transaction 0xc51cfadbe211e211f3244b977eea65d8df474b9e197fb1cdb490a8809de0e81b skipped due to low value: 0.0 AVAX
[2025-10-11 17:02:28.841967] Transaction 0x96a29468c667227293f5e0ce7c0c2282261b495fc212ac5ade4d9b4f373d549e skipped due to low value: 0.00027478967781 AVAX
[2025-10-11 17:02:28.943200] Transaction 0xeed01ffe43f4695fd3a1cf217bd36a712d94ac55062f5bdc192bce1b01d0796d skipped due to low value: 0.0 AVAX
[2025-10-11 17:02:29.035201] Transaction 0xe20793be6241127435cf1888f1ad6513dfcaf3c7ab789e16e90ab59cd4853798 skipped due to low value: 0.0 AVAX
[2025-10-11 17:02:29.125201] Transaction 0xf02026196d08eea1fdcd733e0dca7b7e8a00fd971c7f2b2af8507c4b75ec1268 skipped due to low value: 0.0 AVAX
[2025-10-11 17:02:29.215201] Transaction 0x8665f7eaad9ebac2867ceecc1da36c669e9ce328177a12bd075978b0e483d26b skipped due to low value: 0.0 AVAX
[2025-10-11 17:02:29.307204] Transaction 0x1981b9acb4568ebbb6f1aa8e19f9963fda3db37fb70142fac1b75b446fb41310 skipped due to low value: 0.0 AVAX
[2025-10-11 17:02:29.395202] Transaction 0x9214107d1744c5496321298f7c83d468a9844dae3338d57ed2f4f7e4cf0de3b1 skipped due to low value: 0.0 AVAX
[2025-10-11 17:02:29.485199] Transaction 0x2537d039bb0f4c9df29de6fac3a8c4c223569dfb033b7cbd5fb57aa5ef44f12e skipped due to low value: 0.0 AVAX
[2025-10-11 17:02:29.574914] Transaction 0xc39e05738210d88cd2b8564b634be5a06563bb6344288cf763987a10b6ee544b skipped due to low value: 0.0 AVAX
[2025-10-11 17:02:29.667880] Scanning block 70146465
[2025-10-11 17:02:31.140940] Transaction 0x853d9ba3257c70187dedc253d21d10fa8ca05dd34567e48fc6ea2b45ca7237b8 skipped due to low value: 0.0 AVAX
[2025-10-11 17:02:31.232164] Transaction 0x01e363562171c56fb28b6b3c9443471be747d0d3223043e1bdcb53f46b0dbed1 skipped due to low value: 0.0 AVAX
[2025-10-11 17:02:31.321350] Transaction 0x2ef7c3920f10a2cfa0ccd6226d22930ff5135761839dd786a56da7dadeffc322 skipped due to low value: 0.0 AVAX
[2025-10-11 17:02:31.410761] Scanning block 70146464
[2025-10-11 17:02:32.949897] Transaction 0xb4bf7593120dc3f0df56779581bf08a27f6ec6288ff0904c18f0f395aa7f407e skipped due to low value: 0.0 AVAX
[2025-10-11 17:02:33.046031] Transaction 0x2abdc192dd6c00f30717020d98327495c61e478df98c6807e16e8818624fbe93 skipped due to low value: 0.0 AVAX
[2025-10-11 17:02:33.138015] Transaction 0xfe36de1a16ca4a39de786d62bf8590a8c2fb3a1bf397cb1bba6a17be640724ea skipped due to low value: 0.0 AVAX
[2025-10-11 17:02:33.226136] Transaction 0xf3a9e507146c5c76b3dc3ff762400dc25c218b0a9d161471b4313d9593580458 skipped due to low value: 0.0 AVAX
[2025-10-11 17:02:33.315184] Transaction 0x5555f1bd76c603df61d01a4bd3ea5bc188c066ae356122e091bbf914333767c5 skipped due to low value: 0.0 AVAX
[2025-10-11 17:02:33.408796] Transaction 0xf9af0fb64731eb9b3fb015b3fa95b95c9eb523c2687222cfc44a208eebbc0f53 skipped due to low value: 0.0 AVAX
[2025-10-11 17:02:33.497277] Scanning block 70146463
[2025-10-11 17:02:35.033597] Transaction 0x681efad3f975a376d6fdf4f0ce229f9baecc78432d6a37ecfb228e6b7c58d3a2 skipped due to low value: 0.0 AVAX
[2025-10-11 17:02:35.142787] Transaction 0xc4ef5c8d9f500fdc85bf958e37502f9b02ef68cb36660a40ff9b93196c054594 skipped due to low value: 0.0 AVAX
[2025-10-11 17:02:35.252540] Transaction 0xeec743c5c98fc8dbea94040ac52c879771cbd8a09b2e8648e0304383a87e8903 skipped due to low value: 0.0 AVAX
[2025-10-11 17:02:35.361368] Transaction 0xd3e44417f152fef9eba4b6dd41c36a9ac97ead2cefbbc30c962e0aeb3b740d87 skipped due to low value: 0.11964611654894985 AVAX
[2025-10-11 17:02:35.470493] Transaction 0xc99cd84c149a2f87ba072189f241c01f8f60215fc723359e29aa50125ff80582 skipped due to low value: 0.0 AVAX
[2025-10-11 17:02:35.577490] Transaction 0x5c72170e63663a36a063e256fd7d7c313eb5a94081a419cd3ab510b9102541f0 skipped due to low value: 0.0 AVAX
[2025-10-11 17:02:35.699409] Transaction 0x29e4f811e23d7261d8512a5897148a3ef8d8f633d17ffa4448e52467f30f5e60 skipped due to low value: 0.0 AVAX
[2025-10-11 17:02:35.808413] Scanning block 70146462
[2025-10-11 17:02:37.210080] Transaction 0xec4761472a8173a73c32c092e407c744dbfc3bd8b06d9a9a06769d726ffcfd3c skipped due to low value: 0.0 AVAX
[2025-10-11 17:02:37.308670] Transaction 0x995e0b010d9c5d09d56c989e2544ce6ff1f471639f024dbd02f1560bf30fe54c skipped due to low value: 0.0 AVAX
[2025-10-11 17:02:37.401658] Transaction 0xd498f48c49019b9492c111417e98ae09ad59f19f99ccbf96ba258a32cf85a479 skipped due to low value: 0.0 AVAX
[2025-10-11 17:02:37.490661] Transaction 0x40623c75f4c897e073d307dbcc13e3c32c5e1244617199f523464881306c8c38 skipped due to low value: 21.947872592439495 AVAX
[2025-10-11 17:02:37.580658] Transaction 0x8ca45fffb8238dbfe013c94f3abee9da052892a57409aff1eb2779a0c67ac32f skipped due to low value: 0.0 AVAX
[2025-10-11 17:02:37.671659] Scanning block 70146461
[2025-10-11 17:02:39.125157] Transaction 0x86a64d65365d82c6839e0ef3a1b67dfc09a966518cd487395bf8cb99814e43e3 skipped due to low value: 0.0 AVAX
[2025-10-11 17:02:39.216709] Scanning block 70146460
[2025-10-11 17:02:40.673012] Transaction 0xee5fe51a7fbebcd9e4764b2990f6837e099fa4b19f7607e203f22d8fb87e0acd skipped due to low value: 0.0 AVAX
[2025-10-11 17:02:40.762015] Transaction 0x034fc91750dff5509fb7d188ca7da688d1dd62e8425159ec4319061a119583fa skipped due to low value: 0.0 AVAX
[2025-10-11 17:02:40.852009] Transaction 0x03c3ad5986c6c40c1974b8c7af0cf073211b4f1c26a3c0659a86c0d0a214a1f7 skipped due to low value: 0.0 AVAX
[2025-10-11 17:02:40.969021] Transaction 0x3b5fe29c5a7a747b5a3541706a0e954eaa52dd1de82e2ba6b1aeb562c67d090b skipped due to low value: 0.0 AVAX
[2025-10-11 17:02:41.059013] Transaction 0x71c6af7a003ff583aadb66a6b3f2e97835b4c3071fbf57fb498cbe8446d89114 skipped due to low value: 0.0 AVAX
[2025-10-11 17:02:41.147007] Transaction 0x0429f2fd20fdde6f1a76fa69202f61ec8d12ae08cd0a6a0bc0a964843d6be793 skipped due to low value: 0.0 AVAX
[2025-10-11 17:02:41.238011] Transaction 0x510911c8e16965bd45249e9980fdfa5ddba6587bb975dbb13f0f01c2f792f927 skipped due to low value: 0.0 AVAX
[2025-10-11 17:02:41.337010] Transaction 0x83eb3992dc47530b947fa2bace40c1b67830caea6d8c812e6490c0fdda793cb1 skipped due to low value: 0.0 AVAX
[2025-10-11 17:02:41.426011] Transaction 0xcb972f1829e79b264248ed248b3219f4fe34a46b5158bb2752d37ef616648b8f skipped due to low value: 0.0 AVAX
[2025-10-11 17:02:41.522011] Transaction 0x912e5e7d62691633e210c276d55e976c55ebbf51509e2271fb3d16b9f355bbbe skipped due to low value: 0.0 AVAX
[2025-10-11 17:02:41.613011] Transaction 0xeeb6c85fb6e71477959d955673fd9d3bc6efa689a3489c378a3d2f5a60f3d45d skipped due to low value: 0.002109845478378845 AVAX
[2025-10-11 17:02:41.701531] Scanning block 70146459
[2025-10-11 17:02:43.572387] Transaction 0x650a8807c90d34fa2e92e750134eafd8a4652afceb5592d8e416285f961db7b7 skipped due to low value: 0.0 AVAX
[2025-10-11 17:02:43.662388] Transaction 0x3369c1e7f391cbf52848be2c68777b22a5460f104cf72e162db9318dfc4e8842 skipped due to low value: 0.0 AVAX
[2025-10-11 17:02:43.751389] Transaction 0xd0067574c98abe34e820b03458ec7b05d18174840d5ba614e31c9ac12df24783 skipped due to low value: 0.0 AVAX
[2025-10-11 17:02:43.842392] Transaction 0x3f0b19d91638051747c2eb2bdd9a56a6d10d4421c0e55deafbb3e774d5bf8462 skipped due to low value: 0.0 AVAX
[2025-10-11 17:02:43.931388] Transaction 0x76a32425576bf08895c8a12d32ff9787049c3484b4217d99e8cb9740ae007a91 skipped due to low value: 0.0 AVAX
[2025-10-11 17:02:44.022390] Transaction 0x2f29419c07ae72e0fb86fed835eb9f564f689aa8907b9e4daedce5cfb78e6b8a skipped due to low value: 0.0 AVAX
[2025-10-11 17:02:44.113384] Transaction 0xc0ce3c2b3a45fcbc0a36c65ba899d3ce9991b326b179c0df43f243825a12a763 skipped due to low value: 0.0 AVAX
[2025-10-11 17:02:44.204388] Transaction 0xbfca0cd9af08bffffee4b710799f689f3f5566d0d875742f8117c34e128b27ea skipped due to low value: 0.0 AVAX
[2025-10-11 17:02:44.294384] Transaction 0x8623a14e52a0dbf181097e395fefd6eaece6c922334f54b0c46d4ab06dcfeab5 skipped due to low value: 0.0 AVAX
[2025-10-11 17:02:44.387732] Transaction 0xa1b58bd43bbdc91600f8a37a283a1fe08b66397c73f5fc10d1c7b29d11780e2a skipped due to low value: 0.0 AVAX
[2025-10-11 17:02:44.477008] Transaction 0xe34bb7720e94f1e323a80d7be3cd71bd2e43ed9e78f443dd2ed5a144af160eaf skipped due to low value: 0.0 AVAX
[2025-10-11 17:02:44.566007] Transaction 0x5fa9c4b672a587b68812992881bf803ebbbb794a7047ebe64ddbc1ff2f7a511a skipped due to low value: 0.0 AVAX
[2025-10-11 17:02:44.654011] Transaction 0xd584031872fa3a9bdfc9b71b0e36cf998b7f79956c47ac2d4dc886ce9a83ec22 skipped due to low value: 0.0 AVAX
[2025-10-11 17:02:44.747010] Transaction 0x5777964a4d5767ac0799aa5ba69a7440f1a7c6fbcc34eef7ae5c59bb818a3e6c skipped due to low value: 0.0 AVAX
[2025-10-11 17:02:44.836364] Transaction 0xd14464e3326644a419f31bdee3a79077beccc4d967ad60cb96a5c643c1b7b85b skipped due to low value: 0.0 AVAX
[2025-10-11 17:02:44.926357] Transaction 0x625254ae6ef49ed9f877736094e897bcac6713d6277ffabeed7405fdcdddbf3a skipped due to low value: 0.0 AVAX
[2025-10-11 17:02:45.015765] Transaction 0x9c5c18805a4cb72e2c7134a58a8faf4c5d31539cd17e458b3ea2373b8b50e2f2 skipped due to low value: 0.0 AVAX
[2025-10-11 17:02:45.121338] Transaction 0x3cfec305c90e2373023eba2c05d8e815a81bfdaa0d434022cb305c29a1ff62ec skipped due to low value: 0.0 AVAX
[2025-10-11 17:02:45.211503] Scanning block 70146458
[2025-10-11 17:02:47.162732] Transaction 0x9fea43cdcc7e0611bcdba493a7d654ac3c455f8b9b359617ad4bb32a8498710d skipped due to low value: 0.0 AVAX
[2025-10-11 17:02:47.270473] Transaction 0x34ac9db2b387a74151193a971648662533d878fa1484e041073b6c0bfa105b45 skipped due to low value: 0.0 AVAX
[2025-10-11 17:02:47.381570] Transaction 0x1a8da7fd33f0686f1e82c1e63ec8d4b6e33a83137f69b34e6165306a78e7684e skipped due to low value: 0.0 AVAX
[2025-10-11 17:02:47.489571] Transaction 0x9c5e64f7c22f48ae9d314027cc3e7194534d2c236361387bc204d4f3d1760c97 skipped due to low value: 0.0 AVAX
[2025-10-11 17:02:47.602569] Transaction 0xdc32cc482fd830bf3eb547e8b04511d164402db84b9a9dbb272e216eb8f28bf8 skipped due to low value: 0.0 AVAX
[2025-10-11 17:02:47.729572] Transaction 0x487d855e7b6093e4963b4b37adec37f8df1e07acbb00d99caff702d70b8867d2 skipped due to low value: 0.0 AVAX
[2025-10-11 17:02:47.837577] Transaction 0x2ccbcab471090e53a405d7171e9b0c985288cc3853d450608b41c11cc987467c skipped due to low value: 0.0 AVAX
[2025-10-11 17:02:47.949656] Transaction 0x331732954035df4518ea1f3ffd9727c2546dda3a9ec8ed4af34a7f7fde439663 skipped due to low value: 0.0 AVAX
[2025-10-11 17:02:48.079678] Transaction 0x35bd0590a0576b75418e04e53036314eae14f9bd4b59e9aafb71075536692b61 skipped due to low value: 0.0 AVAX
[2025-10-11 17:02:48.195333] Transaction 0xaaad534cf3da6713966095604ccf15849202d7b3554874c904b04b2c31947406 skipped due to low value: 0.0 AVAX
[2025-10-11 17:02:48.288923] Transaction 0xd01d35ba4e275faabb34fdcbe25977b23e3f525b5d8fa899c4f7d3bd6d9eb8d1 skipped due to low value: 0.046 AVAX
[2025-10-11 17:02:48.377926] Transaction 0xbf653434c88d5e06893731f815f2c10eb2677bfd33bf8d1bfaf93bee1c408e2f skipped due to low value: 0.0 AVAX
[2025-10-11 17:02:48.468928] Transaction 0xe3e98effc6c197ddfb54fda18ca2136d5c9752b636b2702b212892ec378f1b99 skipped due to low value: 0.0 AVAX
[2025-10-11 17:02:48.557927] Transaction 0xfbdf646fa8fdb24ea72efefe7e76bf96804966bc27c04d543800d023c2d6e27d skipped due to low value: 0.0 AVAX
[2025-10-11 17:02:48.658926] Transaction 0x8e614d460780dc2944468cae95f30a94f223715124d8c4f5c49b9c5f6f17fd9e skipped due to low value: 0.0 AVAX
[2025-10-11 17:02:48.750924] Transaction 0xbdc66351e4832b949de977a5a6f7060d0ec64284de30ccaa87b9a19d1d8151dd skipped due to low value: 0.0 AVAX
[2025-10-11 17:02:48.840923] Transaction 0xd2f2d5a12755b3f58037cc63d6678869cebf276fd2a2b6ea086b33b0fde0d913 skipped due to low value: 11.90412470278977 AVAX
[2025-10-11 17:02:48.930928] Transaction 0x8ce7c9059fdbc262c30d925f7e6f1be9d943c66aa759244a559f6edd396632de skipped due to low value: 0.0 AVAX
[2025-10-11 17:02:49.020926] Transaction 0x23e699f6dc5796fb2d07f7842c44e65f9e7a7ced319c252f524dd39ed20d0d74 skipped due to low value: 0.0 AVAX
[2025-10-11 17:02:49.112926] Transaction 0x1c07a09f51df3bc06d57679fb164eea7dca88f339edab936f6489d56d4d05852 skipped due to low value: 0.0 AVAX
[2025-10-11 17:02:49.202926] Transaction 0x6c4b8331fa004c1a41fd885497e7ffbdb78de2406ae4367572270d29cb1a1ad5 skipped due to low value: 0.002545744246909724 AVAX
[2025-10-11 17:02:49.318918] Scanning block 70146457
[2025-10-11 17:02:51.847565] Transaction 0xc95e4a089578c0d1c6dafa57bb5e02f9dcff76fa395d871e33e8ca2c8996e9eb skipped due to low value: 0.0 AVAX
[2025-10-11 17:02:52.034569] Transaction 0x38a4d9b35ceff892dfe2f957a54adbefe0de7ad13a6435f0fbff7200ea9dcd44 skipped due to low value: 0.0 AVAX
[2025-10-11 17:02:52.181571] Transaction 0x8952be042d97a49ec4cac9629e4ecb9a3b37098cd49eb0b8927fd9c1d0fc0667 skipped due to low value: 0.0 AVAX
[2025-10-11 17:02:52.317571] Transaction 0x264fbdff396cda93e0beee5522f1cc298ba4717054fc44d73bb56c753587ca8f skipped due to low value: 0.0 AVAX
[2025-10-11 17:02:52.455585] Transaction 0xf31055d30a37755771be77f0a91b70f7071bfdbf0bfc35822cf0be7ec8bf5760 skipped due to low value: 0.0 AVAX
[2025-10-11 17:02:52.612565] Transaction 0x40b4f713b77ed2942c12e64e20474918bb0fe063bb03340b07988c7acfff2fd6 skipped due to low value: 0.0 AVAX
[2025-10-11 17:02:52.748571] Transaction 0x52d1910699e12cdce08e58b199c75ed8e5b0cc70786d18125006a5a2fad6fa77 skipped due to low value: 0.0 AVAX
[2025-10-11 17:02:52.865565] Transaction 0x202452ab91614a669decc50639eed40fc63b6bf39d1a5312b2b4553be30f50dc skipped due to low value: 0.0 AVAX
[2025-10-11 17:02:53.023567] Transaction 0x2dda286a6d15df50f2fe9ef2bfce47c44b51b99aa89e71ea4f21abd489f98336 skipped due to low value: 0.0 AVAX
[2025-10-11 17:02:53.152569] Transaction 0x18d2e458356107db5ca95a65ca8233d7b978af1de6604675733b6c05ce6f2b00 skipped due to low value: 0.0 AVAX
[2025-10-11 17:02:53.276566] Transaction 0x70e29741801f9936b6e095b4f9a62a505dc17fb5522506d2b6b78cf1ef919dd5 skipped due to low value: 0.0 AVAX
[2025-10-11 17:02:53.420583] Transaction 0x87301b069303812f39c7dcc986594c19470af0e590a1994a0123ee6a97ef41ba skipped due to low value: 0.0 AVAX
[2025-10-11 17:02:53.563569] Transaction 0xa1f17f13ebd5b7ff5eb58234b4e5bc9f9b5977a2508c0f8d5242157259534f52 skipped due to low value: 0.0 AVAX
[2025-10-11 17:02:53.723567] Transaction 0x3ab5afb923edd09fe4bd624d3aacb3dce0ebb45cee6ad12958cb7178d0afabc2 skipped due to low value: 0.0 AVAX
[2025-10-11 17:02:53.843427] Transaction 0x3139720754922337d51eb0e3d4f57ad1d145c65d2bbeb271f058131ba52133d7 skipped due to low value: 0.0 AVAX
[2025-10-11 17:02:53.961430] Scanning block 70146456
[2025-10-11 17:02:55.496791] Transaction 0x4cd9fa9e047aaaef807520f419e27ba6d38dfdcc1e0287f93c11a504bb46d50e skipped due to low value: 0.0 AVAX
[2025-10-11 17:02:55.611684] Transaction 0x19f04150dd4df1389f97f6e35bcd4ee45c3bbfeeacc26dc2a4e52e22ae01072d skipped due to low value: 0.0 AVAX
[2025-10-11 17:02:55.720680] Transaction 0xecbd1d159c53b5b87d3a01952322fdf31d160debf60af4459d2b1fad8af6875f skipped due to low value: 0.010936132983377077 AVAX
[2025-10-11 17:02:55.830680] Transaction 0xd97e58b977c18e1b7097a4abec2ce758b355b2af4535679e4fb4514f303af33b skipped due to low value: 0.0 AVAX
[2025-10-11 17:02:55.941679] Transaction 0x13983ac1a3300779cbb3769e77455e2a54ea94d1313b9d125ae66ac05c9319c0 skipped due to low value: 0.0 AVAX
[2025-10-11 17:02:56.049674] Transaction 0xfab63b15311d937ccbd2d50002b0a9cbc4662f801d9a86df0f36b88e1fede455 skipped due to low value: 0.0 AVAX
[2025-10-11 17:02:56.159747] Transaction 0xbe75aa23a15b7ab6bc1528791b64eee6dfd3e6032c2d948f72baf50f77707480 skipped due to low value: 0.0 AVAX
[2025-10-11 17:02:56.269088] Scanning block 70146455
[2025-10-11 17:02:58.070529] Transaction 0xacd5d30510890939b1da36dc8b3b9f5751707af57ce8ae2139195f0fa48b87c7 skipped due to low value: 0.0 AVAX
[2025-10-11 17:02:58.183624] Transaction 0xb212fd8db0002c3b5c0a2c0db4182a96c19de8d45dbfb26feea45cc68d4fb465 skipped due to low value: 0.0 AVAX
[2025-10-11 17:02:58.296610] Transaction 0x618b2c70bab55660eaf1a210aec9d95246385291786d2fa59bae17149cd387dd skipped due to low value: 24.73323 AVAX
[2025-10-11 17:02:58.414607] Transaction 0xf99026c1d430f2255dd03c58105572dda5d4e13c1160e59160a4604505561a60 skipped due to low value: 0.0 AVAX
[2025-10-11 17:02:58.522608] Transaction 0x154a7d243fc6df003ebb0ae2727e5d36efdb07c962f255fa7d8b395459ae620d skipped due to low value: 0.0 AVAX
[2025-10-11 17:02:58.632671] Transaction 0x400e34961fe6bf6589a2736036cf93c07e3ba23416885ec2e4187fa9527f8353 skipped due to low value: 0.0 AVAX
[2025-10-11 17:02:58.740520] Transaction 0x72e9e169483c1c4b90fc79eba0f87efca45d7269fdcabe7804e82225842928d2 skipped due to low value: 0.0 AVAX
[2025-10-11 17:02:58.849523] Transaction 0x2729bfdf6eb028eed3a10e1f828a56efa0af0ab880be9ef48aee60b9e55b9db5 skipped due to low value: 0.0 AVAX
[2025-10-11 17:02:58.958523] Transaction 0x06ea858322c67881c6e642244acc1b534765b75bed071beee6d56a8335b10ff4 skipped due to low value: 0.0 AVAX
[2025-10-11 17:02:59.066523] Transaction 0xda4fd62276a958786a0fb376888ceb168af3b62b239e2adc2c8fc08361e2ab76 skipped due to low value: 0.0 AVAX
[2025-10-11 17:02:59.177524] Transaction 0x9e26589c9d0f9486283f0acf4d4d8ab266be31f9b5a96b28de91da5c608f52b8 skipped due to low value: 0.013167667726170588 AVAX
[2025-10-11 17:02:59.287521] Transaction 0x7c21305241310f2f001969f1be72fd445f62ab25a3a142ad5f6a29faa71eb662 skipped due to low value: 0.0 AVAX
[2025-10-11 17:02:59.397518] Transaction 0xb918d6fd48821460de9b02aa15d1ce5ea3ec691f2af1f8f7ebee3f4f6cfb6004 skipped due to low value: 6.949069703358e-05 AVAX
[2025-10-11 17:02:59.506521] Scanning block 70146454
[2025-10-11 17:03:01.109867] Transaction 0xda68fc2431c6d42d1ca93a59280249764363056cc42e8efdda6b703b6a37cc48 skipped due to low value: 0.0 AVAX
[2025-10-11 17:03:01.219867] Transaction 0x808407b10f9a3a4e54dfc1e25fa26f95784d53d205b8a0d8f4002502485398c1 skipped due to low value: 0.0 AVAX
[2025-10-11 17:03:01.326865] Transaction 0x390266f04597e59281c7b668082dd8e47404b9bf1193923ea9cf663c9b200dff skipped due to low value: 0.0 AVAX
[2025-10-11 17:03:01.434864] Transaction 0xf199f5c2d90c425f52cfc47a48bab222b16b5c1129c8cf5a6b8dfab9d3c42e87 skipped due to low value: 0.0 AVAX
[2025-10-11 17:03:01.544879] Transaction 0xc2e4470a066ef5ef38acfe15db8188248c53b5b9ca3fb3ab3c31eccdc7e1c7a5 skipped due to low value: 428.297570510147 AVAX
[2025-10-11 17:03:01.661676] Scanning block 70146453
[2025-10-11 17:03:03.090949] Transaction 0x5100898568b473e3d956d3bb883fdba01c89d69984e3fbfb87df8c356d43afce skipped due to low value: 2.3 AVAX
[2025-10-11 17:03:03.200944] Transaction 0x0a06445e3e517a2772bb13c1c8755eae1a4803e6045f4e4c83e6a7e705bdba73 skipped due to low value: 0.0 AVAX
[2025-10-11 17:03:03.310939] Transaction 0x50b8815a43fe95084f2ac2130b19c289d3e1d7047ec57baf65df25b44f6a7be6 skipped due to low value: 0.0 AVAX
[2025-10-11 17:03:03.418937] Transaction 0x48a66cf22134776ab0392c4d7cf55c7630fa22f5f88edc26eb43d1525580ecbb skipped due to low value: 0.0 AVAX
[2025-10-11 17:03:03.526934] Transaction 0x25b9fa219a403e972f932209993d6677800229f44ee8fe37ca67de6fe70a07d5 skipped due to low value: 0.0 AVAX
[2025-10-11 17:03:03.637933] Transaction 0xa3ddcecbd48705c085f1bf1c5ebd4ab5f64a513e28fa6d18705ebd6fc97ebc41 skipped due to low value: 0.0 AVAX
[2025-10-11 17:03:03.746933] Transaction 0x077327dfaac33c0e627d40159ca376813ae1bc80a46325c939a0c52fc267c2ca skipped due to low value: 0.0 AVAX
[2025-10-11 17:03:03.856937] Scanning block 70146452
[2025-10-11 17:03:05.374414] Transaction 0x491155bf5e5102c4e2f238a5b87eea59655f3f4701122bc0f29c7116f4724755 skipped due to low value: 0.0 AVAX
[2025-10-11 17:03:05.483463] Transaction 0xd6626bc86272456f96d61e4287808c88326cc02a372812597eab500475e1a622 skipped due to low value: 0.046 AVAX
[2025-10-11 17:03:05.592462] Transaction 0xce31c1b0a6cf11c6dcd56dc1d1fbb1d23031646d19a8b26868e4d9e48e170857 skipped due to low value: 1e-07 AVAX
[2025-10-11 17:03:05.701725] Transaction 0x1d92fbd5a109010e336d7b50b20f06d791477ac1ae8788f9d3f7a100ff6ba225 skipped due to low value: 1e-07 AVAX
[2025-10-11 17:03:05.812372] Transaction 0x79a61f6a559833613529ae956ae3fb1cc0bade4dd71945f5d08f06916cd9efc0 skipped due to low value: 1e-07 AVAX
[2025-10-11 17:03:05.923282] Transaction 0x8babfce7e2b74e7828067a71a10c06ad61b3a4f986a4b713e7e42a6668adfc24 skipped due to low value: 1e-07 AVAX
[2025-10-11 17:03:06.031250] Transaction 0xb2686ebb88b332f0544865171ad8ca50032268e05f7ea4c298b7979f8c681e61 skipped due to low value: 0.0 AVAX
[2025-10-11 17:03:06.145234] Transaction 0x78fa17d298bbf950c50c643f31911420eddfdf7304ea0b2f06c2e869380ae596 skipped due to low value: 0.0 AVAX
[2025-10-11 17:03:06.253234] Scanning block 70146451
[2025-10-11 17:03:07.750408] Transaction 0x7c5898fe870a7d9e237b1b786c6f767148a5311da7a2f49400b81a16435cefe9 skipped due to low value: 0.0 AVAX
[2025-10-11 17:03:07.861040] Transaction 0x1a254845b636ccda034ed1290085e501de353bb55fc8eea9bbd48ab0c7af02d3 skipped due to low value: 1e-07 AVAX
[2025-10-11 17:03:08.033787] Transaction 0x6a832518b8926a5d0560b7ad9027d0919dc69595d922a0546f3de4bc90a40ecd skipped due to low value: 0.0 AVAX
[2025-10-11 17:03:08.141092] Transaction 0x39ae879119e21d35c7cd5692af71d54905d410bad7cc552a693e4871d948f702 skipped due to low value: 0.0 AVAX
[2025-10-11 17:05:08.361191] AVAX whale alert module imported
[2025-10-11 17:05:08.451496] Starting AVAX whale background scanner thread...
[2025-10-11 17:05:08.542915] AVAX whale background scanner thread started successfully
[2025-10-11 17:05:11.431646] Latest block number fetched: 70146868
[2025-10-11 17:05:11.725063] Last scanned block: 70146550
[2025-10-11 17:05:11.830067] Scanning blocks from 70146868 to 70146769
2025-10-12 00:07:20,473 - INFO - Starting block scan...
[2025-10-11 17:07:41.896114] AVAX whale alert module imported
[2025-10-11 17:07:42.002873] Starting AVAX whale background scanner thread...
[2025-10-11 17:07:42.109877] AVAX whale background scanner thread started successfully
[2025-10-11 17:07:42.109877] Starting AVAX whale alert scan loop.
[2025-10-11 17:07:47.743913] Latest block number fetched: 70146982
[2025-10-11 17:07:48.097826] Last scanned block: 70146550
[2025-10-11 17:07:48.210725] Scanning blocks from 70146982 to 70146883
2025-10-12 00:09:21,538 - INFO - Starting block scan...
2025-10-12 00:09:23,638 - INFO - Latest block number: 64270800
2025-10-12 00:09:23,887 - INFO - Scanning blocks from 64270800 to 64270701
2025-10-12 00:09:26,504 - ERROR - API returned error for block 64270800: {'status': '0', 'message': 'NOTOK', 'result': 'Free API access is temporarily unavailable due to unusually high network activity. To maintain uninterrupted service, we recommend upgrading to a paid plan: https://etherscan.io/apis'}
2025-10-12 00:09:26,504 - ERROR - Error processing block 64270800: API error: Unknown error
2025-10-12 00:09:31,155 - ERROR - API returned error for block 64270798: {'status': '0', 'message': 'NOTOK', 'result': 'Free API access is temporarily unavailable due to unusually high network activity. To maintain uninterrupted service, we recommend upgrading to a paid plan: https://etherscan.io/apis'}
2025-10-12 00:09:31,156 - ERROR - Error processing block 64270798: API error: Unknown error
2025-10-12 00:09:36,480 - ERROR - API returned error for block 64270796: {'status': '0', 'message': 'NOTOK', 'result': 'Free API access is temporarily unavailable due to unusually high network activity. To maintain uninterrupted service, we recommend upgrading to a paid plan: https://etherscan.io/apis'}
2025-10-12 00:09:36,480 - ERROR - Error processing block 64270796: API error: Unknown error
2025-10-12 00:09:55,090 - ERROR - API returned error for block 64270790: {'status': '0', 'message': 'NOTOK', 'result': 'Free API access is temporarily unavailable due to unusually high network activity. To maintain uninterrupted service, we recommend upgrading to a paid plan: https://etherscan.io/apis'}
2025-10-12 00:09:55,097 - ERROR - Error processing block 64270790: API error: Unknown error
2025-10-12 00:10:05,309 - ERROR - API returned error for block 64270785: {'status': '0', 'message': 'NOTOK', 'result': 'Free API access is temporarily unavailable due to unusually high network activity. To maintain uninterrupted service, we recommend upgrading to a paid plan: https://etherscan.io/apis'}
2025-10-12 00:10:05,309 - ERROR - Error processing block 64270785: API error: Unknown error
2025-10-12 00:10:29,183 - ERROR - Error processing block 64270781: HTTPSConnectionPool(host='api.etherscan.io', port=443): Read timed out. (read timeout=10)
2025-10-12 00:10:49,497 - ERROR - API returned error for block 64270772: {'status': '0', 'message': 'NOTOK', 'result': 'Free API access is temporarily unavailable due to unusually high network activity. To maintain uninterrupted service, we recommend upgrading to a paid plan: https://etherscan.io/apis'}
2025-10-12 00:10:49,497 - ERROR - Error processing block 64270772: API error: Unknown error
2025-10-12 00:10:50,969 - ERROR - API returned error for block 64270771: {'status': '0', 'message': 'NOTOK', 'result': 'Free API access is temporarily unavailable due to unusually high network activity. To maintain uninterrupted service, we recommend upgrading to a paid plan: https://etherscan.io/apis'}
2025-10-12 00:10:50,969 - ERROR - Error processing block 64270771: API error: Unknown error
2025-10-12 00:10:59,656 - ERROR - API returned error for block 64270767: {'status': '0', 'message': 'NOTOK', 'result': 'Free API access is temporarily unavailable due to unusually high network activity. To maintain uninterrupted service, we recommend upgrading to a paid plan: https://etherscan.io/apis'}
2025-10-12 00:10:59,658 - ERROR - Error processing block 64270767: API error: Unknown error
2025-10-12 00:11:05,449 - ERROR - API returned error for block 64270764: {'status': '0', 'message': 'NOTOK', 'result': 'Free API access is temporarily unavailable due to unusually high network activity. To maintain uninterrupted service, we recommend upgrading to a paid plan: https://etherscan.io/apis'}
2025-10-12 00:11:05,449 - ERROR - Error processing block 64270764: API error: Unknown error
2025-10-12 00:11:07,146 - ERROR - API returned error for block 64270763: {'status': '0', 'message': 'NOTOK', 'result': 'Free API access is temporarily unavailable due to unusually high network activity. To maintain uninterrupted service, we recommend upgrading to a paid plan: https://etherscan.io/apis'}
2025-10-12 00:11:07,146 - ERROR - Error processing block 64270763: API error: Unknown error
2025-10-12 00:11:27,969 - ERROR - API returned error for block 64270754: {'status': '0', 'message': 'NOTOK', 'result': 'Free API access is temporarily unavailable due to unusually high network activity. To maintain uninterrupted service, we recommend upgrading to a paid plan: https://etherscan.io/apis'}
2025-10-12 00:11:27,970 - ERROR - Error processing block 64270754: API error: Unknown error
2025-10-12 00:11:38,000 - ERROR - API returned error for block 64270749: {'status': '0', 'message': 'NOTOK', 'result': 'Free API access is temporarily unavailable due to unusually high network activity. To maintain uninterrupted service, we recommend upgrading to a paid plan: https://etherscan.io/apis'}
2025-10-12 00:11:38,001 - ERROR - Error processing block 64270749: API error: Unknown error
2025-10-12 00:11:44,008 - ERROR - API returned error for block 64270746: {'status': '0', 'message': 'NOTOK', 'result': 'Free API access is temporarily unavailable due to unusually high network activity. To maintain uninterrupted service, we recommend upgrading to a paid plan: https://etherscan.io/apis'}
2025-10-12 00:11:44,010 - ERROR - Error processing block 64270746: API error: Unknown error
2025-10-12 00:11:54,015 - ERROR - API returned error for block 64270741: {'status': '0', 'message': 'NOTOK', 'result': 'Free API access is temporarily unavailable due to unusually high network activity. To maintain uninterrupted service, we recommend upgrading to a paid plan: https://etherscan.io/apis'}
2025-10-12 00:11:54,015 - ERROR - Error processing block 64270741: API error: Unknown error
2025-10-12 00:12:01,653 - ERROR - API returned error for block 64270737: {'status': '0', 'message': 'NOTOK', 'result': 'Free API access is temporarily unavailable due to unusually high network activity. To maintain uninterrupted service, we recommend upgrading to a paid plan: https://etherscan.io/apis'}
2025-10-12 00:12:01,654 - ERROR - Error processing block 64270737: API error: Unknown error
2025-10-12 00:12:12,976 - ERROR - API returned error for block 64270731: {'status': '0', 'message': 'NOTOK', 'result': 'Free API access is temporarily unavailable due to unusually high network activity. To maintain uninterrupted service, we recommend upgrading to a paid plan: https://etherscan.io/apis'}
2025-10-12 00:12:12,977 - ERROR - Error processing block 64270731: API error: Unknown error
2025-10-12 00:12:28,110 - ERROR - API returned error for block 64270724: {'status': '0', 'message': 'NOTOK', 'result': 'Free API access is temporarily unavailable due to unusually high network activity. To maintain uninterrupted service, we recommend upgrading to a paid plan: https://etherscan.io/apis'}
2025-10-12 00:12:28,110 - ERROR - Error processing block 64270724: API error: Unknown error
2025-10-12 00:12:35,315 - ERROR - API returned error for block 64270720: {'status': '0', 'message': 'NOTOK', 'result': 'Free API access is temporarily unavailable due to unusually high network activity. To maintain uninterrupted service, we recommend upgrading to a paid plan: https://etherscan.io/apis'}
2025-10-12 00:12:35,315 - ERROR - Error processing block 64270720: API error: Unknown error
2025-10-12 00:12:36,702 - ERROR - API returned error for block 64270719: {'status': '0', 'message': 'NOTOK', 'result': 'Free API access is temporarily unavailable due to unusually high network activity. To maintain uninterrupted service, we recommend upgrading to a paid plan: https://etherscan.io/apis'}
2025-10-12 00:12:36,702 - ERROR - Error processing block 64270719: API error: Unknown error
2025-10-12 00:12:52,393 - ERROR - Error processing block 64270716: HTTPSConnectionPool(host='api.etherscan.io', port=443): Read timed out.
2025-10-12 00:12:56,246 - ERROR - API returned error for block 64270714: {'status': '0', 'message': 'NOTOK', 'result': 'Free API access is temporarily unavailable due to unusually high network activity. To maintain uninterrupted service, we recommend upgrading to a paid plan: https://etherscan.io/apis'}
2025-10-12 00:12:56,246 - ERROR - Error processing block 64270714: API error: Unknown error
2025-10-12 00:13:13,606 - ERROR - API returned error for block 64270705: {'status': '0', 'message': 'NOTOK', 'result': 'Free API access is temporarily unavailable due to unusually high network activity. To maintain uninterrupted service, we recommend upgrading to a paid plan: https://etherscan.io/apis'}
2025-10-12 00:13:13,606 - ERROR - Error processing block 64270705: API error: Unknown error
2025-10-12 00:13:23,490 - INFO - Block scan completed and history updated.
[2025-10-11 17:15:50.479233] Starting AVAX whale alert scan loop.
[2025-10-11 17:15:52.000291] Latest block number fetched: 70147294
[2025-10-11 17:15:52.283329] Last scanned block: 70146982
[2025-10-11 17:15:52.386323] Scanning blocks from 70147294 to 70147195
