hash,block,from,time,to,type,value
0xdb0ef0d84818acb8b76f0efe04e10c7921928a3334f0a9217a18ae621c54a804,70499551,0x42a178633240601d3485e1f51d8b62ea58c9b5ae,2025-10-18 06:22:38,0x0d0707963952f2fba59dd06f2b425ace40b492fe,N/A,5394.945476500205
0x1558d272d5fda22bf7b177d5d4a1e6037f745d120896c906b9c630422db58c18,70499542,0x6455327f820edd69c4cd665b995e0fec679d7f9e,2025-10-18 06:22:42,0x0d0707963952f2fba59dd06f2b425ace40b492fe,N/A,5553.000016607831
0x312fc78ae14b9bdce5e21eb4d9ba0bf9b6b1611f4f5f9625ac36e6936ab13158,70499537,0x8bee7340304a051b16cecee05fb8c999db3b65ed,2025-10-18 06:22:44,0x0d0707963952f2fba59dd06f2b425ace40b492fe,N/A,6245.930029875538
0xb881d0191a0dc13e6c2ba3a4f84424ff1f52fe8a90ffbdc68e28ea0735170596,70499514,0xe78df923d0cdcdd2b8dee844b2c724367e37462d,2025-10-18 06:22:54,0x0d0707963952f2fba59dd06f2b425ace40b492fe,N/A,12454.12916678364
0x9f4fc74e0f1d6a8baa1a6638eabccb9b3c668e47bc87c92026b17bfbcbfc0865,70499689,0x1e007ab0e5467b2504d2779ad39fc091730c18b7,2025-10-18 06:28:08,0x2825ce5921538d17cc15ae00a8b24ff759c6cdae,N/A,4295.0
0x39bfef76b4fe6838420c9470a39d694b23a40d7764d267461481aef79121bef6,70501082,0x827290e45293734e4fb01bb52622b05233cb34d7,2025-10-18 07:08:17,0x69c1d9812251f5e48bc183def09d5bf85bf0db1d,N/A,3117.866110205714
0xcbf8f3a4b29613ab846536163f75d35cf663fb86332804a8a42f245e45a5956a,70501017,0x35c7415168ceb3a9e6badb1174410244dac5b226,2025-10-18 07:08:29,0x9f8c163cba728e99993abe7495f06c0a3c8ac8b9,N/A,8746.79999040718
0xf96014d6ee82d7612a4e8d6acaa32ee9ed0672c47eceebe18c75a3f747d79619,70501692,0x0a7e3e04fb45af4233a27bcf23f2c94f5babcf39,2025-10-18 07:27:11,0xeae7380dd4cef6fbd1144f49e4d1e6964258a4f4,N/A,5238.996
0xbb94e49d608709b5a04bc419b0922400d4d1b59eabb1d7d9f62e6d5f5a30ec22,70501689,0xcddc5d0ebeb71a08fff26909aa6c0d4e256b4fe1,2025-10-18 07:27:12,0x6e61c8a607da362857f3d15308d3a310ff72fd07,N/A,9646.996
0x07a4a87500b5e2800067923b6cad02f58e8e3f4eb14aba11c10a61c7d3249f33,70501686,0xd5590d09393e03311e24267912351d12982a63ac,2025-10-18 07:27:14,0x4e75e27e5aa74f0c7a9d4897dc10ef651f3a3995,N/A,3903.999968253579
0x6f66b849b80209de941906a8eb4592bd8d0a84a6532c71c7e17d673b126c7df7,70501686,0x6e61c8a607da362857f3d15308d3a310ff72fd07,2025-10-18 07:27:14,0x4e75e27e5aa74f0c7a9d4897dc10ef651f3a3995,N/A,19101.99353825358
0x565cdf095189a2760bcdb21935913d1baa36d3e628b64664c512279e2218cbb3,70501821,0x9f8c163cba728e99993abe7495f06c0a3c8ac8b9,2025-10-18 07:27:38,0xc93d1d9c02c8181b26c69561818262a4dc5cebb6,N/A,4999.995999999999
0x05f39aa4958039ee97872887c0f7318c66a5680f6f362d1094e9e2efd2ade712,70502459,0x35c7415168ceb3a9e6badb1174410244dac5b226,2025-10-18 07:44:58,0x9f8c163cba728e99993abe7495f06c0a3c8ac8b9,N/A,8189.699973841365
0xd794fdf53f47092f584c5e637079c19f273c8e9db8d39eee29f1c06991985b32,70502455,0x294125ebe0a93815a68e0165935c521275e2dc1e,2025-10-18 07:44:59,0x3c969d198e848dc5a0c07f68760a0f3c5b1719d3,N/A,15900.000000000002
0x75b4f9411d6bae58ef848b2bf7c054e238b750ddc80f16a33dd55e8c9409e148,70502820,0x3c969d198e848dc5a0c07f68760a0f3c5b1719d3,2025-10-18 07:53:52,0x9f8c163cba728e99993abe7495f06c0a3c8ac8b9,N/A,15899.997046458879
0x35adc67a439b615b524b5959105d530e1422d2f10497e4de472ac4c95afb6eae,70502927,0x978b21a854dbefcd6d51dfd269875d158046240b,2025-10-18 07:56:01,0xf8191d98ae98d2f7abdfb63a9b0b812b93c873aa,N/A,19283.0
0xe94058d2403219ec19861a5e806125f005b39fccc5e04b9bccdfddfbb7229f97,70503103,0xeae7380dd4cef6fbd1144f49e4d1e6964258a4f4,2025-10-18 08:03:18,0x9f8c163cba728e99993abe7495f06c0a3c8ac8b9,N/A,5326.995996222242
0x3454745101b041ea1d1357b9615d5d0184f20f9cb5533796c257cd46292a88f9,70503208,0x35c7415168ceb3a9e6badb1174410244dac5b226,2025-10-18 08:06:02,0x9f8c163cba728e99993abe7495f06c0a3c8ac8b9,N/A,7809.299990731065
0xd1a0cd0d841bafb780481031e69a8f8a957960a26cbef9792f5ae3cdf7330df2,70504101,0xf3f6b62940e68a49964f2556fe5094031fef642d,2025-10-18 08:28:32,0x5c0401e81bc07ca70fad469b451682c0d747ef1c,N/A,4905.999999999999
0xbd60078c075fb766ffe8fefe847fb7c57eaac70a838c5ccc39c3ad0e1e042caf,70505469,0x8af8485e1f178be06386cd3877fde20626e0284f,2025-10-18 09:06:30,0x569b9e45adfd1ebf1361f7e7571238bea1faede8,N/A,5052.25766993131
0xdf31ac17ca4a8ed2b0df6e008b2b768d4b9a2eae293b1eef23329ecc5bb53fba,70506164,0xd5590d09393e03311e24267912351d12982a63ac,2025-10-18 09:24:17,0x4e75e27e5aa74f0c7a9d4897dc10ef651f3a3995,N/A,3640.99997721085
0x37924be4b19a8522abf0d0a0b491554e45d573c59bde2dc94d34258f41ce8e6b,70506150,0x35c7415168ceb3a9e6badb1174410244dac5b226,2025-10-18 09:24:23,0x9f8c163cba728e99993abe7495f06c0a3c8ac8b9,N/A,7102.29998882018
0x2abce3ff5f3d8329854391aabcd3f2ca02992cd94bd02b96fdb8a5191470d912,70507008,0xe4c13d0024162082fd11461ca737e1ba71772c60,2025-10-18 09:47:53,0x7fa0d5e4eb04fe1445e9df161d195f213ac3730a,N/A,3951.2907
0xe08477020d04d3980ba7be21a9a54d13a4908c2b9e248d122a9b539035513c3c,70506999,0x98adef6f2ac8572ec48965509d69a8dd5e8bba9d,2025-10-18 09:48:35,0xcde5d48fca07f9c52300d2e65632dd71ed169b90,N/A,11144.944127
0xd277a32f4b3b78fd366a4bf905f3a29ba9dfd65d94bbd4ea673c29c421819460,70508436,0x4e75e27e5aa74f0c7a9d4897dc10ef651f3a3995,2025-10-18 10:28:10,0xb46a0f71fded6ceb00b1c9278e0ac7e22c242df5,N/A,19999.9703
0xe2568a873580346426ba65fa75c1bff9783589e798a15ec48a54a1ad67220ea8,70508549,0xb46a0f71fded6ceb00b1c9278e0ac7e22c242df5,2025-10-18 10:36:56,0x9f8c163cba728e99993abe7495f06c0a3c8ac8b9,N/A,19999.970288840326
0xbc367de30e0c10c9672890a542ef18103393f46cc43eee389f2abb3c99afd88c,70509016,0x35c7415168ceb3a9e6badb1174410244dac5b226,2025-10-18 10:43:34,0x9f8c163cba728e99993abe7495f06c0a3c8ac8b9,N/A,7124.099990628437
0xf15efcb13ecbc58569f47782a378e10438f6942b0084602dcdc2319b0f21d69d,70509663,0x58a1c909c5ec6cbf9c1df9ab3e9e2301ff707b6b,2025-10-18 11:05:14,0xb8e6d31e7b212b2b7250ee9c26c56cebbfbe6b23,N/A,56450.97
0xaddf9bae0f06a381e814297c949414db1688167d479ca31c06fba9671a67821e,70509663,0x58a1c909c5ec6cbf9c1df9ab3e9e2301ff707b6b,2025-10-18 11:05:14,0x17a30350771d02409046a683b18fe1c13ccfc4a8,N/A,3912.411198490964
0x2c144472e721c32f3668b6cbe75a4e5b190a7edafa4499ded9a508382bc02308,70511127,0xd170b23974c0ac399fe8cd6df5f491856f807245,2025-10-18 11:40:54,0x7fa0d5e4eb04fe1445e9df161d195f213ac3730a,N/A,4420.0
0xbfb3fd26dad9abd7b3ace7f9ad60ad947a6b24529bfc58165806334675d680a1,70511196,0x7fa0d5e4eb04fe1445e9df161d195f213ac3730a,2025-10-18 11:43:25,0xe4c13d0024162082fd11461ca737e1ba71772c60,N/A,4420.0
0x6b1b80053fc7f815dc453344c5cdfb2f6c1a40b4cdcb6c27b9f495208034c3f1,70513196,0x4e75e27e5aa74f0c7a9d4897dc10ef651f3a3995,2025-10-18 12:38:22,0xee845948e6806d12e966137caa07d49bbe632fe3,N/A,9999.970299999999
0x90405fa427562feaf1e3274ea7ed2afdddfafc2eda5903a1c5fd89961392a365,70513480,0xee845948e6806d12e966137caa07d49bbe632fe3,2025-10-18 12:44:02,0x9f8c163cba728e99993abe7495f06c0a3c8ac8b9,N/A,9999.970289593159
0x68626013407761fa3b77601532a4e68b5c657baf243ee0013c869b14bd1a2a9b,70513793,0xf3d1f34a1d3b078593d73acc284154ad499418e4,2025-10-18 12:55:10,0xa5637ad248ca3bb7a49665f2136ee72315fb39b1,N/A,5632.448605
0x732fc3377286489f3542e18b0fa0846416811228b4ed32d70bd4450a9b15c047,70514393,0x84b38bc60f3bd82640ecefa320dab2be62e2da15,2025-10-18 13:11:44,0xb39999a0f98dd2fc4f000b0920836aadc546d63c,N/A,10865.999922660536
0x850de3e16143f23dc2f5b6a5fc1e9704589227cd04884e7f3dfe164ec5d5e545,70514928,0xdc2692379ef39a8a115ccdf56080645d35d1eb20,2025-10-18 13:26:28,0x20840b20f1eee3b7b225866dc2e0d669cc2553fb,N/A,4329.99996308296
0xad27f692d2d6821996aefdc0225b769b7c1c77ab3461497444fa964a692563cc,70520482,0x261bf92970ee79aa2a837d26f4bc10c00527b5c4,2025-10-18 15:54:43,0xf3d1f34a1d3b078593d73acc284154ad499418e4,N/A,25999.9999964589
0xb88148f87b1e7ead3d8a89daa0750c60418b58f2a4b4ef23dd29c85023d1856f,70520476,0x9ec1f2b052b4534b387c73c69b3e87324c1c7b21,2025-10-18 15:54:57,0x261bf92970ee79aa2a837d26f4bc10c00527b5c4,N/A,26000.0
0xb1567b47dac6080e09a4cfc14dd920d167f06ff7a914d3560d27d88091f95d41,70520532,0x9ec1f2b052b4534b387c73c69b3e87324c1c7b21,2025-10-18 15:55:41,0x2b60d59e76c46ea6fc267d23829ae9fce7a8114e,N/A,33000.0
0x04eff6ccf30ee5685830d441a6ca006e49dc2cd41ec70bbb44bf74dac058781b,70520459,0x9ec1f2b052b4534b387c73c69b3e87324c1c7b21,2025-10-18 15:56:12,0x17de2782ebe23fd8f3232e42344079f97d04f686,N/A,31000.000000000004
0x5b1141b88378c82046dbda4fa77b75cdf210e3d7ae8cd91fe8e4275cdb81d096,70521238,0x8af8485e1f178be06386cd3877fde20626e0284f,2025-10-18 16:13:47,0xb64c27596e8be05f4920c769dce87caa9af1bc98,N/A,7538.779688504096
0xf5bcaabc5770609b8ff21f5d0ec785dfca4862897ea8b646f8b34734ea535890,70527506,0x0a7e3e04fb45af4233a27bcf23f2c94f5babcf39,2025-10-18 19:09:18,0x4d7568dd6d344dbb0f4dc916fcfb6c557f00c705,N/A,10000.0
0x5d55a476f5fb395d125e9ccba5001b538abf415b6e5ef00afedaeeaff786a8ae,70528735,0x333d17d3b42bf7930dbc6e852ca7bcf560a69003,2025-10-18 19:48:08,0x55de7d4a1f031b8e4c3c4e4b66f76ba8465748a0,N/A,7665.0
0xfc9399ab3ead5927f73b4560af2101cee2814301b18a526a03603e1e47b43f44,70529711,0x35c7415168ceb3a9e6badb1174410244dac5b226,2025-10-18 20:13:41,0x9f8c163cba728e99993abe7495f06c0a3c8ac8b9,N/A,8246.69998461748
0xe05c23488d641e07465151dfb2fa8c6f775e7376f535e2b9421388d4baa27bcb,70530976,0xe4c13d0024162082fd11461ca737e1ba71772c60,2025-10-18 20:49:33,0x611f7bf868a6212f871e89f7e44684045ddfb09d,N/A,22355.010000000002
0x4259d13085d63bd711772acf4bec945b4eac199cf62be6b3b343bf74fcc9ae2b,70530984,0x7fa0d5e4eb04fe1445e9df161d195f213ac3730a,2025-10-18 20:50:32,0xd170b23974c0ac399fe8cd6df5f491856f807245,N/A,7894.68
0x3edb7f64280d3f79e354423c3c0db7a8cf673eb9844539b4e26af21c51fecfa9,70531009,0xf3d1f34a1d3b078593d73acc284154ad499418e4,2025-10-18 20:52:31,0xb0a27099582833c0cb8c7a0565759ff145113d64,N/A,28836.29
0xdc77adaaed6493e6cce73c4294c40e1a3437b617e4d0374227665ce4f24e478a,70531009,0x53cd82901c0818deb2b58158854a7324c2d30e6d,2025-10-18 20:52:31,0xbb3c6d28def21b6297016622a57a0b05015e3ad2,N/A,4065.25
0x20a7bae851a62c540a4c4170948cf8aad93feedd7f653103d511296df9c2acc9,70530993,0x3a23152176565cf31da5446971f7edf0d97c06a9,2025-10-18 20:53:04,0x846a268268e4b561763e042b0e8e237bccf734f3,N/A,3785.98
0x24057486e71120df1b839ee8771661254ac185c8cedd40d5ec3d0300d1fca2d0,70533037,0xe401a6a38024d8f5ab88f1b08cad476ccaca45e8,2025-10-18 21:53:33,0x0a7e3e04fb45af4233a27bcf23f2c94f5babcf39,N/A,5157.043131190015
0xd2f7e04ef44140835b85da30cebde43e3c83c15c497fa9f32e9cbaf5267cc439,70534272,0xbcffa1af09db981d5c5fda3e4fafecbd35acad3d,2025-10-18 22:37:40,0xf9704cea8b11f83c63267ebb898531edde094382,N/A,14999.0
0x7e84e2ba351c5fcae640fecd3191ee046ee4198635df589e276256d0f4c0a6d0,70536089,0x0a7e3e04fb45af4233a27bcf23f2c94f5babcf39,2025-10-18 23:34:06,0x0343fca23d5b34058666842cf584cb6f53fe8892,N/A,3005.5136589999997
0x7f5fb722485c81860d97ccb867a3cd1926a90ec99161b58edb92febfd97b3198,70537611,0xb39999a0f98dd2fc4f000b0920836aadc546d63c,2025-10-19 00:19:48,0x008218e8d6514798c76e79437854b90229c71ea7,N/A,23059.482674140003
0x9e061756643a4919476575c9037ce629d274466455d4e02fc35db6b3358c94a8,70537830,0x008218e8d6514798c76e79437854b90229c71ea7,2025-10-19 00:28:36,0x58a1c909c5ec6cbf9c1df9ab3e9e2301ff707b6b,N/A,23059.482679021035
0x3969e54ada83d77e9aeb02fb83c42c505f1ac71b868281e7a1cf20ec0b98e9c6,70540131,0xa6da2a39b004ed0fc40a5374e517defdec299046,2025-10-19 01:30:45,0x3fed017ec0f5517cdf2e8a9a4156c64d74252146,N/A,4785.89
0x78ff334739ea9054acf0b84c0134f85b1859923d60d862a5b7e1a1f7405952d2,70540822,0xe4c13d0024162082fd11461ca737e1ba71772c60,2025-10-19 01:48:12,0x7fa0d5e4eb04fe1445e9df161d195f213ac3730a,N/A,3936.2119000000002
0x33399d788f90f33e12e2cae5765c6d61ff6387ca6ba8aaaa5cdbb84b047f05a4,70541104,0x569fa8c1e62feab5b93a6252ddb8c0fd29423c50,2025-10-19 01:58:35,0x2825ce5921538d17cc15ae00a8b24ff759c6cdae,N/A,4129.5
0x7ff4fd7c83126cc4ff7c4fe7459f6147040b282bd41016f1384a1092e4a261ea,70541148,0xcddc5d0ebeb71a08fff26909aa6c0d4e256b4fe1,2025-10-19 01:58:46,0xce573deed72d6ff9897a86fa39478fd6c05cfc9d,N/A,4490.19384879
0xda9e72976862568b7d0af0f345f2360b21872ba9c2d8db7b66bbfae8b66dcab5,70542649,0xf3d1f34a1d3b078593d73acc284154ad499418e4,2025-10-19 02:42:14,0xe4c13d0024162082fd11461ca737e1ba71772c60,N/A,22764.0
0x4069ddfecfeda84ca5fcdfe99ec48f70c529fb87d354a46e1fe22919f0b015f6,70545207,0x35c7415168ceb3a9e6badb1174410244dac5b226,2025-10-19 03:54:22,0x9f8c163cba728e99993abe7495f06c0a3c8ac8b9,N/A,7401.699991318429
0xcccdf3e80120ddfaf3a1e386b062f1c7ad9d566f7fbd01336ba735f8a12fa250,70545367,0x4c218629c66d5b3a440da78e70eaa15cc65a42bf,2025-10-19 03:59:07,0xf3d1f34a1d3b078593d73acc284154ad499418e4,N/A,8402.9400043205
0x003fd298452ec999896f1714f14ac49290e474b9cabe1b5aaccadf6be63d8ef0,70545356,0xa294cca691e4c83b1fc0c8d63d9a3eef0a196de1,2025-10-19 03:59:25,0x4c218629c66d5b3a440da78e70eaa15cc65a42bf,N/A,8402.94
0xf9c8cd6b06bcc0ff2d5c17e390e0cf2a4e5733fb6041b6ef4817f11e5ef2704e,70545538,0x7ccad98b1329a13ccfe0292030c0e22bdd61821c,2025-10-19 04:03:54,0x18556da13313f3532c54711497a8fedac273220e,N/A,7537.999999999999
0xa5975eed57d2e75a2bc2c27e4fbf8a7938c004e4218afdea2a5dd7c040114e46,70545486,0xa294cca691e4c83b1fc0c8d63d9a3eef0a196de1,2025-10-19 04:05:20,0x4c218629c66d5b3a440da78e70eaa15cc65a42bf,N/A,8798.16
0x2e2758a0a7fe6067e789b57ce14a9cdd714829ea4a3479eb3127dc197c5c291b,70545694,0x4c218629c66d5b3a440da78e70eaa15cc65a42bf,2025-10-19 04:08:31,0xf3d1f34a1d3b078593d73acc284154ad499418e4,N/A,8798.160004268799
0xa583546c85e8fddb23b673a798ff6fbd6e13e0dcb18d0932a741c35816999e8c,70548308,0x06a511d5354b67404e2eb8b08739b8cb13c10669,2025-10-19 05:25:00,0xe5d98d739f5b248b45caa6bc645ecf7f24f2e610,N/A,4821.083889448276
0x6a75eb9d1f63d33c4d8253f148147629b7633ab1b1b048d5a52a5ac6e8d3dc8a,70548308,0xa8861d86cb1f07e2c153450f1c9bbca5634771bf,2025-10-19 05:25:00,0x987ae19f343e2c5283c8029c60ee8ce56bed0179,N/A,4692.599889401852
0x2a796a1c5fb460e52d57f9ecab84c1bb1cfa740cd7232f6ae0112f45fb3ff621,70551437,0x0f9ef41f81b763083b29460cfb788843e7dd993c,2025-10-19 06:55:28,0x18556da13313f3532c54711497a8fedac273220e,N/A,5000.0
0xff010b0a1a6cd5399c45dd3588c734b0b681c97b9345d9b1de979f945447a067,70551397,0x0a7e3e04fb45af4233a27bcf23f2c94f5babcf39,2025-10-19 06:56:33,0xeae7380dd4cef6fbd1144f49e4d1e6964258a4f4,N/A,4480.996
0x406e6e6a56591ae90e8860f04e4a99b5264b1a3a181aee22a6ba14d7b0863c62,70552416,0x0a7e3e04fb45af4233a27bcf23f2c94f5babcf39,2025-10-19 07:21:31,0xeae7380dd4cef6fbd1144f49e4d1e6964258a4f4,N/A,5600.996
0x03c992c7ef828486460ee79382b9ce89e85e05490da67b54a162ec32752c748e,70552486,0x9f8c163cba728e99993abe7495f06c0a3c8ac8b9,2025-10-19 07:22:17,0xf8191d98ae98d2f7abdfb63a9b0b812b93c873aa,N/A,23751.0
0x47d2abab7ae814fed8c01d658cace069635ce3beace17349c7d2a9938f217782,70552761,0xeae7380dd4cef6fbd1144f49e4d1e6964258a4f4,2025-10-19 07:31:28,0x9f8c163cba728e99993abe7495f06c0a3c8ac8b9,N/A,10649.991995001494
0x4b54600e3599405c4f90084b09e314061cd9aa855f41429a96e7a59459b1f58b,70552756,0x0a7e3e04fb45af4233a27bcf23f2c94f5babcf39,2025-10-19 07:31:36,0xeae7380dd4cef6fbd1144f49e4d1e6964258a4f4,N/A,5359.995999999999
0x9f33e17ae75eaab7049a68ca45738b65f5178b5f18f88bd6a0fe93a5d1677934,70554360,0xeae7380dd4cef6fbd1144f49e4d1e6964258a4f4,2025-10-19 08:16:04,0x9f8c163cba728e99993abe7495f06c0a3c8ac8b9,N/A,5252.996004074194
0xe8f4f270ebfb81e5dd3da3a8c02c0e117ebcfbe1e21f8f35392bae49b85aefe6,70554969,0xeae7380dd4cef6fbd1144f49e4d1e6964258a4f4,2025-10-19 08:34:47,0x9f8c163cba728e99993abe7495f06c0a3c8ac8b9,N/A,5581.996002679846
0x28b6cb551beef4ba8c5b47676c22ab3a724d7892e1a7c7aee634187c7958278c,70554949,0x3bce63c6c9abf7a47f52c9a3a7950867700b0158,2025-10-19 08:35:20,0xf8191d98ae98d2f7abdfb63a9b0b812b93c873aa,N/A,20998.0
0x3274aa843e26b0381f4dcab66d57abe3e95eb103bc3b45d9b242a004010c4be7,70556381,0x0a7e3e04fb45af4233a27bcf23f2c94f5babcf39,2025-10-19 09:10:07,0xeae7380dd4cef6fbd1144f49e4d1e6964258a4f4,N/A,4710.996
0xbc80a73e1265084c14f484c23eaba498d2a2fce5f49ff0fe6f4d0babe5003317,70557376,0xb39999a0f98dd2fc4f000b0920836aadc546d63c,2025-10-19 09:38:06,0xeae7380dd4cef6fbd1144f49e4d1e6964258a4f4,N/A,3573.95
0x975f9fcba14f00c5ad04098000936b5aa846eed2f3b3abb39aaeac8e41aaabfb,70557674,0xeae7380dd4cef6fbd1144f49e4d1e6964258a4f4,2025-10-19 09:47:27,0x9f8c163cba728e99993abe7495f06c0a3c8ac8b9,N/A,3573.949992054767
0x8a829ed4eda3ade45305efbd17aa322d62598bb7a9d2fa73149da8923cd342aa,70558333,0x565f0fe9715e3cb0df579f186c299d6707887e83,2025-10-19 10:03:52,0x2b2c81e08f1af8835a78bb2a90ae924ace0ea4be,N/A,4135.918998315
0xd00f2e7c979ea07706903e78fdc4ca59deb2ede13a80e3d02ef115716c89353f,70558320,0xeae7380dd4cef6fbd1144f49e4d1e6964258a4f4,2025-10-19 10:04:18,0x9f8c163cba728e99993abe7495f06c0a3c8ac8b9,N/A,7144.949977856911
0xb4bffd377e9a059e01bdd2e94a7f7ec675f6ea2603e58da06981348864af7a7c,70558450,0x35c7415168ceb3a9e6badb1174410244dac5b226,2025-10-19 10:04:21,0x9f8c163cba728e99993abe7495f06c0a3c8ac8b9,N/A,8026.6998768706
0xe9343c4454b40107f50f728a3ef6c7b96bc9f37e40c803176a58f57807fc33b5,70561893,0xb0a27099582833c0cb8c7a0565759ff145113d64,2025-10-19 11:39:27,0xf3d1f34a1d3b078593d73acc284154ad499418e4,N/A,17139.0
0x515401e7af105a764c3f4e22032b34dad91c9159aa6ae3ec735d96bbb4e1c922,70561893,0xd170b23974c0ac399fe8cd6df5f491856f807245,2025-10-19 11:39:27,0x7fa0d5e4eb04fe1445e9df161d195f213ac3730a,N/A,3970.0
0xcc4602fa1d06d28e575c7836857005aa5287ffa9d1ac6cf83caee5a61dfe88d4,70563110,0xe4c13d0024162082fd11461ca737e1ba71772c60,2025-10-19 12:11:17,0x4c0ad502dab7aed3fd787d2332d4aca49eec77cd,N/A,9784.698219330001
0x1872974cd76969f05414aad7058249b00ed2e66b12fdfd8aa5f7505da4d3c274,70563415,0x0f9ef41f81b763083b29460cfb788843e7dd993c,2025-10-19 12:19:13,0x18556da13313f3532c54711497a8fedac273220e,N/A,8180.891506352153
0xe9c2edd7879a25cfa2020fd399a2d917785de53846403f7af462668117af8d6f,70563347,0x4c0ad502dab7aed3fd787d2332d4aca49eec77cd,2025-10-19 12:22:13,0x436f6186cd323abd8433bf1311389e561356b3b5,N/A,9784.698205631994
0x5d382b4103d70c0002e834e319d9092a31c8be34fc34e8bfd9dd1f316b515b9b,70564589,0xe4c13d0024162082fd11461ca737e1ba71772c60,2025-10-19 12:48:20,0xf3d1f34a1d3b078593d73acc284154ad499418e4,N/A,10077.0
0xe299fc9132a496692a2e9be914d0d0a43f9fa102385c362016531d99430b02d1,70565285,0x06576a2e403ab922e4965b2bf572f32a5e08a05c,2025-10-19 13:12:06,0x854f0b0a65c1a149b0a206904a72bc2d75bcbc13,N/A,11019.0
0x149af376e6c59e5ed262b554805281631b215049c402e057ca5c0809e4d52e64,70565679,0x7ff8bbf9c8ab106db589e7863fb100525f61cce5,2025-10-19 13:21:20,0xbc46e2aed3d84480f6ed49e54aa9a4360f24aaea,N/A,4999.995999999999
0x7dfe8a8f00df4a88d485460e7bed7dd0a683be214835dd759f961c20880aabb3,70566662,0xb375ace00f410b647d862080973bd931f23b74ae,2025-10-19 13:48:54,0xe91b373212f8ae32925cbcf39ab3a7b0763c27c9,N/A,3987.800252
0x35b0870e2857d99b45eff58fde6d61272f6e856a4d25fac6efce2a5de6637386,70566653,0xbe4a9010d055a73b993281a7544b0fc29d5509a3,2025-10-19 13:48:57,0xb375ace00f410b647d862080973bd931f23b74ae,N/A,5000.0
0x4b528ea5f33f111892e33c37350a84c64d0e6f6ba544972cbf839ccf0c5a2738,70566858,0x3bce63c6c9abf7a47f52c9a3a7950867700b0158,2025-10-19 13:53:55,0xf8191d98ae98d2f7abdfb63a9b0b812b93c873aa,N/A,19476.0
0x95bf378f3d8899118e99834f51f57f36e86de1b34b58e9d9511ad433ae6b6b2c,70567076,0x9f8c163cba728e99993abe7495f06c0a3c8ac8b9,2025-10-19 13:57:53,0xa7a5c7602bd8a0b156980b9c41efa781e1af208f,N/A,5961.096
0x75f673dadcebea9f0509aa28340b67eb1d0104ce0ec56a1aa7c55e94cbd2b856,70567059,0x187b2d576ba7ec2141c180a96edd0f202492f36b,2025-10-19 13:57:59,0xf9cdb2a0c371a1d31e2ef463463db70cb0c0e73b,N/A,3295.56748862
0xd580978eca2b8dcdb448eea350d2319305f26eb6d4e1d35da299fb213553bc04,70568838,0x7375b8115a3e83f86b488ef8b770ce888b1952f2,2025-10-19 14:40:49,0x8af8485e1f178be06386cd3877fde20626e0284f,N/A,8442.999959807978
0x4ba4676f1257c2de947df9cb2c7076c506acf6089bc72610a7bb03a177bef4e0,70568803,0xf8191d98ae98d2f7abdfb63a9b0b812b93c873aa,2025-10-19 14:42:03,0x7375b8115a3e83f86b488ef8b770ce888b1952f2,N/A,8443.0
0x241648998acebbc44f0ae3509eb39332d7b6002fc15d926cab2de5b03aa20288,70568757,0x0a7e3e04fb45af4233a27bcf23f2c94f5babcf39,2025-10-19 14:44:30,0xeae7380dd4cef6fbd1144f49e4d1e6964258a4f4,N/A,5131.995999999999
0xb7442647833da85418407bdffa15f67f64b02966afe30a151ddb390dbd78fc6f,70569603,0x0343fca23d5b34058666842cf584cb6f53fe8892,2025-10-19 15:09:18,0x8fb639d6a6d606f97eed82c64f87d33ad4382cd0,N/A,3002.683970892944
0x7516aed5f0e03b985da49cc235a2e75924be9b09d8c3f08e555809d79d5bf835,70575767,0x455257931ce82c3ddbbe3353eabcf0e6a6d77d1f,2025-10-19 17:46:39,0x04506cac4bd483958fdfbb75f9c126eeb502c859,N/A,4960.0773
0x47de0c66e6510c11cb55a1b8a49d913ad200bd9f2340ae443173631e38863a00,70575758,0xaba2d404c5c41da5964453a368aff2604ae80a14,2025-10-19 17:46:54,0xf8191d98ae98d2f7abdfb63a9b0b812b93c873aa,N/A,20317.0
0xba3ab2abab5d1697c1f71635828e5f39557dd07d10d217fc27eabdec90de591e,70577056,0xf202d0bd984b5f6d70d826752b93f536b82886a4,2025-10-19 18:23:35,0x45a62b090df48243f12a21897e7ed91863e2c86b,N/A,5000.0
0x9519c05ad70ffbc781f4c8aca8531d31754c9917aa6ebe96cf6818f747917986,70577000,0xf202d0bd984b5f6d70d826752b93f536b82886a4,2025-10-19 18:24:40,0x45a62b090df48243f12a21897e7ed91863e2c86b,N/A,10087.0
0xa6c7ec0b147c08bbc2a4611d88216b42bdbb9b513a2ac6534c48e381bf3d696a,70579689,0xe1a0ddeb9b5b55e489977b438764e60e314e917c,2025-10-19 19:39:18,0x6b273c741581d6117378fa432cc3dab96a9a62b2,N/A,5882.74784755243
0x473b05676150f741c300239cdc880ec3258c851ba7661d67851b62ca2be727f3,70580048,0x35c7415168ceb3a9e6badb1174410244dac5b226,2025-10-19 19:48:45,0x9f8c163cba728e99993abe7495f06c0a3c8ac8b9,N/A,7453.799992573292
0x2ed057ec37f7723175a6deb0b86493b4f5c15376c55ebdd5720794851031fe48,70580740,0xe6139e27792a2a8bce7d7cf71d38dd181079021c,2025-10-19 20:03:11,0xb5ed64077eaf2ec4ac15a05f0682db50e58fd4c9,N/A,500000.0
0x37e8ebb90215eca95bd8305949f86994dd3eaf3eb0e5f182884b20a0552b0381,70581054,0xb5ed64077eaf2ec4ac15a05f0682db50e58fd4c9,2025-10-19 20:12:23,0x3cb817b13340018870ae7b79368b795e8b444097,N/A,49999.0
0x7923db6d83c8307ee75496d8b3e6593f3b99a5162617788dbca6e4d132569e5b,70582369,0xf3d1f34a1d3b078593d73acc284154ad499418e4,2025-10-19 20:48:17,0xb0a27099582833c0cb8c7a0565759ff145113d64,N/A,46752.68000000001
0xaf382d4ae957ae69f769b8235d6f2af7c698e977991e534e44c4d5f402514309,70582357,0x3a23152176565cf31da5446971f7edf0d97c06a9,2025-10-19 20:48:21,0x846a268268e4b561763e042b0e8e237bccf734f3,N/A,4123.67
0xb790ff81a009aa9b2936ed74e714d316ac1595b8f4832421c489b1ff4c2aa241,70582343,0x7fa0d5e4eb04fe1445e9df161d195f213ac3730a,2025-10-19 20:48:27,0xd170b23974c0ac399fe8cd6df5f491856f807245,N/A,7645.06
0xbf37ce8b6a78ac21ffcbb436e3236b43d8f15add4798b5b50d91f11237e167ba,70582325,0xe4c13d0024162082fd11461ca737e1ba71772c60,2025-10-19 20:48:33,0x611f7bf868a6212f871e89f7e44684045ddfb09d,N/A,41963.83
0xc0f03ca9340870ee0a734340ddbcd294f0e28f4d3fe88693c97c5d30cf459419,70582305,0xdd4fb8d4a0871b8ecf8881f733d8a637bb4a8048,2025-10-19 20:48:42,0x18556da13313f3532c54711497a8fedac273220e,N/A,10000.0
0xf9ce9356d33eb40cf94d071bfddce768477f32c978de34f67bb6aa0f6bc987ec,70582277,0xeb06f2410c1ef96e96e27ef3655290b685c3d6e5,2025-10-19 20:48:53,0xf75584ef6673ad213a685a1b58cc0330b8ea22cf,N/A,17700.0
0x446054ebc70ae6aa0a80eaad12d238044277191a66e1bebc48687c9d393c99cd,70583684,0x35c7415168ceb3a9e6badb1174410244dac5b226,2025-10-19 21:25:00,0x9f8c163cba728e99993abe7495f06c0a3c8ac8b9,N/A,8360.79999405203
0x4ae59ed7bca8b9637db14efeeadf7760f87161ab226aaeb7aac0aa7e941f49f3,70584511,0x565f0fe9715e3cb0df579f186c299d6707887e83,2025-10-19 21:48:17,0x2b2c81e08f1af8835a78bb2a90ae924ace0ea4be,N/A,3704.848893416
0xf1ea55a2be187e502f236a2ba02557abd03b1c4f5ecf3a49397e40498715f1eb,70584935,0xeae7380dd4cef6fbd1144f49e4d1e6964258a4f4,2025-10-19 22:01:05,0x9f8c163cba728e99993abe7495f06c0a3c8ac8b9,N/A,8428.999988163248
0xec5074c856f5738297e76654be659d9bbae85118e7f7bd990f39dfc3893a6740,70586492,0x35c7415168ceb3a9e6badb1174410244dac5b226,2025-10-19 22:46:53,0x9f8c163cba728e99993abe7495f06c0a3c8ac8b9,N/A,8085.99999493375
0xd9d71eeb75fb88579c2b1174baab305926ede58e68c00099f41127ed9b695ff7,70587086,0x224279cefc21d45fcf33d9002c6863b3ad9abd52,2025-10-19 23:03:58,0x45a62b090df48243f12a21897e7ed91863e2c86b,N/A,4000.0
0x9d15f652706f4aabf6292b686585ac69621eabad10d6eaa831b27a93160e4ec4,70587061,0x224279cefc21d45fcf33d9002c6863b3ad9abd52,2025-10-19 23:04:43,0x45a62b090df48243f12a21897e7ed91863e2c86b,N/A,4500.0
0x3f4e01e30707cb1384caf43afc07fce33eb0b4a527285f70ede671da23d45b9f,70587487,0x224279cefc21d45fcf33d9002c6863b3ad9abd52,2025-10-19 23:13:28,0x45a62b090df48243f12a21897e7ed91863e2c86b,N/A,4050.0
0x5a9174880b3755e76e1d27cc8aab3487345b9cc83f8e97f1f21282b644d5ff69,70587370,0x3cb817b13340018870ae7b79368b795e8b444097,2025-10-19 23:15:01,0x33566c9d8be6cf0b23795e0d380e112be9d75836,N/A,49999.99997436553
0xeba6d77faee08dfb201cb1705f67fba0aeb7a68968f89ca0dd72774fde683cab,70588736,0x0f9ef41f81b763083b29460cfb788843e7dd993c,2025-10-19 23:49:26,0x18556da13313f3532c54711497a8fedac273220e,N/A,8000.0
0xa078127f417cf6476337aeda44dbbc282dd44d67ea284763acf7daaea332ddc2,70588686,0x8af8485e1f178be06386cd3877fde20626e0284f,2025-10-19 23:49:46,0x2b936bd0ea3d31278ceaaa1710b112cdd2bc2a15,N/A,10238.26964111979
0x6a51dd25f7931be1981f9755415fba0162629747c5b2cbd4bf61f9eb968c0deb,70589697,0xb39999a0f98dd2fc4f000b0920836aadc546d63c,2025-10-20 00:16:40,0xeae7380dd4cef6fbd1144f49e4d1e6964258a4f4,N/A,3637.95
0x2b46bbbc3fbd09ad52e12a7e140ce7f59a0b805527ba44adcf1c1acf95261c8c,70589978,0xeae7380dd4cef6fbd1144f49e4d1e6964258a4f4,2025-10-20 00:28:29,0x9f8c163cba728e99993abe7495f06c0a3c8ac8b9,N/A,3637.9500043405606
0x0f3cdd1cacb8947b662a1feac52880d12109a666ffd8c4e9944b9500774cd19c,70590835,0x0a7e3e04fb45af4233a27bcf23f2c94f5babcf39,2025-10-20 00:43:26,0xeae7380dd4cef6fbd1144f49e4d1e6964258a4f4,N/A,5276.996
0x6121936f81b0292f74f73d427919a6f58cf413df9fe46b5b577615694402b9c9,70590811,0x549d835356d92983abb76e4cae639f7857963425,2025-10-20 00:43:35,0xc333e80ef2dec2805f239e3f1e810612d294f771,N/A,7983.0
0xa5a733d2fefde63941490b4b6011ec7d50da5e24cb6c76113adf3106793ae5a0,70591135,0x9d3084d0fdabce20f1bd3271d86b0e4f630c64c7,2025-10-20 00:52:40,0xa564aa59942c30b4e10a688264d083fa9796fc04,N/A,5643.249891198048
0xefc51a9c4e262005d57f4db260cf735e5eee2150d42a243e2cbae17d8d3d9742,70591311,0x8c633dd1f5355678cb65f226d930e0e6dbccf0b5,2025-10-20 00:57:58,0x8f66c4ae756bebc49ec8b81966dd8bba9f127549,N/A,9547.64002087
0x3206d8bd157ad6cc7ee9cf74e908b5cfaf607c406b4bb8be2e4657e3119045a3,70591284,0x14604aff06c983d48b512cc953862c5acc10567f,2025-10-20 00:58:57,0x8f66c4ae756bebc49ec8b81966dd8bba9f127549,N/A,4392.31507842
0x0353fa948529db385f212198eaab7f0662d792dd9c6026e17ba9e8dd3f3680b3,70591264,0x162fcabd04814ffc778c0951e658f93efca98e31,2025-10-20 00:59:43,0x8f66c4ae756bebc49ec8b81966dd8bba9f127549,N/A,4022.97762148
0x3802faa6ecfa4e5866b3a194c62b793fc8a25e12a2685fcbc79b5ab19aaa3fc5,70591261,0x0d355e31b7667e1b095ccfa6370b85f81eecfaf0,2025-10-20 00:59:51,0x8f66c4ae756bebc49ec8b81966dd8bba9f127549,N/A,3411.306463
0x6e7137a121b1a52a73121002287a620e03bacf867beacc44ddcefb6696f8c90a,70591261,0x8e7c63d1aa87368b31a92857797a2c59c35581cc,2025-10-20 00:59:51,0x8f66c4ae756bebc49ec8b81966dd8bba9f127549,N/A,7659.97585075
0x10788b974746550e585f76970d966c1def95f3dc082a0afe03da337a8eb2bb8c,70591458,0xa564aa59942c30b4e10a688264d083fa9796fc04,2025-10-20 01:01:37,0x9f8c163cba728e99993abe7495f06c0a3c8ac8b9,N/A,5643.249848376164
0x5da699a7f783ff76f3fa3c73e0997d28af25973cd0a9760d44048e801ac9f2b8,70593460,0xa77ff0e1c52f58363a53282624c7baa5fa91687d,2025-10-20 01:55:22,0x8b6a3587676719a4fecbb24b503a3634c44a44d5,N/A,3800.0
0x435be15d0efe9c0bf23df95d91acb37b40bb6373808153b972c4c3078a29bc57,70594394,0xcddc5d0ebeb71a08fff26909aa6c0d4e256b4fe1,2025-10-20 02:14:03,0xf2ec4e03b522029e6747a9fb877a7a1b65491ba7,N/A,8621.396
0xd0e138c742036ef1f09840f1b9619186fad445f45a74f2a9be24c67f1962bf54,70594548,0x0a7e3e04fb45af4233a27bcf23f2c94f5babcf39,2025-10-20 02:22:52,0xeae7380dd4cef6fbd1144f49e4d1e6964258a4f4,N/A,5149.996
0xa25fa9091ad22893d86576edaf9abcf82b8533439915b345ae2be3b4acc12676,70596781,0xbb3c6d28def21b6297016622a57a0b05015e3ad2,2025-10-20 03:23:43,0x53cd82901c0818deb2b58158854a7324c2d30e6d,N/A,8412.0
0xe81103c1e6c3f400606ec592f062171081b2127f88b6a7f0f1c1fdf873f1ffeb,70596781,0xb0a27099582833c0cb8c7a0565759ff145113d64,2025-10-20 03:23:43,0xf3d1f34a1d3b078593d73acc284154ad499418e4,N/A,12977.0
0x405770180906189b3e588c34660d67a4fb46284f46ac16b26dc899a3ee4109b6,70596781,0xd170b23974c0ac399fe8cd6df5f491856f807245,2025-10-20 03:23:43,0x7fa0d5e4eb04fe1445e9df161d195f213ac3730a,N/A,5421.0
0x374a2a85aaa78a364eb65e10f45d71f7330cc647633938381b4169de389cef26,70596915,0xf3d1f34a1d3b078593d73acc284154ad499418e4,2025-10-20 03:26:43,0xe4c13d0024162082fd11461ca737e1ba71772c60,N/A,12977.0
0xc3dbf18addaf322e283035570786ddd9b3be40db1c744d74e64f2a1eef22787c,70596901,0x53cd82901c0818deb2b58158854a7324c2d30e6d,2025-10-20 03:26:49,0xe4c13d0024162082fd11461ca737e1ba71772c60,N/A,8412.0
0x66e0f385a12e8bb4e15979fcb85c1d07fd6d1ffb6c4ffc812b7b48b5d05c755c,70596874,0x7fa0d5e4eb04fe1445e9df161d195f213ac3730a,2025-10-20 03:27:12,0xe4c13d0024162082fd11461ca737e1ba71772c60,N/A,5421.0
0x4765b17b417e4de08e878affbef991f5098271c55feacd56542bb8c20166e12c,70596865,0x0d355e31b7667e1b095ccfa6370b85f81eecfaf0,2025-10-20 03:27:29,0x8f66c4ae756bebc49ec8b81966dd8bba9f127549,N/A,3411.31305028
0x299b7faf15768ab665d82c94ba62b96a857b838472f0c8abdbbe118498c63b75,70596843,0x14604aff06c983d48b512cc953862c5acc10567f,2025-10-20 03:28:08,0x8f66c4ae756bebc49ec8b81966dd8bba9f127549,N/A,4392.32020611
0x5a133291cbfbf73e59085a3b886aa7cab9c80b59a0aca8d658438f3cf99a32b5,70596843,0x8c633dd1f5355678cb65f226d930e0e6dbccf0b5,2025-10-20 03:28:08,0x8f66c4ae756bebc49ec8b81966dd8bba9f127549,N/A,9547.6449772
0x899906e1b9842e559dc195a3b1774e1240430a3ac4894e083bab29a10137fbe4,70596842,0xae413ea097e948fe20718bf36635430adf2cfeb1,2025-10-20 03:28:10,0x8f66c4ae756bebc49ec8b81966dd8bba9f127549,N/A,12960.58065404
0x9a387343783d9adef7f25d70ad5aabd442613f4997c7d8f50bac6f58ec87e68c,70596840,0x162fcabd04814ffc778c0951e658f93efca98e31,2025-10-20 03:28:13,0x8f66c4ae756bebc49ec8b81966dd8bba9f127549,N/A,4022.984551
0x9a6a77ad8636112e0dab28026df823154cbf6413887dc62369339e75ddd17e8b,70596839,0x8e7c63d1aa87368b31a92857797a2c59c35581cc,2025-10-20 03:28:15,0x8f66c4ae756bebc49ec8b81966dd8bba9f127549,N/A,7659.982266909999
0x576f6f006f7a7e0dd930673ee26a487fca1e215b5a502c66fe2434beb9df167a,70597175,0x8c7e4872f2613e26fb75c2d5441d9b0e6474bbba,2025-10-20 03:31:21,0x0000000000001ff3684f28c67538d4d072c22734,N/A,10000.0
0x7da79c85de64804562bc2e7289a93326a1af5c6452708ec2c7a828ee48b0262a,70597251,0x8c7e4872f2613e26fb75c2d5441d9b0e6474bbba,2025-10-20 03:35:52,0x0000000000001ff3684f28c67538d4d072c22734,N/A,10000.0
0x25e9c81fde117d3ed81e11e923aea10ed74a8ad809335a46e93c368490d2ff8a,70597232,0x8c7e4872f2613e26fb75c2d5441d9b0e6474bbba,2025-10-20 03:35:59,0x0000000000001ff3684f28c67538d4d072c22734,N/A,10000.0
0x5a13fce1f521b310ea5a5d4767ef59c78255b97a2437c95a5e457dba4984e1e3,70597466,0x8c7e4872f2613e26fb75c2d5441d9b0e6474bbba,2025-10-20 03:43:15,0x0000000000001ff3684f28c67538d4d072c22734,N/A,10000.0
0xc2ce194176b79b0abcdc8f55d8a5d0954d44adb135a50864614dfaa9b27faf5e,70597648,0x35c7415168ceb3a9e6badb1174410244dac5b226,2025-10-20 03:44:36,0x9f8c163cba728e99993abe7495f06c0a3c8ac8b9,N/A,7132.699912373428
0x151323f765fc4f59af3be6100d31643baeb8b61250468b815cb77dbee1112da9,70597631,0x827290e45293734e4fb01bb52622b05233cb34d7,2025-10-20 03:44:44,0x69c1d9812251f5e48bc183def09d5bf85bf0db1d,N/A,3499.999995935552
0x6286034cc3e2106a9732c56ce17fe47f5e5dc8065e83eef1e0039d4e83d7067f,70597552,0x8c7e4872f2613e26fb75c2d5441d9b0e6474bbba,2025-10-20 03:46:14,0x0000000000001ff3684f28c67538d4d072c22734,N/A,10000.0
0xb3a7a68140f1d5b2272946138999d3ca10f6d1a0270318a234140a2ad5aa3472,70597999,0x35c7415168ceb3a9e6badb1174410244dac5b226,2025-10-20 03:53:28,0x9f8c163cba728e99993abe7495f06c0a3c8ac8b9,N/A,8904.099963817
0xe591bad60ab7e0024543bfd3db2e465741f5f411dde8d2737cf14cd6239035a8,70597991,0x69c1d9812251f5e48bc183def09d5bf85bf0db1d,2025-10-20 03:53:32,0x9f8c163cba728e99993abe7495f06c0a3c8ac8b9,N/A,3502.9996617264223
0x31e9b9f8ca052ec242c1ada20b54bf46488d933766cdd61f6ebc9b484c05cd6e,70597985,0x8c7e4872f2613e26fb75c2d5441d9b0e6474bbba,2025-10-20 03:53:34,0x0000000000001ff3684f28c67538d4d072c22734,N/A,10000.0
0x4e0e40ab4df61348ded18e23c4327e803ca52a31acf4a54589da6cf8b1a68893,70598270,0x735574b6bc4aff3f61715e5106292100bf8c5ef9,2025-10-20 04:03:03,0xefdc8fc1145ea88e3f5698ee7b7b432f083b4246,N/A,4388.728241634773
0xcc4de7718bb6e36a79b6d4008d53ac924a8c0d281b77d0d76193bf70c0c7ff19,70598579,0x0a7e3e04fb45af4233a27bcf23f2c94f5babcf39,2025-10-20 04:08:20,0xeae7380dd4cef6fbd1144f49e4d1e6964258a4f4,N/A,5054.996
0xa3f3bff1d3ec5756fbab99b6f86eeb2f52dfd95399301f86458c678881523359,70598715,0xe4cba45fa12473fdcefdbd7ada8174d1f4a3ce8f,2025-10-20 04:11:37,0x8af8485e1f178be06386cd3877fde20626e0284f,N/A,8352.999933532863
0x6b42cb6419a52fee5f8c193ca69ac1baccdc36a99695e5f65c601b1206599baf,70598668,0x8c7e4872f2613e26fb75c2d5441d9b0e6474bbba,2025-10-20 04:11:55,0x0000000000001ff3684f28c67538d4d072c22734,N/A,10000.0
0x042908c8788b956a2cce973d4660eaaf983e0d3f19506bc73e4001abffcd935b,70598665,0x3bce63c6c9abf7a47f52c9a3a7950867700b0158,2025-10-20 04:11:56,0xe4cba45fa12473fdcefdbd7ada8174d1f4a3ce8f,N/A,8353.0
0x8e801f544d16e9f067e1a9bdb9212b21ae4f67dc06ac40192adf5d331b524ebf,70598917,0x8af8485e1f178be06386cd3877fde20626e0284f,2025-10-20 04:17:30,0x2b936bd0ea3d31278ceaaa1710b112cdd2bc2a15,N/A,7532.933813343156
0xced484fbb5bbdb0d3d0bdc9f5991a441abedca86d374df78d9f4e9ee4a5fc54f,70599969,0x35c7415168ceb3a9e6badb1174410244dac5b226,2025-10-20 04:44:53,0x9f8c163cba728e99993abe7495f06c0a3c8ac8b9,N/A,8905.399977101084
0xb1d6c19609d5a5eb516504b1c85a9195eeac08a14a2c52a6ecd2eb088270fa81,70600022,0xa5637ad248ca3bb7a49665f2136ee72315fb39b1,2025-10-20 04:49:25,0xb6b7b5f4193d00945317e3e601891ed31efd3843,N/A,7297.925770000001
0xac62ed30e9cfd8930cb876b236b2b708127e45530d3c424971d5e5352278eb5e,70600465,0xb6b7b5f4193d00945317e3e601891ed31efd3843,2025-10-20 04:57:03,0xf8191d98ae98d2f7abdfb63a9b0b812b93c873aa,N/A,7297.925770000001
0x824518f9da4419bcc6ac6741cdbc36f491b62ab28ff0065fce4c479803a78d75,70600723,0x0f9ef41f81b763083b29460cfb788843e7dd993c,2025-10-20 05:07:03,0x18556da13313f3532c54711497a8fedac273220e,N/A,11380.794096984999
0xb94897d14af9cb82c4f63289b3d5fd6eecc367a966097f34f1bdd1acad4d5624,70601154,0x35c7415168ceb3a9e6badb1174410244dac5b226,2025-10-20 05:15:27,0x9f8c163cba728e99993abe7495f06c0a3c8ac8b9,N/A,7831.2999815954245
0xdbbd858e81c12501ec2e19c02f71f96cccacf42a2fed3038f9dcdb66e58e36c1,70601579,0x35c7415168ceb3a9e6badb1174410244dac5b226,2025-10-20 05:24:13,0x9f8c163cba728e99993abe7495f06c0a3c8ac8b9,N/A,8209.499973688908
0x5687a27070aa45065b5e76adccda54f87792c371d0dea031289263175c654ac5,70602370,0x35c7415168ceb3a9e6badb1174410244dac5b226,2025-10-20 05:48:02,0x9f8c163cba728e99993abe7495f06c0a3c8ac8b9,N/A,7778.399975359226
0xe6a24f50ad97ec6316c26503f387cc233c0e208e7cef7ee9d60a18aa183127f0,70602367,0x565f0fe9715e3cb0df579f186c299d6707887e83,2025-10-20 05:48:07,0x2b2c81e08f1af8835a78bb2a90ae924ace0ea4be,N/A,6202.198749056
0x2d39e944a546917d85c259d0e6d139b43c58962f7341154429ec39927dd4ebd1,70602920,0x113a5bca83bc82a86813d0ad22fd7a5b85dbdc53,2025-10-20 06:00:04,0x2825ce5921538d17cc15ae00a8b24ff759c6cdae,N/A,3100.0
0xd2dc3cfadb39b6b265d30505086b8f542730f2aebd6dad9b145da00867a84145,70603088,0x05afc3caee85fa79275d87961ad1511323255dfc,2025-10-20 06:04:15,0x9f8c163cba728e99993abe7495f06c0a3c8ac8b9,N/A,3764.839865150839
0x06545683021573386c8e59818610c24dbd2345ddf055fd5e26abd012914466f7,70603085,0x35c7415168ceb3a9e6badb1174410244dac5b226,2025-10-20 06:04:20,0x9f8c163cba728e99993abe7495f06c0a3c8ac8b9,N/A,8047.199974474308
0xb64b1b416e2758fde394a95b415dc09653d7bd94990070c5cb1dc7ba7e6bb021,70603059,0x565f0fe9715e3cb0df579f186c299d6707887e83,2025-10-20 06:05:07,0x2b2c81e08f1af8835a78bb2a90ae924ace0ea4be,N/A,3138.1850182259996
0x7b911a4e164791514249ac12df616f7e008b82e75d3f130d537f635fd5116a69,70603359,0x11d863b98d882e16be4ba5075e5bd8ffaac6805e,2025-10-20 06:14:16,0xc0ba79ff3ce46f4b928b6817d0582116da351a09,N/A,3000.0
0x4b5ddb93135bf80bfec19f8e043e940f80f47320acbfb8b41c3f536de22b4e84,70604305,0x565f0fe9715e3cb0df579f186c299d6707887e83,2025-10-20 06:36:24,0x2b2c81e08f1af8835a78bb2a90ae924ace0ea4be,N/A,8379.833974837
0x22381fd58098fdef3ecfb8389294b667b8f2d1dd9a9da7e41fdd32e4d659d2e7,70604223,0x35c7415168ceb3a9e6badb1174410244dac5b226,2025-10-20 06:37:20,0x9f8c163cba728e99993abe7495f06c0a3c8ac8b9,N/A,8551.79997118776
0x48113cf704bb141b4fa694a111069c617934fac51b33b2af855dded1a7555e38,70604611,0x346ff41c596937d3d196a7521e52930210068f6d,2025-10-20 06:45:42,0x3e46dc12aca41a6ad357af00f5cd31c7db4ce765,N/A,10000.0
0x4604fd69e6b5af4aa1ccd3fd143657c14117c8d6b518d2e20de4f94205cd9fab,70604611,0x35c7415168ceb3a9e6badb1174410244dac5b226,2025-10-20 06:45:42,0x9f8c163cba728e99993abe7495f06c0a3c8ac8b9,N/A,8911.299978190118
0x8bdb3ebbaa11aa779b32c06474e1eb73a7acbc4c8db9f6e78dff7e90612ca0c2,70604951,0xa1f9c05b46ac95d0113b29a16d6d39626e3805ec,2025-10-20 06:54:42,0xefdc8fc1145ea88e3f5698ee7b7b432f083b4246,N/A,4533.624072525816
0x485c78bb4c104faec8ddce47fd740803fddd0a44dd0dee84aa07c8a328a2b9a9,70604951,0x06a511d5354b67404e2eb8b08739b8cb13c10669,2025-10-20 06:54:42,0xefdc8fc1145ea88e3f5698ee7b7b432f083b4246,N/A,5945.7798787912625
0xb3b4febc1e1ee21a58f4bc9b184258b3007f657c234f5061e803d8658ea35b59,70604951,0xa8861d86cb1f07e2c153450f1c9bbca5634771bf,2025-10-20 06:54:42,0xefdc8fc1145ea88e3f5698ee7b7b432f083b4246,N/A,3843.3998787912615
0x103449d4be0bfc288e36034193e61aed9bf4e041cfdb87266e51e2b8ccaedaff,70605309,0x3bce63c6c9abf7a47f52c9a3a7950867700b0158,2025-10-20 07:03:44,0x27f59b3718854b385e06f6544cd9d2ab6b530387,N/A,4999.136
0x32068133d40156981b6cbef1f03ad8294f3090528e95fef0bd757e44971b3479,70605379,0x6d8be5cdf0d7dee1f04e25fd70b001ae3b907824,2025-10-20 07:07:39,0x98adef6f2ac8572ec48965509d69a8dd5e8bba9d,N/A,4244.467693
0x26c0bd2a3be4f1ba954eeeae99cf3e53badee49f0a6b637e6f4f36e9bd6df18c,70605336,0x35c7415168ceb3a9e6badb1174410244dac5b226,2025-10-20 07:08:52,0x9f8c163cba728e99993abe7495f06c0a3c8ac8b9,N/A,8912.799973814348
0x750a7e1d7382e64a0140bbdec861ef55cc7e90d39e368cdfb4d5e7623828de5b,70606032,0x35c7415168ceb3a9e6badb1174410244dac5b226,2025-10-20 07:25:10,0x9f8c163cba728e99993abe7495f06c0a3c8ac8b9,N/A,7600.999977875975
0x5c0e0b48711f1ef2b8a122ec9e9362570a03e6b96f21e73e5728a804196a813b,70606009,0x27f59b3718854b385e06f6544cd9d2ab6b530387,2025-10-20 07:25:51,0xefdc8fc1145ea88e3f5698ee7b7b432f083b4246,N/A,4999.135887948122
0x4410572e44d44f3c00cc1c3795a48b0ca7cfdc1b9da967ea936c00059db5c567,70606009,0xa8861d86cb1f07e2c153450f1c9bbca5634771bf,2025-10-20 07:25:51,0xefdc8fc1145ea88e3f5698ee7b7b432f083b4246,N/A,4714.899887832365
0x0cbc95d423608341303e4f1f27655de13cdc7c057ce87508303c8e7780246e7a,70606658,0xbc761ee2bb6ea585d2c400751b1670d46b4a3417,2025-10-20 07:44:52,0xaf5c5f69fe15d3e338e1b12d33a23d538386b51c,N/A,24999.999999999996
0x7ab9ab7681eece6fc9312169d07c9014b7e052817c661f987608117259855f5e,70607066,0x565f0fe9715e3cb0df579f186c299d6707887e83,2025-10-20 07:58:17,0x2b2c81e08f1af8835a78bb2a90ae924ace0ea4be,N/A,4344.037532423
0x92b0cb41136591c63147e174349e4b58001c471c2aa3e26e1610cd3cb1335d8e,70607445,0xa29e963992597b21bcdcaa969d571984869c4ff5,2025-10-20 08:06:09,0xe8f6ae0ebcbbde6b695031bf247e4a892f6ae1f0,N/A,37259.0
0xcbcb2c79e91de04af62caf0f17e56a638e98dc02c8ecc43b973918e5c5bd2463,70607614,0xe8f6ae0ebcbbde6b695031bf247e4a892f6ae1f0,2025-10-20 08:12:55,0x14e51143b3a5de4b4ec392680010e170c458ecc8,N/A,37260.0
0x2ba160858427da40fdf8e6c1e29bb15f290e15d556897a79f8585a4ce07934fd,70608016,0x3bce63c6c9abf7a47f52c9a3a7950867700b0158,2025-10-20 08:21:41,0xed9b63d1d4efa9ae415854486400c9354227bcdd,N/A,28324.175621000002
0x52c3dfa75d25f8c5bb5cb2c483f1733afff036765c5a1e0b3826b5f13651b1e4,70608478,0xed9b63d1d4efa9ae415854486400c9354227bcdd,2025-10-20 08:33:36,0x88b69dfecb9f332c638d967d75c923b74ae17d20,N/A,28324.175623067757
0xac5b7c7057b3974898328a512b8c8c38568234267c5e3775a933b0565dc086b6,70608803,0xc333e80ef2dec2805f239e3f1e810612d294f771,2025-10-20 08:42:54,0x967b1859125d060df42fa32c2b47979a14a01d7d,N/A,9600.0
0x77d8f788f62c0a985b2fecd310c95421545bd14d2f9f101f80945651961f2270,70608889,0xeae7380dd4cef6fbd1144f49e4d1e6964258a4f4,2025-10-20 08:43:50,0x9f8c163cba728e99993abe7495f06c0a3c8ac8b9,N/A,5024.995982880633
0x9f081828069ce8e2a550b9ceb5d8c1b54b9cf8c81e771d01c3474bf0ae87a939,70610578,0xb624219480543c54603fb6b07d5eb347e51bffe0,2025-10-20 09:28:01,0x2b936bd0ea3d31278ceaaa1710b112cdd2bc2a15,N/A,5320.566912489799
0xcfe7d3415ab832cb93d14a383020293f387a2b25a315eded4c4360ea3885881c,70611273,0x35c7415168ceb3a9e6badb1174410244dac5b226,2025-10-20 09:44:32,0x9f8c163cba728e99993abe7495f06c0a3c8ac8b9,N/A,8338.89999306713
0x835737adb289eb70e98bdbdbc1012c43dee3e42a9fdb86297a00afc463318cbf,70611560,0x7aad7840f119f3876ee3569e488c7c4135f695fa,2025-10-20 09:50:35,0x187b2d576ba7ec2141c180a96edd0f202492f36b,N/A,5925.0
0xd024500c5265e9ae07ad7c3c67de8c3294b3b06097b261aeed56dfef14217f26,70612462,0x06a511d5354b67404e2eb8b08739b8cb13c10669,2025-10-20 10:15:01,0xefdc8fc1145ea88e3f5698ee7b7b432f083b4246,N/A,4896.1838802738475
0x88c421b543bc86d4260bf505945ca81b62fb2796dd864fe5498238808da140d0,70612462,0xa8861d86cb1f07e2c153450f1c9bbca5634771bf,2025-10-20 10:15:01,0xefdc8fc1145ea88e3f5698ee7b7b432f083b4246,N/A,4572.2998802738475
0x4f088ee9b51d3717257d91e97e0fa97796031c7542233ade2746fb249bf1361e,70612462,0xc50b87f54e57b9282b4399e886deb004a98ed14f,2025-10-20 10:15:01,0xefdc8fc1145ea88e3f5698ee7b7b432f083b4246,N/A,5164.003426581526
0xbe5a14bb243c885738138172059a1b24d296738972d6fc282ce627492b7ee5b3,70612907,0x14e51143b3a5de4b4ec392680010e170c458ecc8,2025-10-20 10:23:58,0xe6377285c58c7baa846564c246d9dbe910398779,N/A,4975.670888
0x72799687254cf518c6e0b799b2ea72c6c706c7a69f7da2bf31dedc7686afb5e3,70613624,0x83a3da6ecf48d8d743b39444f76d3dd28af1bd88,2025-10-20 10:41:04,0x14e51143b3a5de4b4ec392680010e170c458ecc8,N/A,9450.0
0xa1eb80931e6c3bd3e792fb5565156a601fc9adde19ed70cdf5f6e6d87ed05851,70614137,0x6d8be5cdf0d7dee1f04e25fd70b001ae3b907824,2025-10-20 10:53:50,0x84b38bc60f3bd82640ecefa320dab2be62e2da15,N/A,10131.999999999998
0xb6d8bbda31cacbee05c014b8ae7a90057149c69669589517949d0cf25e9f19ff,70614789,0x4c0ad502dab7aed3fd787d2332d4aca49eec77cd,2025-10-20 11:15:12,0x436f6186cd323abd8433bf1311389e561356b3b5,N/A,9650.3027061
0x80db2488e677abc7853e8d29e8efaeceb06f4289dabf3dd2bb10380b110a0927,70615188,0x9f8c163cba728e99993abe7495f06c0a3c8ac8b9,2025-10-20 11:22:57,0x978b21a854dbefcd6d51dfd269875d158046240b,N/A,161541.20934593
0x0de3f9e315a9de39382e631ccc36d7702d0456cb8d6d95f781fceb6c92cba590,70616158,0xe401a6a38024d8f5ab88f1b08cad476ccaca45e8,2025-10-20 11:47:20,0x0a7e3e04fb45af4233a27bcf23f2c94f5babcf39,N/A,5104.999376205101
0xc8c6456775412328f6a4755f4c407fa179e3cc69345808b4e20bfbe12022dc54,70616986,0x9ec1f2b052b4534b387c73c69b3e87324c1c7b21,2025-10-20 12:10:43,0x17de2782ebe23fd8f3232e42344079f97d04f686,N/A,34350.0
0xc4409416967af14effe65d43412d07303c43d98b489987ab745335596adb17ec,70616981,0x261bf92970ee79aa2a837d26f4bc10c00527b5c4,2025-10-20 12:11:09,0xf3d1f34a1d3b078593d73acc284154ad499418e4,N/A,25999.999994838
0xcc48ed3f0b47e60386fa1295a791423e4c70fda003d764ab8bf5dc29ddb312a5,70616970,0x9ec1f2b052b4534b387c73c69b3e87324c1c7b21,2025-10-20 12:11:47,0x261bf92970ee79aa2a837d26f4bc10c00527b5c4,N/A,26000.0
0x3e7e5edefd5918bf6d0a0c7fa94f6722ed7b250c3ded9c90e87a9a06e0558f6e,70616916,0x57fbd4ac60302a508e2218f0c39e9e132342ee9c,2025-10-20 12:12:43,0x14e51143b3a5de4b4ec392680010e170c458ecc8,N/A,8085.0
0x95fa3d8eb8db020c208001acb8982dc08ed18a501baffc4e5d251ac48e5dcc76,70617916,0xb39999a0f98dd2fc4f000b0920836aadc546d63c,2025-10-20 12:36:41,0xd2dd7b597fd2435b6db61ddf48544fd931e6869f,N/A,3684.35406354
0x6e373030741d8b9ffc387145b6c6d1b8062aacdaf868cc7fc2b7463627168259,70618032,0x99c5a70d57a70127065dfd811ad282dd1a646cdd,2025-10-20 12:39:29,0x28cc933fecf280e720299b1258e8680355d8841f,N/A,3944.58
0xb0d9faac3ddcabcce312b4d27d21776cda95d85c7d9a6ab303cf92dfa7a5a1c8,70618395,0x14e51143b3a5de4b4ec392680010e170c458ecc8,2025-10-20 12:47:59,0xa843e9ff8631b655ce9c02948a0339cf3d852e06,N/A,43170.79707
0xee1e96456d02d1ea55bc5f51c769442192acacd20dbcd68217ba5100a14c2e0b,70618754,0xf8191d98ae98d2f7abdfb63a9b0b812b93c873aa,2025-10-20 12:57:17,0xeae7380dd4cef6fbd1144f49e4d1e6964258a4f4,N/A,22983.0
0x2ed70a77695af5952b755aa105374724718c072c3de9c2d633acb9f29dd783a1,70618725,0xaba2d404c5c41da5964453a368aff2604ae80a14,2025-10-20 12:57:30,0xe401a6a38024d8f5ab88f1b08cad476ccaca45e8,N/A,5103.0
0x8eb314fba929efda5fbf1bfa02428243f2f072b5f8131c3253fdad31a94a01b7,70618707,0x3bce63c6c9abf7a47f52c9a3a7950867700b0158,2025-10-20 12:57:36,0x98adef6f2ac8572ec48965509d69a8dd5e8bba9d,N/A,3919.1760109999996
0x80f455e31766023502cefc6e740cbd0a6243774e75d4b0a8c4e884afea1d75d2,70619292,0x9239637a3d34062503520212ac5a2e4d39c9c898,2025-10-20 13:13:01,0xf8191d98ae98d2f7abdfb63a9b0b812b93c873aa,N/A,7976.27
0xfe62678e4532bd8f402c1eacf085116165cc256c2ceb4ed03f2eb07269369e01,70619174,0xe401a6a38024d8f5ab88f1b08cad476ccaca45e8,2025-10-20 13:13:45,0x0a7e3e04fb45af4233a27bcf23f2c94f5babcf39,N/A,5102.999361479456
0x24a69971b354ad72381766f1924ba542c8c8a274834efeb7a5f3193f1aee6333,70619721,0xdc2692379ef39a8a115ccdf56080645d35d1eb20,2025-10-20 13:24:43,0x20840b20f1eee3b7b225866dc2e0d669cc2553fb,N/A,4355.99996788532
0x62e11997eb9d7cfe84cf339733fa77dd0c89c0de622cf3f94f718b89a77813ab,70620452,0x978b21a854dbefcd6d51dfd269875d158046240b,2025-10-20 13:43:05,0xe401a6a38024d8f5ab88f1b08cad476ccaca45e8,N/A,4332.0
0x85a19492dba560955bd8ee3b6ba1a4ee20aef6b8c64a6c8adfa31b80b972c190,70620694,0xe401a6a38024d8f5ab88f1b08cad476ccaca45e8,2025-10-20 13:52:41,0x0a7e3e04fb45af4233a27bcf23f2c94f5babcf39,N/A,4331.999358297191
0x70c8637e80096382ec3bcfbf47330ea62d2f97fe04d8a5382f60c82be158662a,70621083,0xe331495b69380dcb4be9a257c4ec012a12ef7102,2025-10-20 14:01:46,0xb4315e873dbcf96ffd0acd8ea43f689d8c20fb30,N/A,99999.99999999999
0xb07d1ede49fcf3a65a56cb9b5d74d86ccd08cfa5dd5a55520e323955a64f55cb,70621813,0xa8861d86cb1f07e2c153450f1c9bbca5634771bf,2025-10-20 14:20:39,0xefdc8fc1145ea88e3f5698ee7b7b432f083b4246,N/A,4408.09985717024
0x5dd57453e3a3d15688b307fa94418b53f0039609bc43ddc10edf700eebce291a,70621813,0x06a511d5354b67404e2eb8b08739b8cb13c10669,2025-10-20 14:20:39,0xefdc8fc1145ea88e3f5698ee7b7b432f083b4246,N/A,8102.26705717024
0x66beef757c4243dd1693ea6202d1805031a210819b1b581feec46703298446b4,70622224,0xb334a61a6209f14b5fa5f1684a4ed7621f66e1ef,2025-10-20 14:35:47,0x76ec5a0d3632b2133d9f1980903305b62678fbd3,N/A,13229.07318508
0x65233f7513effc51f05d3f380ffcff01aa02a0ca3f0593badda155808975f30b,70623124,0x6d8be5cdf0d7dee1f04e25fd70b001ae3b907824,2025-10-20 14:56:53,0x8c58731723b1bd0e5d57b5cf2caae9ed0e05677a,N/A,6997.87647783
0xa5eda113cfceb151c0e788c50053b1bac36a0d7cb1d31b0278c94ee324040233,70623045,0x3040a1304d94fa2be047fdbed9b6a682f76d9eef,2025-10-20 14:57:25,0xd4a2bb3554095d76eb12c34e61e898e4ceae775e,N/A,20000.0
0xf3b1a688e8418d95f87c782b08a0f2800fdb6e210c146720fea240005db030c7,70623021,0x35c7415168ceb3a9e6badb1174410244dac5b226,2025-10-20 14:58:48,0x9f8c163cba728e99993abe7495f06c0a3c8ac8b9,N/A,8221.399979532765
0x11a7209c907e637f7cbddff81f3f728ce75c433c1a34c7bf4ce3f2330c73f1b1,70623373,0x7ab6c736baf1dac266aab43884d82974a9adcccf,2025-10-20 15:12:35,0xdda4260741da3b248db93d47c825e1680878fbf9,N/A,11630.0
0x7e46a07834e4d03e62c58da684d10911af039c5e3915158e30c183886f559178,70623526,0x3bce63c6c9abf7a47f52c9a3a7950867700b0158,2025-10-20 15:15:02,0x22fea5333872736112a6eaecceffbae29afe6897,N/A,9144.67217
0xd8f15ed7a38a6e15453f1d38067257b40b0b9c0f39160c1298f460a7cdb83168,70624186,0xdc2692379ef39a8a115ccdf56080645d35d1eb20,2025-10-20 15:25:18,0x20840b20f1eee3b7b225866dc2e0d669cc2553fb,N/A,3527.9999646616848
0xb96d4c32b31743e9dda570669e94fedff546c4742295dfc549a5840e5374fc57,70625299,0x0d0707963952f2fba59dd06f2b425ace40b492fe,2025-10-20 15:52:34,0xfc0b375dd3a119d90fcfef97a4fe9759ef0e5ba9,N/A,4347.90757
0xb4db5988e5ba09e571260c774fceb2a528f8ba83bad2665ced1cfb2b6228eef4,70625524,0xb39999a0f98dd2fc4f000b0920836aadc546d63c,2025-10-20 15:59:32,0xfd9238dcd679316c6a95c08490e049fcaa9c979e,N/A,3852.9999999999995
0xcb608803c91bcf1f69e1f07f429128ee59581c369658fd21cbfa53ef9ebf2ad2,70626373,0x7aad7840f119f3876ee3569e488c7c4135f695fa,2025-10-20 16:19:31,0x187b2d576ba7ec2141c180a96edd0f202492f36b,N/A,9600.0
0x91c0133d8e5f478a686fe2708d858e2bf949f083ff702aa329973ba0bce9776a,70626300,0xc333e80ef2dec2805f239e3f1e810612d294f771,2025-10-20 16:20:04,0x73b2410f3bb12271bbaeeb6721e0235a4d4460dc,N/A,9000.7713
0x8650e101cae54ef0f7160d97fd95d1194a5aadc68ae86ed372bb05742db78cf0,70626510,0xc333e80ef2dec2805f239e3f1e810612d294f771,2025-10-20 16:23:14,0x66e092fd00c4e4eb5bd20f5392c1902d738ae7bc,N/A,10000.0
0x223bf331c058a220cd67da973b82a7f976305963ea12aecd48a1190be61201f9,70626520,0x1249f685075fdd30fa548461837fedb12437acef,2025-10-20 16:25:10,0x9f8c163cba728e99993abe7495f06c0a3c8ac8b9,N/A,3002.7430122090836
0x0d6ffc3b41c277ecf7f358c9391d8da9092bb3e5e6bf4c4839c92c2b908652b0,70627016,0x9f8c163cba728e99993abe7495f06c0a3c8ac8b9,2025-10-20 16:41:09,0xf2ec4e03b522029e6747a9fb877a7a1b65491ba7,N/A,8169.295999999999
0x2997d38a3c46d1030673e64b79bf6a5722e685b8e6b6e3ab6bb22b09cad8e82b,70627558,0xe331495b69380dcb4be9a257c4ec012a12ef7102,2025-10-20 16:53:57,0xb4315e873dbcf96ffd0acd8ea43f689d8c20fb30,N/A,150000.0
0xa17881bf5f33b52eb7f4ed9247072f3a26106cbc57ae1db9198c8fd00206d520,70627490,0x67a6486788f4afe912bba563ed1ce00417f36d48,2025-10-20 16:55:16,0xb949eefc379f567bcc0b09af0b24d4052e553c2b,N/A,3000.0
0x9c9e7ed8d928b278253ef89338c9e536057229035bcd29724a62d10c8763a136,70628481,0xd292d31db4ef3b6f914fe86c51afd0fcc4a142c1,2025-10-20 17:14:13,0xd78ded803b28a5a9c860c2cc7a4d84f611aa4ef8,N/A,30002.0
0x6077a3cc8f3b0b5e074ccf22797ea06af54751ed658d495aebd94379a9e06030,70628467,0x27bffb0f09c18539f9a47a39958bb149fe42a155,2025-10-20 17:14:18,0x9f8c163cba728e99993abe7495f06c0a3c8ac8b9,N/A,4801.299970251758
0x0fa454a9bb3a1e6d1f7bac505422488c9efabbe20d2bbb10b1a80fe290fa15d1,70628526,0xcddc5d0ebeb71a08fff26909aa6c0d4e256b4fe1,2025-10-20 17:16:00,0x549c82a1fe64a444a9d93f59ae2538d937bd8c66,N/A,6941.0
0xe0f56cea0327e2eff4c92d6106eca54cd689a1cd8d49ea069f1bfbf36a32bf30,70628833,0x27bffb0f09c18539f9a47a39958bb149fe42a155,2025-10-20 17:23:25,0x9f8c163cba728e99993abe7495f06c0a3c8ac8b9,N/A,3654.7399721568477
0xa39d1e8df37f4c142325844e7d9623389e8f49efde234af886f5acd61dfa3605,70629722,0x6d8be5cdf0d7dee1f04e25fd70b001ae3b907824,2025-10-20 17:52:45,0x2d880ccc788aaa6dbdeaad3b585f8c533c6be54c,N/A,16971.996
0xcd3c31172edd741a1727eb258fc6417080e89c1a07568c2fdc5486d409152d65,70630338,0x6d8be5cdf0d7dee1f04e25fd70b001ae3b907824,2025-10-20 18:08:41,0xe401a6a38024d8f5ab88f1b08cad476ccaca45e8,N/A,4387.0
0xf68a073e7684e3371c223d83857257d25f4afd929f1d406f285570652ff25e5c,70630724,0x8af8485e1f178be06386cd3877fde20626e0284f,2025-10-20 18:15:11,0x2b936bd0ea3d31278ceaaa1710b112cdd2bc2a15,N/A,24245.369786603376
0x4348f5184d7907c1ac625dadca36324fe9590d75f9e26c07881cc0150a235312,70630696,0x4a4e859565d9b563afc8e63641542455cff0dfd2,2025-10-20 18:15:57,0x9b0c45d46d386cedd98873168c36efd0dcba8d46,N/A,4004.58
0x1f0522285d1dde1504cb484cb1c8d32f23a87a64c9755f9988147dfb1fe37fd2,70630687,0x8af8485e1f178be06386cd3877fde20626e0284f,2025-10-20 18:16:12,0x9b0c45d46d386cedd98873168c36efd0dcba8d46,N/A,5484.15
0xce5eb4a2bc2293f64f76e2adefe764cbc08409e6ec996ec789f450f95748a292,70631044,0xeae7380dd4cef6fbd1144f49e4d1e6964258a4f4,2025-10-20 18:26:22,0x9f8c163cba728e99993abe7495f06c0a3c8ac8b9,N/A,9354.99996353502
0xa42af44d2484cb80fdf3f7f1e06e5c26cc788a4ff8018523f050899e5f8ea8ff,70631390,0x8af8485e1f178be06386cd3877fde20626e0284f,2025-10-20 18:33:22,0x2b936bd0ea3d31278ceaaa1710b112cdd2bc2a15,N/A,6026.306968951141
0xf4a25a95c006b4f9561651e26981fa994d2373248d3af27b5cfdfcd07d279af4,70632079,0x58a1c909c5ec6cbf9c1df9ab3e9e2301ff707b6b,2025-10-20 18:51:29,0xeae7380dd4cef6fbd1144f49e4d1e6964258a4f4,N/A,4831.9715
0x56055c221d332c211ba3020d1c945acc8ce7b12eab6ea3968bf67db43595b562,70632176,0xeae7380dd4cef6fbd1144f49e4d1e6964258a4f4,2025-10-20 18:53:33,0x9f8c163cba728e99993abe7495f06c0a3c8ac8b9,N/A,4831.971473839496
0x81caa07a7a25a9dbecf9a759b67dd3cedabcc89ed0523624482182d003afd09a,70633188,0xb334a61a6209f14b5fa5f1684a4ed7621f66e1ef,2025-10-20 19:21:25,0x06fd4ba7973a0d39a91734bbc35bc2bcaa99e3b0,N/A,3923.894303
0x8a22c2a90a505152c8986b1eae71e7692f374e191c3edd399ca27a3ddadd35b7,70633853,0xc73df1e68fc203f6e4b6270240d6f82a850e8d38,2025-10-20 19:35:47,0x3fed017ec0f5517cdf2e8a9a4156c64d74252146,N/A,6597.27
0xa9e2b8f770a64cabae4bb6fd944b15c08a0f36172b79b006235c51a37ef8acf4,70633811,0xc73df1e68fc203f6e4b6270240d6f82a850e8d38,2025-10-20 19:36:52,0x6131b5fae19ea4f9d964eac0408e4408b66337b5,N/A,5000.0
0x312c407f002a437c386c42f279afbca4cc89b06dfcd76b2796c59822cdaf68b4,70633946,0x978b21a854dbefcd6d51dfd269875d158046240b,2025-10-20 19:39:34,0xf8191d98ae98d2f7abdfb63a9b0b812b93c873aa,N/A,28990.0
0x883d4edba588c332eed41d331ef457779f19b47c1728ed880fc53c15c6c4987d,70634217,0xeae7380dd4cef6fbd1144f49e4d1e6964258a4f4,2025-10-20 19:44:55,0x9f8c163cba728e99993abe7495f06c0a3c8ac8b9,N/A,31694.999968437747
0xe96add7d5d4ed61076268790befd44106404b12f4b275e5c44747b5cf55e6d0f,70634628,0xe4c13d0024162082fd11461ca737e1ba71772c60,2025-10-20 19:53:25,0xad6eaa735d9df3d7696fd03984379dae02ed8862,N/A,7334.993600000001
0x40be22d27e5963d12046ce02a2cf54afd2377d3822da4dca20a700a2c4f20016,70635287,0xc333e80ef2dec2805f239e3f1e810612d294f771,2025-10-20 20:12:28,0xa29e963992597b21bcdcaa969d571984869c4ff5,N/A,10000.0
0xbd234a78f85e807dfe9be784fd0233a761d2010b490145be10f473e5ae3619f0,70635395,0xa29e963992597b21bcdcaa969d571984869c4ff5,2025-10-20 20:16:18,0x9b0c45d46d386cedd98873168c36efd0dcba8d46,N/A,11159.6
0x3ac394b3055ded97a5a09d3c7b159f36c54905b9a71ec571a9ae981580492952,70635873,0x1d67bd4503ad0639beeb843890a6a90bd74e6ed1,2025-10-20 20:24:55,0x6efd65337f0db7c20a2482686adb25480664f1b2,N/A,13282.678961
0x9465f90e1a3fca4e021cf14b8e64e0c445bb5b6ea111f1cb3f6133ca8fd3f30c,70635868,0x31f4f532ae236000630a3a2de9ac0c15c5fe0b67,2025-10-20 20:24:57,0x1d67bd4503ad0639beeb843890a6a90bd74e6ed1,N/A,198082.77588465172
0x13a611d33f2cbefd901f216ce16cb8a7089310b6b96c3968c470c8e0831db84b,70636050,0x1d67bd4503ad0639beeb843890a6a90bd74e6ed1,2025-10-20 20:32:55,0xcfbc8a11bf692eecb7cba468ef8041977d9ec55e,N/A,58283.33324970655
0x9e98b0120d6463d4dd0163db6525b5149e0c4ba689f736f82b26c8ec3c966421,70636042,0x1d67bd4503ad0639beeb843890a6a90bd74e6ed1,2025-10-20 20:33:08,0xcfbc8a11bf692eecb7cba468ef8041977d9ec55e,N/A,58283.33324970655
0xda1f244200fc5c00d7a9b3c09b05faa326b04729f6225e745d1b4ce6cc24d4a2,70636037,0x1d67bd4503ad0639beeb843890a6a90bd74e6ed1,2025-10-20 20:33:18,0xcac0f30cf778be1cdd1edf0c5c8f956cf1a7f37c,N/A,43255.047901261205
0x954eb1c7f314262fd25532f4b804cbd618db4e860089f9cd0b9de2441bba2987,70636026,0x1d67bd4503ad0639beeb843890a6a90bd74e6ed1,2025-10-20 20:33:36,0xcfbc8a11bf692eecb7cba468ef8041977d9ec55e,N/A,7774.578645090999
0x738da46b67ca0d5f5cfdd149835761f14db4d04b15aac605eb6efc5772408be7,70636244,0x8af8485e1f178be06386cd3877fde20626e0284f,2025-10-20 20:33:54,0xfd9238dcd679316c6a95c08490e049fcaa9c979e,N/A,9875.999999999998
0x317606e579e627369a7cf4bbdfd0b7df553d92495a38353ca798d73ce4c6fe41,70636526,0x978b21a854dbefcd6d51dfd269875d158046240b,2025-10-20 20:43:22,0xd2c4470ea92cab643aba9c6834895066d4a871cb,N/A,7999.995999999999
0x286171cb4a8d3a0c3f81308ccb194dc81522b90a392f6d30b0fba1ed30422aef,70636827,0xf3d1f34a1d3b078593d73acc284154ad499418e4,2025-10-20 20:49:09,0xb0a27099582833c0cb8c7a0565759ff145113d64,N/A,48234.17
0x9195bea9351b737819dcdc571abfe1af7d7177ddda9d2c4d499d876aaff5e782,70636812,0x7fa0d5e4eb04fe1445e9df161d195f213ac3730a,2025-10-20 20:49:56,0xd170b23974c0ac399fe8cd6df5f491856f807245,N/A,7485.070000000001
0x63ee4ba69f794a473c121bc81dcc940ba840a1b94f699015b95073d89fd7b8cb,70636935,0xd2c4470ea92cab643aba9c6834895066d4a871cb,2025-10-20 20:52:10,0xffb3118124cdaebd9095fa9a479895042018cac2,N/A,7999.995895
0xb8e8b1e76ead64ffdc506369debd946f42e733dd52d361d5c3cbde84975c45c1,70637238,0x187b2d576ba7ec2141c180a96edd0f202492f36b,2025-10-20 20:58:30,0x841ed663f2636863d40be4ee76243377dff13a34,N/A,22279.1205
0x4c0db69f0023263de592524be2a678c4f2de0495c7caa92fa3b2c5ab23131211,70637217,0x7aad7840f119f3876ee3569e488c7c4135f695fa,2025-10-20 20:59:02,0x187b2d576ba7ec2141c180a96edd0f202492f36b,N/A,9500.000000000002
0xe1e57b5455304101f8825965b5e8694b086fef7ad224035d054e392093a3830a,70639771,0x9b0c45d46d386cedd98873168c36efd0dcba8d46,2025-10-20 22:05:02,0x526573bb2d241d6ce5a34b08a615b66c63d2d8d0,N/A,3877.35
0xc4e0704ab9f15a5b7ce1198c57281d77396c09e87a20f3117f7a76f826dbf62e,70639746,0xc73df1e68fc203f6e4b6270240d6f82a850e8d38,2025-10-20 22:05:12,0x3fed017ec0f5517cdf2e8a9a4156c64d74252146,N/A,3763.46
0xc699a84f1d119ad999396ef50586429bc32df43991c69c56f3ce11956ffb2cbd,70641902,0xa8861d86cb1f07e2c153450f1c9bbca5634771bf,2025-10-20 22:59:48,0xefdc8fc1145ea88e3f5698ee7b7b432f083b4246,N/A,6996.299889104141
0x5998a1763359cbe3bc752aa0f5ed74510de534190ec8f9a470cc56e5d7155091,70641900,0x06a511d5354b67404e2eb8b08739b8cb13c10669,2025-10-20 22:59:48,0xefdc8fc1145ea88e3f5698ee7b7b432f083b4246,N/A,5572.277489104141
0xec2978e86377023fa93c0a9b755143ce257435fd0f96c58370f1f46268cfc615,70641900,0xa1f9c05b46ac95d0113b29a16d6d39626e3805ec,2025-10-20 22:59:48,0xefdc8fc1145ea88e3f5698ee7b7b432f083b4246,N/A,4601.305737414141
0x27536be240a6de35c4a120849a79bea10482ce2357545734f0f1edd94d840f80,70641882,0xddf6f217951a1e484ee6b04d621c861bf38d0656,2025-10-20 22:59:56,0x2825ce5921538d17cc15ae00a8b24ff759c6cdae,N/A,5240.0
0x459353d14ed8236b4a92178fd42f750a767527109db63ead3ff69306dca4fddd,70643144,0x4c218629c66d5b3a440da78e70eaa15cc65a42bf,2025-10-20 23:37:59,0xf3d1f34a1d3b078593d73acc284154ad499418e4,N/A,3412.5100040738
0xe66225a34663c6a0f6dd040bbd39a5ce57001d33092459522840454cbb8cf9db,70643128,0xa294cca691e4c83b1fc0c8d63d9a3eef0a196de1,2025-10-20 23:38:26,0x4c218629c66d5b3a440da78e70eaa15cc65a42bf,N/A,3412.5099999999998
0xf0fe050171f027b4c174afe7f8b1eb9ab0db3743c90280fc3e48381c9af33299,70644825,0xc333e80ef2dec2805f239e3f1e810612d294f771,2025-10-21 00:22:40,0xcdd78014e1dccd73795d8ec863e7516ddb33db7c,N/A,14867.999999999998
0x997e13c9a1f843901c4f453d8745373901b3aa16f8ccd324044e86a1b097fdac,70644810,0xf835925589ac11df66690b3aa343de649f38cd83,2025-10-21 00:23:03,0x5c0401e81bc07ca70fad469b451682c0d747ef1c,N/A,5905.999999999999
0x2fdc5c80742cd43f587074738caa9eea06be146cb1512a969e18347b11018248,70647099,0x9f8c163cba728e99993abe7495f06c0a3c8ac8b9,2025-10-21 01:24:37,0x6d8be5cdf0d7dee1f04e25fd70b001ae3b907824,N/A,161943.80828718
0xc6aaeaced781be29a616206c3918ed9caecb1e5a5d3784a51326a937bb9bccba,70647463,0x5d531ede576cbee77e764a0bfa3aac728a42fcda,2025-10-21 01:32:18,0x45a62b090df48243f12a21897e7ed91863e2c86b,N/A,9160.0
0x129bf69ade07eaff1cf38f2eee678293a0eca6b5c4cc58c6a4677e769faa9eb8,70648082,0xe4c13d0024162082fd11461ca737e1ba71772c60,2025-10-21 01:53:16,0x7fa0d5e4eb04fe1445e9df161d195f213ac3730a,N/A,3797.3952999999997
0xece7cb1be54f01ee341eb657aed843b623388f6312f6e7f861455367f31844ca,70649845,0x565f0fe9715e3cb0df579f186c299d6707887e83,2025-10-21 02:38:52,0x2b2c81e08f1af8835a78bb2a90ae924ace0ea4be,N/A,4705.508621968
0xe97dd1a0dfec4035649d24e3504f3655c7a8fb6ee2063e4d935b54213b5e1d84,70650191,0xef2016265905ec52de31d98875e7f16f19024d21,2025-10-21 02:47:42,0x9f8c163cba728e99993abe7495f06c0a3c8ac8b9,N/A,39999.99997041203
0xa6fe065d42214a1757183713c63ea587347ffc92edaa02e982e046de378f4b1d,70650936,0x1d67bd4503ad0639beeb843890a6a90bd74e6ed1,2025-10-21 03:04:10,0xc2ca1b719d86eb9e34d27a9e356a59f88b14e5bc,N/A,58724.367604680134
0x1da4616d73ee79a6929701785c4d0db99656db321686e685277f71e54cc3e26f,70650929,0x1d67bd4503ad0639beeb843890a6a90bd74e6ed1,2025-10-21 03:04:20,0xc2ca1b719d86eb9e34d27a9e356a59f88b14e5bc,N/A,58724.367604680134
0x845ae6f032bed13b17aa60fa8b6c22f232a7108e5cd84216fc32d79d98a0a7e8,70650928,0x1d67bd4503ad0639beeb843890a6a90bd74e6ed1,2025-10-21 03:04:22,0xcfbc8a11bf692eecb7cba468ef8041977d9ec55e,N/A,58724.367604680134
0xd90ded8b98968eb783124f94b521d8d9d402695f07322b4a1dd8e869b15baf48,70650923,0x1d67bd4503ad0639beeb843890a6a90bd74e6ed1,2025-10-21 03:04:31,0xcfbc8a11bf692eecb7cba468ef8041977d9ec55e,N/A,12682.279246416218
0x65c5f20f729e0ee7e0e7ba3698fb022822ea565ca3b398ec9c3ee93fc599b3d1,70650918,0x1d67bd4503ad0639beeb843890a6a90bd74e6ed1,2025-10-21 03:04:39,0xc2ca1b719d86eb9e34d27a9e356a59f88b14e5bc,N/A,5722.291686813655
0x74690386412cdd575706d74ace5e5fee34480442bec31aa371af852e59ef9a1e,70651296,0x4a4e859565d9b563afc8e63641542455cff0dfd2,2025-10-21 03:12:12,0x6278f276c0646c05f241bb5376548d3b3f272405,N/A,9778.718215850942
0x588c237e541ddb9cb91a42f5328e8904ce522f33c4750a8cfb17e8260c483285,70651295,0x7ed53f6e3de6b2b4156fa8e618506e60d8e65843,2025-10-21 03:12:14,0x2b936bd0ea3d31278ceaaa1710b112cdd2bc2a15,N/A,3522.1320384984006
0xb6c71b53e9ecabc429f6b737295b37b1d9a7b9a24a2ee3320d65fb4469b7d493,70651295,0x8af8485e1f178be06386cd3877fde20626e0284f,2025-10-21 03:12:14,0xf7fdf9bb3b1b9802c6b26b6ebcb949e9a78168c6,N/A,24468.462033463555
0x6f10e1114476012b438974fe09eba797e58ad308298699c80fbea4493095f7d0,70651257,0xd170b23974c0ac399fe8cd6df5f491856f807245,2025-10-21 03:13:19,0x7fa0d5e4eb04fe1445e9df161d195f213ac3730a,N/A,4609.0
0x1879202256be36982642aab55e5f4802254695aa54fc36b7ed20587447ecfb0f,70651257,0xb0a27099582833c0cb8c7a0565759ff145113d64,2025-10-21 03:13:19,0xf3d1f34a1d3b078593d73acc284154ad499418e4,N/A,40724.92395
0x7489db4ff73e8241eab713a14116e02dc97a3f4a9aed138c69dd1c6899deceaa,70652436,0xa8861d86cb1f07e2c153450f1c9bbca5634771bf,2025-10-21 03:40:53,0xefdc8fc1145ea88e3f5698ee7b7b432f083b4246,N/A,7632.599885286605
0x8ad2595b68d8b1ad6820a5d387e738a3113bd64a0e7fc781b8f38ab4733480cf,70652435,0xc50b87f54e57b9282b4399e886deb004a98ed14f,2025-10-21 03:40:53,0xefdc8fc1145ea88e3f5698ee7b7b432f083b4246,N/A,3999.988524806605
0x30d66a515f92eb5a105c6c29c45858badbb6990a67ff43fb7e4403646a45cba4,70652435,0x06a511d5354b67404e2eb8b08739b8cb13c10669,2025-10-21 03:40:53,0xefdc8fc1145ea88e3f5698ee7b7b432f083b4246,N/A,3416.9878852866045
0x27a733f15b1cd6ca74e68cf66d158e9958999f1a05d61a036acb884091ec1a4c,70652653,0xaba2d404c5c41da5964453a368aff2604ae80a14,2025-10-21 03:50:37,0xf2ec4e03b522029e6747a9fb877a7a1b65491ba7,N/A,8015.796
0x10a461cc0ad9ac35ab5a8f5843b6cbe2461b838a3d8e350c021937e9a91a0819,70653833,0xf8191d98ae98d2f7abdfb63a9b0b812b93c873aa,2025-10-21 04:17:09,0xe401a6a38024d8f5ab88f1b08cad476ccaca45e8,N/A,4563.0
0xed59b51c6e13537350e73bda0b265270b46cb6a5f555f94afc77deda1036ce56,70654126,0xe401a6a38024d8f5ab88f1b08cad476ccaca45e8,2025-10-21 04:26:42,0x0a7e3e04fb45af4233a27bcf23f2c94f5babcf39,N/A,4562.999358022621
0xf77aec9450440f6cce5e84d0940ce5eecc3c9f89b5e51c7ff2448f810fa69421,70654080,0x4c218629c66d5b3a440da78e70eaa15cc65a42bf,2025-10-21 04:26:45,0xf3d1f34a1d3b078593d73acc284154ad499418e4,N/A,6001.3799876042
0x46e3155f708d758259ec8fe06f7629f0c864744a35c2a801a4af14e932d72121,70654067,0xa294cca691e4c83b1fc0c8d63d9a3eef0a196de1,2025-10-21 04:27:10,0x4c218629c66d5b3a440da78e70eaa15cc65a42bf,N/A,6001.38
0x9584ae09f42aae856fc2ee06f690267e6536f975c0cf3557bb6d889eb4892480,70655568,0x9f8c163cba728e99993abe7495f06c0a3c8ac8b9,2025-10-21 05:02:56,0xcddc5d0ebeb71a08fff26909aa6c0d4e256b4fe1,N/A,161563.13611992
0xcbae675ec902d0e57bf2c58a97e29403f1cac17513275fc794d65fa5e77019a5,70655550,0xeae7380dd4cef6fbd1144f49e4d1e6964258a4f4,2025-10-21 05:03:03,0x9f8c163cba728e99993abe7495f06c0a3c8ac8b9,N/A,9008.999940252987
0xedcae008e6da4dbc99318910b6e404987d15ad100efdd53b1ba163eb6f6b3918,70655868,0x3bce63c6c9abf7a47f52c9a3a7950867700b0158,2025-10-21 05:10:22,0x549c82a1fe64a444a9d93f59ae2538d937bd8c66,N/A,7269.0
0x72d59610945d808327530a790e1e60dd99d16a06802edac2d3ab05df266b69a0,70657362,0x978b21a854dbefcd6d51dfd269875d158046240b,2025-10-21 05:48:26,0x549c82a1fe64a444a9d93f59ae2538d937bd8c66,N/A,7171.0
0x1d0612726ded07632709cda5ce4db62696ff43abc06d5ad6f0187dcee2376038,70657283,0x835678a611b28684005a5e2233695fb6cbbb0007,2025-10-21 05:50:12,0x5a52e96bacdabb82fd05763e25335261b270efcb,BUY,130299.99999999999
0x686c3dba540c3c889d5a21c401253288dc2d4c06e3561cb596e5c350e7c52713,70658777,0x6ecd9c735645b735e95851260ad0d1fb8e66ff72,2025-10-21 06:26:13,0x9f8c163cba728e99993abe7495f06c0a3c8ac8b9,N/A,3998.39999197412
0x163a47edd2e210ae0a27594dc1875c5f7557ef7b87029da169aa7b34a87c42ee,70658739,0x8bee7340304a051b16cecee05fb8c999db3b65ed,2025-10-21 06:27:20,0x0d0707963952f2fba59dd06f2b425ace40b492fe,N/A,3773.4199276422155
0x05b4dadbd0a42f4a6b4949bda569678a2eeafa4eb5c0111409db1d1b2a62b6d8,70659082,0x8af8485e1f178be06386cd3877fde20626e0284f,2025-10-21 06:34:31,0xeae7380dd4cef6fbd1144f49e4d1e6964258a4f4,N/A,8129.999963740001
0x06f6d9d0e884ede4b2b794a39d4b464be8a02a579d8574ee1ea2549f6aeff904,70659094,0x565f0fe9715e3cb0df579f186c299d6707887e83,2025-10-21 06:37:28,0x2b2c81e08f1af8835a78bb2a90ae924ace0ea4be,N/A,3199.864593061
0x53e97971935e46821eeb54296801a5c56625ceacdf8fe710e88fa4dc193ed82d,70659518,0xeae7380dd4cef6fbd1144f49e4d1e6964258a4f4,2025-10-21 06:45:06,0x9f8c163cba728e99993abe7495f06c0a3c8ac8b9,N/A,8129.999932963698
0xa994c75db905e2ac47e0eb3e52c96d3bc922fa31604138c4f6a09d7a5990d725,70660461,0x88b69dfecb9f332c638d967d75c923b74ae17d20,2025-10-21 07:13:00,0xcde5d48fca07f9c52300d2e65632dd71ed169b90,N/A,14175.652176
0x736bff3b6a87ccfe4a2d993c3a4e77a9c2f918ef55f17b323627dd67f6cfbe73,70661061,0x6d8be5cdf0d7dee1f04e25fd70b001ae3b907824,2025-10-21 07:28:40,0x74ac3ea9d5ecc28901bc4ef616d2020581a4efbc,N/A,3998.396
0xca3bd218a266795a2ea6be14c495c4d2969e9e71194b911990d35153f0d94fcf,70661346,0x0ccd8005d15233c37390f2a2a05befca17297c8f,2025-10-21 07:39:37,0x1157a2076b9bb22a85cc2c162f20fab3898f4101,N/A,9999.999959797779
0x1ff112c316f2d7a3e6476b0105c934549c85276836949a28135cc5987ca8cc37,70661694,0x0d0707963952f2fba59dd06f2b425ace40b492fe,2025-10-21 07:48:28,0xfc0b375dd3a119d90fcfef97a4fe9759ef0e5ba9,N/A,7417.37034165
0x9a4c7a2bc8d8be5609242f3f931d761149b3660f9be487ccf5a7c43e580d4c84,70663764,0x9f8c163cba728e99993abe7495f06c0a3c8ac8b9,2025-10-21 08:40:52,0x549c82a1fe64a444a9d93f59ae2538d937bd8c66,N/A,7486.000000000001
0x160c657f6cf2e18ac89ce9c68e54fa979f60614c3280eebded86ed23d4319f6f,70664171,0xd79ac7813cb790acc6418c1190c84ea554aa90c7,2025-10-21 08:49:45,0x0bf0f966a8c1676d2d76c1863cbd84170b949d53,N/A,3500.0
0x127ed51f1b408dbf242b02b19addaa771b947b971bc7702ec0ef33a061d381ea,70664401,0x0a4f6ecb214dc1d9acdd99743b4dcc58ccc088b9,2025-10-21 09:01:08,0xa29e963992597b21bcdcaa969d571984869c4ff5,N/A,3000.0
0xadcc4356b715fb68505a84c20ec77d5c8c231060b75b87c225ba70e8cf74b13d,70667566,0x8af8485e1f178be06386cd3877fde20626e0284f,2025-10-21 10:11:45,0x6278f276c0646c05f241bb5376548d3b3f272405,N/A,4033.3734676756044
0xab44b835c9b94f1105453c5d6c14d937e6846d138bac970c8e61e7cf070e21b4,70667580,0x8af8485e1f178be06386cd3877fde20626e0284f,2025-10-21 10:15:07,0x6278f276c0646c05f241bb5376548d3b3f272405,N/A,24919.24732776917
0xcafcb013aa27e043ce933f06719d2ad2a9b9eb31bc91e4eff632de04c0bfc647,70668891,0xb0a27099582833c0cb8c7a0565759ff145113d64,2025-10-21 10:39:45,0xf3d1f34a1d3b078593d73acc284154ad499418e4,N/A,9043.0
0xf9252f07c90bc6bf9482ca719098e5f1f31187485329460605c4290ed471a986,70668857,0xbb3d5a30aadddda6ba3b51a378bc2ca5b097b5c5,2025-10-21 10:40:43,0x53ca098fba0b23e873fb4dde5d4e7d1b5db2d9d5,N/A,3546.9767721436715
0x4e98c1cf3caea2b0f0b75d88275b4daf68507adfd3c21a299a2fd3a2c0ff970b,70669829,0xd79ac7813cb790acc6418c1190c84ea554aa90c7,2025-10-21 11:05:45,0x0bf0f966a8c1676d2d76c1863cbd84170b949d53,N/A,3000.0
0x086df344b7aca202b2adf2ccfa8b91d11d7e8e3f34e0bed80c2ad026279a5809,70671251,0x53ca098fba0b23e873fb4dde5d4e7d1b5db2d9d5,2025-10-21 11:43:23,0x5bcc2ba2ea7be2bae6384ba7f06218ec7984700e,N/A,3544.9366380399997
0xc1200ce10147d03e06d36046d1c2d0ab2373f9603542baaf269c55baa77f3c50,70671684,0x549d835356d92983abb76e4cae639f7857963425,2025-10-21 11:53:51,0x171a007b86835bce947c00161f8b8a3b413317ec,N/A,8062.000000000001
0x1bcce12203cc223a24390b4d9e58c2b5216bcd94669a5f50f2c9dc045a564cc5,70672151,0xaa5c63dc23142a7428d8992eac7f339f4819f809,2025-10-21 12:10:01,0x4a4e859565d9b563afc8e63641542455cff0dfd2,N/A,4290.46997592916
0x0a7c37267ed52d2555560555c6038857920c959f6a66c71db15d2e6473def93b,70672122,0x9b0c45d46d386cedd98873168c36efd0dcba8d46,2025-10-21 12:11:43,0xaa5c63dc23142a7428d8992eac7f339f4819f809,N/A,4290.47
0xe2901367819ba457dfdcb702de0cad58fa5cc1ecbcd948fa13cd6b0940287d77,70672553,0xfc0b375dd3a119d90fcfef97a4fe9759ef0e5ba9,2025-10-21 12:18:21,0x4637ac1282a183dcc2e254543437fb6f95bf959e,N/A,11765.277895116404
0xa304be4c3f01596d820f9bea7ae5c8fd8b0367354b9320ea01e4b9831dddf80f,70672647,0x4637ac1282a183dcc2e254543437fb6f95bf959e,2025-10-21 12:20:46,0x3e2d51734ca781476099b6e699f2b74f2f7c1640,N/A,7881.50315397
0xf13eceb46d9b8f7a6efa93372e3e235f01929ab75327ed5aa32575d3a7f6d443,70672991,0x346ff41c596937d3d196a7521e52930210068f6d,2025-10-21 12:26:54,0x3e46dc12aca41a6ad357af00f5cd31c7db4ce765,N/A,10000.0
0xc3d18e73a36b98d3baf888563afa30c2a122029ff1b54eda7b32642de8c31ba0,70672958,0x346ff41c596937d3d196a7521e52930210068f6d,2025-10-21 12:27:06,0x3e46dc12aca41a6ad357af00f5cd31c7db4ce765,N/A,10000.0
0x352c7e8e3ca637278e763d4186540478047ec048875bacabec36c9b2ba43aaab,70672913,0x346ff41c596937d3d196a7521e52930210068f6d,2025-10-21 12:27:25,0x3e46dc12aca41a6ad357af00f5cd31c7db4ce765,N/A,10000.0
0xd0eec72070e7e19c62f2283fcfaaef8ce0da7502a605e24c917eb291cce58c32,70673029,0x346ff41c596937d3d196a7521e52930210068f6d,2025-10-21 12:32:47,0x3e46dc12aca41a6ad357af00f5cd31c7db4ce765,N/A,10000.0
0x5a912827447f59ecf55bf8d90668a006fee21d93d1e3ce6a6e74b890eb1dedf8,70673448,0x4a4e859565d9b563afc8e63641542455cff0dfd2,2025-10-21 12:44:00,0x16e72d9abc1bb0ff8924c5ed941a971805c84857,N/A,5002.96458724644
0xfdb64e3b36d2ac0609a69476a356effb65f7c57abb3f26826bc9400c8ea059ea,70675821,0x6d8be5cdf0d7dee1f04e25fd70b001ae3b907824,2025-10-21 13:42:51,0xfff10465427e10e5bcbc0ef53086767d4bd4d18a,N/A,4996.44107597
0x054812e6cd772a1f8aff738d82d964ae8e327e80b0f65176abaa9f992b6cdf40,70676239,0x435231f4698898e745a6c6c8403ca39d875b5c97,2025-10-21 13:54:18,0x0d05a7d3448512b78fa8a9e46c4872c88c4a0d05,N/A,3000.0
0xbeec4d53d78568d67842adfad7ff160dae71cd879346dff80a5017a3dd8b4b7c,70676444,0xf8191d98ae98d2f7abdfb63a9b0b812b93c873aa,2025-10-21 13:57:46,0x6455327f820edd69c4cd665b995e0fec679d7f9e,N/A,3522.0
0x48deb75c402678614c99cb904224532e4b1f5bd704665663239227a2970d5b25,70676669,0xe401a6a38024d8f5ab88f1b08cad476ccaca45e8,2025-10-21 14:06:04,0x0a7e3e04fb45af4233a27bcf23f2c94f5babcf39,N/A,4500.999358624895
0xdc9dd0d269bc260798c5ebebc29eac0e5f84794de8c149568cd149b283b3eb74,70677606,0xf8191d98ae98d2f7abdfb63a9b0b812b93c873aa,2025-10-21 14:24:57,0x6455327f820edd69c4cd665b995e0fec679d7f9e,N/A,3543.0000000000005
0xfae445e5ff04fac69831cbc15182efc6f82b99bb6650fdad1ea5dfede68a80af,70677453,0x2e3a5ea84cb76919f26eda71e2dee9b2a6ae224c,2025-10-21 14:26:07,0x9c21d12400bae033f43497b6aa72c33f7ed12b79,N/A,7000.0
0xaa7e3e70b2fabb251c19e9092f410ffc9a52ac61178bc1b90617d5ac5f12bf5e,70677950,0x35c7415168ceb3a9e6badb1174410244dac5b226,2025-10-21 14:34:31,0x9f8c163cba728e99993abe7495f06c0a3c8ac8b9,N/A,8196.99922230234
0xb0e08ff5118e86913b15b6d6c0a7210a58f907de0a4fbc8a9fca64f1d3db95dc,70679029,0xaba2d404c5c41da5964453a368aff2604ae80a14,2025-10-21 15:02:17,0xe401a6a38024d8f5ab88f1b08cad476ccaca45e8,N/A,3776.0
0xdc804bb9a9f1b5b431b402a0c6a0bedfe2761b5a08c5e7e8fc7bc133148ea3ff,70679279,0xe4cba45fa12473fdcefdbd7ada8174d1f4a3ce8f,2025-10-21 15:09:30,0x7ed53f6e3de6b2b4156fa8e618506e60d8e65843,N/A,11705.999854987478
0x7fed09f5b257ede31e6a2c0dda6e0532b732aa4c6adfa4ea2897f2eb6c82fc0a,70679264,0x6d8be5cdf0d7dee1f04e25fd70b001ae3b907824,2025-10-21 15:09:58,0xe4cba45fa12473fdcefdbd7ada8174d1f4a3ce8f,N/A,11706.0
0xda7646812266988dd523fce26493c0ff5169844d9bbd0a74b13686cbbd46cfbe,70679253,0x83a3da6ecf48d8d743b39444f76d3dd28af1bd88,2025-10-21 15:10:21,0x14e51143b3a5de4b4ec392680010e170c458ecc8,N/A,6329.999999999999
0xade4c41f6666751d45138e5e881d809d94aa61fd5b2fdf6605b77490f6b28bc2,70679703,0xe4cba45fa12473fdcefdbd7ada8174d1f4a3ce8f,2025-10-21 15:18:54,0x3dd87411a3754deea8cc52c4cf57e2fc254924cc,N/A,8843.999921299954
0x67a4bc665d39116b360c0c7dab259cd0d396c913940761d9d87633f36a13ffd4,70679693,0x14e51143b3a5de4b4ec392680010e170c458ecc8,2025-10-21 15:19:17,0xa843e9ff8631b655ce9c02948a0339cf3d852e06,N/A,9273.575947
0x8184a5e1f37cdf56e856c16efd36b7079709860d5a6319bfa2f3006c4aafcb52,70680161,0x662eae85d0d53152b1ff648262275c910c12534a,2025-10-21 15:28:20,0x8af8485e1f178be06386cd3877fde20626e0284f,N/A,7999.9499120066375
0xb6a2423d6ce0f5c9fc4140ed64b60a4ed67d6de5ce961da8cfc4373b5174770a,70679965,0x0d0707963952f2fba59dd06f2b425ace40b492fe,2025-10-21 15:29:05,0x58e1885adc33d07b1afc16f11463163a1a28cced,N/A,7999.9975699999995
0x99c0cc8b998d6500595929d2f1e3d167820ab2e8004c0a473aedd1fc43645437,70680149,0xb39999a0f98dd2fc4f000b0920836aadc546d63c,2025-10-21 15:29:30,0x0a4f6ecb214dc1d9acdd99743b4dcc58ccc088b9,N/A,4499.95
0xb98fe2df279ac559606218b6bb4bf010d3672b6e1e884ed44b4f864df2deae11,70680212,0xe5d98d739f5b248b45caa6bc645ecf7f24f2e610,2025-10-21 15:29:52,0xefdc8fc1145ea88e3f5698ee7b7b432f083b4246,N/A,3532.054469792889
0x2332fffcff2ee4178834e04f179e0e8b9a4c90c7cca9a35b68e5db965175004d,70680196,0x3dd87411a3754deea8cc52c4cf57e2fc254924cc,2025-10-21 15:29:58,0x16e72d9abc1bb0ff8924c5ed941a971805c84857,N/A,11170.46824217402
0x59aa46908c24b6b096bd3218d76c3e778e05f858ff94f532ffcd023e14d5fb03,70680068,0xb39999a0f98dd2fc4f000b0920836aadc546d63c,2025-10-21 15:35:34,0x662eae85d0d53152b1ff648262275c910c12534a,N/A,7999.950000000001
0x4798e5a739fce0dc5bbfabec210a359ecdd34d4c608b05c2103c25e1e3d9a8fe,70680538,0x6e61c8a607da362857f3d15308d3a310ff72fd07,2025-10-21 15:39:35,0x58a1c909c5ec6cbf9c1df9ab3e9e2301ff707b6b,N/A,5199.995935053072
0xf20ef9d31a17d83d376b259d801d42fd0369c09a610066cab6624c097d32ef8d,70681431,0xf28e1b06e00e8774c612e31ab3ac35d5a720085f,2025-10-21 15:59:42,0xad6eaa735d9df3d7696fd03984379dae02ed8862,N/A,99999.99999999999
0xfde97678def4511087abad88d46bddd303b1f5370cfa777910fc6ebb6d761f5a,70681522,0xeae7380dd4cef6fbd1144f49e4d1e6964258a4f4,2025-10-21 16:02:22,0x9f8c163cba728e99993abe7495f06c0a3c8ac8b9,N/A,4657.995911679686
0xfad04a897b397be03ccdc8f90d215dfa92c81333f68d2e526868ddb7f5828c75,70681826,0xf8191d98ae98d2f7abdfb63a9b0b812b93c873aa,2025-10-21 16:08:50,0x02c9a51ac07bb5ef5005de538b5880c6760ddfee,N/A,8471.0
0xe1a45cf633ea5ef67e643998cb56b8cb24b4b986421c513a8cae2f7123454ac0,70681784,0x35c7415168ceb3a9e6badb1174410244dac5b226,2025-10-21 16:09:06,0x9f8c163cba728e99993abe7495f06c0a3c8ac8b9,N/A,7983.599972412269
0x94d0a8f3c44514a27f422c3a0e2e2a8f3380fbabb5dd61246dacd1b9fc3d9569,70682103,0x6d8be5cdf0d7dee1f04e25fd70b001ae3b907824,2025-10-21 16:15:15,0x855ae16d39959ed604cb41a7d9fe5e1e3b0e3e40,N/A,11200.084700000001
0xd9eee4210871ebff16b35be7154ebb2c064bcedb42958ab18bc40064ebd12435,70682208,0x187b2d576ba7ec2141c180a96edd0f202492f36b,2025-10-21 16:17:51,0x841ed663f2636863d40be4ee76243377dff13a34,N/A,8406.6724
0x8a8afd594ee56326eb3c77f024488e5a046ac7cc60ddd8376c6c2409d3d55d41,70682005,0xe5d98d739f5b248b45caa6bc645ecf7f24f2e610,2025-10-21 16:19:33,0xefdc8fc1145ea88e3f5698ee7b7b432f083b4246,N/A,3081.105454253343
0x34cd4a1de2c4c35f9d3bcc9db91e9a64871e1f2910fa78589d518b5fc8944ef6,70682580,0x7aad7840f119f3876ee3569e488c7c4135f695fa,2025-10-21 16:30:10,0x187b2d576ba7ec2141c180a96edd0f202492f36b,N/A,10533.0
0x683e7aaefdc1a2cf09ce3a2e0007b3e6bdbea991184d25fc0fce3a8dbf636623,70682893,0x35c7415168ceb3a9e6badb1174410244dac5b226,2025-10-21 16:36:27,0x9f8c163cba728e99993abe7495f06c0a3c8ac8b9,N/A,10040.699972946093
0xe357db016f190a8cba29c2b8c94b14775fb7a25dc003bca2836d712d39a68854,70683317,0x978b21a854dbefcd6d51dfd269875d158046240b,2025-10-21 16:45:08,0x2d880ccc788aaa6dbdeaad3b585f8c533c6be54c,N/A,19747.886000000002
0x1e7b6f36b1bbdbc24e73edaf2a41df196fe5cc7840db4b9dff22b865dc3dfde4,70683285,0xeae7380dd4cef6fbd1144f49e4d1e6964258a4f4,2025-10-21 16:45:20,0x9f8c163cba728e99993abe7495f06c0a3c8ac8b9,N/A,5136.995990643189
0x853e8ed6c54601051902395b0eb4da420c6b022e86d7b18c26e40e0b19e06cc2,70684538,0x35c7415168ceb3a9e6badb1174410244dac5b226,2025-10-21 17:18:56,0x9f8c163cba728e99993abe7495f06c0a3c8ac8b9,N/A,8581.899972801099
0xe3e3bc07098d49ed0d54ecdf0270651a07b526f0d9cf1ed761150dc4f74292f9,70684832,0xf835925589ac11df66690b3aa343de649f38cd83,2025-10-21 17:21:40,0xb31f66aa3c1e785363f0875a1b74e27b85fd66c7,N/A,5870.000000000001
0xdfe78ff755fc93795a7aff6b98f3c862602a6ae4f733943b29344c240a1584e5,70684884,0x2d880ccc788aaa6dbdeaad3b585f8c533c6be54c,2025-10-21 17:27:44,0xd11fda801668eb69faf3b10c4816e36e4145b522,N/A,20312.876800000002
0x54d0793b7ad1d25fb5856a15f4ba44d13bea4e48b9204d91107f89984d170fbf,70685283,0x3dd87411a3754deea8cc52c4cf57e2fc254924cc,2025-10-21 17:35:30,0x16e72d9abc1bb0ff8924c5ed941a971805c84857,N/A,5570.508417611092
0xc83938737f9dc0ca70b8c7150d5464aeb078a2555a854dacde312024e0f6fdad,70685234,0x2933782b5a8d72f2754103d1489614f29bfa4625,2025-10-21 17:36:57,0x4e75e27e5aa74f0c7a9d4897dc10ef651f3a3995,N/A,45800.0
0x7e985e5222ec089114ae212559192140c24b336b2ac3e371c3bddd56ad71747b,70686540,0x9b0c45d46d386cedd98873168c36efd0dcba8d46,2025-10-21 18:07:43,0xa29e963992597b21bcdcaa969d571984869c4ff5,N/A,7730.2491
0x2b20a7d2d6a353fe5fe4244af8c59370446274a2cd557d87d873ddcf4d64d3fa,70686672,0x978b21a854dbefcd6d51dfd269875d158046240b,2025-10-21 18:14:42,0x110151de048a10cb037d4f488de93c289e133880,N/A,3499.996
0xac7b038d901440332c92cb9a38da201fa9b2e53d53208b89f3cc74df2ec0b8a8,70686958,0xe331495b69380dcb4be9a257c4ec012a12ef7102,2025-10-21 18:22:10,0x3fed017ec0f5517cdf2e8a9a4156c64d74252146,N/A,26222.899999999998
0xf6f956ccea2b8e307605adce44852e62a74ac4d156a5cb57aaa3b1015ac87954,70687056,0xffaefdb426d869480691ce32c5357224ec2e626e,2025-10-21 18:23:51,0xfd5fb1ffb5645ea1a0df09c98869fb4957de42c1,N/A,7318.3297918
0x5e4ea1d6521384c9777a684f86e301e964e241477c2f50e260d27ecbf6fdab52,70687450,0xef3cb25c9c0ea0fffa82c78dd1c431cd23a49318,2025-10-21 18:32:16,0x2825ce5921538d17cc15ae00a8b24ff759c6cdae,N/A,8780.0
0x0ee5c7faedf98ecb8f625f4a29c9cd317166874e91aeef0d388a96f0e7a80087,70687840,0x4637ac1282a183dcc2e254543437fb6f95bf959e,2025-10-21 18:41:38,0x3e2d51734ca781476099b6e699f2b74f2f7c1640,N/A,3206.06653864
0x146207682c8949be919ef133db6c9c888d062d93556c63adf8dd2f8dd2d21f6a,70687958,0x3e2d51734ca781476099b6e699f2b74f2f7c1640,2025-10-21 18:44:13,0x06576a2e403ab922e4965b2bf572f32a5e08a05c,N/A,3206.06653864
0x5316c0c17dae4c4fa0e12520d0726b68b35a22fc068c00986b83c4a82c16ce66,70689756,0xc73df1e68fc203f6e4b6270240d6f82a850e8d38,2025-10-21 19:29:46,0x3fed017ec0f5517cdf2e8a9a4156c64d74252146,N/A,3324.23
0x7f18da4895e84387660f9044b9a4998fc04c7ee6b7a0ae1a87408560af26f8c9,70690009,0x82b5ac2912cc7a24204bb076d77b9882aa235645,2025-10-21 19:37:49,0xe1a0ddeb9b5b55e489977b438764e60e314e917c,N/A,5324.225594696483
0x785efaae28ec1e7f942d051f8c0ff176df41e18a4c21b3e0035e5628d3e34369,70689994,0x0494bc6d5daa8d24c1453319e5624e7067c1667c,2025-10-21 19:38:18,0x82b5ac2912cc7a24204bb076d77b9882aa235645,N/A,5314.225607877172
0x55c39cfe942d7fd8aa20a8b97538e7dcfd5257254d254ac1244667702a18a0a5,70690218,0x0d0707963952f2fba59dd06f2b425ace40b492fe,2025-10-21 19:38:33,0xfc0b375dd3a119d90fcfef97a4fe9759ef0e5ba9,N/A,3205.9280311499997
0xacce5bd0fb899ef86cca5f7e2e467151c5bf6837a8344c0b18751cb2a8f4c145,70690201,0xe1a0ddeb9b5b55e489977b438764e60e314e917c,2025-10-21 19:38:41,0x16e72d9abc1bb0ff8924c5ed941a971805c84857,N/A,8657.866508164965
0x4634ec1d6771cc1239f220d9037012e1e0c9ee135bf202cfd6749d85333520f2,70690176,0xc73df1e68fc203f6e4b6270240d6f82a850e8d38,2025-10-21 19:38:50,0x0b4478e810d48b5882d4019d435a2f864bab4f39,N/A,5351.274556920951
0x8e51228e12b709e52b711a3bd3f3c5070483ef1d9923dedb8c0891c0f204edea,70690712,0xd660e639aa3623a2f9e0aba8aaaf22aedbf1ffd3,2025-10-21 19:55:36,0x18556da13313f3532c54711497a8fedac273220e,N/A,17000.0
0x3da9a3b0a0e825749c60e20d59fea2ee6c5915ae693e0ca30d60628a0e5276f4,70690829,0xcddc5d0ebeb71a08fff26909aa6c0d4e256b4fe1,2025-10-21 19:57:17,0xcae42f28917524b32b93f9e4d65d183d52f8ae7b,N/A,3591.556
0xbe9a8d8b15aa4188a51f51b91297a173c742c8613e720d6891adb60233a4ee33,70690902,0xae3a208332fd23878e4ef922538d2b2fe0e62119,2025-10-21 19:58:29,0xe1a0ddeb9b5b55e489977b438764e60e314e917c,N/A,7318.329793273919
0xc081e1322359b1786f93caa581b021315a4b3efee799405a082058851d344ca1,70690875,0x1d67bd4503ad0639beeb843890a6a90bd74e6ed1,2025-10-21 19:59:16,0xae3a208332fd23878e4ef922538d2b2fe0e62119,N/A,7318.3298018
0x6ea0623d6b29b8f0f111addc582f61bd834e70155cab5bf098ca70007492debf,70691883,0xf835925589ac11df66690b3aa343de649f38cd83,2025-10-21 20:24:23,0x5c0401e81bc07ca70fad469b451682c0d747ef1c,N/A,5870.000000000001
0x61bda926f7d3831daf54d26db8d986abe37eceb46a826c5d070a105c863ff2c7,70692646,0xe1a0ddeb9b5b55e489977b438764e60e314e917c,2025-10-21 20:42:20,0x16e72d9abc1bb0ff8924c5ed941a971805c84857,N/A,5805.355923774558
0x1e16b2645d3fb9707aaa1b831f944a832a8103c118fe009657b310deec72e37c,70692788,0x6d8be5cdf0d7dee1f04e25fd70b001ae3b907824,2025-10-21 20:49:11,0x549c82a1fe64a444a9d93f59ae2538d937bd8c66,N/A,6921.999999999999
0x3a2a00e90169a8ad91ea71c6945a234c3e92297f63f3c99443dd6fcd49193cfc,70693008,0xaba2d404c5c41da5964453a368aff2604ae80a14,2025-10-21 20:52:08,0xf2ec4e03b522029e6747a9fb877a7a1b65491ba7,N/A,7376.795999999999
0xebb8691fff2eaae1437422360a14f09e8a47919455b80aad971ed6fb2edf70db,70693439,0xc538623a619a9d5956a98b19b9f2084556d3caa1,2025-10-21 21:01:01,0xb39999a0f98dd2fc4f000b0920836aadc546d63c,N/A,7005.104033095678
0x2ca80630b05a4f2c736918d02706a600e29f2f128f2d780459565dd8a6d074ff,70693392,0xdeecf31d2d82cb236d7280f93ca1f19d9602d3a1,2025-10-21 21:01:21,0xc538623a619a9d5956a98b19b9f2084556d3caa1,N/A,7005.104090408087
0x3f200a38b2c1bdd160bbbac7cea9e1046acc4f6ab70830bdf28883b5ed5ac4de,70693482,0x9f8c163cba728e99993abe7495f06c0a3c8ac8b9,2025-10-21 21:05:25,0xaba2d404c5c41da5964453a368aff2604ae80a14,N/A,165708.24906745
0x194fea187f6f71b2474f1653df1ca522bd560acc685b6b16ea63725caed07d08,70694351,0x9f8c163cba728e99993abe7495f06c0a3c8ac8b9,2025-10-21 21:24:18,0xf2ec4e03b522029e6747a9fb877a7a1b65491ba7,N/A,8064.696
0x3c50dade57770ead10064e450099c7833f617387cb560d92634c7fbe392c5bbd,70694609,0xcddc5d0ebeb71a08fff26909aa6c0d4e256b4fe1,2025-10-21 21:34:59,0xf8191d98ae98d2f7abdfb63a9b0b812b93c873aa,N/A,20873.0
0x4dbfb99344f694125d2af9beb31cc9c8ce327fa6d18934d6c258b6801029ba89,70696878,0x3bce63c6c9abf7a47f52c9a3a7950867700b0158,2025-10-21 22:33:12,0xf2ec4e03b522029e6747a9fb877a7a1b65491ba7,N/A,8713.096
0x8eb515ded99548b7be25846e55635eba6b14baa65136144f0f003c5f28ae0049,70697629,0x4c218629c66d5b3a440da78e70eaa15cc65a42bf,2025-10-21 22:52:21,0xf3d1f34a1d3b078593d73acc284154ad499418e4,N/A,3298.2499906709
0xf3bf45b998248a1f724d45164d769b651016f1b05cf20e14ef9f1d9df9f96998,70697618,0xa294cca691e4c83b1fc0c8d63d9a3eef0a196de1,2025-10-21 22:52:40,0x4c218629c66d5b3a440da78e70eaa15cc65a42bf,N/A,3298.25
0xc680b0cca5c3b41008b9d8d68badbfa5fadba8e063d31f5377f04b1e5809705e,70697606,0xf202d0bd984b5f6d70d826752b93f536b82886a4,2025-10-21 22:53:07,0xd78ded803b28a5a9c860c2cc7a4d84f611aa4ef8,N/A,34000.0
0x8f33bbe7485b5a8fd422053047ff49c09dfab6c6a1ed3ad71724dab4b6363cf9,70697555,0xf202d0bd984b5f6d70d826752b93f536b82886a4,2025-10-21 22:54:52,0xd78ded803b28a5a9c860c2cc7a4d84f611aa4ef8,N/A,35000.0
0x164bca826274f9472a3096051a5944cb1ab5a734bd3874b5eeb9bd6a82b618f4,70698793,0x9f8c163cba728e99993abe7495f06c0a3c8ac8b9,2025-10-21 23:25:38,0x549d835356d92983abb76e4cae639f7857963425,N/A,36301.996
0xfb38ae30cbfca4961e1de3587a429f54c7f8372129027114b212bac94194ebae,70699054,0xc73df1e68fc203f6e4b6270240d6f82a850e8d38,2025-10-21 23:29:10,0x0b4478e810d48b5882d4019d435a2f864bab4f39,N/A,22781.133704738084
0x107113f4665eae6fa50ae57ff222569eb7a8f0bf84ceb14fd536109955262a85,70699114,0x549d835356d92983abb76e4cae639f7857963425,2025-10-21 23:36:04,0xc333e80ef2dec2805f239e3f1e810612d294f771,N/A,36302.0
0x5191b5c0c0e61c2458ffa18cabfea0994a8a3f98de9e552cad5fe2d15620d16e,70699307,0x978b21a854dbefcd6d51dfd269875d158046240b,2025-10-21 23:37:56,0xf2ec4e03b522029e6747a9fb877a7a1b65491ba7,N/A,7424.996
0xd048d944f1b4f349a8eeb5867807d1f84ff6a50b4625d979660b97bfd0a069bb,70699560,0xcddc5d0ebeb71a08fff26909aa6c0d4e256b4fe1,2025-10-21 23:42:41,0x549c82a1fe64a444a9d93f59ae2538d937bd8c66,N/A,7717.0
0xf1f008a68a9442431270a74e244a5c4338d996522d1754f5446010fd1ff61925,70700022,0x4e75e27e5aa74f0c7a9d4897dc10ef651f3a3995,2025-10-21 23:56:31,0xb46a0f71fded6ceb00b1c9278e0ac7e22c242df5,N/A,4999.9703
0x9d28158762f5e1998ff396a33022c7dcc8b6422efa3010a2885e7518a6698c96,70700264,0xb46a0f71fded6ceb00b1c9278e0ac7e22c242df5,2025-10-22 00:03:33,0x9f8c163cba728e99993abe7495f06c0a3c8ac8b9,N/A,4999.970077465007
0x17218df53ef0679132904626f1d912f826128ed7fd6cf29a04f651b62c78fb47,70700369,0x8af8485e1f178be06386cd3877fde20626e0284f,2025-10-22 00:05:48,0xeae7380dd4cef6fbd1144f49e4d1e6964258a4f4,N/A,8904.99997518
0x414167af58df3686934dffe6e85cd8a92b0bc4bf6d084d7f4df24fe607691b77,70700747,0xeae7380dd4cef6fbd1144f49e4d1e6964258a4f4,2025-10-22 00:16:06,0x9f8c163cba728e99993abe7495f06c0a3c8ac8b9,N/A,8904.999958638517
0x5f63ec89a8de63b6bd0ed31a66dd8cc45538a044aa829b93d2b7c15c7ff7da11,70702200,0x28cc933fecf280e720299b1258e8680355d8841f,2025-10-22 00:51:13,0x394fcaa2b7f2c8a18267a0e32253ea7665a654bd,N/A,3213.943318227873
0x728d88396b7ddf4cbb55a35819791760241c75d3e2e40689969e37b39bb46ab2,70702805,0xcdd78014e1dccd73795d8ec863e7516ddb33db7c,2025-10-22 01:10:06,0x8af8485e1f178be06386cd3877fde20626e0284f,N/A,51534.19997367437
0x9e7ac4f286bb2366f77425f6d87c4753bb3525eb52129c399c7ccede7e87901b,70703015,0xf835925589ac11df66690b3aa343de649f38cd83,2025-10-22 01:15:05,0xb31f66aa3c1e785363f0875a1b74e27b85fd66c7,N/A,3000.0
0x9dfc404f99506c2a170d51ae502d89b5e0a2e4ae23034530eed3b385d0e80f0a,70702967,0x987ae19f343e2c5283c8029c60ee8ce56bed0179,2025-10-22 01:16:35,0xefdc8fc1145ea88e3f5698ee7b7b432f083b4246,N/A,3623.702811369611
0x0cd61c3be890f5b679d4c13e78b6f303e0535068fe369eb972603e32edf2fb19,70703216,0x3bce63c6c9abf7a47f52c9a3a7950867700b0158,2025-10-22 01:18:43,0xf2ec4e03b522029e6747a9fb877a7a1b65491ba7,N/A,7684.396
0xf0bc8c0ccaf96774845ff51560194fe68b23eec1ac643f9c5bc8bbb5ed5dbcc3,70703252,0xf835925589ac11df66690b3aa343de649f38cd83,2025-10-22 01:19:46,0x5c0401e81bc07ca70fad469b451682c0d747ef1c,N/A,3146.0
0x05ac5d3bc5385685f387ebdd9f34a93efc7c15e73b431a5af561b56944470223,70704498,0xf835925589ac11df66690b3aa343de649f38cd83,2025-10-22 01:55:33,0x5c0401e81bc07ca70fad469b451682c0d747ef1c,N/A,3008.5
0xc536f898611c22d7c41ee29b501cbc339cf1662bf10cc0580357553000b91d2b,70704600,0xfff10465427e10e5bcbc0ef53086767d4bd4d18a,2025-10-22 01:56:51,0x9690dc79c1b2e77b12fddaecd2d5f03663049a37,N/A,4996.4410630699995
0x633397bce3417602162b78c7cb6889ddb81b2ba4cc2732b363ad970cea4fd2ff,70705029,0x7ed53f6e3de6b2b4156fa8e618506e60d8e65843,2025-10-22 02:12:50,0xeae7380dd4cef6fbd1144f49e4d1e6964258a4f4,N/A,8918.99998728
0xc23601830d47fa977ce5ba6a8b534415dfc40f5715e3d3e01cc754cbcf1c780e,70705248,0xeae7380dd4cef6fbd1144f49e4d1e6964258a4f4,2025-10-22 02:13:41,0x9f8c163cba728e99993abe7495f06c0a3c8ac8b9,N/A,8918.9999673974
0xff4fa9b10f38f5ac2300136b48379859c13e10e6f4b826a121593cba9e1dbbed,70705179,0x9690dc79c1b2e77b12fddaecd2d5f03663049a37,2025-10-22 02:14:09,0x0a7e3e04fb45af4233a27bcf23f2c94f5babcf39,N/A,4996.404427776013
0xdf79d44250576c63020499e4c467ca347ea32c1ded9f40e81c025865dc9f2915,70706055,0x855ae16d39959ed604cb41a7d9fe5e1e3b0e3e40,2025-10-22 02:40:27,0x45a62b090df48243f12a21897e7ed91863e2c86b,N/A,19838.0
0x0371e3cf27b5da2ad121838dee9d60728d93032fbabffea7911018d1f5fcbd29,70706696,0xf835925589ac11df66690b3aa343de649f38cd83,2025-10-22 02:58:44,0x5c0401e81bc07ca70fad469b451682c0d747ef1c,N/A,3547.0000000000005
0x93b5f37ca7237e80e6f1b94a7b7d7c0f957d933f21f156bbebdecb460efbd917,70707378,0xf3d1f34a1d3b078593d73acc284154ad499418e4,2025-10-22 03:17:18,0xe4c13d0024162082fd11461ca737e1ba71772c60,N/A,6513.999999999999
0x046dff5039c7e5d4ebd309a0c04bf11a9f51dc8ae774c1af8e141d025ff0b5ee,70707917,0xe4c13d0024162082fd11461ca737e1ba71772c60,2025-10-22 03:29:21,0x53cd82901c0818deb2b58158854a7324c2d30e6d,N/A,3465.834771
0x77c0a03e3af6650646f5ec88bcb9d99d7a1ec92391b34a7c6e7d28160da0199a,70708121,0xa4b5023979186f518a0640cb2b68d05ddd3cb517,2025-10-22 03:35:22,0x9f8c163cba728e99993abe7495f06c0a3c8ac8b9,N/A,3018.41637037
0x2b6e678450e34b35e15729cd6d0338f3d59f843ccdd867cc57035f0dea7688ab,70709601,0xf835925589ac11df66690b3aa343de649f38cd83,2025-10-22 04:11:40,0xb31f66aa3c1e785363f0875a1b74e27b85fd66c7,N/A,3100.0
0x53279239eaf7cab21508a6cb019d195d4d68c92f1d58805297d77f36ba0f794e,70710436,0x93c8851449dd48c0605d84952af898b0a8b3118f,2025-10-22 04:38:26,0x08d40ae3f7e37ad86de62df71abcd69b2ab09015,N/A,4037.8080999999997
0x7502557e7c196ac9b13b05a2eaebef2ade562f881ba3c126128815ea4199ebcb,70710966,0xe4c13d0024162082fd11461ca737e1ba71772c60,2025-10-22 04:48:23,0xf3d1f34a1d3b078593d73acc284154ad499418e4,N/A,4805.0
0x3ebd5c11ea0051a7aabb420bf8d450a6915650c8bec653d19ab13ef4905bb2bc,70710861,0xa7a5c7602bd8a0b156980b9c41efa781e1af208f,2025-10-22 04:49:22,0xb334a61a6209f14b5fa5f1684a4ed7621f66e1ef,N/A,5959.696679539999
0x8405bba0a5d8f2246d170e025ee40626f277406cc86084e73093c917982c6e94,70710978,0xb334a61a6209f14b5fa5f1684a4ed7621f66e1ef,2025-10-22 04:55:14,0x76ec5a0d3632b2133d9f1980903305b62678fbd3,N/A,17464.737214920002
0x62f62e9f2b89c653d6c409130d442e25aded76de8ca81c1d20927d04d96de21c,70711907,0xfe98f85eafe3c7bf23af3a7b406adcc1db43e36b,2025-10-22 05:17:17,0xb39999a0f98dd2fc4f000b0920836aadc546d63c,N/A,9346.955552033989
0xb923048059ec75a31dc1f76b609f15eb30cb2493a19f2254788ac8e8022855d2,70711873,0x1157a2076b9bb22a85cc2c162f20fab3898f4101,2025-10-22 05:18:22,0xfe98f85eafe3c7bf23af3a7b406adcc1db43e36b,N/A,9346.955603549999
0x2a5a4b2c7540a2abcc826869325e5ee33ffde7562258f8891d6c46e18bff7db9,70712297,0xcddc5d0ebeb71a08fff26909aa6c0d4e256b4fe1,2025-10-22 05:28:55,0xf2ec4e03b522029e6747a9fb877a7a1b65491ba7,N/A,8292.596
0x86cc99e25a2b8b76460cdae2840109684719791a46a5059ee28cc9a5cf462f6b,70713635,0xd79ac7813cb790acc6418c1190c84ea554aa90c7,2025-10-22 06:03:04,0x0bf0f966a8c1676d2d76c1863cbd84170b949d53,N/A,3500.0
0x32676b2a3df8e3e8058b2c9776f461703e12250f608629875d1118d9f3be586b,70713627,0xf202d0bd984b5f6d70d826752b93f536b82886a4,2025-10-22 06:03:20,0x45a62b090df48243f12a21897e7ed91863e2c86b,N/A,10000.0
0x06803bbaf5a9b999db2a30832dd8b1dfe3c6067e80240d9dd5bac73d9e6b073b,70713601,0xf202d0bd984b5f6d70d826752b93f536b82886a4,2025-10-22 06:04:16,0x2825ce5921538d17cc15ae00a8b24ff759c6cdae,N/A,26000.0
0xfb3900530c720e716d363be60bf52553d867ba6158c0d9f8e4f1709206db7035,70714186,0x5ef268b36f4d0f2089bd23402410cf698dfb9b89,2025-10-22 06:18:49,0x0b4478e810d48b5882d4019d435a2f864bab4f39,N/A,9572.68241526371
0x019f363ebe5a048d1a7f3566920a40964a4bfacb15ec3674d886df0dc0c011f9,70714466,0xdc2692379ef39a8a115ccdf56080645d35d1eb20,2025-10-22 06:26:51,0x20840b20f1eee3b7b225866dc2e0d669cc2553fb,N/A,3790.9999833744905
0xae845a2f4731ccfeaa74386c9e007e48d6c1f394c205afd900c2b8b82de36ff2,70716369,0xcddc5d0ebeb71a08fff26909aa6c0d4e256b4fe1,2025-10-22 07:13:13,0xe401a6a38024d8f5ab88f1b08cad476ccaca45e8,N/A,5436.0
0x7b4aadd309af0ff4be806f6d3a6d8127d8f471543a4e54742e3dceb57f420bf7,70716923,0x70abdaf5429e3f4574d7e113326b4ed02bd01949,2025-10-22 07:24:29,0x5c0401e81bc07ca70fad469b451682c0d747ef1c,N/A,7495.0
0x1d28ad4b7d3bf3d78776b4589b27187beeb53272cabb55a9c07fffed0b04cc8c,70716785,0xe401a6a38024d8f5ab88f1b08cad476ccaca45e8,2025-10-22 07:24:40,0x0a7e3e04fb45af4233a27bcf23f2c94f5babcf39,N/A,5435.999296509969
0x4d6c0a94e27fcad531a3c68d56d5269bceecf4078497b67bbd0f685cc8740830,70716913,0x70abdaf5429e3f4574d7e113326b4ed02bd01949,2025-10-22 07:24:56,0x5c0401e81bc07ca70fad469b451682c0d747ef1c,N/A,7495.0
0x9a2539f923b3ed5a82661d1137e314128e1256678f2948576361d1e4a748f2f3,70716866,0x70abdaf5429e3f4574d7e113326b4ed02bd01949,2025-10-22 07:26:48,0x45a62b090df48243f12a21897e7ed91863e2c86b,N/A,7500.0
0xf0b27dcd95d88666b595c3f1b4af62c3de8777c948436257799e1d06876d866c,70717208,0xeae7380dd4cef6fbd1144f49e4d1e6964258a4f4,2025-10-22 07:32:58,0x9f8c163cba728e99993abe7495f06c0a3c8ac8b9,N/A,9039.999983839509
0xd0c7e90f7d23d62921634cf3d4e4ef9dc18d502887935081bc56b29b17df12de,70718070,0x3bce63c6c9abf7a47f52c9a3a7950867700b0158,2025-10-22 07:52:50,0x98adef6f2ac8572ec48965509d69a8dd5e8bba9d,N/A,6566.758691
0xf24eab47dafcab0ae73dfc57c324c10e8cad1208cb64995982e05a31586b0338,70720060,0xe8f6ae0ebcbbde6b695031bf247e4a892f6ae1f0,2025-10-22 08:44:05,0x14e51143b3a5de4b4ec392680010e170c458ecc8,N/A,3382.0
0x748cb3192421b4d3e78e6b63940bb701b9996ef15cb43e1470986e1a92b1b9a9,70722620,0xe4c13d0024162082fd11461ca737e1ba71772c60,2025-10-22 09:48:15,0x7fa0d5e4eb04fe1445e9df161d195f213ac3730a,N/A,3602.8750999999997
0xc437ba387f063b5d650ed7488d67c2c3c492208d25f50998ca34a2a264f63222,70724051,0x00deef5835c2a3519c13e3f316a72e4dbe172eef,2025-10-22 10:25:27,0x45a62b090df48243f12a21897e7ed91863e2c86b,N/A,3004.0
0x4d228fee383bd8b73cbf08ff3f135ba59e55ec412459455c3f4607de90e2d5a1,70724489,0x4c218629c66d5b3a440da78e70eaa15cc65a42bf,2025-10-22 10:42:05,0xf3d1f34a1d3b078593d73acc284154ad499418e4,N/A,5000.169993165599
0x008fb628f01d198089a7b9df5380b716f76f25e66aa3e2784fe8b4f9ef6c262c,70724479,0xa294cca691e4c83b1fc0c8d63d9a3eef0a196de1,2025-10-22 10:42:24,0x4c218629c66d5b3a440da78e70eaa15cc65a42bf,N/A,5000.17
0xe6966c76d8632a158b25bddbae35597b75cac3abe4d4d961b14fb276c9b2250b,70724713,0x7fa0d5e4eb04fe1445e9df161d195f213ac3730a,2025-10-22 10:43:52,0xe4c13d0024162082fd11461ca737e1ba71772c60,N/A,4156.0
0x8bdf7702dfef9d2d9eae14f6edc3808d9ef131207bee61d058255d95587ff15e,70724729,0xf3d1f34a1d3b078593d73acc284154ad499418e4,2025-10-22 10:44:36,0xe4c13d0024162082fd11461ca737e1ba71772c60,N/A,5077.0
0xcbb0f7e201a158d00b5b7d175a14e2e3c9b0e1a7ebe5a361ae2427d72bbf1d29,70724628,0xb0a27099582833c0cb8c7a0565759ff145113d64,2025-10-22 10:46:53,0xf3d1f34a1d3b078593d73acc284154ad499418e4,N/A,5077.0
0x35077ae6197bb42e4982472a07082f95b0a22b48c7fa8441840a1fb80d2a687b,70724628,0xd170b23974c0ac399fe8cd6df5f491856f807245,2025-10-22 10:46:53,0x7fa0d5e4eb04fe1445e9df161d195f213ac3730a,N/A,4156.0
0x1c9918156091581359e6e7a113d27563e5569ce3ea7a2a63af01d07ff251819e,70726261,0xa1f9c05b46ac95d0113b29a16d6d39626e3805ec,2025-10-22 11:26:07,0xefdc8fc1145ea88e3f5698ee7b7b432f083b4246,N/A,5261.40438630807
0x9443113e643b4a9d7e8628fe15ac325da6e88c45a372d97f842b0ed80b557335,70726261,0xa8861d86cb1f07e2c153450f1c9bbca5634771bf,2025-10-22 11:26:07,0xefdc8fc1145ea88e3f5698ee7b7b432f083b4246,N/A,9166.999852928071
0x3daeac1e009b136e9e6b93efadb09149e48c2d34a55882176b2c09d6cc2650fe,70726742,0x978b21a854dbefcd6d51dfd269875d158046240b,2025-10-22 11:37:44,0xaeaf3765da05e57265ffca4be6020938938e2115,N/A,4275.212606890001
0x8e8653c738733fb81a2b223632fb2c686a2ca16d836d12522cfd2b443a243949,70727766,0x7dafba1d69f6c01ae7567ffd7b046ca03b706f83,2025-10-22 12:04:54,0xb39999a0f98dd2fc4f000b0920836aadc546d63c,SELL,56383.51989557
0x64d428ef38392e731285777343d31fbeb6d56580e1fcad333228d108bc217874,70727729,0xd2dd7b597fd2435b6db61ddf48544fd931e6869f,2025-10-22 12:05:30,0xb39999a0f98dd2fc4f000b0920836aadc546d63c,N/A,4377.06777088
0xcf1f0d668cd855a3f157ae3cc3350c5df72b2da943d3d49cb365a36cedef198a,70727603,0xb033a3844ce4bfe19c09af89913c6f5b4cdfe0e1,2025-10-22 12:06:11,0x9f8c163cba728e99993abe7495f06c0a3c8ac8b9,N/A,7099.992
0x39e23c00cd49e41b438d5f36574c3d7cdfd3c59128a57309f0a6658b946d7651,70727654,0xb39999a0f98dd2fc4f000b0920836aadc546d63c,2025-10-22 12:06:33,0xcc282e2004428939ee5149a9e7872f0b4d5d5ec7,N/A,3154.72508788
0x227ab23f77db2b9c8b5db5c3f0a87a4a86cb63c1aa982fb545e7e50396567eb8,70728514,0x2b60d59e76c46ea6fc267d23829ae9fce7a8114e,2025-10-22 12:25:08,0x9f8c163cba728e99993abe7495f06c0a3c8ac8b9,N/A,3999.99999807926
0x26c4a6297ddf2b0661528dd740f8ee6f58dadb1598e3744220ccf4d206ed091d,70728397,0x9ec1f2b052b4534b387c73c69b3e87324c1c7b21,2025-10-22 12:27:06,0x2b60d59e76c46ea6fc267d23829ae9fce7a8114e,N/A,4000.0
0x90b84890997f79171899d7cc3874b3f10f648f41c9e07c96968e60f8170f4c10,70728696,0x17de2782ebe23fd8f3232e42344079f97d04f686,2025-10-22 12:29:04,0x0a7e3e04fb45af4233a27bcf23f2c94f5babcf39,N/A,14999.999374081883
0x80394e44c4fbc4336bd81d7003235249bbc5c14eac8c650b1bafe5fce5b5a81a,70728682,0xe4c13d0024162082fd11461ca737e1ba71772c60,2025-10-22 12:29:36,0x2196c80571539c87e6d579130724168b180fdfba,N/A,29086.485163
0xaa991def51e773916230200e7372a92f1940154b4fc026537d5e0c0e8b9a9cb5,70728760,0x2196c80571539c87e6d579130724168b180fdfba,2025-10-22 12:32:53,0x9f8c163cba728e99993abe7495f06c0a3c8ac8b9,N/A,29086.477163
0xd317c52db752e2cca4a570b507c63c84c57e6a624b5cf40a4d64b416e718898f,70730261,0xbfce4afabea9502b7c29cebaf814f3e0e390080a,2025-10-22 13:15:02,0x31c011b0b8c2753af9c9e1aaf1358771ece952e4,N/A,99999.99999999999
0x2958b1185d6ed1111ee86ffab02505181eb35615d027b8842a9c2e21b44b7620,70732546,0x19d6f255df7341e835de0eac9d29f9e2b3124f15,2025-10-22 14:09:37,0xa9661b8f56db356f8206c7160e2f88cd4c37f584,N/A,13999.4
0x75546c24e8c2bcab956ae007b1e3015c00bfd3cdc0747ba7551fbf3d1ba015e3,70733302,0xf835925589ac11df66690b3aa343de649f38cd83,2025-10-22 14:32:11,0x5c0401e81bc07ca70fad469b451682c0d747ef1c,N/A,3283.0000000000005
0xea16bfce4a4483e4c2eaa15e768b48c4be3506f97d0cc1fd5c16b7bbe701d34b,70733264,0xa9661b8f56db356f8206c7160e2f88cd4c37f584,2025-10-22 14:33:39,0x112c5698e6ce9ab30ad4654de9005c2481f3e333,N/A,13999.999960368885
0x5894e24698fa8b9cfa3b1d2830ca3ec1eac1c0bf863eb45dd15e04d59783f406,70733259,0xcddc5d0ebeb71a08fff26909aa6c0d4e256b4fe1,2025-10-22 14:34:11,0x98adef6f2ac8572ec48965509d69a8dd5e8bba9d,N/A,6733.567076
0x539d34379184a27edd52e4f178377ef783383e11e7135f9c4112018ef23a0ee9,70733359,0x112c5698e6ce9ab30ad4654de9005c2481f3e333,2025-10-22 14:35:10,0x9f8c163cba728e99993abe7495f06c0a3c8ac8b9,N/A,13999.999886203803
0xc6449b94a96c8ff1cf448e7b6d68dd2965a4f29da6616bb14ee6c41917888047,70734371,0x83a3da6ecf48d8d743b39444f76d3dd28af1bd88,2025-10-22 14:56:31,0x14e51143b3a5de4b4ec392680010e170c458ecc8,N/A,10575.0
0xb3b04e44790cc793f229dce694facb370f571b67af3699d817328e5549b3d323,70734544,0x3bce63c6c9abf7a47f52c9a3a7950867700b0158,2025-10-22 15:02:48,0xe4cba45fa12473fdcefdbd7ada8174d1f4a3ce8f,N/A,9026.0
0xded0700c61c57c8719d4c37d462297109905244d3c0de9ebe4268b7ea7a8e309,70735285,0xf835925589ac11df66690b3aa343de649f38cd83,2025-10-22 15:19:17,0x5c0401e81bc07ca70fad469b451682c0d747ef1c,N/A,3500.0
0x357ecbe936ad264ac6b1f291cb5f3df5788e33f336c570569dc566684999886a,70735282,0x9f8c163cba728e99993abe7495f06c0a3c8ac8b9,2025-10-22 15:19:22,0xe4cba45fa12473fdcefdbd7ada8174d1f4a3ce8f,N/A,9127.0
0xf2b9507bc42583e5449a685066b709edc15e988fb75fbdfa9f40857bb7f0998f,70735355,0xe4cba45fa12473fdcefdbd7ada8174d1f4a3ce8f,2025-10-22 15:26:12,0xb624219480543c54603fb6b07d5eb347e51bffe0,N/A,9126.999975538836
0x2e7cf0b0614df447a875ec693fe1190685e8d6946a3819e4e0f145cbe167b5b3,70735678,0x7ccad98b1329a13ccfe0292030c0e22bdd61821c,2025-10-22 15:30:45,0x18556da13313f3532c54711497a8fedac273220e,N/A,4479.0
0xc7adfb8983757b08c0abe6c079624425076cd0371efaf440109dbefb9b090b0b,70736238,0xeae7380dd4cef6fbd1144f49e4d1e6964258a4f4,2025-10-22 15:47:56,0x9f8c163cba728e99993abe7495f06c0a3c8ac8b9,N/A,25177.99999443073
0x976925539b4d02fef96e22abcf91b4bb4e8455ab2e14c53b902d2ca7661fa62f,70736215,0xf835925589ac11df66690b3aa343de649f38cd83,2025-10-22 15:48:51,0xb31f66aa3c1e785363f0875a1b74e27b85fd66c7,N/A,3000.0
0x98b14c6ad09e0b24c0e35b956403eb79962b59b15b2d5029af65d51e00b36618,70736601,0xfd9238dcd679316c6a95c08490e049fcaa9c979e,2025-10-22 15:55:47,0x7aad7840f119f3876ee3569e488c7c4135f695fa,N/A,5151.9994750000005
0x616e93b074c6d5ea670d0ad060e25e9584c2b475a58491fff1aeee6813e54113,70737177,0xcddc5d0ebeb71a08fff26909aa6c0d4e256b4fe1,2025-10-22 16:11:10,0xe4cba45fa12473fdcefdbd7ada8174d1f4a3ce8f,N/A,9034.0
0x52d1b1b208966715c917c05683564dddbebb0298d56e9910e1ee9ae8f0a3981d,70737407,0xf835925589ac11df66690b3aa343de649f38cd83,2025-10-22 16:16:07,0x5c0401e81bc07ca70fad469b451682c0d747ef1c,N/A,3496.9999999999995
0xe32c84e773bc85de1273db4c31a577c04b9523e66e96a26d646b0563553a2dfa,70737401,0x187b2d576ba7ec2141c180a96edd0f202492f36b,2025-10-22 16:16:32,0x841ed663f2636863d40be4ee76243377dff13a34,N/A,13897.9084
0xc3eba35daf40a372cacf4d1b0f3c3e04afbbd8634386319177316c42788fb23c,70737621,0x0a7e3e04fb45af4233a27bcf23f2c94f5babcf39,2025-10-22 16:25:13,0xeae7380dd4cef6fbd1144f49e4d1e6964258a4f4,N/A,4191.996
0xbd91cf6ac238fbaef96e62742dd300f16df5d8f50157703656fa0f717bb6f69a,70737601,0x7aad7840f119f3876ee3569e488c7c4135f695fa,2025-10-22 16:26:17,0x187b2d576ba7ec2141c180a96edd0f202492f36b,N/A,9900.000000000002
0x01fdc0f7ea6c76b2f95965de244de474d89b6eff0b6d59ccda9d191bd184afd1,70737981,0xeae7380dd4cef6fbd1144f49e4d1e6964258a4f4,2025-10-22 16:30:50,0x9f8c163cba728e99993abe7495f06c0a3c8ac8b9,N/A,4191.995974535514
0x7b4ddfd28ff4e76595c6a2f265be58a455fba6f903bff60cb175774d4001e1c0,70737971,0x7aad7840f119f3876ee3569e488c7c4135f695fa,2025-10-22 16:30:54,0x187b2d576ba7ec2141c180a96edd0f202492f36b,N/A,8340.0
0x5acb148b2b763e84bc736d2a766c19a80028b343c39f041e05b687258d77ee6e,70738705,0xaba2d404c5c41da5964453a368aff2604ae80a14,2025-10-22 16:53:02,0x2d880ccc788aaa6dbdeaad3b585f8c533c6be54c,N/A,3508.416
0x09ec82d49be5aa120c6fe317eef6ec761889054e96e6ace28bfac414c623f7a8,70738856,0xf835925589ac11df66690b3aa343de649f38cd83,2025-10-22 17:02:12,0x5c0401e81bc07ca70fad469b451682c0d747ef1c,N/A,3500.0
0xcd49315e73feef3cdc13bdb1e0676988e07f3ac272cf49d5daeb14635845d5c4,70739230,0x841ed663f2636863d40be4ee76243377dff13a34,2025-10-22 17:04:43,0x18ec285a48499a67a35bf38ecfa17542e94c603a,N/A,3317.7963999999997
0xd032ba269c548db69296f49e3b4345f988d2239aa06b3c948f631f48fd5f9423,70739590,0xa29e963992597b21bcdcaa969d571984869c4ff5,2025-10-22 17:14:12,0xc333e80ef2dec2805f239e3f1e810612d294f771,N/A,11000.0
0xde4a9181000bb3f5b9da93ed02afe1b84916053dd9d38a07b0ff83571644c155,70739584,0x66e092fd00c4e4eb5bd20f5392c1902d738ae7bc,2025-10-22 17:14:14,0xc333e80ef2dec2805f239e3f1e810612d294f771,N/A,4900.0
0xf8f65223c665c6b5ac51bde6d28747a0a454191d543a5c0421ee298faa0abe55,70739557,0x6d8be5cdf0d7dee1f04e25fd70b001ae3b907824,2025-10-22 17:14:24,0x2d880ccc788aaa6dbdeaad3b585f8c533c6be54c,N/A,3799.996
0x8c77985d119dc7ab724fe35c151865ee44058b11118257973e4cf94607a08496,70739921,0x2d880ccc788aaa6dbdeaad3b585f8c533c6be54c,2025-10-22 17:23:23,0xd11fda801668eb69faf3b10c4816e36e4145b522,N/A,7565.3032
0x40534e4be86086b9d7b8f921486d997c16a3495fb9c7fbc4cd4392e17c33f97e,70739761,0x18ec285a48499a67a35bf38ecfa17542e94c603a,2025-10-22 17:24:25,0xf8191d98ae98d2f7abdfb63a9b0b812b93c873aa,N/A,3317.7963999999997
0x9a4d847dee3bf3c7d8ff9c105ed8c36cebe57706725695c2c742e51fb898bc9b,70741276,0x28cc933fecf280e720299b1258e8680355d8841f,2025-10-22 17:57:20,0x394fcaa2b7f2c8a18267a0e32253ea7665a654bd,N/A,3130.6484693650873
0xf1cc751d2ccdbceb6e95638c78fda8c02451a1f36a884532f53cd6bdce11d1e1,70742296,0x20840b20f1eee3b7b225866dc2e0d669cc2553fb,2025-10-22 18:24:55,0xd34cd00c0b51b56ecf2dc93569bdebb87b0e0f85,N/A,15950.300000000001
0x5d17a155174d4cffc9d2051e878da9d8637c3cfaa55c17b49fe4088782467ee7,70743376,0x81839550e3760123a0e656e411e9a56937d4c706,2025-10-22 18:52:29,0x1d67bd4503ad0639beeb843890a6a90bd74e6ed1,N/A,198082.77582269514
0xa074c44d601b9ea5d3a9c5aa6b8082b77b37609c75e0279f9ac2b2d692c3bbe1,70744753,0x841ed663f2636863d40be4ee76243377dff13a34,2025-10-22 19:29:25,0x1887fa9edadeab7562b01cc3f4fa246ace2c3cdd,N/A,40000.0
0xaf9e40a351dccce20430308937bbb0ed53c7402d3fb1e367ef80382e4be2b18f,70745863,0x1d67bd4503ad0639beeb843890a6a90bd74e6ed1,2025-10-22 19:56:09,0xbfa8279035263006def2ad732e3e3fcc4f5d1c60,N/A,199999.99999999997
0x3b967fe9c4fbf21054b182acd4efe21702e9c1eb3552dc5a60800e2c011d1be9,70745857,0x38a104394031dae9f632babfaabf2fc9a80aff49,2025-10-22 19:56:11,0x1d67bd4503ad0639beeb843890a6a90bd74e6ed1,N/A,204418.53460821594
0x82fbf6b76826f38c2bac511e7ec513648b9e57b79217e5f84c35ab9ef084aaa8,70745779,0x4a4e859565d9b563afc8e63641542455cff0dfd2,2025-10-22 19:56:45,0xeae7380dd4cef6fbd1144f49e4d1e6964258a4f4,N/A,6677.99997383
0xc5977b6626baccee89523d42ff2d12917afb0ad148a2dc8574a06d2afc9fd07d,70746041,0x60c6806923000900e4bdb69cb2428b69e88a1081,2025-10-22 20:04:58,0x5a787712aa86da60b9ba3c607b65812b57fcdec8,N/A,4170.0
0x0ba054945ddda043d115356f1e4917ca0a9a3ae3c3fa37e045d18a9d4af0281f,70746036,0xeae7380dd4cef6fbd1144f49e4d1e6964258a4f4,2025-10-22 20:05:05,0x9f8c163cba728e99993abe7495f06c0a3c8ac8b9,N/A,6677.99994636639
0x7fcb917e65c022d166adc8971cc077e93afcdb7a8bddbfc826eeb713b3041d32,70746068,0xd24400ae8bfebb18ca49be86258a3c749cf46853,2025-10-22 20:05:52,0xa294cca691e4c83b1fc0c8d63d9a3eef0a196de1,N/A,6213.6499066100005
0xeddf912914e1ca7f7c57ed2df6a2e37f708084de9c6321d3cbf1766fe278c66b,70746065,0xe2cf7c0ac165c76000ab5f5ac26ce53ebe6cfc49,2025-10-22 20:05:53,0x45a62b090df48243f12a21897e7ed91863e2c86b,N/A,3350.0
0x13315f0c0daaa5a773bc02edaa321969059bc6fc2236ac1159aaadcb6fa132dd,70746000,0x1d67bd4503ad0639beeb843890a6a90bd74e6ed1,2025-10-22 20:06:00,0xfaadfcbbfeb6a2ea49d2229e88c2a4634926b2cc,N/A,4379.7662729549365
0x6a1fdb1cacecaf14863d1d1bf25a285726c9b9fdffe06fd7f7816ecbd19bf302,70746858,0xeae7380dd4cef6fbd1144f49e4d1e6964258a4f4,2025-10-22 20:23:26,0x9f8c163cba728e99993abe7495f06c0a3c8ac8b9,N/A,5224.849900000025
0x81e79d54631d5f7a089ab082c1d659e9552ff8efb5175ea628f8d1ae6b375cdc,70747098,0x495fed48924c081ad462430c4e723114b17ced8a,2025-10-22 20:31:51,0xe950fd25c2978de1c8d2a9ddb61e9c0214cb99f6,N/A,100464.37113332507
0x90144ef656b8635c971d84853f13a70f92e5f85b67fcba3218cb2577b0a5b9ce,70747118,0xe950fd25c2978de1c8d2a9ddb61e9c0214cb99f6,2025-10-22 20:33:11,0x9f8c163cba728e99993abe7495f06c0a3c8ac8b9,N/A,100464.36313332508
0x90df749db3c10fe2d6d155321c4426ba1b9cb5af85e7415bf7c983e23dbc9086,70748241,0xeae7380dd4cef6fbd1144f49e4d1e6964258a4f4,2025-10-22 21:01:11,0x9f8c163cba728e99993abe7495f06c0a3c8ac8b9,N/A,8500.999956891808
0x274f191a75a25121afd41e2104f735f2d3aa07e61ef6872392fa9b8d785fd6bb,70748241,0xc51295cee238b2807691fedbd1fecff0a2f0e974,2025-10-22 21:01:11,0x9f8c163cba728e99993abe7495f06c0a3c8ac8b9,N/A,4409.387484546429
0x9eb229e17d24f74e2c1fbb94e73a5942362727e014cee0fb17f6626e3d33e82b,70748174,0x4baccc7be3ba3de5d7f973775f1714acc45aa5f8,2025-10-22 21:01:40,0xc51295cee238b2807691fedbd1fecff0a2f0e974,N/A,4408.3954845464295
0x578ff6626a482d3d48dd5d5b3b876779529b506ff2ac16263f6116e49348bd56,70748460,0xb39999a0f98dd2fc4f000b0920836aadc546d63c,2025-10-22 21:12:06,0xeae7380dd4cef6fbd1144f49e4d1e6964258a4f4,N/A,3047.95
0x95187a3c055b8e8d0bbfbdf1791804433af3d353ba84f990ba4464890618485d,70748882,0xeae7380dd4cef6fbd1144f49e4d1e6964258a4f4,2025-10-22 21:19:13,0x9f8c163cba728e99993abe7495f06c0a3c8ac8b9,N/A,8563.871485501377
0xd4bde4f1a4f8e23f9172da8e83166c6e83157f4a0a268306a19917aee520f367,70749185,0xaba2d404c5c41da5964453a368aff2604ae80a14,2025-10-22 21:28:24,0xf8191d98ae98d2f7abdfb63a9b0b812b93c873aa,N/A,22646.0
0xcfbf49d09301bbc6779a3c97e03c061c4178097309cd298dd95eca5812d34fea,70749535,0x9f8c163cba728e99993abe7495f06c0a3c8ac8b9,2025-10-22 21:39:33,0xf2ec4e03b522029e6747a9fb877a7a1b65491ba7,N/A,7990.796
0x2985a9c7e836e60e69d9f5ef2d05ed1c9206f07ffa5643df78fdce209da8e9e0,70751593,0xb334a61a6209f14b5fa5f1684a4ed7621f66e1ef,2025-10-22 22:31:43,0x76ec5a0d3632b2133d9f1980903305b62678fbd3,N/A,13427.998209809999
0xa9f39345329bbbdf6f0dd17501cfa1e76bca534c5363d1d0ecc5dcbba0b28deb,70753001,0x9c69aabe81582b2d329b9d61eb9e9e2d9bf51d9e,2025-10-22 23:08:46,0x0a7e3e04fb45af4233a27bcf23f2c94f5babcf39,N/A,4299.999277408278
0x4158ce55688bcae345b994b9a2b08747236fb97f5d78b43fe33a096b4db76a3e,70753962,0x45357de6012417b53877756b45501beff23201b9,2025-10-22 23:35:46,0x5c0401e81bc07ca70fad469b451682c0d747ef1c,N/A,5518.000000000001
0x55fcbb13f0692c401512a2cb1482e2434fc3677594452bc599c261287e608663,70753947,0xf8191d98ae98d2f7abdfb63a9b0b812b93c873aa,2025-10-22 23:36:22,0xe401a6a38024d8f5ab88f1b08cad476ccaca45e8,N/A,5515.0
0x963732d323474ab4af056a27bae35d7570e1c6ddf44b42680a07bc5205a64b5c,70753904,0xcddc5d0ebeb71a08fff26909aa6c0d4e256b4fe1,2025-10-22 23:37:34,0xf2ec4e03b522029e6747a9fb877a7a1b65491ba7,N/A,7536.096
0x70459175a4e735573f46625b3062ba8008a76b1e44dfe09cb7f308c0f6bf761b,70754702,0xe401a6a38024d8f5ab88f1b08cad476ccaca45e8,2025-10-23 00:03:37,0x0a7e3e04fb45af4233a27bcf23f2c94f5babcf39,N/A,5514.999253409453
0x62e18819096d33584dce81e7b8eb0d5505b104635b98fa669ae1df4bdf3d3b25,70756191,0xe401a6a38024d8f5ab88f1b08cad476ccaca45e8,2025-10-23 00:39:58,0x0a7e3e04fb45af4233a27bcf23f2c94f5babcf39,N/A,5525.999364770183
0xca03d29d842209e18586b9f50ec34b40de4be6906b18435aa92262305926d61d,70758733,0x5ef268b36f4d0f2089bd23402410cf698dfb9b89,2025-10-23 01:50:40,0xf75584ef6673ad213a685a1b58cc0330b8ea22cf,N/A,22000.0
0x0be79e9d0d3ba23558afa32817ba943c5c9b22d6aa7e48cbfc94c1ad4945c1e1,70758792,0xe401a6a38024d8f5ab88f1b08cad476ccaca45e8,2025-10-23 01:55:53,0x0a7e3e04fb45af4233a27bcf23f2c94f5babcf39,N/A,4705.999357381442
0x67e0dfb1f5faf37a34954486b9241ca54bbef90dfb0b04525fb2448d5a87293c,70759379,0x3bce63c6c9abf7a47f52c9a3a7950867700b0158,2025-10-23 02:08:42,0xe31deacee1770dfa56f8849724bcb7f8e5f76ef2,N/A,7013.996
0x19a4d0c10543ae11fa8ae79235bf68e4ae071edf6f8d5ded174d7bc1f1c93892,70759592,0xe31deacee1770dfa56f8849724bcb7f8e5f76ef2,2025-10-23 02:18:23,0x04e1dee021cd12bba022a72806441b43d8212fec,N/A,6996.098996024914
0x18b57d1c30bfe7105fd19f11e94931bb3b9bb7aaadb727300b4ff2b72ecac46b,70761409,0xbb3c6d28def21b6297016622a57a0b05015e3ad2,2025-10-23 03:12:33,0x53cd82901c0818deb2b58158854a7324c2d30e6d,N/A,6185.0
0xab7246660174864d5e206049c637aa0cd0b5ba34ebba75df5d87be1cfec125c8,70761409,0xb0a27099582833c0cb8c7a0565759ff145113d64,2025-10-23 03:12:33,0xf3d1f34a1d3b078593d73acc284154ad499418e4,N/A,33394.0
0x014f186f1d533e70f9444e5999538bf47a90d707366515643ad516a02a172eb7,70761725,0xe4c13d0024162082fd11461ca737e1ba71772c60,2025-10-23 03:21:22,0x7fa0d5e4eb04fe1445e9df161d195f213ac3730a,N/A,3756.11273
0x057e3cb79185400e224be69213ff09304dd469270ea151444633c29967e8138c,70763392,0x35c7415168ceb3a9e6badb1174410244dac5b226,2025-10-23 04:16:05,0x9f8c163cba728e99993abe7495f06c0a3c8ac8b9,N/A,8520.398894080727
0x7d3c91989f0ce47fc1c951602d806461a7a84ce9fd8b3df4f1eeeb26dd12af22,70763733,0xeae7380dd4cef6fbd1144f49e4d1e6964258a4f4,2025-10-23 04:25:03,0x9f8c163cba728e99993abe7495f06c0a3c8ac8b9,N/A,5479.99597237912
0xa48b1063342fcc9f4ed7132d5958600986fd017a31023eaa1fd0f1b09429a6e8,70764648,0x0f9ef41f81b763083b29460cfb788843e7dd993c,2025-10-23 04:52:41,0x2825ce5921538d17cc15ae00a8b24ff759c6cdae,N/A,6390.600338222646
0x6d13733348b6a4ae21245146d7876157c369dec459aeac77ace566df56a74b7a,70767310,0xeae7380dd4cef6fbd1144f49e4d1e6964258a4f4,2025-10-23 06:14:40,0x9f8c163cba728e99993abe7495f06c0a3c8ac8b9,N/A,5413.995988576517
0xc0eced9fdbf6f9d9dac2d15506efd69b22412b16227c2f9b091e78142d36512e,70767696,0xeae7380dd4cef6fbd1144f49e4d1e6964258a4f4,2025-10-23 06:23:30,0x9f8c163cba728e99993abe7495f06c0a3c8ac8b9,N/A,8983.999972695132
0x295ddff9b328568508966307b09b675fb0a5ec9bd9f1149866c5ad284c8c7e6e,70767691,0x35c7415168ceb3a9e6badb1174410244dac5b226,2025-10-23 06:23:32,0x9f8c163cba728e99993abe7495f06c0a3c8ac8b9,N/A,9397.899990264585
0xf53062760450a7ccaaa66140c386dbde541ac6917c283debfad8a9705e0038fb,70767641,0x6455327f820edd69c4cd665b995e0fec679d7f9e,2025-10-23 06:23:50,0x0d0707963952f2fba59dd06f2b425ace40b492fe,N/A,11153.949923786364
0x824563ffe4c8477bb81eec0e5b082af4c9fea1641322dd4f87f5ca407357c5d8,70767621,0x61bfe6cc193d3fe22e54c5ea7ca114f9486bcf3f,2025-10-23 06:23:57,0x0d0707963952f2fba59dd06f2b425ace40b492fe,N/A,52365.99364388051
0x2a808976d03020b9d09412251fcefca05ac7d3baa4fa5a96ed6ca8ffa2a86f3c,70767970,0x69c1d9812251f5e48bc183def09d5bf85bf0db1d,2025-10-23 06:32:55,0x9f8c163cba728e99993abe7495f06c0a3c8ac8b9,N/A,3499.9987666598427
0xd3c26542ad3c4c0d5592811d0fe40362e3672a7c315ac3a831108bf737e50013,70769731,0x4e75e27e5aa74f0c7a9d4897dc10ef651f3a3995,2025-10-23 07:18:08,0xaca50a3a37d6f2ba49a9f9e3be949c342ac4b8a7,N/A,5184.1993999999995
0x8d4d4b329400d47277ecd3312a8b2c908cbfdf6e1d1f13577e0de4ea828360de,70769696,0xa23ee5c4a635ad9efa25c027f1219e0e5d760bd2,2025-10-23 07:18:22,0xb300000b72deaeb607a12d5f54773d1c19c7028d,N/A,12000.0
0x5adfe52951b3589d1d2420b9525eb65ffb2b5f12aed44312096828eeed8322b0,70769672,0x978b21a854dbefcd6d51dfd269875d158046240b,2025-10-23 07:18:32,0xa23ee5c4a635ad9efa25c027f1219e0e5d760bd2,N/A,11999.996
0x3e717b135ed7e8d5ce714a969a33b4540d102b5882f83a5ab52dce003250fada,70770276,0x83a3da6ecf48d8d743b39444f76d3dd28af1bd88,2025-10-23 07:36:36,0x14e51143b3a5de4b4ec392680010e170c458ecc8,N/A,4400.0
0x2e37276f9caa882afe90db9677cae6e4a1a12cb156361624cca4d5904711dd32,70771947,0x0a7e3e04fb45af4233a27bcf23f2c94f5babcf39,2025-10-23 08:21:21,0xeae7380dd4cef6fbd1144f49e4d1e6964258a4f4,N/A,5435.995999999999
0x8e9d892ec3637887d611c1d40acb191ed3546f2e80688b9f7721ad623f65f3a4,70772268,0xeae7380dd4cef6fbd1144f49e4d1e6964258a4f4,2025-10-23 08:30:24,0x9f8c163cba728e99993abe7495f06c0a3c8ac8b9,N/A,5435.995979224636
0xe4f886503466bcbf3571886b3483793a600cfbd61648091821ac2a5a60526e26,70776197,0xd2c4470ea92cab643aba9c6834895066d4a871cb,2025-10-23 10:20:24,0xffb3118124cdaebd9095fa9a479895042018cac2,N/A,6999.995895
0xf5c6394bfa57b8029254061d2131ff7df1dc2e40ae89c62b366583c450531d1d,70778093,0x0b0f7ebf967146566799229394171fc47f1a765a,2025-10-23 11:14:37,0x71956a1cd5a4233177f7bf9a2d5778851e201934,N/A,3303.9388211762803
0x36ba71f5e5b69e5ae2243b068cbb9cdea9fa616a91c5dfa0e58965b399f160e7,70778060,0x37e78fc12bce74d757747a0c8ebff207107546f2,2025-10-23 11:14:51,0x0b0f7ebf967146566799229394171fc47f1a765a,N/A,3159.1228935069753
0xea1f36391551c0d59be30c82bafd5992d826cc33c00774b725f67ab207cde11c,70778033,0x20840b20f1eee3b7b225866dc2e0d669cc2553fb,2025-10-23 11:15:07,0x37e78fc12bce74d757747a0c8ebff207107546f2,N/A,3159.12292866
0xc4616a3c47100c8b3f296cf6f74cc6925defc7021a4a6029dbcca3e2f3de429d,70778674,0xbe76f864b5fbb7c91e198621b893558161559cab,2025-10-23 11:33:14,0x9f8c163cba728e99993abe7495f06c0a3c8ac8b9,N/A,24999.999991449884
0x42cf29ab9eb8d7332f3dcb3a0c8e303d1c2e23ebdd04debea15856f553c1ff15,70779633,0xb5da2e2c2c8c142c7ffc2ae0bee9272445a92980,2025-10-23 12:00:17,0xe7a3359c2b7623f5c66ecf67626b943a3c2504e4,N/A,99999.99999999999
0xda90d67870b82a555037d68e07c4c22555e7a09429770b61802d5ba71165ac48,70781339,0x0be386e95f72f1c9bb9deaae223c2589e2907439,2025-10-23 12:45:06,0x06576a2e403ab922e4965b2bf572f32a5e08a05c,N/A,3395.0145025099996
0xc7ba4e6f2776d5c277492ec4bc9a8940ca5937625a27203d95eaedaa06450190,70784767,0xeae7380dd4cef6fbd1144f49e4d1e6964258a4f4,2025-10-23 14:15:41,0x9f8c163cba728e99993abe7495f06c0a3c8ac8b9,N/A,3882.9959743044565
0x0d72ec1ed3f4c7ce2e6257ce4d16c9cd2b4677fc91ba70be283007edbaf82ded,70785480,0x8af8485e1f178be06386cd3877fde20626e0284f,2025-10-23 14:34:05,0xb361495f002a49bf515f0a1fa4b0f4f941c1144a,N/A,13539.883004856774
0xb0cbc9deb840e1f7388fd603ae2272fc07050d385405985888ada9e4e6a6d61f,70785919,0x1d67bd4503ad0639beeb843890a6a90bd74e6ed1,2025-10-23 14:42:58,0xf1687726efe81739d3cb23ebcfd870a6e6088f3c,N/A,99999.99999999999
0x2111a403ead1fffaeaffc3f05cc370904d5bd4037dfc7454d261c5546ee88157,70785908,0xa51e365306031bbc7f175efa6538c54efb71619b,2025-10-23 14:43:03,0x1d67bd4503ad0639beeb843890a6a90bd74e6ed1,N/A,204418.53463164315
0x8d5c7df58a2b07808e06a34c51fb6763a6a09a691d310f592fa202fe697932f8,70786045,0x1d67bd4503ad0639beeb843890a6a90bd74e6ed1,2025-10-23 14:47:02,0xfaadfcbbfeb6a2ea49d2229e88c2a4634926b2cc,N/A,61945.3237908556
0xd47693a71fb83a9b246c7273bb6d1a357fe90755d362628942ae5566a7bd41a6,70786519,0x401d639e0542e06f0d6f2ec51c63c5e84fb13881,2025-10-23 15:01:47,0x9f8c163cba728e99993abe7495f06c0a3c8ac8b9,N/A,5147.808133712403
0x17e44b8bb3f9216a82064432ab98af5a03f036445104042622f2898df853c7d1,70786483,0x08fbf81e852ab031c91d694ba48496ea76709f2c,2025-10-23 15:02:02,0x401d639e0542e06f0d6f2ec51c63c5e84fb13881,N/A,5147.816133712403
0xd4691b41851224fb58cd9ba8c55ae0959bb0d5c1f1cbcb7fc5e107015315b944,70788166,0x35c7415168ceb3a9e6badb1174410244dac5b226,2025-10-23 15:46:38,0x9f8c163cba728e99993abe7495f06c0a3c8ac8b9,N/A,10145.699983192742
0x9d109cc0d7c2f2a00437e2d3c4d13c8982bd1d6f4b9a0806c853d86e6cf4a3f4,70788165,0x69c1d9812251f5e48bc183def09d5bf85bf0db1d,2025-10-23 15:46:42,0x9f8c163cba728e99993abe7495f06c0a3c8ac8b9,N/A,3499.999951103558
0x6efb1c0a667cbed591c89cb9472058ace6ea929c131ab0b2e2a0645b1eda489b,70788311,0x4c0ad502dab7aed3fd787d2332d4aca49eec77cd,2025-10-23 15:48:29,0x436f6186cd323abd8433bf1311389e561356b3b5,N/A,5099.6412372
0x192e6c15b1956a08d589fd144b1e1ed9937055b1e65c1b1a51fed791f6298f21,70788279,0x6d8be5cdf0d7dee1f04e25fd70b001ae3b907824,2025-10-23 15:48:42,0x4c0ad502dab7aed3fd787d2332d4aca49eec77cd,N/A,5099.64125
0x0029e78b1ea65437dd1a789e46e3ce4755bfe6985e5d37a31dded1feeb4bf4e4,70788642,0xf8191d98ae98d2f7abdfb63a9b0b812b93c873aa,2025-10-23 15:57:44,0x08d40ae3f7e37ad86de62df71abcd69b2ab09015,N/A,3012.50987
0x79b703e85171a03f1a970880336c1d264b5c3322894e0ebb89afee07df932f4f,70789385,0xc333e80ef2dec2805f239e3f1e810612d294f771,2025-10-23 16:15:52,0x66e092fd00c4e4eb5bd20f5392c1902d738ae7bc,N/A,15000.0
0x1dc70a9147a0ba5c4ff067f12faa0343f90dfaacaa900fada0ea316f0c77b34b,70789372,0xe1a0ddeb9b5b55e489977b438764e60e314e917c,2025-10-23 16:16:03,0xfd9238dcd679316c6a95c08490e049fcaa9c979e,N/A,8765.0
0xba46abdcf181b672b9d095e9f47ca98c8242d159415a965c8e537b87f125ff37,70789348,0xe4c13d0024162082fd11461ca737e1ba71772c60,2025-10-23 16:16:15,0xc333e80ef2dec2805f239e3f1e810612d294f771,N/A,15000.0
0xef004b2760b974564ddb2d58da77dd6f2728358e7ae0d0811d17feafee73d9a0,70789331,0xc598a53652c04815cf146e0dce7e375d8ce3b559,2025-10-23 16:16:22,0xb39999a0f98dd2fc4f000b0920836aadc546d63c,N/A,14999.999941926022
0x1c4f88a7e2897612da2bd4f2624b73aa844b517bc248cd812f25a139be7c8302,70789641,0xfd9238dcd679316c6a95c08490e049fcaa9c979e,2025-10-23 16:24:39,0x7aad7840f119f3876ee3569e488c7c4135f695fa,N/A,8764.999475
0xd25d1b748d2250209d0db7c4f8d2a21958e010822cb07c9332452e50d59361e7,70789705,0x1d3b1350026195670f8b228711977561fe3e6001,2025-10-23 16:25:31,0x18556da13313f3532c54711497a8fedac273220e,N/A,338400.0
0x40cf6678ff00abaa077a6a0d591129b7bb3d181212929389e066f954d823c771,70789571,0x8af8485e1f178be06386cd3877fde20626e0284f,2025-10-23 16:31:42,0xfc2b4cb16f025ada1a11f5575935d388dff8cdc3,N/A,6136.644889693682
0x7e3511d50ebdab00c3086a359936ea453a9cd8e00e6ce82adca5124329ea9387,70789564,0x4a4e859565d9b563afc8e63641542455cff0dfd2,2025-10-23 16:32:16,0x569b9e45adfd1ebf1361f7e7571238bea1faede8,N/A,4134.999596928484
0x06999d7d2b71c40aebc88664884d8a01a0710e9b7ddc9cf40e6380fecb7b1c28,70789564,0x3dd87411a3754deea8cc52c4cf57e2fc254924cc,2025-10-23 16:32:16,0x279d850fe2d536fbd9d9f97b5fbdad0cb180b409,N/A,3893.901848330255
0x93462a5707a780a19d659d87aab502709ecad5271d25d17bfaa067223e6e524b,70789564,0x7ed53f6e3de6b2b4156fa8e618506e60d8e65843,2025-10-23 16:32:16,0xb64c27596e8be05f4920c769dce87caa9af1bc98,N/A,4134.999596928484
0x6be29a926cc9aa563b2633969bc637c4ff9cd56f97d7b29df0aa7cf65dcdbdef,70790239,0x187b2d576ba7ec2141c180a96edd0f202492f36b,2025-10-23 16:41:01,0x841ed663f2636863d40be4ee76243377dff13a34,N/A,18896.010599999998
0xeeda2ccc1597de71e25da26d18651397654eaf11cf9305665bcdf839970c22da,70790231,0x7aad7840f119f3876ee3569e488c7c4135f695fa,2025-10-23 16:41:20,0x187b2d576ba7ec2141c180a96edd0f202492f36b,N/A,10200.0
0x4b4311c9feb499ba3bcc0cf0dfb7d4f5983d5529684d4bfe42389f68cefd6269,70790229,0x7aad7840f119f3876ee3569e488c7c4135f695fa,2025-10-23 16:41:23,0x187b2d576ba7ec2141c180a96edd0f202492f36b,N/A,10099.999999999998
0xd34dc8035b953312a888bdb855941fd955d192c3d1678d95855e145a4e54348c,70790809,0x66e092fd00c4e4eb5bd20f5392c1902d738ae7bc,2025-10-23 17:00:03,0x841ed663f2636863d40be4ee76243377dff13a34,N/A,14830.2858
0x04fb99eb824f882b6b531924c204a5866f12ea9fb4814474eca193e8fa306e4b,70791063,0xca11c106fc3911019edd2b509add0d8bd30af8f4,2025-10-23 17:02:19,0x0b4478e810d48b5882d4019d435a2f864bab4f39,N/A,6876.676998497811
0xaa382e7d118f1b42682307fdd159a48879fc30f0f86b74f812bc6f2d02f0c140,70791219,0x41a7f817bc60298073bb84af7cbd999c94cf402a,2025-10-23 17:14:14,0x3fd471fc4ba1496aa7b28f7b967613fd3324c44c,N/A,7881.432900000001
0x25342cd79f84e1d51963c9b438f3d701397223b546526647fce602a1929b3a02,70791693,0xbc4e3963a1d20bc2c165ba31ffaa43e0311f2b8e,2025-10-23 17:22:51,0xad6eaa735d9df3d7696fd03984379dae02ed8862,N/A,3788.1836
0xbf71410428b5abf56e2fb596dfccaa3ab524c9c39fb32ec3b41c5c830bb82e12,70792445,0x1e86f4234246b91b7c1c0741b4cdf8e09333b714,2025-10-23 17:44:31,0xf8191d98ae98d2f7abdfb63a9b0b812b93c873aa,N/A,4000.0
0x81c0515db1d2719ad22fad7903ebc94fbc9eaab150b934d600ca6cc103aacb74,70841368,0x8af8485e1f178be06386cd3877fde20626e0284f,2025-10-24 16:56:33,0xeae7380dd4cef6fbd1144f49e4d1e6964258a4f4,N/A,9089.99998728
0xe6809f540ff6651433c50f3e48800b5ba6026133a3ed6116576e26c199c8846c,70844417,0x8af8485e1f178be06386cd3877fde20626e0284f,2025-10-24 18:25:24,0xc333e80ef2dec2805f239e3f1e810612d294f771,N/A,14999.99998853
0xc600e3af759da308ecb15c50ee78feb66eb4386024b3fb680132f3f2304c9f54,70844381,0x679223eab9da16bdbf5b5d21a429a14c4f664cfa,2025-10-24 18:25:52,0xf8191d98ae98d2f7abdfb63a9b0b812b93c873aa,N/A,8379.67326
0x0b6346fca5b281ea2c68d0c3096b9b8f088f2029c1d0219ac5593e380dec7fa1,70844690,0xfed2399b20011af1fc985d5354f12cbc57ed48f9,2025-10-24 18:34:29,0x0639556f03714a74a5feeaf5736a4a64ff70d206,N/A,3061.816920744442
0x9dcb8fc32d6109677c297a73096373427bc9c07bf0ea2425c88fbe55a5dc984c,70844668,0x0a7e3e04fb45af4233a27bcf23f2c94f5babcf39,2025-10-24 18:34:40,0x06fd4ba7973a0d39a91734bbc35bc2bcaa99e3b0,N/A,3174.7961065
0xfd79f16782d7fbae2da51e2c8762c31990d471fa26eed756f6d34d5169a4f02c,70845551,0xd2c4470ea92cab643aba9c6834895066d4a871cb,2025-10-24 19:01:10,0xffb3118124cdaebd9095fa9a479895042018cac2,N/A,9999.995895
0x31c77888cd868b1624c5418bf295ed4ac7ac8e2f81eee5ccbcbfeaf89d99bf58,70845912,0xd1380a61e4df4339edd9672087e47ba2446bff74,2025-10-24 19:10:08,0x78c5b415b4a4896aa92b4d50b19309a62f5abb01,N/A,7759.661678718958
0x7e57d894741d4e19b1fc555c8835eeaf6b9718b780ba5ee3fd7d7074c665badf,70846243,0x333d323569a501800ddc9ac03e6bf5679edb12a8,2025-10-24 19:19:15,0x6a9a070b6b814ce7b4cd1da962a8ac69b996b12f,N/A,4514.569514107119
0xeab9dc4aba2b172c243fa9ec0ad911501129fc9f6ce6797de971b35111e57f85,70846841,0xf202d0bd984b5f6d70d826752b93f536b82886a4,2025-10-24 19:37:30,0xd78ded803b28a5a9c860c2cc7a4d84f611aa4ef8,N/A,15000.0
0x11e1f04cee2ccbe4744dbd1d443b2739b86bb1a1f83304ae60fee55b7e0ca3b5,70846815,0xf202d0bd984b5f6d70d826752b93f536b82886a4,2025-10-24 19:37:42,0x2825ce5921538d17cc15ae00a8b24ff759c6cdae,N/A,27500.0
0x7e050c410d747b38727c89138f953b0009dafdf8edb70656536fc6e8861a4622,70847533,0x3040a1304d94fa2be047fdbed9b6a682f76d9eef,2025-10-24 19:55:04,0xff3d558c7db17222f0fcaa9acfe53e406de45c5c,N/A,12499.999999999998
0x58120413c3e041f746369c78d2335ed37dbe1994ffebdf3c6d091e032f39dc96,70849451,0xf3d1f34a1d3b078593d73acc284154ad499418e4,2025-10-24 20:48:37,0xb0a27099582833c0cb8c7a0565759ff145113d64,N/A,52843.38
0xf5488e774ff37e146141849f999452d23bf747202839a2b59ee0e9074a41394d,70849426,0x7fa0d5e4eb04fe1445e9df161d195f213ac3730a,2025-10-24 20:49:13,0xd170b23974c0ac399fe8cd6df5f491856f807245,N/A,5314.92
0x687ba952aeab0385d29c10ee52ce5706a1487443f5dcefea75dfa554485d13b9,70849406,0xe4c13d0024162082fd11461ca737e1ba71772c60,2025-10-24 20:49:23,0x611f7bf868a6212f871e89f7e44684045ddfb09d,N/A,39688.71
0xdc4478cb71250196756418f63c9ae410a5ea23162ec8c1c0d02dde2e00203329,70857040,0x6d8be5cdf0d7dee1f04e25fd70b001ae3b907824,2025-10-25 00:35:55,0xf2ec4e03b522029e6747a9fb877a7a1b65491ba7,N/A,7826.196
0xc1c5b9d357069ebb7c1cfe01301c94f9026a9e746c801a4ef93ac5b0cdd2afb2,70858004,0xe4cba45fa12473fdcefdbd7ada8174d1f4a3ce8f,2025-10-25 01:02:32,0xb624219480543c54603fb6b07d5eb347e51bffe0,N/A,6815.999997048414
0xea932394d437192a4f282b6920811386309d393ee1b668d9f066a5edf34cc561,70858626,0x855ae16d39959ed604cb41a7d9fe5e1e3b0e3e40,2025-10-25 01:21:29,0x84783e425dbeb4bf6bc96ab27e07fd6edaf2d76e,N/A,18730.0
0x0cca3c0269e814a86fe8e1394c40185933320369aadeda668b549d30a161c12d,70864774,0x8af8485e1f178be06386cd3877fde20626e0284f,2025-10-25 04:32:23,0xb361495f002a49bf515f0a1fa4b0f4f941c1144a,N/A,76458.82388001058
0xe3407e906e69fbc21191568379f761e00a6fd6998dd594102bd9b41c2034ec47,70864746,0xc882b111a75c0c657fc507c04fbfcd2cc984f071,2025-10-25 04:33:37,0x0d0707963952f2fba59dd06f2b425ace40b492fe,N/A,51626.22612287042
0xa4af2745ad9d80ebe5cfbc3e8d3b7843c39086a612176abe6fdf4339106535a9,70866440,0x06fd4ba7973a0d39a91734bbc35bc2bcaa99e3b0,2025-10-25 05:27:16,0x9f8c163cba728e99993abe7495f06c0a3c8ac8b9,N/A,4981.4427677748245
0xd43fb6515a597732331fa19095e0df944d23b9237831bc04f54549a2ca0f8022,70869306,0xcddc5d0ebeb71a08fff26909aa6c0d4e256b4fe1,2025-10-25 06:56:02,0x549d835356d92983abb76e4cae639f7857963425,N/A,26776.996000000003
0x7363a7c50877d06535ec4a16de72a4c1bdb4485279cb6c34789b383d5f57be61,70869961,0xcddc5d0ebeb71a08fff26909aa6c0d4e256b4fe1,2025-10-25 07:15:27,0xe4cba45fa12473fdcefdbd7ada8174d1f4a3ce8f,N/A,9055.0
0x3928fdb91f2594860ee3377a7cb89e4cb84aaf2eeb0ece87f9b702816537db70,70872412,0xb242bc5e478afda68e18f16e201b3ff8f3814112,2025-10-25 08:29:01,0x6a000f20005980200259b80c5102003040001068,N/A,4820.0
0x5c86dc963e75e69e944f5a18c332e5202e40379b451afb2abdb89ac298d9c959,70872971,0x0a7e3e04fb45af4233a27bcf23f2c94f5babcf39,2025-10-25 08:47:42,0x06fd4ba7973a0d39a91734bbc35bc2bcaa99e3b0,N/A,3730.1360639900004
0xae5ca6d0ba3922d193617016019dbdf3f5716649a27a52a3e9db09ecacb7a5ca,70873216,0x06fd4ba7973a0d39a91734bbc35bc2bcaa99e3b0,2025-10-25 08:59:39,0x9f8c163cba728e99993abe7495f06c0a3c8ac8b9,N/A,3730.136039506209
0x9cf5cf47e7205110205ccac75f91642d04534c9f7fdcf48e3735a8ddf45903ec,70874128,0x9f8c163cba728e99993abe7495f06c0a3c8ac8b9,2025-10-25 09:25:59,0xe401a6a38024d8f5ab88f1b08cad476ccaca45e8,N/A,5408.0
0x9734a71fecb2401d9727943554b64431090b4cbb2d5e8980ee685197401ff03d,70874222,0x1b39983a1fa4c11d8ab39bb351c4ef1e599a0e40,2025-10-25 09:27:18,0x6131b5fae19ea4f9d964eac0408e4408b66337b5,N/A,5095.0
0x69409ed671ef1f26ed2f3176a117464b638eb1f56532a8ec19667250aeaf6f4e,70874883,0x0f9ef41f81b763083b29460cfb788843e7dd993c,2025-10-25 09:46:31,0x18556da13313f3532c54711497a8fedac273220e,N/A,9210.727739368293
0x87574f38b89c57f05ed89ab9ba6dc86e0a420eeacb088704db9d57a8de4eba14,70874839,0xc638fc731ffd77b17c486f5ae4a85d40ad9db4fc,2025-10-25 09:48:40,0x18556da13313f3532c54711497a8fedac273220e,N/A,5000.0
0xa425b50fffbb9487d5708a9b5b24e65729bca4f3650ffc4c488a11a80fdd39cd,70875893,0xc50b87f54e57b9282b4399e886deb004a98ed14f,2025-10-25 10:14:03,0xefdc8fc1145ea88e3f5698ee7b7b432f083b4246,N/A,5999.977680709989
0x1bf6ab623e777a3441dd47726f049defc6ae87145ad6c67fd6f1d37d3d1d8be2,70875892,0xa8861d86cb1f07e2c153450f1c9bbca5634771bf,2025-10-25 10:14:05,0xefdc8fc1145ea88e3f5698ee7b7b432f083b4246,N/A,8056.699880501591
0x3a5460c64974a37d9ac0d5a616602f7bef9b207adb3d2c3dea8f1d54ea7c0538,70878889,0xf3d1f34a1d3b078593d73acc284154ad499418e4,2025-10-25 11:43:51,0xe4c13d0024162082fd11461ca737e1ba71772c60,N/A,3923.0000000000005
0x9728250d906d4029df7db7a7a25d82b04bfb2b01abd774c1577070cb5c9f0436,70879098,0xe401a6a38024d8f5ab88f1b08cad476ccaca45e8,2025-10-25 11:55:39,0x0a7e3e04fb45af4233a27bcf23f2c94f5babcf39,N/A,3121.999365467851
0x76ad7bc372e24aabda2469eb03c5476f25bcf5eb1a324b516d3df912fea547e0,70881642,0x9f8c163cba728e99993abe7495f06c0a3c8ac8b9,2025-10-25 13:08:10,0xe401a6a38024d8f5ab88f1b08cad476ccaca45e8,N/A,5347.0
0x9db6ccde3d9917940a730791020003fd32d7a7640775b6728fc3ba12d8238bd6,70882043,0xe401a6a38024d8f5ab88f1b08cad476ccaca45e8,2025-10-25 13:16:48,0x0a7e3e04fb45af4233a27bcf23f2c94f5babcf39,N/A,5346.9993654689615
0x898f6345e3b56b287a5f81a3803d04c2fbf97294e7d2f576906ab69f8363f1ea,70883365,0xe4c13d0024162082fd11461ca737e1ba71772c60,2025-10-25 13:53:26,0xf3d1f34a1d3b078593d73acc284154ad499418e4,N/A,5758.000000000001
0x63ea66c29e0d716c42daa0081efea67fa1ecceebc0fd6fd5753b60c481fc9974,70884345,0xb39999a0f98dd2fc4f000b0920836aadc546d63c,2025-10-25 14:22:33,0xb36006ef32666dd5f21827b0e4a9da626d734ded,N/A,15000.0
0x293e30087ccaa72ca10948f9caefe4c8a3453c315523af75417c3ba212c5dba8,70893128,0x35c7415168ceb3a9e6badb1174410244dac5b226,2025-10-25 18:35:40,0x9f8c163cba728e99993abe7495f06c0a3c8ac8b9,N/A,9492.999981233326
0x6c7780a4b37d664ef0037aac0568a7951d0ae7fed09f2f2688926f5b0e869bc6,70893512,0x165b57353569216c6b3547caf002e05193cb2f8d,2025-10-25 18:44:16,0xc1712944c5a544ef1287d6959068eae6090b89aa,N/A,30723.536180379997
0xce24c81b393e73a4c86846667db07711dccad3dbbefcc1328c1332da06f64857,70893499,0x69c1d9812251f5e48bc183def09d5bf85bf0db1d,2025-10-25 18:44:21,0x9f8c163cba728e99993abe7495f06c0a3c8ac8b9,N/A,3498.999943057486
0xdbc3217a927deda14df9104eee29dddec0fb7bcfac19186286a193f1bbaec9d8,70897469,0xa77ff0e1c52f58363a53282624c7baa5fa91687d,2025-10-25 20:38:50,0x1f68053cd925d467852cfecf78bd836f33f0e4a1,N/A,3000.0
0x4076db430af907ac9c86fdb57f6b2ef22cc90c01d26f19b98c51fff5c20abd21,70899089,0x35c7415168ceb3a9e6badb1174410244dac5b226,2025-10-25 21:26:25,0x9f8c163cba728e99993abe7495f06c0a3c8ac8b9,N/A,9284.499982892252
0xf3732701397752792d1f0fe96ae7c24c0b6440360b9cf980ee0c3630e6071b3a,70914111,0x1b39983a1fa4c11d8ab39bb351c4ef1e599a0e40,2025-10-26 04:41:01,0x6131b5fae19ea4f9d964eac0408e4408b66337b5,N/A,5115.0
0x4306c6fc2e841602d805430a8b0da52384adf8ddca2753f1dd2ac1605179b4a4,70916030,0xc638fc731ffd77b17c486f5ae4a85d40ad9db4fc,2025-10-26 05:35:53,0x2825ce5921538d17cc15ae00a8b24ff759c6cdae,N/A,5002.23680057488
0x88ba1b62fa8d42c476ab61dc2fab2141f824d2049ee21d42184e6a636a723b95,70917090,0x7ccad98b1329a13ccfe0292030c0e22bdd61821c,2025-10-26 06:05:36,0x18556da13313f3532c54711497a8fedac273220e,N/A,8762.0
0xe9c8aeec82322c6655f941f9b8479bc81c1285fcb623a08812a36b18d78cecdb,70918431,0x0f9ef41f81b763083b29460cfb788843e7dd993c,2025-10-26 06:43:46,0x18556da13313f3532c54711497a8fedac273220e,N/A,9380.0
0x0b80dcc6aca87ad37d4154a5d58557ff06eaad698d02df5a3c2aaeb82593c00c,70919600,0xe401a6a38024d8f5ab88f1b08cad476ccaca45e8,2025-10-26 07:17:31,0x0a7e3e04fb45af4233a27bcf23f2c94f5babcf39,N/A,5350.9993654068185
0x3f3e28546a1a2b2b862c37d4f3a3e5ab06dd0d2615884c6b66f6ebd473fc6959,70921442,0x346ff41c596937d3d196a7521e52930210068f6d,2025-10-26 08:11:18,0x3e46dc12aca41a6ad357af00f5cd31c7db4ce765,N/A,10000.0
0xe34194086553a36a1aa5e4d9c0da8017570dfbdc5a446258a474a8fd32399537,70921403,0x346ff41c596937d3d196a7521e52930210068f6d,2025-10-26 08:12:16,0x3e46dc12aca41a6ad357af00f5cd31c7db4ce765,N/A,10000.0
0xc16dd9d83635d3ccf4366e0262bad51a5d2848d313686cfe549e7aa58bc2a4c9,70921384,0x0f9ef41f81b763083b29460cfb788843e7dd993c,2025-10-26 08:12:44,0x18556da13313f3532c54711497a8fedac273220e,N/A,6815.444805518797
0x98462b53944a3a1e7b04cef6e385ccb04797b181df1bedd52845ecfdafe25750,70922101,0xe401a6a38024d8f5ab88f1b08cad476ccaca45e8,2025-10-26 08:29:36,0x0a7e3e04fb45af4233a27bcf23f2c94f5babcf39,N/A,16098.999363303645
0x6ceecdf8754ac04f48a98da8c491292740c4d1f66a15ad38e3bd046c10d16729,70922101,0xb884ae677a33762d05372613a6ecedfe1154bed6,2025-10-26 08:29:36,0x0a7e3e04fb45af4233a27bcf23f2c94f5babcf39,N/A,3698.613162972702
0xf1e723ab60c4030cca2b5ec8cdc0bcce8808b311ddf66f37ac56d40972b6fa99,70922461,0xe401a6a38024d8f5ab88f1b08cad476ccaca45e8,2025-10-26 08:36:23,0x0a7e3e04fb45af4233a27bcf23f2c94f5babcf39,N/A,5202.99934293512
0x2f188fe02d0ddf528e0a03188f164eab0ab48c43f07183e65043f27e685be0ab,70922461,0x11f8149419ffdf48b67388dd5024dec89b1bdc7d,2025-10-26 08:36:23,0x0a7e3e04fb45af4233a27bcf23f2c94f5babcf39,N/A,6262.192909469965
0xdd52cd37def0a4c3c99a1b03ceaf7ef23935407aad68941329c6fa4af86304fa,70922739,0xcde5d48fca07f9c52300d2e65632dd71ed169b90,2025-10-26 08:45:49,0x9f8c163cba728e99993abe7495f06c0a3c8ac8b9,N/A,3255.5489021044746
0x2f0662742583e20de45fddf2169a9244dd347e170b5f2f91f2ad7e5c0c76e093,70923099,0x35c7415168ceb3a9e6badb1174410244dac5b226,2025-10-26 08:53:13,0x9f8c163cba728e99993abe7495f06c0a3c8ac8b9,N/A,9007.499955226242
0x2b0a3ac00b70dcdd072a683f1383b8e053fc921b1f7a2b613e851dddc6feebfc,70923696,0x93183c5ebd60958f282e12474c5819af1986f2c6,2025-10-26 09:10:48,0x18556da13313f3532c54711497a8fedac273220e,N/A,6175.0
0x6fbb742de585c7fe6f55f29ab6d3ac71c48bf8e711f3df7bfcba55db099630fe,70927253,0x35c7415168ceb3a9e6badb1174410244dac5b226,2025-10-26 10:46:34,0x9f8c163cba728e99993abe7495f06c0a3c8ac8b9,N/A,9219.699985398025
0x678dcf0f511b6d89cafb583b652ccebdd3ca73819b3f34e51767ebc3e5c62999,70929621,0x4a4e859565d9b563afc8e63641542455cff0dfd2,2025-10-26 11:49:43,0xff3eb1a4bd3eed5f687e4e4e5c914f4a332d4b11,N/A,5268.144543645026
0xa3b4cb6a2ab5fbf5ed3f91616ac53b2bbaf0c46f9e660f4ca97f0a66a624e56e,70930240,0x9f8c163cba728e99993abe7495f06c0a3c8ac8b9,2025-10-26 12:05:34,0x549d835356d92983abb76e4cae639f7857963425,N/A,37002.996
0x8c196fee0b34d630ec7cbc8ca69d30b920434e5309817bd2cd5c836c352a5f8f,70930227,0x6d8be5cdf0d7dee1f04e25fd70b001ae3b907824,2025-10-26 12:06:06,0xe401a6a38024d8f5ab88f1b08cad476ccaca45e8,N/A,5164.0
0x3490773ba97331fc032e2d4b0556c6224dd5cebd016ddb86252286d608d68c3b,70930647,0x549d835356d92983abb76e4cae639f7857963425,2025-10-26 12:20:16,0xc333e80ef2dec2805f239e3f1e810612d294f771,N/A,37003.0
0x32668ec94235eb1f7ec10d118b7560f7ae6ada9b49f248b6ab10e79a02bb0231,70931000,0xe401a6a38024d8f5ab88f1b08cad476ccaca45e8,2025-10-26 12:24:27,0x0a7e3e04fb45af4233a27bcf23f2c94f5babcf39,N/A,5188.999348595548
0xdaf110257ac022ffa5b8ac900851677b65933cac746217ed2e2ca3a3f90bc094,70931810,0x7ed53f6e3de6b2b4156fa8e618506e60d8e65843,2025-10-26 12:44:42,0x55de7d4a1f031b8e4c3c4e4b66f76ba8465748a0,N/A,7653.0
0xcda7e99c54cf9fa3837cd24f9ce11b1e49b5d096db459d6d44af9ad07e6cd548,70932137,0x6d8be5cdf0d7dee1f04e25fd70b001ae3b907824,2025-10-26 12:55:33,0xe401a6a38024d8f5ab88f1b08cad476ccaca45e8,N/A,3740.0
0x60621f650eceb29ac00dfbf9fdba0a4e5ce99b07d0d4b276820f3b4403844837,70932558,0xe401a6a38024d8f5ab88f1b08cad476ccaca45e8,2025-10-26 13:06:22,0x0a7e3e04fb45af4233a27bcf23f2c94f5babcf39,N/A,3739.999341744176
0x05d66d1f813f7e04e2a09f657a52cd7a80441524f037c47329890ab46c08d552,70933446,0xf8191d98ae98d2f7abdfb63a9b0b812b93c873aa,2025-10-26 13:26:37,0xe401a6a38024d8f5ab88f1b08cad476ccaca45e8,N/A,5089.999999999999
0x990811ff61d7d1916bb6b3b19fc5edb8d85fc3f010446f1052211ee257e4c2b0,70933404,0x35c7415168ceb3a9e6badb1174410244dac5b226,2025-10-26 13:29:05,0x9f8c163cba728e99993abe7495f06c0a3c8ac8b9,N/A,9296.79996330216
0xe496c323b879fe7244a14ede6674468fa4bea9cc1b22ee2c27b7b56f576597af,70933787,0xe401a6a38024d8f5ab88f1b08cad476ccaca45e8,2025-10-26 13:36:49,0x0a7e3e04fb45af4233a27bcf23f2c94f5babcf39,N/A,5089.99935092733
0x50b56d883266307e018b8389952d295bd004eeb64ed00e97c1192e86bf17e3f0,70933743,0xaba2d404c5c41da5964453a368aff2604ae80a14,2025-10-26 13:40:08,0xe401a6a38024d8f5ab88f1b08cad476ccaca45e8,N/A,5133.0
0xf465da1e199c277a8e4c174837319a69c2e501cd5921a38b944c43a89647eb33,70934630,0x3bce63c6c9abf7a47f52c9a3a7950867700b0158,2025-10-26 13:58:14,0xe401a6a38024d8f5ab88f1b08cad476ccaca45e8,N/A,4664.0
0x6a4383c99a5c90b652fb91ac2d6ee49804b2366fe1f4d44caaf8a9290a4eb641,70935855,0xeae7380dd4cef6fbd1144f49e4d1e6964258a4f4,2025-10-26 14:30:08,0x9f8c163cba728e99993abe7495f06c0a3c8ac8b9,N/A,24208.99996145062
0xfbbc94438379f4e4654650f449cf54979ee36f7f2dd5cbb50e70b8d483f00208,70936286,0x9ec1f2b052b4534b387c73c69b3e87324c1c7b21,2025-10-26 14:47:17,0x2b60d59e76c46ea6fc267d23829ae9fce7a8114e,N/A,3712.0
0xcc36214679e2ddfff659993524ac5eed814dbc18a065a0d8407bf5a34250f964,70936279,0xf835925589ac11df66690b3aa343de649f38cd83,2025-10-26 14:48:09,0x0b4478e810d48b5882d4019d435a2f864bab4f39,N/A,3014.9999999532274
0x7b8f8a138cf682012d864eea08cb4f53117b12a56626bf7e212cfad1ec7eb488,70936267,0x261bf92970ee79aa2a837d26f4bc10c00527b5c4,2025-10-26 14:49:28,0xf3d1f34a1d3b078593d73acc284154ad499418e4,N/A,22999.9999783412
0xd3f1bcb7a50b87a98181f02ba44ebd8c3e31aeaa279bc606206d390ce8be88fc,70936231,0x9ec1f2b052b4534b387c73c69b3e87324c1c7b21,2025-10-26 14:50:03,0x17de2782ebe23fd8f3232e42344079f97d04f686,N/A,56000.0
0x92c9aa667595e2cd882e98b4cc6cd156fd016d221247c3d7510d85ebf073b080,70936261,0x9ec1f2b052b4534b387c73c69b3e87324c1c7b21,2025-10-26 14:50:15,0x261bf92970ee79aa2a837d26f4bc10c00527b5c4,N/A,23000.000000000004
0x7c240fd0b42604ad5b7b2d63fba1aa9fdaa8c325d8eae59c1ff6baaf34a4f134,70937637,0x20840b20f1eee3b7b225866dc2e0d669cc2553fb,2025-10-26 15:18:11,0xeae7380dd4cef6fbd1144f49e4d1e6964258a4f4,N/A,4368.0
0x8c62642d87d3bda2e256799dd37d21c960aaefabaa5c2b16ef58eef3e79c9ae2,70938979,0x9169028656fb9ec210638fdcbddc65115ab8d163,2025-10-26 15:52:04,0x6131b5fae19ea4f9d964eac0408e4408b66337b5,N/A,5027.0
0xb6eb4fbc8d3187365656f9ecedbd8be57e2d81be1243cf240c2df1129d2ed7c5,70939963,0x9169028656fb9ec210638fdcbddc65115ab8d163,2025-10-26 16:23:08,0x45a62b090df48243f12a21897e7ed91863e2c86b,N/A,10104.0
0x2dd20dfe92f06f1af9e7d56ba96026980f730dba2cc8ffdf8de9ad78953dcf0c,70940199,0xe4cba45fa12473fdcefdbd7ada8174d1f4a3ce8f,2025-10-26 16:26:02,0x8af8485e1f178be06386cd3877fde20626e0284f,N/A,8640.999977005684
0x015b0382788029e8fc2469c187d824c736a3083cf14fd2f4c8adaeaebcfe1aa4,70940142,0x9f8c163cba728e99993abe7495f06c0a3c8ac8b9,2025-10-26 16:28:27,0xe4cba45fa12473fdcefdbd7ada8174d1f4a3ce8f,N/A,8641.0
0xd1511853f669c62a72420a824b827900b250cbf1f620c92f6fb275a8f829d32a,70942451,0x7ccad98b1329a13ccfe0292030c0e22bdd61821c,2025-10-26 17:32:08,0x18556da13313f3532c54711497a8fedac273220e,N/A,5936.0
0x2ed8e08b5ec967bf9ff90f13a952c49ff056dd7e51abc82f3be118a928e96c04,70942895,0x0d859da18d7c420348913ad69c7b61a7253d92f9,2025-10-26 17:45:36,0x9f8c163cba728e99993abe7495f06c0a3c8ac8b9,N/A,6999.99997349502
0x1a70a010b78d220ed05269d0d39af43912d5e34b4ffdd964b49d613a3c171ef0,70942867,0x350b69064c2a518147a27187fe666c294d61bc8d,2025-10-26 17:46:33,0x0d859da18d7c420348913ad69c7b61a7253d92f9,N/A,3000.0
0xeae31e3f0471a3ca2b9781aab25ba45d7803aca08f692efaa0eb1de57ebda20e,70943049,0x350b69064c2a518147a27187fe666c294d61bc8d,2025-10-26 17:49:37,0x0d859da18d7c420348913ad69c7b61a7253d92f9,N/A,10000.0
0x534dea6f7971866821e52ba544c0cd8417102387282375433835c8c9bc4309cc,70943006,0x350b69064c2a518147a27187fe666c294d61bc8d,2025-10-26 17:51:08,0x0d859da18d7c420348913ad69c7b61a7253d92f9,N/A,10000.0
0xb52ab9c6c30c8b49a4139c50303009228c2fe005c704457f349f05e25fb4c43d,70943185,0x0d859da18d7c420348913ad69c7b61a7253d92f9,2025-10-26 17:53:22,0x9f8c163cba728e99993abe7495f06c0a3c8ac8b9,N/A,41275.81685911206
0x2eb682c70ecfda7bbc9112ff1deaac1191d83c8023b8b4e378c3569580eca33e,70943096,0x350b69064c2a518147a27187fe666c294d61bc8d,2025-10-26 17:56:04,0x0d859da18d7c420348913ad69c7b61a7253d92f9,N/A,11275.816866936995
0x4627f06a2cdc364e621067d7fd90b3f3c075f1618b49a64c97702af7d250503b,70943944,0x8af8485e1f178be06386cd3877fde20626e0284f,2025-10-26 18:21:18,0xeae7380dd4cef6fbd1144f49e4d1e6964258a4f4,N/A,8999.99999015
0x6d7bf16ebd2fffa1355bac609f82803ccbc36defa744d051ddfebe86a1ee4208,70944106,0xeae7380dd4cef6fbd1144f49e4d1e6964258a4f4,2025-10-26 18:26:35,0x9f8c163cba728e99993abe7495f06c0a3c8ac8b9,N/A,8999.999978961256
0x4469edd8830613d005495b21804552d7ed20a0d9a8c13365c9ec2b38ae96a6aa,70944580,0x0f9ef41f81b763083b29460cfb788843e7dd993c,2025-10-26 18:37:42,0x18556da13313f3532c54711497a8fedac273220e,N/A,3750.6503417535596
0x49cb2ad0bb35b591e3e85e83a0c391a0d0120e36df3bd31ab9860b5344879d07,70945503,0x978b21a854dbefcd6d51dfd269875d158046240b,2025-10-26 19:11:21,0xf8191d98ae98d2f7abdfb63a9b0b812b93c873aa,N/A,27832.000000000004
0x1794171dc11004b6d9e7f6699e04bd855c693de0e4a8b35850a8ff1c44230164,70948114,0xf835925589ac11df66690b3aa343de649f38cd83,2025-10-26 20:26:45,0x0b4478e810d48b5882d4019d435a2f864bab4f39,N/A,4342.129175758761
0xd7ecbe9446cbf76a25d4dd50de48c6e17ea9f4dc80dce182801451e754c9618d,70948976,0x565f0fe9715e3cb0df579f186c299d6707887e83,2025-10-26 20:53:43,0x2b2c81e08f1af8835a78bb2a90ae924ace0ea4be,N/A,5251.253961836
0x3358c55e514f489d9d3ca4c1c70491e59a3bf6086eb78540ccaf4838803fd272,70949363,0x565f0fe9715e3cb0df579f186c299d6707887e83,2025-10-26 21:00:20,0x2b2c81e08f1af8835a78bb2a90ae924ace0ea4be,N/A,3433.505621974
0xe23e32752bc6ce0d7b0682e14a2718920554430ff672e241476bcdb418e1b332,70949725,0x565f0fe9715e3cb0df579f186c299d6707887e83,2025-10-26 21:12:29,0x2b2c81e08f1af8835a78bb2a90ae924ace0ea4be,N/A,4090.250973716
0x0ee6dc1b81749e71506ae79b0e1a8e337890591b5311032f626b3766fd43caa5,70949900,0x565f0fe9715e3cb0df579f186c299d6707887e83,2025-10-26 21:17:46,0x2b2c81e08f1af8835a78bb2a90ae924ace0ea4be,N/A,4349.038743602
0x2a73b0f19200d599267dfd8b16effdd449f7dbd079f28061ac908a6883497da7,70950443,0x565f0fe9715e3cb0df579f186c299d6707887e83,2025-10-26 21:37:10,0x2b2c81e08f1af8835a78bb2a90ae924ace0ea4be,N/A,3809.013135464
0x65dc3d5d605ecb28084f7216914f8a4b8bc9480bc6180a85a91dbb3fb8401170,70950845,0x565f0fe9715e3cb0df579f186c299d6707887e83,2025-10-26 21:48:13,0x2b2c81e08f1af8835a78bb2a90ae924ace0ea4be,N/A,3275.007538985
0x84e028de8334f89d1fd9d9a8a73d9e935b6b2ecb9a100c349c2e64e71770925a,70951176,0x35c7415168ceb3a9e6badb1174410244dac5b226,2025-10-26 21:56:32,0x9f8c163cba728e99993abe7495f06c0a3c8ac8b9,N/A,8705.399971932176
0xffd52feeada6fa0e398a2f2a1214ce6a52e562b3931c813e0590ad707525d59e,70951411,0x565f0fe9715e3cb0df579f186c299d6707887e83,2025-10-26 22:05:54,0x2b2c81e08f1af8835a78bb2a90ae924ace0ea4be,N/A,4379.209970965
0x4971dfec506b5e26acd64d191ae11f013666e86e355f1fd8b15bb33d4d4cf4a1,70951769,0x565f0fe9715e3cb0df579f186c299d6707887e83,2025-10-26 22:12:39,0x2b2c81e08f1af8835a78bb2a90ae924ace0ea4be,N/A,7915.402193544
0x61a20511a713a294c3ba6633f8c1aa1a52c4ddfb96b4ecdd6b9c61fa30ee1f0c,70952027,0xca11c106fc3911019edd2b509add0d8bd30af8f4,2025-10-26 22:22:23,0x0b4478e810d48b5882d4019d435a2f864bab4f39,N/A,5911.006243913512
0x89a740ab02dded43539b145b7c718ea6b6a9b8c910b3346b21b2f10a690d2b27,70952022,0x7aad7840f119f3876ee3569e488c7c4135f695fa,2025-10-26 22:22:32,0x187b2d576ba7ec2141c180a96edd0f202492f36b,N/A,6692.0
0x146f9019a78022a3a59b263e9850f4e97d2882a4010d4585a4f3d01d112d6d6f,70952418,0x565f0fe9715e3cb0df579f186c299d6707887e83,2025-10-26 22:30:18,0x2b2c81e08f1af8835a78bb2a90ae924ace0ea4be,N/A,4606.7038526490005
0x88949ca4dee92efe9e9dd0437438963090a6c334b2b1b5145421b26136c77b45,70952348,0x6d8be5cdf0d7dee1f04e25fd70b001ae3b907824,2025-10-26 22:30:48,0x11d863b98d882e16be4ba5075e5bd8ffaac6805e,N/A,7016.676
0xd7a6b4915b859e19f7a9e026390b668d82d4ae0658e973641cae89b18e5faf1c,70953703,0x35c7415168ceb3a9e6badb1174410244dac5b226,2025-10-26 23:04:27,0x9f8c163cba728e99993abe7495f06c0a3c8ac8b9,N/A,8338.399891545985
0x4bd24a35e4d4049cb9c56ffc4cf34f0f2f415b46532d5a81ff44494e8423b693,70954687,0x2fa48d8894cb91e8c146cde30ba55f41aaa08764,2025-10-26 23:31:40,0x9d57d6005c392ed0681496b052c4d660fa7b7831,N/A,7446.670206158288
0xe1c1baf662153da01350bbac8f9031a5246753a70457b7895faeae7aa211f313,70955041,0xaba2d404c5c41da5964453a368aff2604ae80a14,2025-10-26 23:39:56,0x84b38bc60f3bd82640ecefa320dab2be62e2da15,N/A,10050.0
0xd289aedaae3fc8ba36b6fb9c5d7524b3ed71e8d44ee4cd91675761e5c16a97d0,70955231,0x35c7415168ceb3a9e6badb1174410244dac5b226,2025-10-26 23:47:16,0x9f8c163cba728e99993abe7495f06c0a3c8ac8b9,N/A,8596.199958637922
0xd28125cc0854f4f2e87247ad44778c69ff8363c5e4f555fdecd6c5574d2ac2c1,70955359,0xf590d52fb56edb3d94cb5ac187f1c812fcb36feb,2025-10-26 23:48:45,0x909e559fe1d2b1bc0d102a24b52ec73eda984ef8,N/A,8692.708236552417
0xdc2b485a9a34a36c1cde310ceca6d29c7ea801f52c73c2051920b1cf5e117da8,70955621,0x909e559fe1d2b1bc0d102a24b52ec73eda984ef8,2025-10-26 23:54:04,0x9f8c163cba728e99993abe7495f06c0a3c8ac8b9,N/A,8692.708212520663
0xd50bd7398a0e9d5a93d7e4b6b59f95c7b250cbbea67bb075174679ee37b726e9,70956079,0xf202d0bd984b5f6d70d826752b93f536b82886a4,2025-10-27 00:06:33,0x6131b5fae19ea4f9d964eac0408e4408b66337b5,N/A,12700.000000000002
0x3eaab9f5b1eaf61e6f8ed5992206446c3c7e0547636454f37fd087934a432033,70959001,0x1d67bd4503ad0639beeb843890a6a90bd74e6ed1,2025-10-27 01:18:25,0x6efd65337f0db7c20a2482686adb25480664f1b2,N/A,13606.25112
0x9fc5df9b791a37e5cddf2271e49f688b97819f96e3a742ae1403d47745d2543a,70959219,0x1d67bd4503ad0639beeb843890a6a90bd74e6ed1,2025-10-27 01:28:31,0xe01ae85a2073a504139bc503d46d85cf68bb85f8,N/A,59167.994349544584
0x57a878c3de6262b9b5e45ed1bc0b07e1d318d8be7812ad3a21c05af09d5df7ce,70959253,0x1d67bd4503ad0639beeb843890a6a90bd74e6ed1,2025-10-27 01:29:23,0xe01ae85a2073a504139bc503d46d85cf68bb85f8,N/A,22155.21138085618
0x75018f550a1c3551456f2586cd6d103fe2427a621f87bebf30e0af5ad18e7426,70959248,0x1d67bd4503ad0639beeb843890a6a90bd74e6ed1,2025-10-27 01:29:32,0xe01ae85a2073a504139bc503d46d85cf68bb85f8,N/A,59167.994349544584
0x0437f5d944e2168dbb160b8e3e506e9db4ec585460cd30a01d3d61ddde1cde1a,70959242,0x1d67bd4503ad0639beeb843890a6a90bd74e6ed1,2025-10-27 01:29:41,0xe61f927bc0e21c92d87de2aa21c3fc25451eb6e5,N/A,54227.138678458934
0x2cd2a8a04da873504a9dc416fad0958f6624b7f2a9fffe4f4ddfa2d594ce1b8f,70959625,0x6f1b72022afbb63d2ff7cd9443426bf2b8f8a6ed,2025-10-27 01:36:49,0x9205bb5f483307ac5ec79f9613387ceb80079e87,N/A,3803.1199576739164
0x143f24590ad26769b993340b9012da77a19f80406f6733c21b42a6930734c70e,70959570,0xe401a6a38024d8f5ab88f1b08cad476ccaca45e8,2025-10-27 01:38:27,0x0a7e3e04fb45af4233a27bcf23f2c94f5babcf39,N/A,3752.999351519059
0x5d76a6b1c0629f1ad88b4fba3106da46a6a5f4ff290ab7c1ae6d6902a6ff3705,70960554,0x4e75e27e5aa74f0c7a9d4897dc10ef651f3a3995,2025-10-27 02:06:00,0x17a30350771d02409046a683b18fe1c13ccfc4a8,N/A,3636.349319444695
0xbc694ff1da407799ddb7cd1285f43e13a8937b03c3597ec9998a6ec60758d166,70960543,0x69c1d9812251f5e48bc183def09d5bf85bf0db1d,2025-10-27 02:06:21,0x9f8c163cba728e99993abe7495f06c0a3c8ac8b9,N/A,3499.9999534377325
0x1f1d70e1b57105602957354e67b1c397f14486aecfadd26e0cab027e9174c04e,70963612,0x4c218629c66d5b3a440da78e70eaa15cc65a42bf,2025-10-27 03:28:34,0xf3d1f34a1d3b078593d73acc284154ad499418e4,N/A,3507.139989017
0x2a920f904afcc10b9a3385279f60c9d324741b7c4f440745641248585ade24b0,70963979,0x6d8be5cdf0d7dee1f04e25fd70b001ae3b907824,2025-10-27 03:35:55,0xa294cca691e4c83b1fc0c8d63d9a3eef0a196de1,N/A,7502.016
0x0e91f61c0dd5764ce44d0252dcd3516a89fafc19dd8e0bd2a243927f54640a7f,70964064,0x4c218629c66d5b3a440da78e70eaa15cc65a42bf,2025-10-27 03:37:03,0xf3d1f34a1d3b078593d73acc284154ad499418e4,N/A,7501.9099800277
0x4d3c7c8adcda18e29d94961cefd29697c336a7a4a897a72a358cc4939619f721,70964053,0xa294cca691e4c83b1fc0c8d63d9a3eef0a196de1,2025-10-27 03:37:23,0x4c218629c66d5b3a440da78e70eaa15cc65a42bf,N/A,7501.91
0x2d27e3602213c7a711abc72cd9f24551ef9d5d498bd94b320d90902dad5e0c3e,70964577,0x3dd87411a3754deea8cc52c4cf57e2fc254924cc,2025-10-27 03:53:10,0xff3eb1a4bd3eed5f687e4e4e5c914f4a332d4b11,N/A,5351.107450023686
0xa5140d7bd07837b20833bb551989428f28de4dc1d3284df550c01c0491cb9e30,70964880,0xe4cba45fa12473fdcefdbd7ada8174d1f4a3ce8f,2025-10-27 04:02:09,0x8af8485e1f178be06386cd3877fde20626e0284f,N/A,8442.999981040475
0x38d6211a984a47624497d72e66ebbb8b7f6c37d0e594842a565ac0d7920da4bd,70964963,0x8af8485e1f178be06386cd3877fde20626e0284f,2025-10-27 04:03:10,0xff3eb1a4bd3eed5f687e4e4e5c914f4a332d4b11,N/A,8434.021253631161
0xfeb30f40782b348a03f67cb9d6a1836f19e89993e3e2f2ff33198735352abf4f,70964842,0x978b21a854dbefcd6d51dfd269875d158046240b,2025-10-27 04:03:17,0xe4cba45fa12473fdcefdbd7ada8174d1f4a3ce8f,N/A,8443.0
0x74a9c57f0b61ad827586d20ea76afd70a5964064117a6efd290fd7afc2e38ee0,70965842,0x912df926c68cd613b3a111fc779b8c7bad5ad0cc,2025-10-27 04:31:26,0x13f8dbef61b525ce19f50d695c33979ebc929da6,N/A,3461.815986755602
0x6059e5a58e2d6c7e46b0d127400c5893db97d28673799cf135ead5329be1a435,70967886,0x7ccad98b1329a13ccfe0292030c0e22bdd61821c,2025-10-27 05:21:49,0x18556da13313f3532c54711497a8fedac273220e,N/A,5800.0
0x12f13476b216e8fcbfee5a5950ac5270be4fa33305ff1230e4a2f29b2e2b78b9,70969365,0xf835925589ac11df66690b3aa343de649f38cd83,2025-10-27 06:06:18,0x5c0401e81bc07ca70fad469b451682c0d747ef1c,N/A,3986.0
0xb708b74efefbcda01cf4fbf83aa35adb4ace73999e28842bba559496ad477579,70969579,0x855ae16d39959ed604cb41a7d9fe5e1e3b0e3e40,2025-10-27 06:13:13,0x45a62b090df48243f12a21897e7ed91863e2c86b,N/A,17649.0
0xaa273ff5b8510c93171c8e6cebfff0e1573d79a896dbc966e19c1a5d5aa4f287,70969673,0x565f0fe9715e3cb0df579f186c299d6707887e83,2025-10-27 06:14:38,0x2b2c81e08f1af8835a78bb2a90ae924ace0ea4be,N/A,16635.153597606
0x877730d1d5e539f4da943c201775564b4d13d3d46d01947ec22b54874ce30760,70970048,0x6d7f81fd14dca44fe0fe97ba80fb0ef5cfc0e9f8,2025-10-27 06:21:43,0x0d0707963952f2fba59dd06f2b425ace40b492fe,N/A,3217.146980805894
0x8b477f39f9040e59d17d3a8d67e45fdf8230377af3393f36400427d5048837b9,70970041,0x6455327f820edd69c4cd665b995e0fec679d7f9e,2025-10-27 06:21:55,0x0d0707963952f2fba59dd06f2b425ace40b492fe,N/A,3443.9999993579845
0xe5a2a9edd2d31a7df1a1d9165f3d75f87c3ddc635e7f9ddb32cec4435bfdf330,70970028,0x8bee7340304a051b16cecee05fb8c999db3b65ed,2025-10-27 06:22:19,0x0d0707963952f2fba59dd06f2b425ace40b492fe,N/A,6658.3358936119075
0x6e0d37647cbcfa7963a41831fb85a123d75b4d8472cee2a17a6e96803e4615b3,70970027,0x6d4beb94f60ec025e64a375a7df00980afc34bde,2025-10-27 06:22:21,0x0d0707963952f2fba59dd06f2b425ace40b492fe,N/A,7073.967956371907
0x8ad32c2539ff4dca76aab9761cd7bf0342026556a995061a221e73378bebb267,70972006,0x565f0fe9715e3cb0df579f186c299d6707887e83,2025-10-27 07:15:41,0x2b2c81e08f1af8835a78bb2a90ae924ace0ea4be,N/A,15740.630178022
0x98394ad8e95ce17684d3df82262bde3611e1248cbda7b814ca7193be1c3057a8,70972003,0x35c7415168ceb3a9e6badb1174410244dac5b226,2025-10-27 07:15:50,0x9f8c163cba728e99993abe7495f06c0a3c8ac8b9,N/A,8979.39997020681
0xb32daddc7420386af0675ce1f0e9000ff1578b4505b5b1a4e858ef073be15e6c,70972418,0xe401a6a38024d8f5ab88f1b08cad476ccaca45e8,2025-10-27 07:24:20,0x0a7e3e04fb45af4233a27bcf23f2c94f5babcf39,N/A,5203.999348285108
0x7531d54a8eb6ecfc01e65fd795aba82ab6f23f5662a29d0ed1a736b9fe02b9bd,70973142,0x978b21a854dbefcd6d51dfd269875d158046240b,2025-10-27 07:45:38,0xe401a6a38024d8f5ab88f1b08cad476ccaca45e8,N/A,5142.000000000001
0x67068224fc0e70c7b61e701e328395ae9ac321cffad278e5a2cd7faa2e88773c,70973818,0x428fbddce80e6669d824159a29335385cf295c86,2025-10-27 08:00:33,0xb31f66aa3c1e785363f0875a1b74e27b85fd66c7,N/A,6000.0
0x8d80e0f03b374fc18e22399c2b89567e7f355e0c6019d82f6862de883832c571,70973731,0x0d0707963952f2fba59dd06f2b425ace40b492fe,2025-10-27 08:03:05,0x428fbddce80e6669d824159a29335385cf295c86,N/A,5999.997600000001
0x758459d9a67d7dbc4e0c7cd630eb698a3c26eb936e2d94ad4c88f79f375db30f,70974814,0xc50b87f54e57b9282b4399e886deb004a98ed14f,2025-10-27 08:29:31,0x987ae19f343e2c5283c8029c60ee8ce56bed0179,N/A,3999.9850632212538
0xc88528e2223f000eb1dee20342d659ad926dc582d2463fa07d4fa409241797e1,70974814,0x06a511d5354b67404e2eb8b08739b8cb13c10669,2025-10-27 08:29:31,0x735574b6bc4aff3f61715e5106292100bf8c5ef9,N/A,3245.0294646644397
0x87dae2957ebc668c3a175a47648a38ed1e2b7b09dddb978d07c412f423734e28,70975364,0x98adef6f2ac8572ec48965509d69a8dd5e8bba9d,2025-10-27 08:39:43,0xcde5d48fca07f9c52300d2e65632dd71ed169b90,N/A,13552.905159
0x9c33beb5e9c6662e4f571b9199c11ad9bd1dbf8beee32699308e19f9528fcc54,70975547,0xcde5d48fca07f9c52300d2e65632dd71ed169b90,2025-10-27 08:45:57,0x9f8c163cba728e99993abe7495f06c0a3c8ac8b9,N/A,13552.905134488847
0x03c2203212abbdea8e1a75c59aa8875f67285b3b07faf09ccb668ed7fdb08608,70975751,0xaba2d404c5c41da5964453a368aff2604ae80a14,2025-10-27 08:49:39,0xca1e41d9412c3ffd115ec2b8342dbb3a8c6770ca,N/A,11337.3334505
0xa8d8b1478c4684295f8828aa441f5f99181ffd1cfefd8eb60c4cda4f2299e077,70975866,0x3bce63c6c9abf7a47f52c9a3a7950867700b0158,2025-10-27 08:55:13,0x549c82a1fe64a444a9d93f59ae2538d937bd8c66,N/A,6014.000000000001
0x29d606eae38ba7f6dda17110b085057d8f249fbe2db8c682a7ac9ae504f7da97,70976060,0x57587c0b12b910f517bde467f4a0a44e8960e120,2025-10-27 08:58:25,0xe69e068539ee627bab1ce878843a6c76484cbd2c,N/A,3290.545619125895
0x40f7686eb38fd85c252510b8374c0fcf98dd9d14ef5351ce8d70560678ad4633,70977987,0x55d440048abe8b75bfd286edcbe6de14fe9ffff9,2025-10-27 09:47:10,0x91dca37856240e5e1906222ec79278b16420dc92,N/A,18293.0
0x4a9a2500b7ee32a0acf6af193c8306fe5e639562ad6da91442f22d5f1452fb9d,70979514,0x0f9ef41f81b763083b29460cfb788843e7dd993c,2025-10-27 10:33:16,0x18556da13313f3532c54711497a8fedac273220e,N/A,3920.8516924120745
0xa92dcc2629d39ba1de3c6baec3e49ff104ab711fa362ef41a1bae85ee86f8392,70979909,0x565f0fe9715e3cb0df579f186c299d6707887e83,2025-10-27 10:40:12,0x2b2c81e08f1af8835a78bb2a90ae924ace0ea4be,N/A,8160.683977573
0xb46928eb4d114fc5246be49123489732b462cde1911ec7b8728bdfb795afcb00,70979854,0xb0a27099582833c0cb8c7a0565759ff145113d64,2025-10-27 10:41:40,0xf3d1f34a1d3b078593d73acc284154ad499418e4,N/A,11289.0
0x089698d2d3d5bb6adb77eca3e32180c76b60ec8f61792332bce404fc8d44d4ab,70980458,0xeae7380dd4cef6fbd1144f49e4d1e6964258a4f4,2025-10-27 10:56:55,0x9f8c163cba728e99993abe7495f06c0a3c8ac8b9,N/A,3613.9959729432617
0x66fe7b10f586afe661e15a57de1b40d34a6da026ced3ddb0c7daede31456f848,70980536,0x76ec5a0d3632b2133d9f1980903305b62678fbd3,2025-10-27 10:58:43,0xb334a61a6209f14b5fa5f1684a4ed7621f66e1ef,N/A,9760.858956000002
0xce69c905a8bba0179f568972d57c3df4d05968ef5da273eb7351d1d53dfdf3db,70981750,0x346ff41c596937d3d196a7521e52930210068f6d,2025-10-27 11:33:18,0x3e46dc12aca41a6ad357af00f5cd31c7db4ce765,N/A,10000.0
0xd229eef1d29b5007e4d75a0cf55156299257078748b25734eb2d71a09847bcec,70982140,0x14e51143b3a5de4b4ec392680010e170c458ecc8,2025-10-27 11:40:38,0xe6377285c58c7baa846564c246d9dbe910398779,N/A,3094.4160509999997
0xca63e2118e60cc7536b35553ff6f626bb14f0c743f4d11f9d00043c68bc376ff,70982895,0x565f0fe9715e3cb0df579f186c299d6707887e83,2025-10-27 12:01:12,0x2b2c81e08f1af8835a78bb2a90ae924ace0ea4be,N/A,4010.989073897
0x057dfce1b78a4584792d3675e2be9cf3f835c6037e310968b86a6f834dba1180,70983795,0x9169028656fb9ec210638fdcbddc65115ab8d163,2025-10-27 12:28:26,0xd78ded803b28a5a9c860c2cc7a4d84f611aa4ef8,N/A,10000.0
0x11d0e77fb852bef027ad52991b1d705ba69289d6e855fdfb9ef031e4dc514392,70983926,0x9169028656fb9ec210638fdcbddc65115ab8d163,2025-10-27 12:28:29,0xd78ded803b28a5a9c860c2cc7a4d84f611aa4ef8,N/A,9000.0
0xebc281cf97e56a7dbf8e8c0724b954aae3b0756b4898267ac7096644694aeb39,70983852,0x9169028656fb9ec210638fdcbddc65115ab8d163,2025-10-27 12:28:59,0xd78ded803b28a5a9c860c2cc7a4d84f611aa4ef8,N/A,10000.0
0xda5601297850f5bf2b96d207905597af70d95c3dc94b17cd21d4c6ebe1f17c38,70984436,0xf835925589ac11df66690b3aa343de649f38cd83,2025-10-27 12:47:30,0x5c0401e81bc07ca70fad469b451682c0d747ef1c,N/A,6271.0
0xbec205ed89b92454920db5639f4849bc1fc14b693151ccd8a55d445038990924,70984728,0xaba2d404c5c41da5964453a368aff2604ae80a14,2025-10-27 12:52:29,0xf229e0e652e50e1596c542315e3e5223bde7b78b,N/A,4641.0
0xcfc5635cb3a32c082f99132e59006eba073ccd77dec67fa732667db451376a2c,70984793,0x83a3da6ecf48d8d743b39444f76d3dd28af1bd88,2025-10-27 12:59:14,0x14e51143b3a5de4b4ec392680010e170c458ecc8,N/A,13987.0
0xa9b82bde64c14815dc61b6e2de05b98c1db82b202f4b3ba7b1b576af0ee3e34a,70985028,0xf229e0e652e50e1596c542315e3e5223bde7b78b,2025-10-27 13:01:48,0x14e51143b3a5de4b4ec392680010e170c458ecc8,N/A,4642.0
0x995c4c95a74fd2ff8a7f508dbf52f488a9ab74831a66af2f3fcc49aca167d77a,70985232,0xaba2d404c5c41da5964453a368aff2604ae80a14,2025-10-27 13:08:44,0x84b38bc60f3bd82640ecefa320dab2be62e2da15,N/A,10405.0
0xc07d0b724cee114619e739ce92b9100c5cc80489028110359d7e711a738de21f,70985694,0xcddc5d0ebeb71a08fff26909aa6c0d4e256b4fe1,2025-10-27 13:18:29,0x9d124b8bccf265560170753dd790948318a8b75b,N/A,4114.56531
0x44e14c3fc481bc2b5267c16b0f634591124ff0a862206c4b1d1bc0c658e33a49,70985971,0x0a7e3e04fb45af4233a27bcf23f2c94f5babcf39,2025-10-27 13:29:06,0x0343fca23d5b34058666842cf584cb6f53fe8892,N/A,3035.3789079999997
0x647e4b8e4276c09221001de216e26f4f9829399ad965726babdcd54bf5c1d0f5,70986116,0x0343fca23d5b34058666842cf584cb6f53fe8892,2025-10-27 13:29:37,0x1249f685075fdd30fa548461837fedb12437acef,N/A,3035.3789103079275
0x3897da1782c33418b711a25aafbd7fc194958af223a36aea9ade8175bd12080d,70986830,0xf8191d98ae98d2f7abdfb63a9b0b812b93c873aa,2025-10-27 13:50:25,0x47518bee60203217979b5d31b771d763185de82c,N/A,8559.0
0x368b58d9eeda54d15894c6ed62c6840b109585f70ad1ee411bc8ba7de5c7206f,70986789,0x0a7e3e04fb45af4233a27bcf23f2c94f5babcf39,2025-10-27 13:51:37,0xeae7380dd4cef6fbd1144f49e4d1e6964258a4f4,N/A,5169.996
0x21ccdc33f96602fdd8c1ee9aa9f8afd1ae016407cb2aa040c2aaa4e98e043225,70986899,0x47518bee60203217979b5d31b771d763185de82c,2025-10-27 13:52:20,0x333d17d3b42bf7930dbc6e852ca7bcf560a69003,N/A,8558.999961690497
0xa410103286d5390ef0a4f1004178060be33ebe2d2aee2b9a15757ead06cc57b1,70987704,0x60841137b1ddc612e6ea4f5b358c91ba6159d529,2025-10-27 14:14:36,0x2a500f79c651759f12e67fedb7748ef2449590cf,N/A,346491.0
0x2aa8a828d5d461258321ecbdfc51083cfa63cb87d988bf4831502de3bb849520,70988973,0xcddc5d0ebeb71a08fff26909aa6c0d4e256b4fe1,2025-10-27 14:43:10,0xff33926fdd8b93d4ee0957a05b0de13e76cbf6e8,N/A,5011.821934639999
0x638f4d4106b50b8ce57a755d9a7b5818ac6aa101429797ab10215d22fa4a2c99,70989793,0xf8191d98ae98d2f7abdfb63a9b0b812b93c873aa,2025-10-27 15:04:36,0x6455327f820edd69c4cd665b995e0fec679d7f9e,N/A,3663.0000000000005
0x8fb4eb9e8239ece68498654ddd5ae209e522b81a931936d011d57ae26f693819,70989681,0xff33926fdd8b93d4ee0957a05b0de13e76cbf6e8,2025-10-27 15:07:43,0x04ca2691c7837128c66f855c5dfeac7bca45ed92,N/A,7026.906791166261
0x7916c6db04163524aa17ec43383bdaecbe75b3bc5695850523f20efe7ea540af,70989666,0x06fd4ba7973a0d39a91734bbc35bc2bcaa99e3b0,2025-10-27 15:09:24,0x9f8c163cba728e99993abe7495f06c0a3c8ac8b9,N/A,3976.98262269683
0x4d7620f753359c1ae166f08372a4d8af7cd2fe5f00620572ef8836355e37be9a,70989666,0xfe9529b753b412941127fea1981e5ce0a85c101e,2025-10-27 15:09:24,0x9f8c163cba728e99993abe7495f06c0a3c8ac8b9,N/A,3999.999975203307
0x532235d7a1c32dfdfea2ab24301d5eccff85fa1e19956d8ab2be9da9a3291599,70990114,0x1157a2076b9bb22a85cc2c162f20fab3898f4101,2025-10-27 15:11:34,0x517ce9b6d1fcffd29805c3e19b295247fcd94aef,N/A,36974.0
0x2c655affa13a09fc0fa8974104dd7891720f67f9d60fb4a25e3dc469d101357c,70990631,0x69fc45ac763f549b9db500dfc03508cd08dd977f,2025-10-27 15:32:56,0x2f75c819ab7b8d0dfa3d9043f9f8e3d9ac6a4cc9,N/A,23541.370983179895
0xfa8765ef0a5765862933ae6d7a05ba816ff3b95916a49271089bd2f91db48526,70991410,0x1157a2076b9bb22a85cc2c162f20fab3898f4101,2025-10-27 15:50:37,0xec4dca0c73e5bbc6a43043a09a665b9d8bdc6874,N/A,9509.714670000001
0xf72c7051a0dd2c76f092e7e0d5bed39e50c0fcae17112ff4c314422683d641a4,70991578,0x06a511d5354b67404e2eb8b08739b8cb13c10669,2025-10-27 15:53:51,0xefdc8fc1145ea88e3f5698ee7b7b432f083b4246,N/A,7895.971882617548
0x8d9ad542412df9dd6f6601584d402a0582530e7ca46ce5bbde60b25341f66f0b,70991578,0xc50b87f54e57b9282b4399e886deb004a98ed14f,2025-10-27 15:53:51,0xefdc8fc1145ea88e3f5698ee7b7b432f083b4246,N/A,3718.659732107512
0x1c4ac21204c66c580930835d943aa870b126c5caf9d0afc431278ea626919afa,70991996,0xeae7380dd4cef6fbd1144f49e4d1e6964258a4f4,2025-10-27 16:03:40,0x9f8c163cba728e99993abe7495f06c0a3c8ac8b9,N/A,8745.999963553078
0xa968709c376b4764bfcc303081703f0cfd5bb082bc6c4741acba840e61d84f66,70991988,0xec4dca0c73e5bbc6a43043a09a665b9d8bdc6874,2025-10-27 16:03:59,0xf8191d98ae98d2f7abdfb63a9b0b812b93c873aa,N/A,9509.714670000001
0x9c05a0f648471bb464418f542c22e2388306d9f38ae5437bac227e4d46eba8bf,70992120,0xe1a0ddeb9b5b55e489977b438764e60e314e917c,2025-10-27 16:08:51,0xfd9238dcd679316c6a95c08490e049fcaa9c979e,N/A,5973.2
0x1c7b45b0d562aec0dd43186c7e3f36be5dc831419a75bb6f0ff701a1cf421981,70992525,0xaba2d404c5c41da5964453a368aff2604ae80a14,2025-10-27 16:19:34,0x2d880ccc788aaa6dbdeaad3b585f8c533c6be54c,N/A,16457.986
0xea8f590586752f0cac597d96a5d4081b81eb531c6a044115d605d4f7860a7db5,70992540,0xc333e80ef2dec2805f239e3f1e810612d294f771,2025-10-27 16:20:57,0x73b2410f3bb12271bbaeeb6721e0235a4d4460dc,N/A,45452.0596
0xad244ea132e34f4b277c459db07d8716121a165a85e54ed4d243d8aaf4ccfd73,70992636,0xfd9238dcd679316c6a95c08490e049fcaa9c979e,2025-10-27 16:22:48,0x7aad7840f119f3876ee3569e488c7c4135f695fa,N/A,8001.799475
0xf4b96446803ca32577d849ed1bd2feebcfa3431fad1579d004c27d2b8644d0a8,70993368,0x7aad7840f119f3876ee3569e488c7c4135f695fa,2025-10-27 16:40:36,0x187b2d576ba7ec2141c180a96edd0f202492f36b,N/A,9600.0
0x980c27efccce3ccbb0402a1702078e71d360f9c1c2e12e950b47d7d64094919c,70993268,0xf8191d98ae98d2f7abdfb63a9b0b812b93c873aa,2025-10-27 16:40:37,0x5ee84d30c7ee57f63f71c92247ff31f95e26916b,N/A,7957.97401
0xfe4b8fa3d05e8a4789f7889010540f5317bbe31a27ae92fb67730ba0df2b7c00,70993260,0x2d880ccc788aaa6dbdeaad3b585f8c533c6be54c,2025-10-27 16:41:08,0xd11fda801668eb69faf3b10c4816e36e4145b522,N/A,16793.4926
0x473df2710c72538e23058cac44f5057206861c1e5a9d561135858d8a9b62b6b9,70993543,0x841ed663f2636863d40be4ee76243377dff13a34,2025-10-27 16:43:34,0x851a1eff7d3a6264a7e0d7446c5f8c5a652b41cf,N/A,15361.134724
0x1d7028e2c5399efd28cb71723072ffe361a9dbe7d2603e113ed7e8a0efcef7e8,70993625,0x7aad7840f119f3876ee3569e488c7c4135f695fa,2025-10-27 16:45:22,0x187b2d576ba7ec2141c180a96edd0f202492f36b,N/A,9650.0
0x567617e94427f750a6b1346b4948166c5ea372f5f9a2c63a61228c1f32198492,70993383,0x187b2d576ba7ec2141c180a96edd0f202492f36b,2025-10-27 16:45:23,0x841ed663f2636863d40be4ee76243377dff13a34,N/A,18229.230499999998
0xed2310f756f65b2587280c86161755b765d9a8632d2ddd52bb69caef187212dc,70993870,0x549d835356d92983abb76e4cae639f7857963425,2025-10-27 16:55:53,0xc333e80ef2dec2805f239e3f1e810612d294f771,N/A,5200.0
0xc20ccb3449a23942e8c3088a5fe30c15c2bd18bb3d4c81c1272b223603460af7,70994362,0x58a1c909c5ec6cbf9c1df9ab3e9e2301ff707b6b,2025-10-27 17:04:31,0x27bffb0f09c18539f9a47a39958bb149fe42a155,N/A,6303.450000000001
0xfb30cdb801b24c7065bb45294433a537655e60cbe2f191e55bc0d1f2398a3b87,70994327,0x0a7e3e04fb45af4233a27bcf23f2c94f5babcf39,2025-10-27 17:07:16,0x549c82a1fe64a444a9d93f59ae2538d937bd8c66,N/A,5066.996
0x12108ba0f1ea0808d642506a831e267603e685179ebd392cb0c9521a95254ebf,70994315,0x27bffb0f09c18539f9a47a39958bb149fe42a155,2025-10-27 17:08:04,0x9f8c163cba728e99993abe7495f06c0a3c8ac8b9,N/A,10146.03997435781
0xfb4142d62dac138df7963658d72b877a4e9c42bbf0c252df97d78651cb768172,70994946,0x9239637a3d34062503520212ac5a2e4d39c9c898,2025-10-27 17:19:06,0xf8191d98ae98d2f7abdfb63a9b0b812b93c873aa,N/A,7976.27
0x95062533c074b6f98bdb14ddfe6ede44fddef1bebcc5630ec4762d798a00a27b,70994938,0x4e75e27e5aa74f0c7a9d4897dc10ef651f3a3995,2025-10-27 17:19:21,0xf8191d98ae98d2f7abdfb63a9b0b812b93c873aa,N/A,4305.9715
0x4d13a6cc6d38f8a0214817c12a71c2fbb8b00c4342d1d95d862e51c0e927f0c7,70994917,0x41a7f817bc60298073bb84af7cbd999c94cf402a,2025-10-27 17:20:00,0x3fd471fc4ba1496aa7b28f7b967613fd3324c44c,N/A,3689.7290000000003
0x6a0974332bb0351f2f4a2e87e941b5b3a768df49639fcabb42585ab2dd9bae76,70995566,0x6d8be5cdf0d7dee1f04e25fd70b001ae3b907824,2025-10-27 17:39:21,0xf8191d98ae98d2f7abdfb63a9b0b812b93c873aa,N/A,20353.000000000004
0xf06beb0fc71ad47b6eab8212979c55f809d1d643bfa9cbc96c29896d2f6c32b0,70995912,0xeae7380dd4cef6fbd1144f49e4d1e6964258a4f4,2025-10-27 17:48:41,0x9f8c163cba728e99993abe7495f06c0a3c8ac8b9,N/A,6723.942985399883
0x92a86d628f30c7ecfd58844dc826403a4bf97e4903b009ea9887ff233397d644,70998857,0xaba2d404c5c41da5964453a368aff2604ae80a14,2025-10-27 19:05:08,0xf2ec4e03b522029e6747a9fb877a7a1b65491ba7,N/A,8179.396000000001
0x8f266f0810859fe16e4ea5010f42d0453d5313adc05dcfcb70677246e931e63b,70999567,0x2d87474ef48dc905847fc3e761bf17463f9676cb,2025-10-27 19:27:13,0x1d67bd4503ad0639beeb843890a6a90bd74e6ed1,N/A,37999.99997928763
0x353b327001ed4b5c8e73fddda6313dfe71f84bfc8f1c897be7468c28b23c93c9,71001080,0x9f8c163cba728e99993abe7495f06c0a3c8ac8b9,2025-10-27 20:06:17,0xf2ec4e03b522029e6747a9fb877a7a1b65491ba7,N/A,8996.996000000001
0x4681143a086150142c22627cd817bc5ae39884ba04da2f1bd0886449212ace32,71001281,0x978b21a854dbefcd6d51dfd269875d158046240b,2025-10-27 20:11:46,0xf2ec4e03b522029e6747a9fb877a7a1b65491ba7,N/A,8997.196
0x2a38d3a5b3d9676ab69bcaee78547669053ba0fdc3a94f3e0b641287321fbcb2,71001879,0xeae7380dd4cef6fbd1144f49e4d1e6964258a4f4,2025-10-27 20:24:19,0x9f8c163cba728e99993abe7495f06c0a3c8ac8b9,N/A,11119.971460414956
0xac2819b21e388f78686a730a4a08284b61b5dc87aeab9b34626a5be94a2655bb,71001877,0x3bce63c6c9abf7a47f52c9a3a7950867700b0158,2025-10-27 20:24:23,0xf8191d98ae98d2f7abdfb63a9b0b812b93c873aa,N/A,22706.0
0xf7a1a42acca59942d990f38b15c56a618878ce0d69488fff30d0f1fd0ffab331,71001871,0xb6733d6c08cb9d53b3cdddc786f718f5c391db5d,2025-10-27 20:24:32,0x24dbafb8611c6639316b17edd2ecf3f91424b26b,N/A,7207.0
0x808c64bbaf1750e30a573924d589b39518d7a49eb39ae353b3e09e839ff92364,71001815,0x8af8485e1f178be06386cd3877fde20626e0284f,2025-10-27 20:26:09,0xeae7380dd4cef6fbd1144f49e4d1e6964258a4f4,N/A,8603.99997225
0x7557410cb6f61f41a69654f31738c3cf42e487eab5e117d04be0eb6b47db9269,71002122,0x3bce63c6c9abf7a47f52c9a3a7950867700b0158,2025-10-27 20:37:51,0xf2ec4e03b522029e6747a9fb877a7a1b65491ba7,N/A,8997.996000000001
0xf75e69f5c884fd36428b550e277535c93e1f862822ed309ab6f54239166ded59,71002661,0x9f8c163cba728e99993abe7495f06c0a3c8ac8b9,2025-10-27 20:44:41,0xf2ec4e03b522029e6747a9fb877a7a1b65491ba7,N/A,8994.196
0xbdbf2468b561224c2a5e7c1b74e41277aaeac17ab9fef01fbdce29f1eb94ef8d,71003393,0x8af8485e1f178be06386cd3877fde20626e0284f,2025-10-27 21:04:05,0xeae7380dd4cef6fbd1144f49e4d1e6964258a4f4,N/A,7215.999964850001
0x3b7d3e36e53c290fc5dffcf327299a8d39a3e13bdb665682296928a8c074554a,71003680,0xf202d0bd984b5f6d70d826752b93f536b82886a4,2025-10-27 21:10:02,0xd78ded803b28a5a9c860c2cc7a4d84f611aa4ef8,N/A,24512.894942145893
0x935cad16f3553ba07f7aed04a0403e61f42c6fc849fee1113e06f38e2a8de2f6,71003635,0xf202d0bd984b5f6d70d826752b93f536b82886a4,2025-10-27 21:12:14,0xd78ded803b28a5a9c860c2cc7a4d84f611aa4ef8,N/A,24999.999999999996
0xd8ee48dccfc3320b5bbd79b3ba0f714ddb8e83e9d6afb7876b412dac01587776,71003794,0xeae7380dd4cef6fbd1144f49e4d1e6964258a4f4,2025-10-27 21:16:02,0x9f8c163cba728e99993abe7495f06c0a3c8ac8b9,N/A,9347.971447343298
0xfbee93928cdc26b6cf1b249c3a489220c753e72b7bdd3e9bf5a192642078b5d4,71003773,0x9169028656fb9ec210638fdcbddc65115ab8d163,2025-10-27 21:16:40,0x45a62b090df48243f12a21897e7ed91863e2c86b,N/A,10000.0
0x403a6a10ce07890f6882e292d6f65eba79544257aee602d7c62050c40a067977,71003822,0x9169028656fb9ec210638fdcbddc65115ab8d163,2025-10-27 21:18:03,0x45a62b090df48243f12a21897e7ed91863e2c86b,N/A,10137.0
0x885e6c4537f752860872c72b400c296dd494b6388dbb5a3011d84d349d149719,71003804,0x9169028656fb9ec210638fdcbddc65115ab8d163,2025-10-27 21:18:33,0x45a62b090df48243f12a21897e7ed91863e2c86b,N/A,10000.0
0xd8aac979b8900a57960836727e504d3ab99f6b8ea89d26c0f007dfaaa57014f4,71004015,0x623ad98fca68d892e646bbc724839bb3d8cb1e53,2025-10-27 21:23:45,0x8af8485e1f178be06386cd3877fde20626e0284f,N/A,116687.3312505191
0xde3d6d0864cfc28333b1c0b3f48719d9822c0acd8710d50c1efd241aa9eac963,71004131,0x8af8485e1f178be06386cd3877fde20626e0284f,2025-10-27 21:27:47,0xff3eb1a4bd3eed5f687e4e4e5c914f4a332d4b11,N/A,24310.104550045653
0xe8a38505328a771dc99b7f4f38ac0e9e808656f180e64f95ce97d1f6732fff78,71004124,0x8af8485e1f178be06386cd3877fde20626e0284f,2025-10-27 21:28:00,0xff3eb1a4bd3eed5f687e4e4e5c914f4a332d4b11,N/A,13827.454404315617
0xfd4e356f164b4939d296356bb003edc8318e7d2910cf31c0f20d54606b559647,71004917,0xeae7380dd4cef6fbd1144f49e4d1e6964258a4f4,2025-10-27 21:50:27,0x9f8c163cba728e99993abe7495f06c0a3c8ac8b9,N/A,8687.999939689022
0x2a180133684febe10017dd191e8c71823a9ae1071612ad20721ec3c1773c77f5,71005280,0x69c1d9812251f5e48bc183def09d5bf85bf0db1d,2025-10-27 21:54:39,0x9f8c163cba728e99993abe7495f06c0a3c8ac8b9,N/A,5249.999722126714
0x2ef84452773fe181fd260d6dad582eef9d327ebabbf08a91a7c182f76c18d09a,71006057,0x1c90d5440c0e768cf7ed984770e0d51a6fe8e417,2025-10-27 22:15:51,0x4d8708374a1dc42126534ba989c796313c0fd0cc,N/A,1158982.8
0xb3af9912ba491284cdd5e6d73b7e3678239312e9d190e477eefeec71017834ef,71006705,0x3bce63c6c9abf7a47f52c9a3a7950867700b0158,2025-10-27 22:38:54,0xf2ec4e03b522029e6747a9fb877a7a1b65491ba7,N/A,9008.896
0x14bd22d05badb52ad20f62b963c90bd059fdc9f685325896007bcf7073c9db6d,71007121,0x9f8c163cba728e99993abe7495f06c0a3c8ac8b9,2025-10-27 22:46:36,0xf2ec4e03b522029e6747a9fb877a7a1b65491ba7,N/A,9008.296
0x765a2451a604bd32e47b92068960461491cba67401e9a765957bf1b50ba056a1,71007178,0x8af8485e1f178be06386cd3877fde20626e0284f,2025-10-27 22:52:46,0xeae7380dd4cef6fbd1144f49e4d1e6964258a4f4,N/A,8613.99995772
0xa89f02f85fe83f1b95aec73b9e8e1a082e690b230de85cdba939f70c8fba1daf,71007423,0xeae7380dd4cef6fbd1144f49e4d1e6964258a4f4,2025-10-27 22:58:49,0x9f8c163cba728e99993abe7495f06c0a3c8ac8b9,N/A,10651.971438854698
0xcfaaddf4d924929b934a0ffc3c92bec0f84d030c343d55a970124bc7b50a3188,71007582,0xd29b7333659e5d4efc5750fc56e7fb39b15599dc,2025-10-27 23:01:19,0x5505711a7244bc3312ea4234ea8da481e0a510d9,N/A,500000.0
0x5aadea07a6d00c8b75d397f629e26620055506197060793f53bdc908011ee334,71007835,0xe9f9dfeb8005c034acc95dc23a272055e369d868,2025-10-27 23:07:11,0x3611b82c7b13e72b26eb0e9be0613bee7a45ac7c,N/A,3186.3874236552283
0x696856e411e5fa42071adbd1d1d3e19bfbbeb160202432c08ebab14d8feec9a8,71007770,0x9b0c45d46d386cedd98873168c36efd0dcba8d46,2025-10-27 23:07:19,0x6c881fb7701bb5df00caee32f9ab97134305275c,N/A,4970.660000000001
0x8b1d149e5a4581e8c2dff94bbfd9d235e616aa7081e1666f383e9856bceed93d,71007804,0x6c881fb7701bb5df00caee32f9ab97134305275c,2025-10-27 23:08:04,0xb624219480543c54603fb6b07d5eb347e51bffe0,N/A,4970.6599563671625
0x92c462d1d2f4a754e228c93c1f1f0f2b3c8258c0403a03106f7fc33edf79c1fc,71008158,0xa9d8ffe94d8ff56a32c78bf5d90245ce5f6d130e,2025-10-27 23:19:37,0xc306aab667a4723967f7b74b79eb696571f9de27,N/A,9969.912342419235
0x90649d003f319de0d028075236778b40744d3261225417b464f6cbe765e5fb5f,71008454,0x8af8485e1f178be06386cd3877fde20626e0284f,2025-10-27 23:24:28,0xa294cca691e4c83b1fc0c8d63d9a3eef0a196de1,N/A,3179.79996487
0x7d0f04559ea7aa7dadd22bba0756e42b0f5a962b990b0a26775029828a4ead17,71008433,0x3bce63c6c9abf7a47f52c9a3a7950867700b0158,2025-10-27 23:25:04,0xf2ec4e03b522029e6747a9fb877a7a1b65491ba7,N/A,9009.696
0x77db93136d01b28cc59bc3e544f9d704bb6628f2d1abe56c72648d0e702f39da,71008575,0xa5637ad248ca3bb7a49665f2136ee72315fb39b1,2025-10-27 23:26:44,0xf53b90605e3e48d5f015a4451118d93565dc23e1,N/A,4093.675985
0x10450184445624b950f174c5ac00a3ded6a2850dae02866005b83b4b9ce7fffb,71008723,0xf53b90605e3e48d5f015a4451118d93565dc23e1,2025-10-27 23:34:43,0x9f8c163cba728e99993abe7495f06c0a3c8ac8b9,N/A,4093.6759614544076
0x921eacdc93fcbf611479010afdf26944bb61e12ffe114da553c7d3eecf27d931,71008723,0xeae7380dd4cef6fbd1144f49e4d1e6964258a4f4,2025-10-27 23:34:43,0x9f8c163cba728e99993abe7495f06c0a3c8ac8b9,N/A,8989.99994770445
0xf01323cc9f65b8b3afb679411f69e7c6c3a135c9eb968be03185057353483b2e,71009116,0x9f8c163cba728e99993abe7495f06c0a3c8ac8b9,2025-10-27 23:42:14,0x3bce63c6c9abf7a47f52c9a3a7950867700b0158,N/A,127410.62923103999
0x9779ff180087e2c705f9c5d14f333f5e4bf3823ba095bdcb0101036af7d003b7,71009174,0x565f0fe9715e3cb0df579f186c299d6707887e83,2025-10-27 23:47:29,0x2b2c81e08f1af8835a78bb2a90ae924ace0ea4be,N/A,4937.218109948
0x0410a02eed5e1b0e40b242fe5a49f0ff4c5c97dffaa637dbe4f48e8ef71b8a20,71009582,0x565f0fe9715e3cb0df579f186c299d6707887e83,2025-10-27 23:54:45,0x2b2c81e08f1af8835a78bb2a90ae924ace0ea4be,N/A,3104.278974895
0x1acb999f9dc4b2020408d204c1b826f533533d018dcff021f809096e7d6be07c,71010954,0xe21afe52d44f0b958a8e34809939b1db9a82297c,2025-10-28 00:34:53,0x2825ce5921538d17cc15ae00a8b24ff759c6cdae,N/A,12310.0
0xc7eb3c32439f62df9d3b037e60deeab0823edca803c17cab6dd66e67e50824ce,71010929,0xe21afe52d44f0b958a8e34809939b1db9a82297c,2025-10-28 00:36:02,0x2825ce5921538d17cc15ae00a8b24ff759c6cdae,N/A,12310.0
0x9c88016b9f2ec723c1dabef46d322ce7ab403d5e28f11ccfe393fb0621805bc0,71013140,0xf3f264cf21e1a2bae3b9ae3a8381e257b9056789,2025-10-28 01:37:48,0xbb6ea363ec5b0a648365fae0b68b5b61c8ecdb0a,N/A,3736.9192701198604
0x5ad5d38642a68d176ba35fe7309d3759e0f6d907f211d16eeef294a48900e18c,71013668,0xa6da2a39b004ed0fc40a5374e517defdec299046,2025-10-28 01:50:10,0x04e1dee021cd12bba022a72806441b43d8212fec,N/A,6797.80449675189
0x1db85730821899f0efdb202c5ebf2b9dac0cef7b1bb40c3d03eb1cf96cd4f84a,71013627,0xa6da2a39b004ed0fc40a5374e517defdec299046,2025-10-28 01:51:58,0xd78ded803b28a5a9c860c2cc7a4d84f611aa4ef8,N/A,6800.0
0x4330616a3f3921189d2d60b6d01398659423c9109b740e8e08c6d4b1a1934129,71013611,0x74f64ce6c230db2602650903a7edc6db78691f3f,2025-10-28 01:52:45,0xa91db4d5b6af0cef899e2c3a0ea4f21b4589a53c,N/A,3095.3365564132314
0x8f71202f0123807c1d88412b13d0eee4762bf9cd3fe1da09a501e03bc0dd3338,71014812,0xcddc5d0ebeb71a08fff26909aa6c0d4e256b4fe1,2025-10-28 02:27:57,0xf2ec4e03b522029e6747a9fb877a7a1b65491ba7,N/A,9018.196
0xf3d3c7ee0c9f87c930db1bcca89867521259237d7df497c570cb0805362307d5,71015567,0xab725121c9ab0716fe7673ef27e7dc2c1c8a50c5,2025-10-28 02:49:15,0x636858d62f2e81deb7fd563621faef1a6a14d6c5,N/A,11362.579240702376
0x8ed82cd3f61e770d503c300fce5e1ac3e87041290a5e5af90c7b8d3410ef5588,71015837,0x7aad7840f119f3876ee3569e488c7c4135f695fa,2025-10-28 02:56:21,0x187b2d576ba7ec2141c180a96edd0f202492f36b,N/A,5878.000000000001
0xc953ca7a01783e2f40a2d609bc42265a66c61e6cb25283ee5458e75fbe30b5a3,71016504,0xd53c1cfa01b682b5f99f533aaf38ebae3ff1b49b,2025-10-28 03:14:38,0x0000000000001ff3684f28c67538d4d072c22734,N/A,5000.0
0x7a923eed815a05b9ca2ea05f6e0dc52ecb8e7b3190994e36cb16506768b4fb58,71016475,0xd53c1cfa01b682b5f99f533aaf38ebae3ff1b49b,2025-10-28 03:15:40,0x0000000000001ff3684f28c67538d4d072c22734,N/A,8000.0
0x2f4abfe339f4d41a3b896cf7fb86b90867957b0d7addf283d9711c9d9e44ad8d,71016754,0xd53c1cfa01b682b5f99f533aaf38ebae3ff1b49b,2025-10-28 03:18:59,0x0000000000001ff3684f28c67538d4d072c22734,N/A,8000.0
0xce9ad13763bbbd0ca760f1f4fd76664e441242d9c7e162d99802d33716360375,71016604,0xd53c1cfa01b682b5f99f533aaf38ebae3ff1b49b,2025-10-28 03:20:16,0x0000000000001ff3684f28c67538d4d072c22734,N/A,8000.0
0x3455f37939ae6fa806d98c34fc9d716255486d008178ce7df96796bd2af2d333,71016672,0x8af8485e1f178be06386cd3877fde20626e0284f,2025-10-28 03:22:37,0xeae7380dd4cef6fbd1144f49e4d1e6964258a4f4,N/A,7828.99995425
0xc7b9badbd3f2a1f2739a5b1c3f9a9449c95e38208db40bdbb9e2c053636a66cb,71016913,0xeae7380dd4cef6fbd1144f49e4d1e6964258a4f4,2025-10-28 03:23:47,0x9f8c163cba728e99993abe7495f06c0a3c8ac8b9,N/A,7828.999937685557
0xbfb5f801ffa4e7d64617800a0f495ec784906dd91b36bc88c2db59f372542fc7,71016888,0x9d3084d0fdabce20f1bd3271d86b0e4f630c64c7,2025-10-28 03:24:53,0xa564aa59942c30b4e10a688264d083fa9796fc04,N/A,3029.999847587042
0x9013e4111b8a42a9a16a214a37491fd1d893047617a0e0d8256c64945035639e,71017103,0xe4c13d0024162082fd11461ca737e1ba71772c60,2025-10-28 03:30:27,0xf3d1f34a1d3b078593d73acc284154ad499418e4,N/A,42915.49039
0x783e14619cce81fb7d1bae302e4dd28474df0cc771d7114a93f36107eb856604,71017022,0xd53c1cfa01b682b5f99f533aaf38ebae3ff1b49b,2025-10-28 03:31:16,0x0000000000001ff3684f28c67538d4d072c22734,N/A,8000.0
0x19ad7fc53d52ea8f0bc7d21ae3f628d2bf767132a1da5bbf74cc1afd0298b468,71017287,0xe4c13d0024162082fd11461ca737e1ba71772c60,2025-10-28 03:35:48,0xf3d1f34a1d3b078593d73acc284154ad499418e4,N/A,3038.65771
0x8fc7deab0d27c03111b2c303e1b84b6b6ea8157915734c8ebe484983c6732e46,71017630,0x3bb786cb0921d884696028fecaf38f8cec53cac6,2025-10-28 03:48:25,0x111111125421ca6dc452d289314280a0f8842a65,N/A,6814.299999999999
0xd1b0fa93dca848513bc57f856835234667b52b1e8773c60f16551b120d77bdce,71017615,0x6d8be5cdf0d7dee1f04e25fd70b001ae3b907824,2025-10-28 03:49:05,0xf2ec4e03b522029e6747a9fb877a7a1b65491ba7,N/A,7687.796
0xccab405bdd7cbce5da43009e1d805e2c9365010b20cab5eefa859a422a7fbe20,71017822,0xd53c1cfa01b682b5f99f533aaf38ebae3ff1b49b,2025-10-28 03:49:58,0x0000000000001ff3684f28c67538d4d072c22734,N/A,5000.0
0x673449c649b3ad3746e321d3d0ea0503d3d0783d1a93cc7eda5ffa5989bc4efd,71018037,0xd53c1cfa01b682b5f99f533aaf38ebae3ff1b49b,2025-10-28 03:57:01,0x0000000000001ff3684f28c67538d4d072c22734,N/A,5000.0
0x54a7c3f3f358c75073327d38b7d668cab6296f5be4397a98242370ae69efc750,71018210,0xd53c1cfa01b682b5f99f533aaf38ebae3ff1b49b,2025-10-28 03:58:49,0x0000000000001ff3684f28c67538d4d072c22734,N/A,5000.0
0xa10ab2e65168e5ce0a17fd0277c036bc26787990590025432427a027cca7249e,71018159,0x93183c5ebd60958f282e12474c5819af1986f2c6,2025-10-28 04:00:23,0x18556da13313f3532c54711497a8fedac273220e,N/A,6177.0
0xdecf9c547564056ec8e51617414310554a000617d9728c393b6ea708598e70ea,71018158,0xd53c1cfa01b682b5f99f533aaf38ebae3ff1b49b,2025-10-28 04:00:25,0x0000000000001ff3684f28c67538d4d072c22734,N/A,5000.0
0x664547032b08e4cbd2fc532db3f8b06e50f67fa840730dfc56fe99e7cc1f497f,71018398,0x8af8485e1f178be06386cd3877fde20626e0284f,2025-10-28 04:05:13,0xef31d121c3ac745485097fcae4bec35b5cc52774,N/A,10185.900086024158
0xa7b12f0b21e1f445b75c9278dd960421386038fbf3e97bce63edccfc1bc42561,71018385,0x8af8485e1f178be06386cd3877fde20626e0284f,2025-10-28 04:05:36,0xff3eb1a4bd3eed5f687e4e4e5c914f4a332d4b11,N/A,11416.301065752257
0x5e0915f18a8c004685fa1387aacae5be9c9b076d8d5c3e6cb9e894a14d587d81,71018378,0x8af8485e1f178be06386cd3877fde20626e0284f,2025-10-28 04:05:46,0xff3eb1a4bd3eed5f687e4e4e5c914f4a332d4b11,N/A,24449.600661156714
0x098bbb844080e0b82d454ba2feebb37b557d8ddc1757d784943cb83827adc3df,71018375,0xd53c1cfa01b682b5f99f533aaf38ebae3ff1b49b,2025-10-28 04:05:52,0x0000000000001ff3684f28c67538d4d072c22734,N/A,5000.0
0x2e8cf44dc8a47711239ef80eb338d9a91fd404712e74884beb805fa09a125a26,71018514,0xe4c13d0024162082fd11461ca737e1ba71772c60,2025-10-28 04:08:14,0x25c494571d4763bf6723505f42598f57833f686c,N/A,7999.9936
0x7522b829b78ef61b4600d18ab7ea1728af5f31f75c4ac0fd58a3f442404c658f,71018715,0x25c494571d4763bf6723505f42598f57833f686c,2025-10-28 04:14:15,0x04e1dee021cd12bba022a72806441b43d8212fec,N/A,7995.67563025113
0x3d51c905d8e241678f090c8aa38be2c9e112874449d9d7c91bdf41170a70c89d,71018705,0xd53c1cfa01b682b5f99f533aaf38ebae3ff1b49b,2025-10-28 04:14:32,0x0000000000001ff3684f28c67538d4d072c22734,N/A,5000.0
0x6b3c271a87fdde8c061974b8136d6b403574cf77fc37b25507928569fe4c0f2a,71018697,0x0f9ef41f81b763083b29460cfb788843e7dd993c,2025-10-28 04:14:47,0x18556da13313f3532c54711497a8fedac273220e,N/A,5000.0
0x2a1ce7cd983007148b53e9ec10338c3cb9ce37f29a4c57f8cf0806f186b2b21e,71018664,0xd53c1cfa01b682b5f99f533aaf38ebae3ff1b49b,2025-10-28 04:16:49,0x0000000000001ff3684f28c67538d4d072c22734,N/A,5000.0
0x89f4fdd69f9f9746217553863210212673c4cea3079d158fc06682682f8fc4c7,71018641,0xd53c1cfa01b682b5f99f533aaf38ebae3ff1b49b,2025-10-28 04:17:35,0x0000000000001ff3684f28c67538d4d072c22734,N/A,5000.0
0x7a31fc802795083e82292a09b08c3dc8b3b7a4ad9a74cc643c2df437ce72ae2a,71018775,0xd53c1cfa01b682b5f99f533aaf38ebae3ff1b49b,2025-10-28 04:19:02,0x0000000000001ff3684f28c67538d4d072c22734,N/A,5000.0
0x08e81a854e263e1d3ad4ef76fe7cf64d9f66c638b18da6d9a2542cfbf44ad088,71019202,0x1494caac9b55395d25b36c613696447b8d265272,2025-10-28 04:27:37,0x9658eaed4fc05c7a7d442f5d42f7579834dbdcf3,N/A,9500.000000000002
0x9739240ad44a1eb5a7f5d39f4fe7ad0aa6765cc00972178ace84e5908f3017c3,71019199,0xd53c1cfa01b682b5f99f533aaf38ebae3ff1b49b,2025-10-28 04:27:43,0x0000000000001ff3684f28c67538d4d072c22734,N/A,5000.0
0x80d9d0d1fb94abb9d282c5af3b9c9f3a1734caa2ab85b3e0befca4476b241e65,71019081,0x0f9ef41f81b763083b29460cfb788843e7dd993c,2025-10-28 04:29:07,0x18556da13313f3532c54711497a8fedac273220e,N/A,5480.759878085601
0xe994f0a181af8d6353635a207740566adb571e9a9a4465b7a5df699761373e6f,71019151,0xd53c1cfa01b682b5f99f533aaf38ebae3ff1b49b,2025-10-28 04:29:09,0x0000000000001ff3684f28c67538d4d072c22734,N/A,5000.0
0x64f69e12d25704397229d86acc61b6ff64b66131080b255172cb855d92d908f1,71019129,0xd53c1cfa01b682b5f99f533aaf38ebae3ff1b49b,2025-10-28 04:29:59,0x0000000000001ff3684f28c67538d4d072c22734,N/A,5000.0
0x7cf9deefb40cc635656e70811d1ed16a19119dc7895882c3e3e1bbc5abba8207,71019264,0x9658eaed4fc05c7a7d442f5d42f7579834dbdcf3,2025-10-28 04:32:32,0x04e1dee021cd12bba022a72806441b43d8212fec,N/A,9300.0
0x772c6421e869b62cc0e0847a4e7c90ef53f6a1f8f0b438d1be5d06e42e04e8c6,71019531,0xd53c1cfa01b682b5f99f533aaf38ebae3ff1b49b,2025-10-28 04:39:54,0x0000000000001ff3684f28c67538d4d072c22734,N/A,5000.0
0x835a0ec6dcdeb5d0e6ff3eb0a2dd03eb2a005c635efb3cf4ed2d615ccb2f03f2,71019682,0x23439166feec267f1a66e2815369a02f7b7920c4,2025-10-28 04:41:16,0x18556da13313f3532c54711497a8fedac273220e,N/A,3900.0
0xcc5d11e91847d57d04f61b6e0b0a242f68bb0de53cb3484284266aa8a4aa4a92,71019922,0xd53c1cfa01b682b5f99f533aaf38ebae3ff1b49b,2025-10-28 04:47:39,0x0000000000001ff3684f28c67538d4d072c22734,N/A,5000.0
0x7e2a79a34fc0b29294879fb464073d72bc5f79855fcab0eb778e0ba4c4af0967,71019865,0xd53c1cfa01b682b5f99f533aaf38ebae3ff1b49b,2025-10-28 04:50:29,0x0000000000001ff3684f28c67538d4d072c22734,N/A,5000.0
0x61fc215f3bf83f9c0b682529754707c9619812cb883b25d3be527ea47678faad,71020031,0xd53c1cfa01b682b5f99f533aaf38ebae3ff1b49b,2025-10-28 04:50:55,0x0000000000001ff3684f28c67538d4d072c22734,N/A,5000.0
0xcc05d5a37f4d2ea04e2b7be8da43c08103a5eb59c5d888413b5721fafa39b060,71020170,0xd53c1cfa01b682b5f99f533aaf38ebae3ff1b49b,2025-10-28 04:56:22,0x0000000000001ff3684f28c67538d4d072c22734,N/A,5000.0
0x83f008e5ef9e71f28e257d1b94b8a3250944f88cb4643cae4e6cb2e0ecc5d599,71020354,0xd53c1cfa01b682b5f99f533aaf38ebae3ff1b49b,2025-10-28 04:58:30,0x0000000000001ff3684f28c67538d4d072c22734,N/A,5000.0
0x8c69fab70f8bc2bb8d81e0f24f59eb0f810c87689c4f1d09634aacf5931a4fb8,71020295,0xd53c1cfa01b682b5f99f533aaf38ebae3ff1b49b,2025-10-28 05:00:33,0x0000000000001ff3684f28c67538d4d072c22734,N/A,5000.0
0x1c66abade3cafc8de0936ff25b86af0bb2b268723190c5eac41a98c465661c0e,71020443,0xd53c1cfa01b682b5f99f533aaf38ebae3ff1b49b,2025-10-28 05:01:53,0x0000000000001ff3684f28c67538d4d072c22734,N/A,5000.0
0x4649ad9f47d9da6fb1cacbde88e6b2a2785ef69d8ac19a6ba37d39e60fe62ac2,71020570,0xd53c1cfa01b682b5f99f533aaf38ebae3ff1b49b,2025-10-28 05:04:16,0x0000000000001ff3684f28c67538d4d072c22734,N/A,5000.0
0x78a81737806fabeb89b90bd0acaa1d9662b7305fa309499d5ef8a1edf8943161,71020525,0xd53c1cfa01b682b5f99f533aaf38ebae3ff1b49b,2025-10-28 05:06:40,0x0000000000001ff3684f28c67538d4d072c22734,N/A,5000.0
0xc54466605bd39a8093d22a79f96b2c693f4d5ea49999d54dd38d9fb032ec38f8,71020722,0x8af8485e1f178be06386cd3877fde20626e0284f,2025-10-28 05:09:13,0xeae7380dd4cef6fbd1144f49e4d1e6964258a4f4,N/A,8716.99996732
0xc9091f184c57af1435944c629f3da37b2605b963cf1125134f4a8d1ec81ad878,71020922,0xeae7380dd4cef6fbd1144f49e4d1e6964258a4f4,2025-10-28 05:13:35,0x9f8c163cba728e99993abe7495f06c0a3c8ac8b9,N/A,8716.999946016176
0x7877d672091003277ffb40ca64abe2cf21a5b942dd3f7126776eb31c17df65b5,71020875,0xd53c1cfa01b682b5f99f533aaf38ebae3ff1b49b,2025-10-28 05:15:06,0x0000000000001ff3684f28c67538d4d072c22734,N/A,5000.0
0x6cbec2baead9904b77345120e8232949b4e7ea93b8360651e328ed79562bb3aa,71020858,0xa06d0e7219030e15a8c82db4aa569fb93a792fe0,2025-10-28 05:15:43,0x18556da13313f3532c54711497a8fedac273220e,N/A,5062.000000000001
0x6dd3648e7e88b99a5c4a12e5dbf7efa644faa8bd7f80ed2c6c59640094db6378,71021035,0xd53c1cfa01b682b5f99f533aaf38ebae3ff1b49b,2025-10-28 05:20:37,0x0000000000001ff3684f28c67538d4d072c22734,N/A,5000.0
0x6464e19d84da185367f93553eba75fd1b954b4b9bd32e89fd17cae0ddb6cbbd8,71021005,0x7ccad98b1329a13ccfe0292030c0e22bdd61821c,2025-10-28 05:21:48,0xb4315e873dbcf96ffd0acd8ea43f689d8c20fb30,N/A,4500.0
0xe46cfe68c6e27c1e3dd372277a903153eece3bda957017da4b302389c9b68e84,71021235,0xf202d0bd984b5f6d70d826752b93f536b82886a4,2025-10-28 05:23:25,0x2825ce5921538d17cc15ae00a8b24ff759c6cdae,N/A,30000.0
0x330fd9da44a7c4e4df07665f8d3dd153679d7ca361b0626299564662c18c7e1a,71021195,0xf202d0bd984b5f6d70d826752b93f536b82886a4,2025-10-28 05:24:57,0x2825ce5921538d17cc15ae00a8b24ff759c6cdae,N/A,28000.0
0xd63f430c98e4b5ae4d7848bb4a58b782ce7e859fe18a0619196afdd3b72c5675,71021797,0x3bce63c6c9abf7a47f52c9a3a7950867700b0158,2025-10-28 05:44:21,0xaea6291cb48d9675b120f74e2f0b0de01db47a00,N/A,3412.296
0x07b7f95f98a6c8529f1f031f7afcb05e1b0d9196e6f10c9b446f2bf5e1baac3b,71022056,0x9f8c163cba728e99993abe7495f06c0a3c8ac8b9,2025-10-28 05:48:26,0xf2ec4e03b522029e6747a9fb877a7a1b65491ba7,N/A,9020.796
0x28c42b7b0ccd4d4fc3a5e6b43d35bba2914a8468e93af2a3f9de04d81d8843ae,71022420,0xd53c1cfa01b682b5f99f533aaf38ebae3ff1b49b,2025-10-28 05:58:02,0x0000000000001ff3684f28c67538d4d072c22734,N/A,3868.4
0x51e35de7e22e7361742439e93a2321b3ec47dac18c60c08ae8547edc8d73d5ea,71022397,0xe9f9dfeb8005c034acc95dc23a272055e369d868,2025-10-28 05:58:39,0x3611b82c7b13e72b26eb0e9be0613bee7a45ac7c,N/A,3156.8382934082674
0x38290004c30d40879ebee9e13ed858ec0c7071614e809832aff068adf2de4f68,71022380,0xd53c1cfa01b682b5f99f533aaf38ebae3ff1b49b,2025-10-28 05:59:06,0x0000000000001ff3684f28c67538d4d072c22734,N/A,3868.4751557010036
0x355a76ebd334e3efed815d876daabefbb58e8092ce341edd0bbcf035ba9cfa91,71022699,0x4e66b9a313c26e9065139019af9abc930b96e256,2025-10-28 06:08:57,0x0a7e3e04fb45af4233a27bcf23f2c94f5babcf39,N/A,3776.5711387268757
0x17a85ef232ec45d01488779b919bf5f93f97fac7261f71a015d4176c25b1fbd4,71023108,0x8af8485e1f178be06386cd3877fde20626e0284f,2025-10-28 06:16:24,0xeae7380dd4cef6fbd1144f49e4d1e6964258a4f4,N/A,8730.99997009
0x608aaa746faee2e436c2cbc156485b91eccccb61be8d78ac1bd6fd3c2bc830dc,71023062,0x16a079258b91c65d746d531f2b5b791b1adc0f7a,2025-10-28 06:17:44,0x0a7e3e04fb45af4233a27bcf23f2c94f5babcf39,N/A,3233.64685697356
0x2dc3db75652c3e5f8ec21f2471a149ea6b730d76c219f6de7a154257af6fcf50,71023272,0x0a7e3e04fb45af4233a27bcf23f2c94f5babcf39,2025-10-28 06:19:50,0xeae7380dd4cef6fbd1144f49e4d1e6964258a4f4,N/A,5284.996
0x9db10e180df7b8a17c71bd42e6d7cfbf57d9cc66df179ef49a06c42766c24bb7,71023448,0xeae7380dd4cef6fbd1144f49e4d1e6964258a4f4,2025-10-28 06:25:23,0x9f8c163cba728e99993abe7495f06c0a3c8ac8b9,N/A,14015.995944367218
0xa2470797428de8997524fffdf34448124ed13f8265aaa5b0c7c70a2c0f464356,71023399,0x67053e9d7584974282801e76b0594ecafae11f84,2025-10-28 06:26:41,0x0d0707963952f2fba59dd06f2b425ace40b492fe,N/A,3281.9405848501274
0x0b3300e81ffded0205880a6655593a4bcb07a92c4d07c8d9380d4236c10f0513,71023386,0x6455327f820edd69c4cd665b995e0fec679d7f9e,2025-10-28 06:27:03,0x0d0707963952f2fba59dd06f2b425ace40b492fe,N/A,6356.999985579325
0x0f7b23b6a78e1a96cb2a1888c0f81877c76f67abcfaa0cbce0e0050b03ed7b98,71023770,0x16a079258b91c65d746d531f2b5b791b1adc0f7a,2025-10-28 06:34:15,0x0a7e3e04fb45af4233a27bcf23f2c94f5babcf39,N/A,3887.5144279201495
0xf71a6d1de4ea45f7e824384027ac552e13865fd14cb5b779da3f7f1b897e1b9d,71023898,0x9f8c163cba728e99993abe7495f06c0a3c8ac8b9,2025-10-28 06:40:03,0x549c82a1fe64a444a9d93f59ae2538d937bd8c66,N/A,4737.0
0x58dcedc1caa6b4dbafa224ffcc05036339cf91cdc8dd992f10bc0ea10f598165,71024252,0x0a7e3e04fb45af4233a27bcf23f2c94f5babcf39,2025-10-28 06:48:25,0x9ec1f2b052b4534b387c73c69b3e87324c1c7b21,N/A,14200.0
0x414daf764e9b772f54ad9de5f4a151c60599b5ddc684d2ae2cc4395e2da1568a,71024375,0xf3d1f34a1d3b078593d73acc284154ad499418e4,2025-10-28 06:54:29,0x9ec1f2b052b4534b387c73c69b3e87324c1c7b21,N/A,33999.9936
0xf2bc87f7b92278f1f114c645786ce4f762ea10f9baa0e09a59820f473a9afe07,71024615,0xf835925589ac11df66690b3aa343de649f38cd83,2025-10-28 06:57:54,0x0b4478e810d48b5882d4019d435a2f864bab4f39,N/A,5404.4752580137665
0x418b34eab639a2bba9fcecdce8c2a35f65e4045a65ef2d3d590ad76f7f6cf767,71024660,0x3bce63c6c9abf7a47f52c9a3a7950867700b0158,2025-10-28 06:58:03,0x9ec1f2b052b4534b387c73c69b3e87324c1c7b21,N/A,5999.995999999999
0x64ee99a143f8b4bdcb1cd9e8d897a0fcfba7fb34e6d2e00c6c334e32a8a6d80d,71024808,0x72701f7fd3e4c9942ad7d832f60f26718f3c46ca,2025-10-28 07:01:27,0x0000000000001ff3684f28c67538d4d072c22734,N/A,4894.000000000001
0xcf56746f34105ae148eaf8d1ee50e39d2e0b41ed896b36a8d47993c10e8b8921,71024786,0x72701f7fd3e4c9942ad7d832f60f26718f3c46ca,2025-10-28 07:02:06,0x0000000000001ff3684f28c67538d4d072c22734,N/A,4894.155904993857
0x02cc0d99bff000f9e8e13bd166d8c5d2180bd366a10faba15961205d3a3b332b,71024777,0x72701f7fd3e4c9942ad7d832f60f26718f3c46ca,2025-10-28 07:02:25,0x0000000000001ff3684f28c67538d4d072c22734,N/A,4894.155904993857
0x2a192f6971ca60b8a590e848f08607b8cd515c8fbf143cc1453480bb7f4aa410,71024728,0x9ec1f2b052b4534b387c73c69b3e87324c1c7b21,2025-10-28 07:03:49,0xb31f66aa3c1e785363f0875a1b74e27b85fd66c7,N/A,54200.0
0x72eef5bd9b24b5d98cb44b478a3a32cae27b48ccf47da678495bcf058a94c4af,71025290,0x06fd4ba7973a0d39a91734bbc35bc2bcaa99e3b0,2025-10-28 07:14:41,0x9f8c163cba728e99993abe7495f06c0a3c8ac8b9,N/A,8741.683242260959
0x9c373de38c9fd8ef4bea97f52eb571bc1565638d96c5079db2d67240a0a1fa04,71025563,0x8af8485e1f178be06386cd3877fde20626e0284f,2025-10-28 07:24:18,0xeae7380dd4cef6fbd1144f49e4d1e6964258a4f4,N/A,8678.999967149999
0x1fd4b264c1fcd1eee0385746b178364faa2555241487fb966bbe6c528f20e939,71025871,0xeae7380dd4cef6fbd1144f49e4d1e6964258a4f4,2025-10-28 07:32:25,0x9f8c163cba728e99993abe7495f06c0a3c8ac8b9,N/A,8678.999947583143
0x048ebd58ca10ffd60141505082c60be8e973fa11488469bac9761aa020384239,71025757,0x835678a611b28684005a5e2233695fb6cbbb0007,2025-10-28 07:32:37,0x5a52e96bacdabb82fd05763e25335261b270efcb,BUY,79931.99999999999
0xe64954c2cf3bdc90811479ac4ba64dadadff4d7871355355f8b147adb4c17c6a,71026467,0x0a7e3e04fb45af4233a27bcf23f2c94f5babcf39,2025-10-28 07:52:15,0xeae7380dd4cef6fbd1144f49e4d1e6964258a4f4,N/A,5130.996
0xae89cec5cf5d191296ec91173bf3bc000a59da37e35e718e2182e3f6a075d7eb,71026769,0x0f9ef41f81b763083b29460cfb788843e7dd993c,2025-10-28 07:57:31,0x18556da13313f3532c54711497a8fedac273220e,N/A,12775.775355809868
0x1bb4e38d46d44348b1cd2d434e5467104481acd3f722b9f981129453f46ecdd9,71027910,0xe4c13d0024162082fd11461ca737e1ba71772c60,2025-10-28 08:27:32,0xaf688171f9a426d8c78a907f78a9cc3da23c7230,N/A,10343.68395
0x93062fb6de0c3fc51b7322cc3aa240530e7eef609aed1527e7a41dcbc04d01a7,71028099,0x00eeeeef0ff3ed6722d2a0cc67bfd08b75de7b08,2025-10-28 08:34:56,0x346ff41c596937d3d196a7521e52930210068f6d,N/A,3652.1385537163305
0x5dd12bb7d3b9cb0488944a32dc0f6f7fa0352c16eebb990dd17b68d5eb58f204,71028053,0xaf688171f9a426d8c78a907f78a9cc3da23c7230,2025-10-28 08:36:09,0x3fed017ec0f5517cdf2e8a9a4156c64d74252146,N/A,10343.0
0xd2b49b50895bd9ffe3f1483281c0da435eb7642efb9194186e00bbbe547f3d9a,71028516,0x35c7415168ceb3a9e6badb1174410244dac5b226,2025-10-28 08:48:08,0x9f8c163cba728e99993abe7495f06c0a3c8ac8b9,N/A,9126.798943164178
0xaf0cbee5017f6b6e6f0b742ec4760e451d8bb8ec1e560fcf7455caa27b46cb30,71029038,0xeb06f2410c1ef96e96e27ef3655290b685c3d6e5,2025-10-28 09:02:37,0x5c0401e81bc07ca70fad469b451682c0d747ef1c,N/A,32600.000000000004
0x741e72ea21dc16de375aca428a3a6803b87f3732c038c96c57ecfb75af0c9f20,71029364,0xf3d1f34a1d3b078593d73acc284154ad499418e4,2025-10-28 09:12:21,0xe71c6541a4e3dfb9fac9ec40d09d6ade9dc972bb,N/A,3500.0
0xaae6c533588778f64254468120625297c84f4360c0f817ec16cd7619600cd0d9,71029727,0x8c7e4872f2613e26fb75c2d5441d9b0e6474bbba,2025-10-28 09:20:11,0x0000000000001ff3684f28c67538d4d072c22734,N/A,5900.0
0xe240a00720c1ca8aff2b6e097053b6fe151daa6bee6f5efb7f746c57c4ce9495,71030123,0xb74805310550023a0a88cd7f56425cfb3d068917,2025-10-28 09:32:38,0x6131b5fae19ea4f9d964eac0408e4408b66337b5,N/A,4091.0000000000005
0x2594bcf377138ab21a21716c1a8b705f44a8f3b7d92ba656d233c37e5a54753b,71030208,0x3bce63c6c9abf7a47f52c9a3a7950867700b0158,2025-10-28 09:33:36,0xaea6291cb48d9675b120f74e2f0b0de01db47a00,N/A,3500.7960000000003
0x9859c11245de4ff631c0f4d090d12cf60f51d7884a57620aa7082dc66014ea41,71030776,0xe4c13d0024162082fd11461ca737e1ba71772c60,2025-10-28 09:53:19,0xf3d1f34a1d3b078593d73acc284154ad499418e4,N/A,10602.66882
0x6f2b65511219c9e4b333fab9819ff611835e62e2b454f2942d5a34e72995205e,71030881,0xeae7380dd4cef6fbd1144f49e4d1e6964258a4f4,2025-10-28 09:58:56,0x9f8c163cba728e99993abe7495f06c0a3c8ac8b9,N/A,8618.999968533466
0x4913eb2d2e716897e70d1ef5297eca6c24918759654187abfb91ecd251a14ad9,71031390,0xaea6291cb48d9675b120f74e2f0b0de01db47a00,2025-10-28 10:12:53,0x4210e1058f27c80d99edc8e4d5327df8c63c77bc,N/A,13547.782
0x411b8d1df81ed6f6fd1e54e845d358ab6f414bbe68c0bcbab5c2e51be7f58320,71031717,0x8c7e4872f2613e26fb75c2d5441d9b0e6474bbba,2025-10-28 10:21:48,0x0000000000001ff3684f28c67538d4d072c22734,N/A,5900.0
0x84bebf736d0e6be03b3d962e2c20eb4129ab9a48d1647dbbd08b89fa23638663,71031678,0x8c7e4872f2613e26fb75c2d5441d9b0e6474bbba,2025-10-28 10:23:06,0x0000000000001ff3684f28c67538d4d072c22734,N/A,5900.0
0xf044be745214da6ac2f6351d564d01fc6a44a550efdf9fea5358a1f9ae064c42,71031959,0x8c7e4872f2613e26fb75c2d5441d9b0e6474bbba,2025-10-28 10:27:05,0x0000000000001ff3684f28c67538d4d072c22734,N/A,5900.0
0x11136b4ecef867c9d15712691998508ebe78fd34d7c1176e23b17b11e95c0d2c,71031831,0x8c7e4872f2613e26fb75c2d5441d9b0e6474bbba,2025-10-28 10:27:17,0x0000000000001ff3684f28c67538d4d072c22734,N/A,5900.0
0x7ce214e7a56c36627fe880172e2736e5d80b67d673850e26ed13e0bac9d3eb78,71032046,0x8c7e4872f2613e26fb75c2d5441d9b0e6474bbba,2025-10-28 10:30:36,0x0000000000001ff3684f28c67538d4d072c22734,N/A,5900.0
0xeb3774e2515a1a0b7a17647945294e84eb375c923b93b60c8c68749ffaaad798,71031979,0x8c7e4872f2613e26fb75c2d5441d9b0e6474bbba,2025-10-28 10:32:37,0x0000000000001ff3684f28c67538d4d072c22734,N/A,5900.0
0x53d8b4151ef09ba50f6f827c4a7960cf9954fcf353979f8d96bd086fb5a872a9,71032152,0x8c7e4872f2613e26fb75c2d5441d9b0e6474bbba,2025-10-28 10:37:24,0x0000000000001ff3684f28c67538d4d072c22734,N/A,5900.0
0xe60d78e89e01d35580024993bceead81f9aa22d442b81dc88b8b3a29611ce75f,71032241,0x588993cc2ccdaeb0ac963696f1ac337be82e1517,2025-10-28 10:37:37,0xa24a82397ee52279e7eea449c1366776ea05ea2e,N/A,13731.22029838894
0x274fb50378674779f336a7060ecb472673c81dfcf4d92de46a82fd7033cf534b,71032511,0x611f7bf868a6212f871e89f7e44684045ddfb09d,2025-10-28 10:45:53,0xe4c13d0024162082fd11461ca737e1ba71772c60,N/A,44760.75
0xa4945c9563c7a8e16e33c44bb833505a703e6d0e3836eda3ad4b8b40939bf2a9,71032511,0xd170b23974c0ac399fe8cd6df5f491856f807245,2025-10-28 10:45:53,0x7fa0d5e4eb04fe1445e9df161d195f213ac3730a,N/A,6361.999999999999
0x87afd78844d50dffeef5091488eae6c5bb57c82afb0f344c1e40837fcb2f4154,71032640,0x617eb09d7869de4ea8a9768c5c657ff7c2d80f97,2025-10-28 10:50:49,0xd78ded803b28a5a9c860c2cc7a4d84f611aa4ef8,N/A,3076.08
0xb44396ddb7e2b2f90baf86d2203cbb3604f107eb1988149cd1f91e2372f328d7,71032636,0x7fa0d5e4eb04fe1445e9df161d195f213ac3730a,2025-10-28 10:50:57,0xe4c13d0024162082fd11461ca737e1ba71772c60,N/A,6361.999999999999
0xd6cf3ecdff35a95de9ef9cad4eb8d0fa83af6df181befd76058568a8bb539b7d,71032836,0xc333e80ef2dec2805f239e3f1e810612d294f771,2025-10-28 10:54:01,0xcdd78014e1dccd73795d8ec863e7516ddb33db7c,N/A,22885.0
0xd3510ce9cf43599d0a5ebb790c1a92541548e73d6e0a6b325bcf70f0592731b7,71032869,0xcdd78014e1dccd73795d8ec863e7516ddb33db7c,2025-10-28 10:55:02,0x3dd87411a3754deea8cc52c4cf57e2fc254924cc,N/A,22884.999990608852
0x290249c5a854739fbeb24246547e2eeaa725a43e96125f1de40aa6d37d009106,71033994,0x96977d15ee849bcbb23ea88f0517e1e4faad81d4,2025-10-28 11:29:48,0xf75584ef6673ad213a685a1b58cc0330b8ea22cf,N/A,22322.0
0xdf7943e60d50c4cf1d6048d2fecc79b27090da1f508834cce67af8a37f694068,71033912,0xcddc5d0ebeb71a08fff26909aa6c0d4e256b4fe1,2025-10-28 11:31:19,0x549c82a1fe64a444a9d93f59ae2538d937bd8c66,N/A,4647.0
0x4a9a361bf3052a21a333727d217032536b6437bd7dba580e726e2baea2d83d39,71034782,0x6d8be5cdf0d7dee1f04e25fd70b001ae3b907824,2025-10-28 11:51:42,0xf2ec4e03b522029e6747a9fb877a7a1b65491ba7,N/A,8160.596
0xd3d50a97ddeff32db8ff37fdf57bb89f484dc65f57c3f05823847398d4080efa,71035110,0x06a511d5354b67404e2eb8b08739b8cb13c10669,2025-10-28 12:03:52,0xefdc8fc1145ea88e3f5698ee7b7b432f083b4246,N/A,10828.244682745206
0xee5064b3a931ea0c7a8940f06ed9b7bf1c7a00a1cc57771994e2a4b9af52d4fd,71035326,0xb39999a0f98dd2fc4f000b0920836aadc546d63c,2025-10-28 12:09:05,0xd2dd7b597fd2435b6db61ddf48544fd931e6869f,N/A,9695.83003029
0x067ff2546d24d79e682f32a7b09bfc59f2dfc9a9e0aa002aef5924d54134a8e5,71035740,0x1d67bd4503ad0639beeb843890a6a90bd74e6ed1,2025-10-28 12:21:45,0x6efd65337f0db7c20a2482686adb25480664f1b2,N/A,12362.057435
0x16595eb7ec1586fcf09898c351d13d5ab12ecfab6a8d2ddea3a152b51703edb6,71036001,0x6d8be5cdf0d7dee1f04e25fd70b001ae3b907824,2025-10-28 12:27:01,0x549c82a1fe64a444a9d93f59ae2538d937bd8c66,N/A,6900.0
0xe080d93fb65486daf3ad0a47b0d75e31dc6f658337ff64acebac6589f70b74b8,71035954,0x1d67bd4503ad0639beeb843890a6a90bd74e6ed1,2025-10-28 12:29:19,0xd50ce6c1df61f45e3bbbfd219799714da3fb7c7f,N/A,59664.46283045865
0x61a26855b2bba852411c9be46b1a8e8e5b29769810dd008e209c6a492c2e9cc1,71035947,0x1d67bd4503ad0639beeb843890a6a90bd74e6ed1,2025-10-28 12:29:33,0xd50ce6c1df61f45e3bbbfd219799714da3fb7c7f,N/A,58938.854710520995
0xe2172a37a55d944da544790322335c6d97707631f17018282a1e28c71daca3ba,71035933,0x1d67bd4503ad0639beeb843890a6a90bd74e6ed1,2025-10-28 12:29:57,0xd50ce6c1df61f45e3bbbfd219799714da3fb7c7f,N/A,58938.854710520995
0xe3a23f3733d823339fa7f94fbfbc8d22192534b259b89df5b0b419583ddc3d69,71035927,0x1d67bd4503ad0639beeb843890a6a90bd74e6ed1,2025-10-28 12:30:07,0xe01ae85a2073a504139bc503d46d85cf68bb85f8,N/A,17794.830240755604
0xb8319192de8688f851b6d099ccd882e0ff6ecb5b08b8f859fab6c66d181884e9,71037933,0x0be386e95f72f1c9bb9deaae223c2589e2907439,2025-10-28 13:20:46,0x06576a2e403ab922e4965b2bf572f32a5e08a05c,N/A,9797.954873190001
0x66d9c419aca0ea46fbffa1083074f49888b73973ac66e44b0b31762f8f39ddc8,71038183,0x8acf69caf2e91bfd7666a529a63a8cf7b6187ae7,2025-10-28 13:27:09,0x2825ce5921538d17cc15ae00a8b24ff759c6cdae,N/A,1659140.0
0x7b42737c8c14f5889112315acb7271318db2bc58686521f1153bb07748387ca3,71038538,0xcddc5d0ebeb71a08fff26909aa6c0d4e256b4fe1,2025-10-28 13:36:57,0xdc2692379ef39a8a115ccdf56080645d35d1eb20,N/A,4417.0
0x8877bfbbf873f71c505207e17cf6098b6309184473c7e3500919167e373222fe,71039284,0x06fd4ba7973a0d39a91734bbc35bc2bcaa99e3b0,2025-10-28 13:57:15,0x9f8c163cba728e99993abe7495f06c0a3c8ac8b9,N/A,3304.035585374089
0x357fb0986fab13c7b73f9b2275942832943473d9dd7c7ea2a19caa3aa8914622,71039670,0x84b38bc60f3bd82640ecefa320dab2be62e2da15,2025-10-28 14:06:22,0xb39999a0f98dd2fc4f000b0920836aadc546d63c,N/A,9999.999917997784
0x693f0ffa6cce061ddfef398e5740674f038e97d33f98d6f367416f13e2351260,71039650,0xf8191d98ae98d2f7abdfb63a9b0b812b93c873aa,2025-10-28 14:06:52,0xeae7380dd4cef6fbd1144f49e4d1e6964258a4f4,N/A,30054.0
0x49e959bbfcd1f6aac44ce78bd44f4d14bce840f8f4d6550396bf06965f51d081,71040043,0xf8191d98ae98d2f7abdfb63a9b0b812b93c873aa,2025-10-28 14:14:35,0x6455327f820edd69c4cd665b995e0fec679d7f9e,N/A,3542.0
0x7ceb6e9a09f42e9e6d7aab9ee3f2dfbb69f83e9172fa4a546e14e790f6b71196,71040005,0xeae7380dd4cef6fbd1144f49e4d1e6964258a4f4,2025-10-28 14:15:49,0x9f8c163cba728e99993abe7495f06c0a3c8ac8b9,N/A,30053.9999896625
0x21399692558f3b2db49af2307fce1b65124d0ecbcb97bb91eebfdb80746763c0,71041224,0xaba2d404c5c41da5964453a368aff2604ae80a14,2025-10-28 14:46:31,0xf2ec4e03b522029e6747a9fb877a7a1b65491ba7,N/A,9026.296
0xb83f24d76f5b40d840ca7abd3538892fabf8137ceff1c018e74f56a6e544d0e1,71041378,0xf835925589ac11df66690b3aa343de649f38cd83,2025-10-28 14:49:03,0x5c0401e81bc07ca70fad469b451682c0d747ef1c,N/A,10481.0
0xd670ae81d4b56ae3bbe74cabf9a8728a0aa059c446bdd1f30299b34e6543d982,71041373,0x6d8be5cdf0d7dee1f04e25fd70b001ae3b907824,2025-10-28 14:49:12,0xf2ec4e03b522029e6747a9fb877a7a1b65491ba7,N/A,9025.896
0xa21e299f8980576641f84bd3e4dc10a9fb4a133985ebf183dbe5dbd8b0215cf8,71042804,0x6d8be5cdf0d7dee1f04e25fd70b001ae3b907824,2025-10-28 15:23:44,0xf2ec4e03b522029e6747a9fb877a7a1b65491ba7,N/A,9026.096000000001
0x3731825c717577528da2230102e5cec76d57456e8842cb701a50e92273cce6ff,71043095,0x20840b20f1eee3b7b225866dc2e0d669cc2553fb,2025-10-28 15:32:15,0xd34cd00c0b51b56ecf2dc93569bdebb87b0e0f85,N/A,15937.77
0x5174a10bb4ca34c8098f02ee8bd2e023182e8d672c0e18a2cef508dabeb73ff4,71042900,0x82d9a5bf0ac107c2f5acd1f6e79d66f568848b84,2025-10-28 15:32:38,0x8af8485e1f178be06386cd3877fde20626e0284f,N/A,116687.33122905158
0x6f529fb7b15d66f5903dd0bff7fba66dc7cdfa29880f8797cb421092d430729f,71043024,0x8af8485e1f178be06386cd3877fde20626e0284f,2025-10-28 15:37:48,0xef31d121c3ac745485097fcae4bec35b5cc52774,N/A,16743.703572833852
0x49a7539107548d695f28bc02c27ea33e18aeddfbedd9aa77fbd6f75aca06ce1e,71043017,0x8af8485e1f178be06386cd3877fde20626e0284f,2025-10-28 15:38:14,0xef31d121c3ac745485097fcae4bec35b5cc52774,N/A,24580.094572806607
0x29391d6b87da53fe1f6e07cb1e6cd3f1923546978a0bc4c65e0774ba9e500ac9,71043695,0x8af8485e1f178be06386cd3877fde20626e0284f,2025-10-28 15:48:04,0xeae7380dd4cef6fbd1144f49e4d1e6964258a4f4,N/A,7490.99996553
0x883b107ddba293d25e7930cf39a5c2cb6447adf167b79087af359edf634e6813,71043766,0xaba2d404c5c41da5964453a368aff2604ae80a14,2025-10-28 15:53:04,0xf8191d98ae98d2f7abdfb63a9b0b812b93c873aa,N/A,20549.0
0x5335a8ae6dc32fa17dcd75e1a1014234dc35c2fee371d555d044e10aa8a332c2,71044267,0xeae7380dd4cef6fbd1144f49e4d1e6964258a4f4,2025-10-28 16:03:36,0x9f8c163cba728e99993abe7495f06c0a3c8ac8b9,N/A,5221.995973881925
0x0be00510010c19f4e787fb2de3df4cda69ae9095478a5a1520cb1e4ec49dc66e,71044260,0xfd9238dcd679316c6a95c08490e049fcaa9c979e,2025-10-28 16:04:25,0x7aad7840f119f3876ee3569e488c7c4135f695fa,N/A,4641.599475
0x89349c87ed5460bca8818c1392429ca3772aa264dea2f4e4923c0bcc3f2be3aa,71044248,0x0a7e3e04fb45af4233a27bcf23f2c94f5babcf39,2025-10-28 16:05:42,0xeae7380dd4cef6fbd1144f49e4d1e6964258a4f4,N/A,5221.996
0xb0a3bdb8ef1412d25ed263c091f1249c3c0a8bd07eeceda1db3b645db4e4e68f,71044978,0xf92f3f5a03099a0482c54036da83b24298c5b9ae,2025-10-28 16:19:03,0x8f66c4ae756bebc49ec8b81966dd8bba9f127549,N/A,8680.93506956
0xfbbad2301fe6b3f1c4a89113446397468bf3faf8f200127f45e509cc633b3e8a,71044971,0xee72563ce07b649752a92ac044ef57d04a8f132a,2025-10-28 16:19:23,0x8f66c4ae756bebc49ec8b81966dd8bba9f127549,N/A,15292.097469010001
0x8fb1ce36cb53169a67a8eb5b5de10850bcd50f93f2263370b305abc468a03b9b,71045558,0x841ed663f2636863d40be4ee76243377dff13a34,2025-10-28 16:34:52,0xa56aee9ab7d2a3fb81187cec8d418eb394b39339,N/A,4386.5834
0x3515fa2fae0f9ee89b1180bda172886f87e415044858d5ce9a47d459f8127fea,71045529,0x7cc5d1d2dcd74e4da76cd56fdfdc90c369b1d12c,2025-10-28 16:35:43,0x1d67bd4503ad0639beeb843890a6a90bd74e6ed1,N/A,3652.999945511958
0x4b69d08cd831a1dbc938fb39a9c955f26939545c5e0d1547f084ebe713c21022,71045514,0x8af8485e1f178be06386cd3877fde20626e0284f,2025-10-28 16:36:10,0xeae7380dd4cef6fbd1144f49e4d1e6964258a4f4,N/A,8082.99997524
0x3414c00893e24e1ee4726871879432ef00460f41e4687c9c6dffbb53bf4edb2a,71045737,0xf8191d98ae98d2f7abdfb63a9b0b812b93c873aa,2025-10-28 16:39:24,0x549c82a1fe64a444a9d93f59ae2538d937bd8c66,N/A,6983.0
0x3496ba95a5526cf23ff22a9a283f19adf9971e63b9945bbc408cf98b4c8527e3,71046613,0x8af8485e1f178be06386cd3877fde20626e0284f,2025-10-28 17:03:26,0xeae7380dd4cef6fbd1144f49e4d1e6964258a4f4,N/A,8851.99996451
0xaeeb021ba3f52bb537a884b08574ddaeab960d360b170c32b3284924d92cf8de,71046572,0xc333e80ef2dec2805f239e3f1e810612d294f771,2025-10-28 17:04:59,0x73b2410f3bb12271bbaeeb6721e0235a4d4460dc,N/A,12377.7525
