[2025-10-01 18:22:45.340437] [UI] history empty -> trigger on-demand fetch
[2025-10-01 18:22:47.049447] [BG] scanning blocks 917265 -> 917266
[2025-10-01 18:22:59.893515] [ONDEMAND] saved 39 new whales, total 39
[2025-10-01 18:27:48.321484] [BG] scanning blocks 917265 -> 917266
[2025-10-01 18:32:50.143012] [BG] scanning blocks 917266 -> 917267
[2025-10-01 18:37:09.218482] [BG] scanning blocks 917266 -> 917267
[2025-10-01 18:37:53.671719] [BG] scanning blocks 917267 -> 917267
[2025-10-01 18:42:12.148891] [BG] scanning blocks 917267 -> 917268
[2025-10-01 18:42:58.621046] [BG] scanning blocks 917267 -> 917268
[2025-10-01 18:47:08.084313] [BG] scanning blocks 917267 -> 917268
[2025-10-01 18:52:09.020687] [BG] scanning blocks 917268 -> 917268
[2025-10-01 18:54:15.111213] [BG] scanning blocks 917268 -> 917269
[2025-10-01 18:55:41.304425] [BG] scanning blocks 917269 -> 917269
[2025-10-01 18:57:12.715726] [BG] scanning blocks 917269 -> 917270
[2025-10-01 18:58:29.768601] [BG] scanning blocks 917269 -> 917270
[2025-10-01 18:59:16.209374] [BG] scanning blocks 917270 -> 917270
[2025-10-01 19:00:45.977011] [BG] scanning blocks 917270 -> 917271
[2025-10-01 19:02:14.469589] [BG] scanning blocks 917270 -> 917271
[2025-10-01 19:03:31.357087] [BG] scanning blocks 917270 -> 917271
[2025-10-01 19:04:19.089025] [BG] scanning blocks 917270 -> 917271
[2025-10-01 19:05:47.025086] [BG] scanning blocks 917270 -> 917271
[2025-10-01 19:06:18.189252] [BG] scanning blocks 917270 -> 917271
[2025-10-01 19:07:15.498115] [BG] scanning blocks 917270 -> 917271
[2025-10-01 19:08:32.234136] [BG] scanning blocks 917270 -> 917271
[2025-10-01 19:09:19.899257] [BG] scanning blocks 917270 -> 917271
[2025-10-01 19:10:48.350009] [BG] scanning blocks 917271 -> 917271
[2025-10-01 19:11:19.132987] [BG] scanning blocks 917271 -> 917272
[2025-10-01 19:12:16.580586] [BG] scanning blocks 917271 -> 917272
[2025-10-01 19:12:55.228145] [BG] scanning blocks 917271 -> 917272
[2025-10-01 19:13:33.708896] [BG] scanning blocks 917271 -> 917272
[2025-10-01 19:14:20.874389] [BG] scanning blocks 917272 -> 917272
[2025-10-01 19:15:52.227773] [BG] scanning blocks 917272 -> 917273
[2025-10-01 19:16:20.505283] [BG] scanning blocks 917272 -> 917273
[2025-10-01 19:17:17.919320] [BG] scanning blocks 917272 -> 917273
[2025-10-01 19:17:56.477319] [BG] scanning blocks 917272 -> 917273
[2025-10-01 19:18:35.013240] [BG] scanning blocks 917273 -> 917273
[2025-10-01 19:19:24.202211] [BG] scanning blocks 917273 -> 917274
[2025-10-01 19:20:53.057327] [BG] scanning blocks 917273 -> 917274
[2025-10-01 19:21:22.472125] [BG] scanning blocks 917273 -> 917274
[2025-10-01 19:22:20.164313] [BG] scanning blocks 917273 -> 917274
[2025-10-01 19:22:59.188775] [BG] scanning blocks 917273 -> 917274
[2025-10-01 19:23:37.922438] [BG] scanning blocks 917273 -> 917274
[2025-10-01 19:24:25.913412] [BG] scanning blocks 917274 -> 917274
[2025-10-01 19:25:54.722140] [BG] scanning blocks 917274 -> 917275
[2025-10-01 19:26:23.527146] [BG] scanning blocks 917274 -> 917275
[2025-10-01 19:27:21.490017] [BG] scanning blocks 917274 -> 917275
[2025-10-01 19:28:00.645608] [BG] scanning blocks 917274 -> 917275
[2025-10-01 19:28:40.487368] [BG] scanning blocks 917274 -> 917275
[2025-10-01 19:29:31.808756] [BG] scanning blocks 917274 -> 917275
[2025-10-01 19:30:55.628648] [BG] scanning blocks 917274 -> 917275
[2025-10-01 19:31:24.999156] [BG] scanning blocks 917275 -> 917275
[2025-10-01 19:32:22.510168] [BG] scanning blocks 917274 -> 917276
[2025-10-01 19:33:01.750494] [BG] scanning blocks 917274 -> 917275
[2025-10-01 19:33:42.078920] [BG] scanning blocks 917276 -> 917275
[2025-10-01 19:34:33.171431] [BG] scanning blocks 917276 -> 917277
[2025-10-01 19:35:57.117522] [BG] scanning blocks 917276 -> 917277
[2025-10-01 19:36:26.753332] [BG] scanning blocks 917276 -> 917277
[2025-10-01 19:37:23.396210] [BG] scanning blocks 917277 -> 917277
[2025-10-01 19:38:02.804693] [BG] scanning blocks 917277 -> 917278
[2025-10-01 19:38:49.121036] [BG] scanning blocks 917277 -> 917278
[2025-10-01 19:39:34.320594] [BG] scanning blocks 917277 -> 917278
[2025-10-01 19:40:57.987183] [BG] scanning blocks 917277 -> 917278
[2025-10-01 19:41:28.381490] [BG] scanning blocks 917277 -> 917278
[2025-10-01 19:42:28.743587] [BG] scanning blocks 917277 -> 917278
[2025-10-01 19:43:03.890656] [BG] scanning blocks 917277 -> 917278
[2025-10-01 19:43:50.463190] [BG] scanning blocks 917277 -> 917278
[2025-10-01 19:44:35.549885] [BG] scanning blocks 917277 -> 917278
[2025-10-01 19:45:59.166906] [BG] scanning blocks 917277 -> 917278
[2025-10-01 19:46:30.614699] [BG] scanning blocks 917277 -> 917278
[2025-10-01 19:47:29.703339] [BG] scanning blocks 917277 -> 917278
[2025-10-01 19:48:32.734850] [BG] scanning blocks 917277 -> 917278
[2025-10-01 19:52:31.699069] [BG] scanning blocks 917279 -> 917278
[2025-10-01 19:53:34.255884] [BG] scanning blocks 917278 -> 917280
[2025-10-01 19:57:36.201183] [BG] scanning blocks 917279 -> 917279
[2025-10-01 19:58:35.324937] [BG] scanning blocks 917280 -> 917280
[2025-10-01 20:02:39.238598] [BG] scanning blocks 917280 -> 917281
[2025-10-01 20:03:38.680967] [BG] scanning blocks 917281 -> 917281
[2025-10-01 20:07:40.424723] [BG] scanning blocks 917281 -> 917282
[2025-10-01 20:08:42.588657] [BG] scanning blocks 917281 -> 917282
[2025-10-01 20:12:41.761522] [BG] scanning blocks 917282 -> 917282
[2025-10-01 20:13:44.119510] [BG] scanning blocks 917282 -> 917283
[2025-10-01 20:17:44.535541] [BG] scanning blocks 917282 -> 917283
[2025-10-01 20:18:45.774233] [BG] scanning blocks 917282 -> 917283
[2025-10-01 20:20:27.361437] [BG] scanning blocks 917282 -> 917283
[2025-10-01 20:25:28.272378] [BG] scanning blocks 917282 -> 917283
[2025-10-01 20:30:29.159312] [BG] scanning blocks 917282 -> 917283
[2025-10-01 20:35:30.071022] [BG] scanning blocks 917282 -> 917283
[2025-10-01 20:40:31.023251] [BG] scanning blocks 917285 -> 917283
[2025-10-01 20:45:37.679145] [BG] scanning blocks 917285 -> 917286
[2025-10-01 20:50:38.494179] [BG] scanning blocks 917285 -> 917286
[2025-10-01 21:56:35.121132] [BG] scanning blocks 917287 -> 917286
[2025-10-01 22:01:41.165480] [BG] scanning blocks 917287 -> 917288
[2025-10-01 22:06:41.985525] [BG] scanning blocks 917288 -> 917288
[2025-10-01 22:11:46.271878] [BG] scanning blocks 917288 -> 917289
[2025-10-01 22:16:47.207103] [BG] scanning blocks 917288 -> 917289
[2025-10-01 22:21:48.144373] [BG] scanning blocks 917289 -> 917289
[2025-10-01 22:53:53.377718] [BG] scanning blocks 917293 -> 917290
[2025-10-01 22:59:05.396721] [BG] scanning blocks 917294 -> 917294
[2025-10-01 23:04:09.932288] [BG] scanning blocks 917295 -> 917295
[2025-10-01 23:09:13.576048] [BG] scanning blocks 917296 -> 917296
[2025-10-01 23:14:16.374452] [BG] scanning blocks 917298 -> 917297
[2025-10-01 23:19:20.258216] [BG] scanning blocks 917298 -> 917299
[2025-10-01 23:24:21.225329] [BG] scanning blocks 917298 -> 917299
[2025-10-01 23:58:21.122354] [BG] scanning blocks 917299 -> 917299
[2025-10-02 00:03:24.351988] [BG] scanning blocks 917299 -> 917300
[2025-10-02 00:08:25.269686] [BG] scanning blocks 917301 -> 917300
[2025-10-02 00:13:30.282768] [BG] scanning blocks 917301 -> 917302
[2025-10-02 00:18:31.451529] [BG] scanning blocks 917301 -> 917302
[2025-10-02 00:23:32.381199] [BG] scanning blocks 917301 -> 917302
[2025-10-02 02:11:44.770531] [BG] scanning blocks 917313 -> 917309
[2025-10-02 02:16:58.081755] [BG] scanning blocks 917314 -> 917314
[2025-10-02 02:22:02.638121] [BG] scanning blocks 917315 -> 917315
[2025-10-02 02:27:04.830119] [BG] scanning blocks 917316 -> 917316
[2025-10-02 02:32:07.890762] [BG] scanning blocks 917316 -> 917317
[2025-10-02 02:37:08.810898] [BG] scanning blocks 917316 -> 917317
[2025-10-02 02:41:51.345685] [BG] scanning blocks 917316 -> 917317
[2025-10-02 02:42:09.792912] [BG] scanning blocks 917316 -> 917317
[2025-10-02 02:46:53.256161] [BG] scanning blocks 917318 -> 917317
[2025-10-02 02:47:11.062763] [BG] scanning blocks 917318 -> 917319
[2025-10-02 02:51:59.930519] [BG] scanning blocks 917319 -> 917319
[2025-10-02 02:52:12.262579] [BG] scanning blocks 917319 -> 917320
[2025-10-02 14:42:38.542294] [BG] scanning blocks 917384 -> 917380
[2025-10-02 14:47:56.895328] [BG] scanning blocks 917384 -> 917385
[2025-10-02 14:52:57.771021] [BG] scanning blocks 917384 -> 917385
[2025-10-02 14:54:49.725573] [BG] scanning blocks 917385 -> 917385
[2025-10-02 14:57:58.647455] [BG] scanning blocks 917385 -> 917386
[2025-10-02 14:59:54.077098] [BG] scanning blocks 917386 -> 917386
[2025-10-02 15:02:59.639069] [BG] scanning blocks 917387 -> 917387
[2025-10-02 15:04:57.825667] [BG] scanning blocks 917387 -> 917388
[2025-10-02 15:08:03.189160] [BG] scanning blocks 917387 -> 917388
[2025-10-02 15:09:59.383042] [BG] scanning blocks 917388 -> 917388
[2025-10-02 15:13:04.213234] [BG] scanning blocks 917389 -> 917389
[2025-10-02 15:15:03.178050] [BG] scanning blocks 917389 -> 917390
[2025-10-02 15:18:07.503547] [BG] scanning blocks 917389 -> 917390
[2025-10-02 15:20:04.679640] [BG] scanning blocks 917390 -> 917390
[2025-10-02 15:20:42.191707] [BG] scanning blocks 917390 -> 917390
[2025-10-02 15:25:46.692703] [BG] scanning blocks 917390 -> 917391
[2025-10-02 15:26:46.180127] [BG] scanning blocks 917390 -> 917391
[2025-10-02 15:31:47.581070] [BG] scanning blocks 917390 -> 917391
[2025-10-02 15:36:35.337764] [BG] scanning blocks 917390 -> 917391
[2025-10-02 15:41:36.406110] [BG] scanning blocks 917390 -> 917391
[2025-10-02 15:46:37.443591] [BG] scanning blocks 917390 -> 917391
[2025-10-02 15:49:35.524556] [BG] scanning blocks 917390 -> 917391
[2025-10-02 15:55:06.640935] [UI] history empty -> trigger on-demand fetch
[2025-10-02 15:55:08.354923] [BG] scanning blocks 917390 -> 917391
[2025-10-02 15:55:29.844829] [ONDEMAND] error fetch block 917387: HTTPSConnectionPool(host='blockchain.info', port=443): Read timed out.
[2025-10-02 15:55:33.886612] [ONDEMAND] saved 40 new whales, total 40
[2025-10-02 15:58:15.939507] [BG] scanning blocks 917390 -> 917391
[2025-10-02 16:03:17.014834] [BG] scanning blocks 917391 -> 917391
[2025-10-02 16:06:37.456907] [BG] scanning blocks 917391 -> 917392
[2025-10-02 16:08:22.037846] [BG] scanning blocks 917391 -> 917392
[2025-10-02 16:11:38.596351] [BG] scanning blocks 917393 -> 917392
[2025-10-02 16:13:23.010068] [BG] scanning blocks 917393 -> 917394
[2025-10-02 16:16:49.044879] [BG] scanning blocks 917393 -> 917394
[2025-10-02 16:18:24.149671] [BG] scanning blocks 917393 -> 917394
[2025-10-02 16:21:50.226831] [BG] scanning blocks 917393 -> 917394
[2025-10-02 16:23:25.164700] [BG] scanning blocks 917393 -> 917394
[2025-10-02 16:31:15.361489] [BG] scanning blocks 917395 -> 917394
[2025-10-02 16:36:24.149101] [BG] scanning blocks 917395 -> 917396
[2025-10-02 16:41:25.419389] [BG] scanning blocks 917395 -> 917396
[2025-10-02 16:46:26.888681] [BG] scanning blocks 917395 -> 917396
[2025-10-02 16:48:14.412472] [BG] scanning blocks 917395 -> 917396
[2025-10-02 16:53:15.916593] [BG] scanning blocks 917395 -> 917396
[2025-10-02 16:58:17.107516] [BG] scanning blocks 917395 -> 917396
[2025-10-02 17:03:18.209865] [BG] scanning blocks 917395 -> 917396
[2025-10-02 17:08:19.676983] [BG] scanning blocks 917395 -> 917396
[2025-10-02 17:13:20.860000] [BG] scanning blocks 917397 -> 917396
[2025-10-02 17:16:05.595843] [BG] scanning blocks 917397 -> 917398
[2025-10-02 17:18:29.799174] [BG] scanning blocks 917398 -> 917398
[2025-10-02 17:21:07.294147] [BG] scanning blocks 917399 -> 917399
[2025-10-02 17:23:36.223449] [BG] scanning blocks 917399 -> 917400
[2025-10-02 17:26:15.339518] [BG] scanning blocks 917399 -> 917400
[2025-10-02 17:28:39.187872] [BG] scanning blocks 917399 -> 917400
[2025-10-02 17:31:09.374244] [BG] scanning blocks 917400 -> 917400
[2025-10-02 17:31:17.270834] [BG] scanning blocks 917400 -> 917401
[2025-10-02 17:33:42.303919] [BG] scanning blocks 917400 -> 917401
[2025-10-02 17:36:20.865404] [BG] scanning blocks 917400 -> 917401
[2025-10-02 17:36:21.535016] [BG] scanning blocks 917400 -> 917401
[2025-10-02 18:43:44.525298] [BG] scanning blocks 917405 -> 917401
[2025-10-02 18:49:12.069063] [BG] scanning blocks 917405 -> 917401
[2025-10-02 19:24:12.648442] [BG] scanning blocks 917407 -> 917403
[2025-10-04 04:59:32.793784] [BG] scanning blocks 917580 -> 917576
[2025-10-04 05:05:10.781433] [BG] scanning blocks 917580 -> 917576
[2025-10-04 05:10:46.840257] [BG] scanning blocks 917581 -> 917577
[2025-10-04 05:12:31.877054] [BG] scanning blocks 917581 -> 917577
[2025-10-04 05:17:46.316277] [BG] scanning blocks 917582 -> 917582
[2025-10-04 05:22:43.928984] [BG] scanning blocks 917582 -> 917583
[2025-10-04 05:27:45.635209] [BG] scanning blocks 917583 -> 917583
[2025-10-04 05:32:48.716919] [BG] scanning blocks 917583 -> 917584
[2025-10-04 05:37:50.214218] [BG] scanning blocks 917585 -> 917584
[2025-10-04 05:42:54.400450] [BG] scanning blocks 917586 -> 917586
[2025-10-04 05:47:58.714760] [BG] scanning blocks 917587 -> 917587
[2025-10-04 05:53:03.833333] [BG] scanning blocks 917588 -> 917588
[2025-10-04 05:58:09.881386] [BG] scanning blocks 917588 -> 917589
[2025-10-04 06:03:11.899264] [BG] scanning blocks 917588 -> 917589
[2025-10-04 06:08:13.935880] [BG] scanning blocks 917589 -> 917589
[2025-10-04 06:13:18.197082] [BG] scanning blocks 917590 -> 917590
[2025-10-04 06:18:33.003328] [BG] scanning blocks 917590 -> 917591
[2025-10-04 06:23:34.622830] [BG] scanning blocks 917591 -> 917591
[2025-10-04 06:28:52.397747] [BG] scanning blocks 917591 -> 917592
[2025-10-04 06:30:22.430992] [BG] scanning blocks 917591 -> 917592
[2025-10-04 06:58:39.325448] [BG] scanning blocks 917593 -> 917592
[2025-10-04 07:03:47.007264] [BG] scanning blocks 917593 -> 917594
[2025-10-04 07:04:00.872074] [BG] scanning blocks 917593 -> 917594
[2025-10-04 07:08:50.129947] [BG] scanning blocks 917593 -> 917594
[2025-10-04 07:09:02.696881] [BG] scanning blocks 917593 -> 917594
[2025-10-04 07:10:24.038396] [BG] scanning blocks 917593 -> 917594
[2025-10-04 07:13:39.394489] [BG] scanning blocks 917593 -> 917594
[2025-10-04 07:14:05.569425] [BG] scanning blocks 917594 -> 917594
[2025-10-04 07:19:26.066343] [BG] scanning blocks 917595 -> 917595
[2025-10-04 07:20:09.118658] [BG] scanning blocks 917595 -> 917596
[2025-10-04 07:21:16.189223] [BG] scanning blocks 917595 -> 917591
[2025-10-04 07:22:25.221522] [BG] scanning blocks 917595 -> 917596
[2025-10-04 07:24:48.012848] [BG] scanning blocks 917595 -> 917596
[2025-10-04 07:27:56.507056] [BG] scanning blocks 917595 -> 917596
[2025-10-04 07:29:50.467107] [BG] scanning blocks 917595 -> 917596
[2025-10-04 07:30:39.621294] [BG] scanning blocks 917595 -> 917596
[2025-10-04 07:34:52.766887] [BG] scanning blocks 917595 -> 917596
[2025-10-04 07:35:42.429375] [BG] scanning blocks 917595 -> 917596
[2025-10-04 07:39:54.627097] [BG] scanning blocks 917595 -> 917596
[2025-10-04 07:40:44.874198] [BG] scanning blocks 917595 -> 917596
[2025-10-04 07:44:57.333633] [BG] scanning blocks 917595 -> 917596
[2025-10-04 07:45:38.954579] [BG] scanning blocks 917595 -> 917596
[2025-10-04 07:49:13.024308] [BG] scanning blocks 917595 -> 917596
[2025-10-04 07:49:59.765722] [BG] scanning blocks 917595 -> 917596
[2025-10-04 07:54:14.992240] [BG] scanning blocks 917595 -> 917596
[2025-10-04 07:55:02.130140] [BG] scanning blocks 917595 -> 917596
[2025-10-04 07:57:25.250435] [BG] scanning blocks 917596 -> 917596
[2025-10-04 08:00:04.462950] [BG] scanning blocks 917596 -> 917597
[2025-10-04 08:02:43.627926] [BG] scanning blocks 917596 -> 917597
[2025-10-04 08:05:07.084708] [BG] scanning blocks 917596 -> 917597
[2025-10-04 08:07:51.627054] [BG] scanning blocks 917596 -> 917597
[2025-10-04 08:07:52.505549] [BG] error: [WinError 233] No process is on the other end of the pipe
[2025-10-04 10:24:52.016093] [BG] scanning blocks 917610 -> 917610
[2025-10-04 10:30:08.951744] [BG] scanning blocks 917610 -> 917611
[2025-10-04 10:31:11.369323] [BG] scanning blocks 917610 -> 917611
[2025-10-04 10:33:46.051787] [BG] scanning blocks 917610 -> 917611
[2025-10-04 10:38:47.836332] [BG] scanning blocks 917610 -> 917611
[2025-10-04 10:44:01.834154] [BG] scanning blocks 917610 -> 917611
[2025-10-04 10:49:10.810124] [BG] scanning blocks 917611 -> 917612
[2025-10-04 10:54:12.540669] [BG] scanning blocks 917611 -> 917612
[2025-10-04 10:59:14.896866] [BG] scanning blocks 917612 -> 917613
[2025-10-04 11:00:15.922113] [BG] scanning blocks 917612 -> 917613
[2025-10-04 11:04:16.380296] [BG] scanning blocks 917612 -> 917613
[2025-10-04 11:05:17.784855] [BG] scanning blocks 917612 -> 917613
[2025-10-04 11:09:18.662628] [BG] scanning blocks 917612 -> 917613
[2025-10-04 11:10:19.455457] [BG] scanning blocks 917612 -> 917613
[2025-10-04 11:14:20.519491] [BG] scanning blocks 917612 -> 917613
[2025-10-04 11:15:13.548926] [BG] scanning blocks 917612 -> 917613
[2025-10-04 11:15:20.898294] [BG] scanning blocks 917612 -> 917613
[2025-10-04 11:19:23.607793] [BG] scanning blocks 917612 -> 917613
[2025-10-04 11:20:16.603626] [BG] scanning blocks 917612 -> 917613
[2025-10-04 11:20:23.224862] [BG] scanning blocks 917612 -> 917613
[2025-10-04 11:23:33.237566] [BG] scanning blocks 917612 -> 917613
[2025-10-04 11:27:44.045433] [BG] scanning blocks 917613 -> 917613
[2025-10-04 11:28:35.452937] [BG] scanning blocks 917613 -> 917614
[2025-10-04 11:33:02.978748] [BG] scanning blocks 917613 -> 917614
[2025-10-04 11:33:38.259907] [BG] scanning blocks 917613 -> 917614
[2025-10-04 11:36:35.297277] [BG] scanning blocks 917613 -> 917614
[2025-10-04 11:41:37.543506] [BG] scanning blocks 917614 -> 917615
[2025-10-04 11:46:39.727489] [BG] scanning blocks 917614 -> 917615
[2025-10-04 11:51:41.310333] [BG] scanning blocks 917614 -> 917615
[2025-10-04 11:56:43.349149] [BG] scanning blocks 917614 -> 917615
[2025-10-04 12:01:44.969946] [BG] scanning blocks 917614 -> 917615
[2025-10-04 12:54:28.188683] [BG] scanning blocks 917617 -> 917615
[2025-10-04 12:59:50.544874] [BG] scanning blocks 917618 -> 917618
[2025-10-04 13:05:06.858833] [BG] scanning blocks 917618 -> 917619
[2025-10-04 13:10:08.334481] [BG] scanning blocks 917620 -> 917619
[2025-10-04 13:15:27.899765] [BG] scanning blocks 917620 -> 917621
[2025-10-04 13:20:29.529311] [BG] scanning blocks 917620 -> 917621
[2025-10-04 13:25:31.014411] [BG] scanning blocks 917620 -> 917621
[2025-10-04 13:30:33.036607] [BG] scanning blocks 917620 -> 917621
[2025-10-04 13:35:35.356640] [BG] scanning blocks 917621 -> 917621
[2025-10-04 13:37:01.693268] [BG] scanning blocks 917621 -> 917622
[2025-10-04 13:40:53.000352] [BG] scanning blocks 917622 -> 917622
[2025-10-04 13:42:03.519917] [BG] scanning blocks 917622 -> 917623
[2025-10-04 13:46:07.610863] [BG] scanning blocks 917622 -> 917623
[2025-10-04 13:47:05.698286] [BG] scanning blocks 917623 -> 917623
[2025-10-04 13:51:09.426863] [BG] scanning blocks 917623 -> 917624
[2025-10-04 13:52:09.120779] [BG] scanning blocks 917623 -> 917624
[2025-10-04 13:52:16.481806] [BG] scanning blocks 917623 -> 917624
[2025-10-04 13:54:53.338123] [BG] scanning blocks 917623 -> 917624
[2025-10-04 13:57:45.812109] [BG] scanning blocks 917623 -> 917624
[2025-10-04 13:59:59.871051] [BG] scanning blocks 917623 -> 917624
[2025-10-04 14:05:01.565222] [BG] scanning blocks 917623 -> 917624
[2025-10-04 14:10:03.491116] [BG] scanning blocks 917623 -> 917624
[2025-10-04 14:15:05.158789] [BG] scanning blocks 917624 -> 917624
[2025-10-04 14:20:22.173083] [BG] scanning blocks 917625 -> 917625
[2025-10-04 14:25:26.845552] [BG] scanning blocks 917625 -> 917626
[2025-10-04 14:30:29.478671] [BG] scanning blocks 917626 -> 917626
[2025-10-04 14:35:34.061729] [BG] scanning blocks 917627 -> 917627
[2025-10-04 14:40:49.794272] [BG] scanning blocks 917627 -> 917628
[2025-10-04 14:45:51.612498] [BG] scanning blocks 917627 -> 917628
[2025-10-04 14:50:53.104041] [BG] scanning blocks 917627 -> 917628
[2025-10-04 14:56:04.187763] [BG] scanning blocks 917627 -> 917628
[2025-10-04 15:01:05.804306] [BG] scanning blocks 917627 -> 917628
[2025-10-04 15:06:07.795449] [BG] scanning blocks 917627 -> 917628
[2025-10-04 15:11:09.541859] [BG] scanning blocks 917629 -> 917628
[2025-10-04 15:16:28.228269] [BG] scanning blocks 917631 -> 917630
[2025-10-04 15:21:44.710759] [BG] scanning blocks 917633 -> 917632
[2025-10-04 15:26:52.987142] [BG] scanning blocks 917634 -> 917634
[2025-10-04 15:32:09.511361] [BG] scanning blocks 917635 -> 917635
[2025-10-04 15:36:30.222100] [BG] scanning blocks 917635 -> 917636
[2025-10-04 15:37:25.567358] [BG] scanning blocks 917635 -> 917636
[2025-10-04 15:41:32.093199] [BG] scanning blocks 917635 -> 917636
[2025-10-04 15:42:27.655009] [BG] scanning blocks 917635 -> 917636
[2025-10-04 15:46:34.586358] [BG] scanning blocks 917635 -> 917636
[2025-10-04 15:47:29.498780] [BG] scanning blocks 917635 -> 917636
[2025-10-04 15:51:36.576827] [BG] scanning blocks 917635 -> 917636
[2025-10-04 16:47:24.637771] [BG] scanning blocks 917638 -> 917638
[2025-10-04 16:52:29.694686] [BG] scanning blocks 917639 -> 917639
[2025-10-04 16:57:33.791523] [BG] scanning blocks 917639 -> 917640
[2025-10-04 18:50:35.468477] [BG] scanning blocks 917646 -> 917646
[2025-10-04 18:55:53.788531] [BG] scanning blocks 917647 -> 917647
[2025-10-04 19:01:10.044500] [BG] scanning blocks 917647 -> 917648
[2025-10-04 19:06:11.583230] [BG] scanning blocks 917647 -> 917648
[2025-10-04 19:09:02.445522] [BG] scanning blocks 917647 -> 917648
[2025-10-04 19:11:13.987085] [BG] scanning blocks 917647 -> 917648
[2025-10-04 19:14:04.727606] [BG] scanning blocks 917647 -> 917648
[2025-10-04 19:16:15.771886] [BG] scanning blocks 917647 -> 917648
[2025-10-04 19:19:06.527724] [BG] scanning blocks 917647 -> 917648
[2025-10-04 19:21:18.664313] [BG] scanning blocks 917647 -> 917648
[2025-10-04 19:24:08.002356] [BG] scanning blocks 917647 -> 917648
[2025-10-04 19:26:20.590371] [BG] scanning blocks 917647 -> 917648
[2025-10-04 19:29:10.933791] [BG] scanning blocks 917647 -> 917648
[2025-10-04 19:31:24.817378] [BG] scanning blocks 917647 -> 917648
[2025-10-04 19:31:31.292669] [BG] scanning blocks 917647 -> 917648
[2025-10-04 19:34:14.044202] [BG] scanning blocks 917647 -> 917648
[2025-10-04 19:36:27.372170] [BG] scanning blocks 917647 -> 917648
[2025-10-04 19:36:33.770488] [BG] scanning blocks 917647 -> 917648
[2025-10-04 19:39:18.213287] [BG] scanning blocks 917647 -> 917648
[2025-10-04 19:51:09.896268] [BG] scanning blocks 917648 -> 917649
[2025-10-04 19:56:11.596973] [BG] scanning blocks 917648 -> 917649
[2025-10-04 20:01:13.190898] [BG] scanning blocks 917649 -> 917649
[2025-10-04 20:06:33.487955] [BG] scanning blocks 917649 -> 917650
[2025-10-04 20:11:35.054239] [BG] scanning blocks 917650 -> 917650
[2025-10-04 20:16:50.974528] [BG] scanning blocks 917650 -> 917651
[2025-10-04 20:21:52.674261] [BG] scanning blocks 917650 -> 917651
[2025-10-04 20:41:05.469286] [BG] scanning blocks 917652 -> 917652
[2025-10-04 20:46:55.419621] [BG] scanning blocks 917652 -> 917653
[2025-10-04 20:51:56.903780] [BG] scanning blocks 917653 -> 917653
[2025-10-04 20:56:59.392211] [BG] scanning blocks 917654 -> 917654
[2025-10-04 21:02:02.619556] [BG] scanning blocks 917655 -> 917655
[2025-10-04 21:07:21.779098] [BG] scanning blocks 917657 -> 917656
[2025-10-04 21:12:41.310806] [BG] scanning blocks 917658 -> 917658
[2025-10-04 21:17:58.692766] [BG] scanning blocks 917658 -> 917659
[2025-10-04 21:23:00.081757] [BG] scanning blocks 917659 -> 917660
[2025-10-04 21:28:01.564779] [BG] scanning blocks 917659 -> 917660
[2025-10-04 21:33:03.165279] [BG] scanning blocks 917660 -> 917660
[2025-10-04 21:38:20.697534] [BG] scanning blocks 917660 -> 917661
[2025-10-04 21:43:22.152288] [BG] scanning blocks 917660 -> 917661
[2025-10-04 21:48:23.649827] [BG] scanning blocks 917661 -> 917661
[2025-10-04 21:53:42.605784] [BG] scanning blocks 917663 -> 917663
[2025-10-04 21:59:04.153376] [BG] scanning blocks 917663 -> 917664
[2025-10-04 22:04:05.750139] [BG] scanning blocks 917664 -> 917664
[2025-10-04 22:09:24.505949] [BG] scanning blocks 917664 -> 917665
[2025-10-04 22:14:26.120268] [BG] scanning blocks 917665 -> 917666
[2025-10-04 22:19:27.577187] [BG] scanning blocks 917667 -> 917667
[2025-10-04 22:24:43.281948] [BG] scanning blocks 917667 -> 917668
[2025-10-04 22:29:45.101445] [BG] scanning blocks 917669 -> 917669
[2025-10-04 22:34:49.884783] [BG] scanning blocks 917670 -> 917670
[2025-10-04 22:40:09.310070] [BG] scanning blocks 917671 -> 917672
[2025-10-04 22:45:11.130205] [BG] scanning blocks 917674 -> 917673
[2025-10-04 22:50:14.615809] [BG] scanning blocks 917675 -> 917675
[2025-10-04 22:55:32.327795] [BG] scanning blocks 917675 -> 917676
[2025-10-04 23:00:34.022198] [BG] scanning blocks 917676 -> 917676
[2025-10-04 23:05:52.378804] [BG] scanning blocks 917677 -> 917677
[2025-10-04 23:11:09.998357] [BG] scanning blocks 917679 -> 917678
[2025-10-04 23:16:29.932970] [BG] scanning blocks 917682 -> 917681
[2025-10-04 23:21:36.551592] [BG] scanning blocks 917682 -> 917683
[2025-10-04 23:26:38.043821] [BG] scanning blocks 917683 -> 917683
[2025-10-04 23:31:54.894852] [BG] scanning blocks 917683 -> 917684
[2025-10-04 23:36:56.328458] [BG] scanning blocks 917683 -> 917684
[2025-10-04 23:41:57.952104] [BG] scanning blocks 917683 -> 917684
[2025-10-04 23:46:59.432378] [BG] scanning blocks 917686 -> 917686
[2025-10-04 23:52:04.324068] [BG] scanning blocks 917686 -> 917687
[2025-10-04 23:57:06.202324] [BG] scanning blocks 917686 -> 917687
[2025-10-05 00:02:07.919249] [BG] scanning blocks 917687 -> 917688
[2025-10-05 00:07:11.103158] [BG] scanning blocks 917687 -> 917688
[2025-10-05 00:12:12.841512] [BG] scanning blocks 917687 -> 917688
[2025-10-05 00:17:14.378109] [BG] scanning blocks 917687 -> 917688
[2025-10-05 00:22:15.975317] [BG] scanning blocks 917687 -> 917688
[2025-10-05 00:27:18.210762] [BG] scanning blocks 917688 -> 917689
[2025-10-05 00:32:20.272724] [BG] scanning blocks 917690 -> 917689
[2025-10-05 00:37:26.899969] [BG] scanning blocks 917690 -> 917691
[2025-10-05 00:42:28.536792] [BG] scanning blocks 917690 -> 917691
[2025-10-05 00:47:30.093783] [BG] scanning blocks 917690 -> 917691
[2025-10-05 00:52:31.690340] [BG] scanning blocks 917690 -> 917691
[2025-10-05 00:57:33.251502] [BG] scanning blocks 917691 -> 917691
[2025-10-05 01:02:52.618097] [BG] scanning blocks 917691 -> 917692
[2025-10-05 01:07:54.155861] [BG] scanning blocks 917691 -> 917692
[2025-10-05 01:12:56.154439] [BG] scanning blocks 917691 -> 917692
[2025-10-05 01:17:58.008513] [BG] scanning blocks 917691 -> 917692
[2025-10-05 01:22:59.575533] [BG] scanning blocks 917692 -> 917692
[2025-10-05 01:28:18.933032] [BG] scanning blocks 917693 -> 917693
[2025-10-05 01:33:23.085256] [BG] scanning blocks 917693 -> 917694
[2025-10-05 01:38:24.574451] [BG] scanning blocks 917694 -> 917694
[2025-10-05 01:43:42.892198] [BG] scanning blocks 917694 -> 917695
[2025-10-05 01:48:44.809290] [BG] scanning blocks 917694 -> 917695
[2025-10-05 01:53:46.631304] [BG] scanning blocks 917695 -> 917695
[2025-10-05 01:59:05.402372] [BG] scanning blocks 917696 -> 917696
[2025-10-05 02:04:24.825496] [BG] scanning blocks 917696 -> 917697
[2025-10-05 02:09:27.244361] [BG] scanning blocks 917696 -> 917697
[2025-10-05 02:14:28.818467] [BG] scanning blocks 917696 -> 917697
[2025-10-05 02:19:30.612077] [BG] scanning blocks 917697 -> 917697
[2025-10-05 02:24:50.050427] [BG] scanning blocks 917698 -> 917698
[2025-10-05 02:29:53.613151] [BG] scanning blocks 917698 -> 917699
[2025-10-05 02:34:55.222409] [BG] scanning blocks 917698 -> 917699
[2025-10-05 02:39:56.781570] [BG] scanning blocks 917700 -> 917699
[2025-10-05 02:45:18.109661] [BG] scanning blocks 917703 -> 917701
[2025-10-05 02:50:41.513573] [BG] scanning blocks 917705 -> 917704
[2025-10-05 02:55:47.700362] [BG] scanning blocks 917705 -> 917706
[2025-10-05 03:00:49.582768] [BG] scanning blocks 917705 -> 917706
[2025-10-05 03:05:51.273416] [BG] scanning blocks 917705 -> 917706
[2025-10-05 03:10:53.480843] [BG] scanning blocks 917705 -> 917706
[2025-10-05 03:15:55.080460] [BG] scanning blocks 917705 -> 917706
[2025-10-05 03:20:58.108356] [BG] scanning blocks 917705 -> 917706
[2025-10-05 03:26:00.054020] [BG] scanning blocks 917707 -> 917706
[2025-10-05 03:31:22.849505] [BG] scanning blocks 917707 -> 917708
[2025-10-05 03:36:24.465259] [BG] scanning blocks 917708 -> 917708
[2025-10-05 03:41:46.359343] [BG] scanning blocks 917708 -> 917709
[2025-10-05 03:46:48.659116] [BG] scanning blocks 917709 -> 917709
[2025-10-05 03:52:09.610961] [BG] scanning blocks 917709 -> 917710
[2025-10-05 03:57:11.400745] [BG] scanning blocks 917710 -> 917710
[2025-10-05 04:02:32.230785] [BG] scanning blocks 917710 -> 917711
[2025-10-05 04:07:33.900279] [BG] scanning blocks 917711 -> 917711
[2025-10-05 04:12:52.933104] [BG] scanning blocks 917711 -> 917712
[2025-10-05 04:17:54.689860] [BG] scanning blocks 917711 -> 917712
[2025-10-05 04:22:56.321118] [BG] scanning blocks 917711 -> 917712
[2025-10-05 04:27:58.022362] [BG] scanning blocks 917711 -> 917712
[2025-10-05 04:32:59.583077] [BG] scanning blocks 917711 -> 917712
[2025-10-05 04:38:01.160060] [BG] scanning blocks 917711 -> 917712
[2025-10-05 04:43:03.174422] [BG] scanning blocks 917711 -> 917712
[2025-10-05 04:48:04.750895] [BG] scanning blocks 917712 -> 917712
[2025-10-05 04:53:28.508943] [BG] scanning blocks 917713 -> 917713
[2025-10-05 04:58:50.179044] [BG] scanning blocks 917713 -> 917714
[2025-10-05 05:03:51.923281] [BG] scanning blocks 917714 -> 917714
[2025-10-05 05:09:13.863986] [BG] scanning blocks 917714 -> 917715
[2025-10-05 05:14:16.134042] [BG] scanning blocks 917714 -> 917715
[2025-10-05 06:10:12.657338] [BG] scanning blocks 917723 -> 917724
[2025-10-05 06:15:14.775036] [BG] scanning blocks 917724 -> 917725
[2025-10-05 06:20:16.703538] [BG] scanning blocks 917725 -> 917725
[2025-10-05 06:25:40.014112] [BG] scanning blocks 917726 -> 917726
[2025-10-05 06:25:51.889142] [BG] error: HTTPSConnectionPool(host='blockchain.info', port=443): Read timed out.
[2025-10-05 06:30:55.844708] [BG] scanning blocks 917727 -> 917728
[2025-10-05 06:35:21.179325] [BG] scanning blocks 917727 -> 917728
[2025-10-05 06:35:58.533794] [BG] scanning blocks 917727 -> 917728
[2025-10-05 06:40:23.072558] [BG] scanning blocks 917728 -> 917728
[2025-10-05 06:41:01.097106] [BG] scanning blocks 917728 -> 917729
[2025-10-05 06:45:50.246996] [BG] scanning blocks 917728 -> 917729
[2025-10-05 06:46:04.605239] [BG] scanning blocks 917728 -> 917729
[2025-10-05 06:46:13.169308] [BG] scanning blocks 917728 -> 917729
[2025-10-05 06:50:53.948123] [BG] scanning blocks 917728 -> 917729
[2025-10-05 06:51:07.248185] [BG] scanning blocks 917728 -> 917729
[2025-10-05 06:51:18.041481] [BG] scanning blocks 917728 -> 917729
[2025-10-05 06:55:58.047593] [BG] scanning blocks 917728 -> 917729
[2025-10-05 06:56:10.677850] [BG] scanning blocks 917728 -> 917729
[2025-10-05 06:56:21.759035] [BG] scanning blocks 917728 -> 917729
[2025-10-05 07:01:34.858158] [BG] scanning blocks 917728 -> 917729
[2025-10-05 07:06:36.814432] [BG] scanning blocks 917729 -> 917729
[2025-10-05 07:11:56.610268] [BG] scanning blocks 917729 -> 917730
[2025-10-05 07:16:58.141218] [BG] scanning blocks 917730 -> 917730
[2025-10-05 07:22:19.100147] [BG] scanning blocks 917731 -> 917731
[2025-10-05 07:27:39.243164] [BG] scanning blocks 917731 -> 917732
[2025-10-05 07:32:41.377798] [BG] scanning blocks 917731 -> 917732
[2025-10-05 07:37:42.939222] [BG] scanning blocks 917731 -> 917732
[2025-10-05 07:42:45.013395] [BG] scanning blocks 917731 -> 917732
[2025-10-05 07:47:47.479639] [BG] scanning blocks 917731 -> 917732
[2025-10-05 07:52:49.102798] [BG] scanning blocks 917732 -> 917732
[2025-10-05 07:58:08.174045] [BG] scanning blocks 917733 -> 917733
[2025-10-05 08:03:12.550966] [BG] scanning blocks 917733 -> 917734
[2025-10-05 08:08:15.209585] [BG] scanning blocks 917733 -> 917734
[2025-10-05 08:13:17.087011] [BG] scanning blocks 917734 -> 917734
[2025-10-05 08:18:38.500567] [BG] scanning blocks 917734 -> 917735
[2025-10-05 08:46:05.023653] [BG] scanning blocks 917735 -> 917736
[2025-10-05 08:49:05.707236] [BG] scanning blocks 917735 -> 917736
[2025-10-05 08:51:07.476607] [BG] scanning blocks 917735 -> 917736
[2025-10-05 08:54:08.080893] [BG] scanning blocks 917736 -> 917736
[2025-10-05 08:56:09.091037] [BG] scanning blocks 917736 -> 917738
[2025-10-05 08:58:55.356297] [BG] scanning blocks 917737 -> 917737
[2025-10-05 09:02:09.626929] [BG] scanning blocks 917737 -> 917738
[2025-10-05 09:04:24.156732] [BG] scanning blocks 917739 -> 917738
[2025-10-05 09:07:11.892391] [BG] scanning blocks 917739 -> 917739
[2025-10-05 09:09:32.152953] [BG] scanning blocks 917739 -> 917740
[2025-10-05 09:12:17.905203] [BG] scanning blocks 917739 -> 917740
[2025-10-05 09:14:34.116798] [BG] scanning blocks 917739 -> 917740
[2025-10-05 09:17:20.130213] [BG] scanning blocks 917740 -> 917740
[2025-10-05 09:19:36.006820] [BG] scanning blocks 917740 -> 917741
[2025-10-05 09:22:24.778304] [BG] scanning blocks 917740 -> 917741
[2025-10-05 09:25:28.417861] [BG] scanning blocks 917740 -> 917741
[2025-10-05 09:30:30.704077] [BG] scanning blocks 917740 -> 917741
[2025-10-05 09:35:33.170488] [BG] scanning blocks 917740 -> 917741
[2025-10-05 09:40:34.916118] [BG] scanning blocks 917742 -> 917743
[2025-10-05 09:45:36.701919] [BG] scanning blocks 917742 -> 917743
[2025-10-05 09:50:38.789887] [BG] scanning blocks 917742 -> 917743
[2025-10-05 09:55:40.414997] [BG] scanning blocks 917743 -> 917744
[2025-10-05 10:06:44.228286] [BG] scanning blocks 917745 -> 917746
[2025-10-05 10:11:46.238549] [BG] scanning blocks 917745 -> 917746
[2025-10-05 10:16:47.911743] [BG] scanning blocks 917746 -> 917746
[2025-10-05 10:22:07.252577] [BG] scanning blocks 917747 -> 917747
[2025-10-05 10:27:13.113921] [BG] scanning blocks 917748 -> 917748
[2025-10-05 10:32:43.158701] [BG] scanning blocks 917748 -> 917749
[2025-10-05 10:36:09.399142] [BG] scanning blocks 917748 -> 917749
[2025-10-05 10:41:11.032839] [BG] scanning blocks 917748 -> 917749
[2025-10-05 10:46:14.563959] [BG] scanning blocks 917749 -> 917749
[2025-10-05 10:56:13.087846] [BG] scanning blocks 917751 -> 917751
[2025-10-05 11:01:17.944500] [BG] scanning blocks 917751 -> 917752
[2025-10-05 11:06:19.713946] [BG] scanning blocks 917751 -> 917752
[2025-10-05 11:11:21.267640] [BG] scanning blocks 917751 -> 917752
[2025-10-05 11:15:42.789323] [BG] scanning blocks 917751 -> 917752
[2025-10-05 11:20:44.415183] [BG] scanning blocks 917751 -> 917752
[2025-10-05 11:25:46.338110] [BG] scanning blocks 917751 -> 917752
[2025-10-05 11:30:48.060139] [BG] scanning blocks 917751 -> 917752
[2025-10-05 11:35:47.376430] [BG] scanning blocks 917752 -> 917753
[2025-10-05 11:40:49.116823] [BG] scanning blocks 917753 -> 917753
[2025-10-05 11:45:53.780500] [BG] scanning blocks 917753 -> 917754
[2025-10-05 11:50:55.474654] [BG] scanning blocks 917755 -> 917754
[2025-10-05 11:55:55.479513] [BG] scanning blocks 917756 -> 917756
[2025-10-05 11:56:03.053166] [BG] scanning blocks 917756 -> 917757
[2025-10-05 12:01:01.973672] [BG] scanning blocks 917756 -> 917757
[2025-10-05 12:01:05.544180] [BG] scanning blocks 917756 -> 917757
[2025-10-05 12:14:14.956956] [BG] scanning blocks 917756 -> 917757
[2025-10-05 12:17:37.891510] [BG] scanning blocks 917757 -> 917758
[2025-10-05 12:19:17.306061] [BG] scanning blocks 917757 -> 917758
[2025-10-05 12:21:38.677683] [BG] scanning blocks 917757 -> 917758
[2025-10-05 12:26:40.359311] [BG] scanning blocks 917757 -> 917758
[2025-10-05 12:28:38.343183] [BG] scanning blocks 917758 -> 917759
[2025-10-05 12:31:43.325306] [BG] scanning blocks 917758 -> 917759
[2025-10-05 12:33:41.598629] [BG] scanning blocks 917758 -> 917759
[2025-10-05 12:36:45.005130] [BG] scanning blocks 917758 -> 917759
[2025-10-05 12:38:43.880415] [BG] scanning blocks 917758 -> 917759
[2025-10-05 12:41:46.757913] [BG] scanning blocks 917758 -> 917759
[2025-10-05 12:43:45.771892] [BG] scanning blocks 917758 -> 917759
[2025-10-05 12:46:48.845301] [BG] scanning blocks 917758 -> 917759
[2025-10-05 12:48:48.267039] [BG] scanning blocks 917758 -> 917759
[2025-10-05 12:51:51.292955] [BG] scanning blocks 917758 -> 917759
[2025-10-05 12:53:57.515780] [BG] scanning blocks 917758 -> 917759
[2025-10-05 12:56:55.733515] [BG] scanning blocks 917759 -> 917760
[2025-10-05 12:59:27.309596] [BG] scanning blocks 917759 -> 917760
[2025-10-05 13:04:30.351247] [BG] scanning blocks 917759 -> 917760
[2025-10-05 13:09:32.123473] [BG] scanning blocks 917759 -> 917760
[2025-10-05 13:25:55.520764] [BG] scanning blocks 917760 -> 917761
[2025-10-05 14:53:34.681678] [BG] scanning blocks 917772 -> 917772
[2025-10-05 14:58:39.220090] [BG] scanning blocks 917772 -> 917773
[2025-10-05 15:03:40.993297] [BG] scanning blocks 917772 -> 917773
[2025-10-05 15:22:27.698054] [BG] scanning blocks 917773 -> 917774
[2025-10-05 15:27:29.845087] [BG] scanning blocks 917774 -> 917774
[2025-10-05 15:41:22.615247] [BG] scanning blocks 917776 -> 917777
[2025-10-05 15:46:24.626848] [BG] scanning blocks 917776 -> 917777
[2025-10-05 15:52:56.936255] [BG] scanning blocks 917776 -> 917777
[2025-10-05 15:57:58.551196] [BG] scanning blocks 917777 -> 917777
[2025-10-05 16:48:27.624955] [BG] scanning blocks 917782 -> 917783
[2025-10-05 16:53:29.418139] [BG] scanning blocks 917784 -> 917784
[2025-10-05 16:58:33.532520] [BG] scanning blocks 917784 -> 917785
[2025-10-05 17:03:35.182488] [BG] scanning blocks 917784 -> 917785
[2025-10-05 17:08:37.545360] [BG] scanning blocks 917785 -> 917786
[2025-10-05 17:13:39.188939] [BG] scanning blocks 917786 -> 917786
[2025-10-05 17:18:44.486585] [BG] scanning blocks 917786 -> 917787
[2025-10-05 17:23:46.200690] [BG] scanning blocks 917789 -> 917790
[2025-10-05 17:28:47.835287] [BG] scanning blocks 917790 -> 917790
[2025-10-05 17:33:53.192158] [BG] scanning blocks 917792 -> 917791
[2025-10-05 17:39:01.006539] [BG] scanning blocks 917792 -> 917793
[2025-10-05 17:44:03.258473] [BG] scanning blocks 917792 -> 917793
[2025-10-05 17:49:04.942873] [BG] scanning blocks 917792 -> 917793
[2025-10-05 17:54:07.055376] [BG] scanning blocks 917792 -> 917793
[2025-10-05 17:59:08.604503] [BG] scanning blocks 917792 -> 917793
[2025-10-05 18:04:10.745263] [BG] scanning blocks 917792 -> 917793
[2025-10-05 18:09:12.235034] [BG] scanning blocks 917792 -> 917793
[2025-10-05 18:14:13.816996] [BG] scanning blocks 917793 -> 917794
[2025-10-05 18:19:15.430956] [BG] scanning blocks 917793 -> 917794
[2025-10-05 18:24:17.024429] [BG] scanning blocks 917793 -> 917794
[2025-10-05 18:29:18.581890] [BG] scanning blocks 917794 -> 917794
[2025-10-05 18:34:22.867619] [BG] scanning blocks 917794 -> 917795
[2025-10-05 18:39:24.767158] [BG] scanning blocks 917795 -> 917795
[2025-10-05 18:44:28.576842] [BG] scanning blocks 917795 -> 917796
[2025-10-05 18:49:30.317964] [BG] scanning blocks 917796 -> 917796
[2025-10-05 18:54:34.442146] [BG] scanning blocks 917797 -> 917797
[2025-10-05 18:59:38.117899] [BG] scanning blocks 917798 -> 917799
[2025-10-05 19:04:40.750771] [BG] scanning blocks 917798 -> 917799
[2025-10-05 19:09:44.497238] [BG] scanning blocks 917799 -> 917799
[2025-10-05 19:15:11.079259] [BG] scanning blocks 917802 -> 917803
[2025-10-05 19:20:13.292085] [BG] scanning blocks 917803 -> 917803
[2025-10-05 19:25:17.712574] [BG] scanning blocks 917803 -> 917804
[2025-10-05 19:30:20.825831] [BG] scanning blocks 917803 -> 917804
[2025-10-05 19:35:22.743420] [BG] scanning blocks 917804 -> 917804
[2025-10-05 19:40:27.443131] [BG] scanning blocks 917804 -> 917805
[2025-10-05 19:45:29.776375] [BG] scanning blocks 917805 -> 917806
[2025-10-05 19:50:33.144105] [BG] scanning blocks 917805 -> 917806
[2025-10-05 19:55:35.011842] [BG] scanning blocks 917806 -> 917807
[2025-10-05 20:00:37.268545] [BG] scanning blocks 917806 -> 917807
[2025-10-05 20:05:39.258989] [BG] scanning blocks 917806 -> 917807
[2025-10-05 20:10:41.032968] [BG] scanning blocks 917808 -> 917809
[2025-10-05 20:15:42.908304] [BG] scanning blocks 917809 -> 917810
[2025-10-05 20:20:44.666296] [BG] scanning blocks 917810 -> 917811
[2025-10-05 20:25:46.658652] [BG] scanning blocks 917810 -> 917811
[2025-10-05 20:30:49.753259] [BG] scanning blocks 917811 -> 917812
[2025-10-05 20:35:51.549865] [BG] scanning blocks 917811 -> 917812
[2025-10-05 20:40:53.124421] [BG] scanning blocks 917812 -> 917812
[2025-10-05 20:46:13.703792] [BG] scanning blocks 917813 -> 917814
[2025-10-05 20:51:15.768680] [BG] scanning blocks 917814 -> 917814
[2025-10-05 20:56:21.808087] [BG] scanning blocks 917816 -> 917817
[2025-10-05 21:01:23.446804] [BG] scanning blocks 917816 -> 917817
[2025-10-05 21:06:25.169232] [BG] scanning blocks 917816 -> 917817
[2025-10-05 21:11:27.298686] [BG] scanning blocks 917816 -> 917817
[2025-10-05 21:16:29.047430] [BG] scanning blocks 917816 -> 917817
[2025-10-05 21:21:32.306901] [BG] scanning blocks 917817 -> 917818
[2025-10-05 21:26:34.048889] [BG] scanning blocks 917818 -> 917819
[2025-10-05 21:31:36.030576] [BG] scanning blocks 917818 -> 917819
[2025-10-05 21:36:37.678062] [BG] scanning blocks 917818 -> 917819
[2025-10-05 21:41:39.666273] [BG] scanning blocks 917818 -> 917819
[2025-10-05 21:46:41.369891] [BG] scanning blocks 917818 -> 917819
[2025-10-05 21:51:43.514235] [BG] scanning blocks 917820 -> 917821
[2025-10-05 21:56:45.326872] [BG] scanning blocks 917820 -> 917821
[2025-10-05 22:01:47.678025] [BG] scanning blocks 917820 -> 917821
[2025-10-05 22:06:50.965449] [BG] scanning blocks 917821 -> 917822
[2025-10-05 22:11:53.534487] [BG] scanning blocks 917822 -> 917823
[2025-10-05 22:16:55.399904] [BG] scanning blocks 917825 -> 917826
[2025-10-05 22:21:57.435450] [BG] scanning blocks 917827 -> 917826
[2025-10-05 22:27:03.534682] [BG] scanning blocks 917827 -> 917828
[2025-10-05 22:32:08.168212] [BG] scanning blocks 917827 -> 917828
[2025-10-05 22:37:09.846311] [BG] scanning blocks 917827 -> 917828
[2025-10-05 22:42:11.577029] [BG] scanning blocks 917827 -> 917828
[2025-10-05 22:47:13.408697] [BG] scanning blocks 917828 -> 917828
[2025-10-05 22:52:17.743332] [BG] scanning blocks 917829 -> 917829
[2025-10-05 22:57:21.771629] [BG] scanning blocks 917830 -> 917830
[2025-10-05 23:02:26.977136] [BG] scanning blocks 917830 -> 917831
[2025-10-05 23:07:29.394308] [BG] scanning blocks 917830 -> 917831
[2025-10-05 23:12:31.172746] [BG] scanning blocks 917831 -> 917832
[2025-10-05 23:17:32.768355] [BG] scanning blocks 917831 -> 917832
[2025-10-05 23:22:35.016926] [BG] scanning blocks 917831 -> 917832
[2025-10-05 23:27:38.937129] [BG] scanning blocks 917832 -> 917832
[2025-10-05 23:32:44.221039] [BG] scanning blocks 917833 -> 917834
[2025-10-05 23:37:46.678262] [BG] scanning blocks 917833 -> 917834
[2025-10-05 23:42:48.317145] [BG] scanning blocks 917833 -> 917834
[2025-10-05 23:47:50.162928] [BG] scanning blocks 917833 -> 917834
[2025-10-05 23:52:51.711825] [BG] scanning blocks 917834 -> 917835
[2025-10-05 23:57:53.655914] [BG] scanning blocks 917835 -> 917835
[2025-10-06 00:02:58.288249] [BG] scanning blocks 917836 -> 917836
[2025-10-06 00:08:02.753049] [BG] scanning blocks 917836 -> 917837
[2025-10-06 00:13:04.733923] [BG] scanning blocks 917837 -> 917837
[2025-10-06 00:18:09.145621] [BG] scanning blocks 917839 -> 917839
[2025-10-06 00:23:12.987334] [BG] scanning blocks 917840 -> 917840
[2025-10-06 00:28:15.889122] [BG] scanning blocks 917841 -> 917842
[2025-10-06 00:33:17.417356] [BG] scanning blocks 917841 -> 917842
[2025-10-06 00:38:19.429671] [BG] scanning blocks 917841 -> 917842
[2025-10-06 00:43:21.438181] [BG] scanning blocks 917842 -> 917843
[2025-10-06 00:48:26.293527] [BG] scanning blocks 917844 -> 917845
[2025-10-06 00:53:27.903392] [BG] scanning blocks 917844 -> 917845
[2025-10-06 00:58:29.438766] [BG] scanning blocks 917844 -> 917845
[2025-10-06 01:03:32.580353] [BG] scanning blocks 917844 -> 917845
[2025-10-06 01:08:38.473335] [BG] scanning blocks 917844 -> 917845
[2025-10-06 01:13:40.020000] [BG] scanning blocks 917844 -> 917845
[2025-10-06 01:18:41.677046] [BG] scanning blocks 917844 -> 917845
[2025-10-06 01:23:43.383452] [BG] scanning blocks 917845 -> 917846
[2025-10-06 01:28:45.040617] [BG] scanning blocks 917845 -> 917846
[2025-10-06 01:33:46.666463] [BG] scanning blocks 917846 -> 917847
[2025-10-06 01:38:48.290399] [BG] scanning blocks 917846 -> 917847
[2025-10-06 01:43:49.875760] [BG] scanning blocks 917847 -> 917847
[2025-10-06 01:48:54.447426] [BG] scanning blocks 917849 -> 917848
[2025-10-06 01:54:18.147484] [BG] scanning blocks 917849 -> 917850
[2025-10-06 01:59:23.122411] [BG] scanning blocks 917849 -> 917850
[2025-10-06 02:04:25.277473] [BG] scanning blocks 917850 -> 917851
[2025-10-06 02:09:27.204727] [BG] scanning blocks 917851 -> 917851
[2025-10-06 02:14:32.022206] [BG] scanning blocks 917851 -> 917852
[2025-10-06 02:19:34.301471] [BG] scanning blocks 917851 -> 917852
[2025-10-06 02:24:39.014760] [BG] scanning blocks 917851 -> 917852
[2025-10-06 02:29:41.161647] [BG] scanning blocks 917851 -> 917852
[2025-10-06 02:34:42.880598] [BG] scanning blocks 917851 -> 917852
[2025-10-06 02:39:44.556320] [BG] scanning blocks 917852 -> 917852
[2025-10-06 02:45:08.824055] [BG] scanning blocks 917852 -> 917853
[2025-10-06 02:50:10.414111] [BG] scanning blocks 917852 -> 917853
[2025-10-06 02:55:12.070824] [BG] scanning blocks 917853 -> 917853
[2025-10-06 03:00:18.073890] [BG] scanning blocks 917853 -> 917854
[2025-10-06 03:05:20.113562] [BG] scanning blocks 917853 -> 917854
[2025-10-06 03:10:22.537792] [BG] scanning blocks 917854 -> 917854
[2025-10-06 03:15:26.520975] [BG] scanning blocks 917854 -> 917855
[2025-10-06 03:20:28.110009] [BG] scanning blocks 917855 -> 917856
[2025-10-06 03:25:29.796314] [BG] scanning blocks 917855 -> 917856
[2025-10-06 03:30:31.468732] [BG] scanning blocks 917855 -> 917856
[2025-10-06 03:35:33.287797] [BG] scanning blocks 917856 -> 917856
[2025-10-06 03:40:37.965460] [BG] scanning blocks 917856 -> 917857
[2025-10-06 03:45:39.700662] [BG] scanning blocks 917856 -> 917857
[2025-10-06 03:50:41.509802] [BG] scanning blocks 917857 -> 917857
[2025-10-06 03:55:45.576846] [BG] scanning blocks 917857 -> 917858
[2025-10-06 04:00:47.177976] [BG] scanning blocks 917857 -> 917858
[2025-10-06 04:05:48.752877] [BG] scanning blocks 917857 -> 917858
[2025-10-06 04:10:50.886218] [BG] scanning blocks 917857 -> 917858
[2025-10-06 04:15:52.690549] [BG] scanning blocks 917857 -> 917858
[2025-10-06 04:20:54.308283] [BG] scanning blocks 917857 -> 917858
[2025-10-06 04:59:38.292358] [BG] scanning blocks 917862 -> 917863
[2025-10-06 05:04:41.898281] [BG] scanning blocks 917862 -> 917863
[2025-10-06 05:09:44.112680] [BG] scanning blocks 917863 -> 917863
[2025-10-06 05:18:28.211832] [BG] scanning blocks 917863 -> 917864
[2025-10-06 05:24:38.614272] [BG] scanning blocks 917865 -> 917865
[2025-10-06 05:29:46.946871] [BG] scanning blocks 917867 -> 917866
[2025-10-06 05:54:21.476347] [BG] scanning blocks 917872 -> 917872
[2025-10-06 06:06:16.877691] [BG] scanning blocks 917873 -> 917874
[2025-10-06 06:11:19.089630] [BG] scanning blocks 917873 -> 917874
[2025-10-06 06:26:32.074544] [BG] scanning blocks 917875 -> 917871
[2025-10-06 06:28:57.456122] [BG] scanning blocks 917875 -> 917876
[2025-10-06 06:31:52.268103] [BG] scanning blocks 917875 -> 917871
[2025-10-06 06:33:59.587119] [BG] scanning blocks 917875 -> 917877
[2025-10-06 06:37:07.721820] [BG] scanning blocks 917877 -> 917873
[2025-10-06 06:42:29.465107] [BG] scanning blocks 917878 -> 917879
[2025-10-06 06:47:31.456623] [BG] scanning blocks 917878 -> 917879
[2025-10-06 06:51:30.695293] [BG] scanning blocks 917878 -> 917879
[2025-10-06 06:58:31.699334] [BG] scanning blocks 917879 -> 917879
[2025-10-06 07:12:16.158427] [BG] scanning blocks 917879 -> 917880
[2025-10-06 07:17:18.363386] [BG] scanning blocks 917879 -> 917880
[2025-10-06 07:22:20.255078] [BG] scanning blocks 917879 -> 917880
[2025-10-06 07:27:22.200064] [BG] scanning blocks 917879 -> 917880
[2025-10-06 07:32:24.477474] [BG] scanning blocks 917879 -> 917880
[2025-10-06 07:37:16.730504] [BG] scanning blocks 917880 -> 917881
[2025-10-06 07:43:13.159528] [BG] scanning blocks 917881 -> 917877
[2025-10-06 07:49:54.147825] [BG] scanning blocks 917881 -> 917882
[2025-10-06 07:54:57.302439] [BG] scanning blocks 917881 -> 917882
[2025-10-06 07:56:01.482155] [BG] scanning blocks 917882 -> 917882
[2025-10-06 07:59:59.360060] [BG] scanning blocks 917882 -> 917883
[2025-10-06 08:01:15.457637] [BG] scanning blocks 917882 -> 917883
[2025-10-06 08:05:01.021135] [BG] scanning blocks 917882 -> 917883
[2025-10-06 08:06:17.665763] [BG] scanning blocks 917882 -> 917883
[2025-10-06 08:10:02.627982] [BG] scanning blocks 917883 -> 917883
[2025-10-06 08:11:19.264944] [BG] scanning blocks 917883 -> 917884
[2025-10-06 08:15:07.210564] [BG] scanning blocks 917884 -> 917884
[2025-10-06 08:16:21.321011] [BG] scanning blocks 917884 -> 917885
[2025-10-06 08:20:10.707817] [BG] scanning blocks 917884 -> 917885
[2025-10-06 08:21:23.049051] [BG] scanning blocks 917884 -> 917885
[2025-10-06 08:25:13.432359] [BG] scanning blocks 917884 -> 917885
[2025-10-06 08:26:25.357441] [BG] scanning blocks 917884 -> 917885
[2025-10-06 08:30:16.182296] [BG] scanning blocks 917884 -> 917885
[2025-10-06 08:31:27.277401] [BG] scanning blocks 917884 -> 917885
[2025-10-06 08:35:17.884110] [BG] scanning blocks 917886 -> 917885
[2025-10-06 08:36:28.957237] [BG] scanning blocks 917886 -> 917887
[2025-10-06 08:40:44.398875] [BG] scanning blocks 917886 -> 917887
[2025-10-06 08:41:31.371150] [BG] scanning blocks 917886 -> 917887
[2025-10-06 08:45:47.200137] [BG] scanning blocks 917886 -> 917887
[2025-10-06 08:46:34.000962] [BG] scanning blocks 917886 -> 917887
[2025-10-06 08:50:49.960078] [BG] scanning blocks 917886 -> 917887
[2025-10-07 08:21:32.190663] [BG] scanning blocks 918014 -> 918015
[2025-10-07 08:26:34.004089] [BG] scanning blocks 918015 -> 918015
[2025-10-07 08:31:39.870154] [BG] scanning blocks 918016 -> 918016
[2025-10-07 08:36:45.191486] [BG] scanning blocks 918016 -> 918017
[2025-10-07 08:41:46.804269] [BG] scanning blocks 918017 -> 918017
[2025-10-07 08:45:00.814061] [BG] scanning blocks 918017 -> 918018
[2025-10-07 08:50:05.063247] [BG] scanning blocks 918018 -> 918019
[2025-10-07 08:55:07.894400] [BG] scanning blocks 918018 -> 918019
[2025-10-07 08:58:24.500816] [BG] scanning blocks 918018 -> 918019
[2025-10-07 09:03:26.905800] [BG] scanning blocks 918018 -> 918019
[2025-10-07 09:08:28.919375] [BG] scanning blocks 918018 -> 918019
[2025-10-07 09:13:13.604203] [BG] scanning blocks 918018 -> 918019
[2025-10-07 09:13:31.871990] [BG] scanning blocks 918018 -> 918019
[2025-10-07 09:18:17.928388] [BG] scanning blocks 918018 -> 918019
[2025-10-07 09:19:44.452166] [BG] scanning blocks 918018 -> 918019
[2025-10-07 09:24:47.414176] [BG] scanning blocks 918019 -> 918019
[2025-10-07 09:28:41.802120] [BG] scanning blocks 918019 -> 918020
[2025-10-07 09:33:43.954868] [BG] scanning blocks 918020 -> 918020
[2025-10-07 10:03:57.712914] [BG] scanning blocks 918023 -> 918023
[2025-10-07 10:37:42.780422] [BG] scanning blocks 918028 -> 918029
[2025-10-07 10:55:50.326188] [BG] scanning blocks 918030 -> 918031
[2025-10-07 10:59:11.579134] [BG] scanning blocks 918030 -> 918031
[2025-10-07 11:00:57.668643] [BG] scanning blocks 918030 -> 918031
[2025-10-07 11:04:13.934617] [BG] scanning blocks 918031 -> 918032
[2025-10-07 11:05:59.720284] [BG] scanning blocks 918031 -> 918032
[2025-10-07 11:13:38.668071] [BG] scanning blocks 918031 -> 918032
[2025-10-07 11:18:40.389526] [BG] scanning blocks 918031 -> 918032
[2025-10-07 11:23:42.365340] [BG] scanning blocks 918031 -> 918032
[2025-10-07 11:28:44.454807] [BG] scanning blocks 918031 -> 918032
[2025-10-07 12:20:50.255101] [BG] scanning blocks 918036 -> 918037
[2025-10-07 12:25:52.525589] [BG] scanning blocks 918037 -> 918037
[2025-10-07 12:30:58.259448] [BG] scanning blocks 918037 -> 918038
[2025-10-07 12:33:09.859296] [BG] scanning blocks 918037 -> 918038
[2025-10-07 12:36:03.426562] [BG] scanning blocks 918038 -> 918038
[2025-10-07 12:38:12.795093] [BG] scanning blocks 918038 -> 918039
[2025-10-07 12:41:49.473396] [BG] scanning blocks 918040 -> 918039
[2025-10-07 12:43:16.106156] [BG] scanning blocks 918040 -> 918040
[2025-10-07 12:47:33.469581] [BG] scanning blocks 918040 -> 918041
[2025-10-07 12:48:21.956913] [BG] scanning blocks 918040 -> 918041
[2025-10-07 12:52:35.275581] [BG] scanning blocks 918040 -> 918041
[2025-10-07 12:53:24.696135] [BG] scanning blocks 918040 -> 918041
[2025-10-07 12:57:37.860140] [BG] scanning blocks 918041 -> 918041
[2025-10-07 12:58:27.189658] [BG] scanning blocks 918041 -> 918042
[2025-10-07 13:03:09.187588] [BG] scanning blocks 918041 -> 918042
[2025-10-07 13:03:30.223075] [BG] scanning blocks 918041 -> 918042
[2025-10-07 13:06:58.748205] [BG] scanning blocks 918041 -> 918042
[2025-10-07 13:12:01.063397] [BG] scanning blocks 918041 -> 918042
[2025-10-07 13:17:02.873727] [BG] scanning blocks 918042 -> 918042
[2025-10-07 13:22:26.113340] [BG] scanning blocks 918043 -> 918043
[2025-10-07 13:27:49.888507] [BG] scanning blocks 918043 -> 918044
[2025-10-07 13:30:08.862525] [BG] scanning blocks 918043 -> 918044
[2025-10-07 13:49:03.586155] [BG] scanning blocks 918045 -> 918044
[2025-10-07 13:54:42.214606] [BG] scanning blocks 918045 -> 918046
[2025-10-07 13:59:44.840873] [BG] scanning blocks 918045 -> 918046
[2025-10-07 14:04:46.818103] [BG] scanning blocks 918045 -> 918046
[2025-10-07 14:09:49.377186] [BG] scanning blocks 918047 -> 918046
[2025-10-07 14:14:56.736526] [BG] scanning blocks 918047 -> 918048
[2025-10-07 14:20:00.290862] [BG] scanning blocks 918047 -> 918048
[2025-10-07 14:25:03.230131] [BG] scanning blocks 918047 -> 918048
[2025-10-07 14:30:05.199706] [BG] scanning blocks 918047 -> 918048
[2025-10-07 14:35:07.374074] [BG] scanning blocks 918047 -> 918048
[2025-10-07 14:40:09.084541] [BG] scanning blocks 918048 -> 918048
[2025-10-07 14:45:42.685391] [BG] scanning blocks 918048 -> 918049
[2025-10-07 14:50:44.800945] [BG] scanning blocks 918049 -> 918049
[2025-10-07 14:56:30.405906] [BG] scanning blocks 918051 -> 918050
[2025-10-07 15:02:22.495234] [BG] scanning blocks 918052 -> 918052
[2025-10-07 15:08:25.652362] [BG] scanning blocks 918053 -> 918053
[2025-10-07 15:13:32.625366] [BG] scanning blocks 918053 -> 918054
[2025-10-07 15:18:36.726591] [BG] scanning blocks 918053 -> 918054
[2025-10-07 16:01:43.376824] [BG] scanning blocks 918057 -> 918054
[2025-10-07 16:07:39.548479] [BG] scanning blocks 918057 -> 918058
[2025-10-07 16:12:41.584040] [BG] scanning blocks 918058 -> 918058
[2025-10-07 16:18:14.577454] [BG] scanning blocks 918058 -> 918059
[2025-10-07 16:23:16.695210] [BG] scanning blocks 918058 -> 918059
[2025-10-07 16:28:18.954250] [BG] scanning blocks 918058 -> 918059
[2025-10-07 16:33:04.197195] [BG] scanning blocks 918058 -> 918059
[2025-10-07 16:33:22.480772] [BG] scanning blocks 918058 -> 918059
[2025-10-07 16:38:07.166829] [BG] scanning blocks 918058 -> 918059
[2025-10-07 16:38:25.494996] [BG] scanning blocks 918058 -> 918059
[2025-10-07 16:38:33.726526] [BG] scanning blocks 918058 -> 918059
[2025-10-07 16:43:12.332654] [BG] scanning blocks 918059 -> 918059
[2025-10-07 16:43:27.734491] [BG] scanning blocks 918059 -> 918060
[2025-10-07 16:43:36.102695] [BG] scanning blocks 918059 -> 918060
[2025-10-07 16:45:25.375467] [BG] scanning blocks 918060 -> 918060
[2025-10-07 16:48:31.861078] [BG] scanning blocks 918060 -> 918061
[2025-10-07 16:48:40.388008] [BG] scanning blocks 918060 -> 918061
[2025-10-07 16:48:41.729499] [BG] scanning blocks 918060 -> 918061
[2025-10-07 16:50:56.656382] [BG] scanning blocks 918060 -> 918061
[2025-10-07 16:53:35.092101] [BG] scanning blocks 918060 -> 918061
[2025-10-07 16:53:43.800484] [BG] scanning blocks 918060 -> 918061
[2025-10-07 16:53:45.077454] [BG] scanning blocks 918060 -> 918061
[2025-10-07 16:55:59.179517] [BG] scanning blocks 918061 -> 918061
[2025-10-07 16:58:37.616851] [BG] scanning blocks 918061 -> 918062
[2025-10-07 16:58:46.630865] [BG] scanning blocks 918061 -> 918062
[2025-10-07 16:58:47.526331] [BG] scanning blocks 918061 -> 918062
[2025-10-07 17:01:04.929603] [BG] scanning blocks 918062 -> 918062
[2025-10-07 17:03:39.965546] [BG] scanning blocks 918062 -> 918063
[2025-10-07 17:03:50.907446] [BG] scanning blocks 918062 -> 918063
[2025-10-07 17:03:51.725436] [BG] scanning blocks 918062 -> 918063
[2025-10-07 17:06:12.657993] [BG] scanning blocks 918062 -> 918063
[2025-10-07 17:29:33.994654] [BG] scanning blocks 918062 -> 918063
[2025-10-07 17:34:37.550864] [BG] scanning blocks 918062 -> 918063
[2025-10-07 17:38:29.621886] [BG] scanning blocks 918062 -> 918063
[2025-10-07 17:43:33.187818] [BG] scanning blocks 918063 -> 918063
[2025-10-07 17:49:01.982779] [BG] scanning blocks 918063 -> 918064
[2025-10-07 17:51:06.183106] [BG] scanning blocks 918064 -> 918065
[2025-10-07 17:56:08.267247] [BG] scanning blocks 918064 -> 918065
[2025-10-07 18:00:20.983751] [BG] scanning blocks 918065 -> 918065
[2025-10-07 18:04:19.510551] [BG] scanning blocks 918065 -> 918066
[2025-10-07 18:09:22.121214] [BG] scanning blocks 918067 -> 918066
[2025-10-07 18:14:26.621885] [BG] scanning blocks 918068 -> 918068
[2025-10-07 18:19:31.729134] [BG] scanning blocks 918068 -> 918069
[2025-10-07 18:22:26.120932] [BG] scanning blocks 918068 -> 918069
[2025-10-07 18:27:58.791222] [BG] scanning blocks 918068 -> 918069
[2025-10-07 18:33:01.771638] [BG] scanning blocks 918069 -> 918070
[2025-10-07 18:36:37.738630] [BG] scanning blocks 918069 -> 918070
[2025-10-07 18:39:06.279978] [BG] scanning blocks 918070 -> 918070
[2025-10-07 18:47:08.752863] [BG] scanning blocks 918071 -> 918072
[2025-10-07 18:51:09.609974] [BG] scanning blocks 918073 -> 918074
[2025-10-08 02:12:44.902647] [BG] scanning blocks 918112 -> 918113
[2025-10-08 02:17:46.809515] [BG] scanning blocks 918112 -> 918113
[2025-10-08 02:22:48.895659] [BG] scanning blocks 918112 -> 918113
[2025-10-08 02:27:51.700339] [BG] scanning blocks 918113 -> 918113
[2025-10-08 02:33:16.189131] [BG] scanning blocks 918113 -> 918114
[2025-10-08 02:38:18.231940] [BG] scanning blocks 918113 -> 918114
[2025-10-08 02:43:19.957135] [BG] scanning blocks 918113 -> 918114
[2025-10-08 02:48:22.189325] [BG] scanning blocks 918115 -> 918115
[2025-10-08 02:53:24.796152] [BG] scanning blocks 918116 -> 918116
[2025-10-08 02:58:51.551199] [BG] scanning blocks 918116 -> 918117
[2025-10-08 03:03:53.085099] [BG] scanning blocks 918117 -> 918117
[2025-10-08 03:08:56.285051] [BG] scanning blocks 918117 -> 918118
[2025-10-08 03:13:58.264525] [BG] scanning blocks 918117 -> 918118
[2025-10-08 03:19:00.216518] [BG] scanning blocks 918117 -> 918118
[2025-10-08 03:24:01.916500] [BG] scanning blocks 918118 -> 918118
[2025-10-08 03:29:06.130448] [BG] scanning blocks 918119 -> 918119
[2025-10-08 03:34:11.026675] [BG] scanning blocks 918119 -> 918120
[2025-10-08 03:39:12.826659] [BG] scanning blocks 918119 -> 918120
[2025-10-08 03:44:15.129179] [BG] scanning blocks 918119 -> 918120
[2025-10-08 03:49:17.477241] [BG] scanning blocks 918120 -> 918120
[2025-10-08 03:54:21.858488] [BG] scanning blocks 918121 -> 918121
[2025-10-08 03:59:47.248414] [BG] scanning blocks 918122 -> 918122
[2025-10-08 04:04:52.074936] [BG] scanning blocks 918123 -> 918123
[2025-10-08 04:10:17.377585] [BG] scanning blocks 918123 -> 918124
[2025-10-08 04:15:19.456252] [BG] scanning blocks 918123 -> 918124
[2025-10-08 04:20:21.360746] [BG] scanning blocks 918123 -> 918124
[2025-10-08 04:25:23.552963] [BG] scanning blocks 918125 -> 918124
[2025-10-08 04:30:29.602149] [BG] scanning blocks 918125 -> 918126
[2025-10-08 04:35:31.395043] [BG] scanning blocks 918125 -> 918126
[2025-10-08 04:40:33.254492] [BG] scanning blocks 918125 -> 918126
[2025-10-08 04:45:35.326121] [BG] scanning blocks 918127 -> 918126
[2025-10-08 04:50:41.024713] [BG] scanning blocks 918127 -> 918128
[2025-10-08 04:55:42.980776] [BG] scanning blocks 918128 -> 918128
[2025-10-08 05:01:11.675274] [BG] scanning blocks 918130 -> 918130
[2025-10-08 05:06:15.491715] [BG] scanning blocks 918131 -> 918131
[2025-10-08 05:11:20.153760] [BG] scanning blocks 918131 -> 918132
[2025-10-08 05:16:21.799298] [BG] scanning blocks 918132 -> 918132
[2025-10-08 05:21:26.887774] [BG] scanning blocks 918132 -> 918133
[2025-10-08 05:26:28.954195] [BG] scanning blocks 918133 -> 918134
[2025-10-08 05:31:30.900987] [BG] scanning blocks 918133 -> 918134
[2025-10-08 05:36:32.446696] [BG] scanning blocks 918133 -> 918134
[2025-10-08 05:41:34.061631] [BG] scanning blocks 918133 -> 918134
[2025-10-08 05:46:36.923712] [BG] scanning blocks 918133 -> 918134
[2025-10-08 05:51:38.824646] [BG] scanning blocks 918134 -> 918134
[2025-10-08 05:56:43.387309] [BG] scanning blocks 918134 -> 918135
[2025-10-08 06:01:45.081452] [BG] scanning blocks 918134 -> 918135
[2025-10-08 06:06:47.021843] [BG] scanning blocks 918134 -> 918135
[2025-10-08 06:11:48.662148] [BG] scanning blocks 918134 -> 918135
[2025-10-08 06:16:50.934060] [BG] scanning blocks 918134 -> 918135
[2025-10-08 06:21:52.742767] [BG] scanning blocks 918134 -> 918135
[2025-10-08 06:26:54.717672] [BG] scanning blocks 918135 -> 918136
[2025-10-08 06:31:56.443110] [BG] scanning blocks 918135 -> 918136
[2025-10-08 06:36:58.101752] [BG] scanning blocks 918136 -> 918136
[2025-10-08 06:42:02.143175] [BG] scanning blocks 918137 -> 918137
[2025-10-08 06:47:32.016487] [BG] scanning blocks 918137 -> 918138
[2025-10-08 06:52:34.065260] [BG] scanning blocks 918137 -> 918138
[2025-10-08 06:57:36.037296] [BG] scanning blocks 918137 -> 918138
[2025-10-08 07:02:38.043639] [BG] scanning blocks 918137 -> 918138
[2025-10-08 07:07:40.176437] [BG] scanning blocks 918139 -> 918138
[2025-10-08 07:13:09.903476] [BG] scanning blocks 918140 -> 918140
[2025-10-08 07:18:35.489876] [BG] scanning blocks 918140 -> 918141
[2025-10-08 07:23:37.985195] [BG] scanning blocks 918141 -> 918141
[2025-10-08 07:28:42.385156] [BG] scanning blocks 918141 -> 918142
[2025-10-08 07:33:44.124735] [BG] scanning blocks 918141 -> 918142
[2025-10-08 07:38:45.716993] [BG] scanning blocks 918143 -> 918143
[2025-10-08 07:43:49.002388] [BG] scanning blocks 918145 -> 918145
[2025-10-08 07:48:52.937383] [BG] scanning blocks 918148 -> 918148
[2025-10-08 07:53:57.056747] [BG] scanning blocks 918148 -> 918149
[2025-10-08 07:58:58.906537] [BG] scanning blocks 918148 -> 918149
[2025-10-08 08:04:00.585065] [BG] scanning blocks 918149 -> 918149
[2025-10-08 08:09:04.698263] [BG] scanning blocks 918149 -> 918150
[2025-10-08 08:14:06.591996] [BG] scanning blocks 918149 -> 918150
[2025-10-08 08:19:08.235104] [BG] scanning blocks 918149 -> 918150
[2025-10-08 08:24:10.130492] [BG] scanning blocks 918151 -> 918151
[2025-10-08 08:29:13.898665] [BG] scanning blocks 918151 -> 918152
[2025-10-08 08:34:16.759896] [BG] scanning blocks 918151 -> 918152
[2025-10-08 08:39:19.073067] [BG] scanning blocks 918152 -> 918153
[2025-10-08 08:44:22.146599] [BG] scanning blocks 918152 -> 918153
[2025-10-08 08:49:24.349245] [BG] scanning blocks 918153 -> 918153
[2025-10-08 08:54:56.109678] [BG] scanning blocks 918155 -> 918156
[2025-10-08 08:59:57.900664] [BG] scanning blocks 918157 -> 918156
[2025-10-08 09:05:03.080873] [BG] scanning blocks 918158 -> 918158
[2025-10-08 09:10:08.696853] [BG] scanning blocks 918158 -> 918159
[2025-10-08 09:15:10.840438] [BG] scanning blocks 918159 -> 918159
[2025-10-08 09:20:14.848455] [BG] scanning blocks 918159 -> 918160
[2025-10-08 09:25:16.845988] [BG] scanning blocks 918159 -> 918160
[2025-10-08 09:30:19.062845] [BG] scanning blocks 918160 -> 918160
[2025-10-08 09:35:23.791086] [BG] scanning blocks 918160 -> 918161
[2025-10-08 09:40:25.544071] [BG] scanning blocks 918161 -> 918161
[2025-10-08 09:45:54.045426] [BG] scanning blocks 918164 -> 918162
[2025-10-08 09:51:28.240857] [BG] scanning blocks 918164 -> 918165
[2025-10-08 09:56:30.473214] [BG] scanning blocks 918166 -> 918166
[2025-10-08 10:01:34.688044] [BG] scanning blocks 918166 -> 918167
[2025-10-08 10:06:36.345858] [BG] scanning blocks 918168 -> 918169
[2025-10-08 10:11:38.138621] [BG] scanning blocks 918170 -> 918171
[2025-10-08 10:16:40.010773] [BG] scanning blocks 918170 -> 918171
[2025-10-08 10:21:41.697697] [BG] scanning blocks 918170 -> 918171
[2025-10-08 10:26:43.302885] [BG] scanning blocks 918170 -> 918171
[2025-10-08 10:31:45.060135] [BG] scanning blocks 918171 -> 918172
[2025-10-08 10:36:46.768518] [BG] scanning blocks 918171 -> 918172
[2025-10-08 10:41:48.486265] [BG] scanning blocks 918171 -> 918172
[2025-10-08 10:46:50.093603] [BG] scanning blocks 918172 -> 918173
[2025-10-08 10:51:52.315268] [BG] scanning blocks 918173 -> 918173
[2025-10-08 10:56:56.244526] [BG] scanning blocks 918174 -> 918174
[2025-10-08 11:02:00.746444] [BG] scanning blocks 918174 -> 918175
[2025-10-08 11:07:02.636836] [BG] scanning blocks 918175 -> 918176
[2025-10-08 11:12:04.908864] [BG] scanning blocks 918175 -> 918176
[2025-10-08 11:17:06.752205] [BG] scanning blocks 918176 -> 918176
[2025-10-08 11:22:10.367849] [BG] scanning blocks 918177 -> 918177
[2025-10-08 11:27:13.417126] [BG] scanning blocks 918177 -> 918178
[2025-10-08 11:32:15.227079] [BG] scanning blocks 918177 -> 918178
[2025-10-08 11:37:17.417551] [BG] scanning blocks 918178 -> 918178
[2025-10-08 11:42:21.733326] [BG] scanning blocks 918179 -> 918179
[2025-10-08 11:47:26.259238] [BG] scanning blocks 918180 -> 918180
[2025-10-08 11:52:29.178899] [BG] scanning blocks 918180 -> 918181
[2025-10-08 11:57:31.039960] [BG] scanning blocks 918181 -> 918181
[2025-10-08 12:02:35.447052] [BG] scanning blocks 918182 -> 918182
[2025-10-08 12:07:40.120170] [BG] scanning blocks 918183 -> 918183
[2025-10-08 12:12:44.490540] [BG] scanning blocks 918183 -> 918184
[2025-10-08 12:17:46.500587] [BG] scanning blocks 918183 -> 918184
[2025-10-08 12:25:31.086993] [BG] scanning blocks 918183 -> 918184
[2025-10-08 12:30:33.270283] [BG] scanning blocks 918184 -> 918185
[2025-10-08 12:35:35.040252] [BG] scanning blocks 918184 -> 918185
[2025-10-08 12:40:36.760335] [BG] scanning blocks 918184 -> 918185
[2025-10-08 12:45:39.808915] [BG] scanning blocks 918184 -> 918185
[2025-10-08 12:50:41.704036] [BG] scanning blocks 918184 -> 918185
[2025-10-08 12:55:43.713999] [BG] scanning blocks 918186 -> 918185
[2025-10-08 13:00:51.098335] [BG] scanning blocks 918186 -> 918187
[2025-10-08 13:05:52.900603] [BG] scanning blocks 918187 -> 918187
[2025-10-08 13:10:57.473512] [BG] scanning blocks 918188 -> 918188
[2025-10-08 13:16:02.447495] [BG] scanning blocks 918188 -> 918189
[2025-10-08 14:16:02.120473] [BG] scanning blocks 918195 -> 918195
[2025-10-08 14:21:39.638123] [BG] scanning blocks 918195 -> 918196
[2025-10-08 14:26:42.344844] [BG] scanning blocks 918195 -> 918196
[2025-10-08 14:31:45.257801] [BG] scanning blocks 918195 -> 918196
[2025-10-08 14:35:50.477218] [BG] scanning blocks 918195 -> 918196
[2025-10-08 14:40:54.103792] [BG] scanning blocks 918195 -> 918196
[2025-10-08 15:15:33.210080] [BG] scanning blocks 918201 -> 918202
[2025-10-08 15:18:25.866174] [BG] scanning blocks 918201 -> 918202
[2025-10-08 15:20:37.102717] [BG] scanning blocks 918201 -> 918202
[2025-10-08 15:23:30.692167] [BG] scanning blocks 918201 -> 918202
[2025-10-08 15:27:47.621546] [BG] scanning blocks 918201 -> 918202
[2025-10-08 15:32:49.668894] [BG] scanning blocks 918203 -> 918204
[2025-10-08 15:41:26.727157] [BG] scanning blocks 918205 -> 918204
[2025-10-08 15:54:08.825753] [BG] scanning blocks 918206 -> 918206
[2025-10-08 15:56:11.126569] [BG] scanning blocks 918206 -> 918207
[2025-10-08 16:01:12.853204] [BG] scanning blocks 918206 -> 918207
[2025-10-08 16:06:15.823235] [BG] scanning blocks 918208 -> 918207
[2025-10-08 16:11:45.965646] [BG] scanning blocks 918208 -> 918209
[2025-10-08 16:15:10.862687] [BG] scanning blocks 918209 -> 918209
[2025-10-08 16:20:52.851717] [BG] scanning blocks 918209 -> 918210
[2025-10-08 16:25:55.596680] [BG] scanning blocks 918209 -> 918210
[2025-10-08 16:30:34.952080] [BG] scanning blocks 918209 -> 918210
[2025-10-08 16:35:13.992092] [BG] scanning blocks 918210 -> 918210
[2025-10-08 16:35:40.013714] [BG] scanning blocks 918210 -> 918211
[2025-10-08 16:40:19.248856] [BG] scanning blocks 918212 -> 918211
[2025-10-08 16:46:38.949901] [BG] scanning blocks 918212 -> 918213
[2025-10-08 16:51:41.047288] [BG] scanning blocks 918212 -> 918213
[2025-10-08 16:56:43.365140] [BG] scanning blocks 918212 -> 918213
[2025-10-08 17:01:46.657565] [BG] scanning blocks 918212 -> 918213
[2025-10-08 17:02:10.140715] [BG] scanning blocks 918212 -> 918213
[2025-10-08 17:06:51.252278] [BG] scanning blocks 918214 -> 918213
[2025-10-08 17:07:13.292515] [BG] scanning blocks 918214 -> 918215
[2025-10-08 17:12:16.640365] [BG] scanning blocks 918214 -> 918215
[2025-10-08 17:12:35.911871] [BG] scanning blocks 918214 -> 918215
[2025-10-08 17:18:37.372355] [BG] scanning blocks 918215 -> 918215
[2025-10-08 17:20:56.355495] [BG] scanning blocks 918215 -> 918216
[2025-10-08 17:25:59.005419] [BG] scanning blocks 918216 -> 918216
[2025-10-08 17:31:03.979594] [BG] scanning blocks 918216 -> 918217
[2025-10-08 17:36:05.868351] [BG] scanning blocks 918216 -> 918217
[2025-10-08 17:41:09.241020] [BG] scanning blocks 918218 -> 918217
[2025-10-08 17:42:19.313639] [BG] scanning blocks 918218 -> 918219
[2025-10-08 17:46:24.092488] [BG] scanning blocks 918218 -> 918219
[2025-10-08 17:47:23.988806] [BG] scanning blocks 918218 -> 918219
[2025-10-08 17:47:33.737566] [BG] scanning blocks 918218 -> 918219
[2025-10-08 17:51:26.892640] [BG] scanning blocks 918219 -> 918219
[2025-10-08 17:51:40.430467] [BG] error: HTTPSConnectionPool(host='blockchain.info', port=443): Read timed out.
[2025-10-08 17:52:27.832774] [BG] scanning blocks 918219 -> 918219
[2025-10-08 17:52:37.674817] [BG] scanning blocks 918219 -> 918220
[2025-10-08 18:03:59.287714] [BG] scanning blocks 918220 -> 918220
[2025-10-08 18:19:33.792642] [BG] scanning blocks 918222 -> 918220
[2025-10-08 18:27:53.068112] [BG] scanning blocks 918222 -> 918223
[2025-10-08 18:38:21.972423] [BG] scanning blocks 918223 -> 918224
[2025-10-08 18:40:25.662459] [BG] scanning blocks 918223 -> 918224
[2025-10-08 18:42:56.158779] [BG] scanning blocks 918223 -> 918224
[2025-10-08 18:50:26.582656] [BG] scanning blocks 918223 -> 918224
[2025-10-08 19:04:25.887693] [BG] scanning blocks 918223 -> 918224
[2025-10-08 19:06:17.164319] [BG] scanning blocks 918223 -> 918224
[2025-10-08 19:10:55.057626] [BG] scanning blocks 918224 -> 918224
[2025-10-08 19:15:46.472483] [BG] scanning blocks 918224 -> 918224
[2025-10-08 19:28:33.918351] [BG] scanning blocks 918224 -> 918225
[2025-10-08 19:33:03.882074] [BG] scanning blocks 918224 -> 918225
[2025-10-08 19:33:36.323999] [BG] scanning blocks 918224 -> 918225
[2025-10-08 19:38:05.609078] [BG] scanning blocks 918224 -> 918225
[2025-10-08 19:38:38.834300] [BG] scanning blocks 918224 -> 918225
[2025-10-08 19:43:10.063808] [BG] scanning blocks 918224 -> 918225
[2025-10-08 19:45:17.729995] [BG] scanning blocks 918224 -> 918225
[2025-10-08 19:49:04.730762] [BG] scanning blocks 918224 -> 918225
[2025-10-08 19:54:07.780041] [BG] scanning blocks 918224 -> 918225
[2025-10-08 19:59:10.132470] [BG] scanning blocks 918225 -> 918225
[2025-10-08 20:04:43.785444] [BG] scanning blocks 918226 -> 918226
[2025-10-08 20:11:08.229794] [BG] scanning blocks 918226 -> 918227
[2025-10-08 20:16:09.928824] [BG] scanning blocks 918226 -> 918227
[2025-10-08 20:21:12.099817] [BG] scanning blocks 918226 -> 918227
[2025-10-08 20:26:14.098641] [BG] scanning blocks 918227 -> 918227
[2025-10-08 20:31:46.334939] [BG] scanning blocks 918228 -> 918228
[2025-10-08 20:36:51.138534] [BG] scanning blocks 918228 -> 918229
[2025-10-08 20:41:52.867746] [BG] scanning blocks 918229 -> 918229
[2025-10-08 20:46:57.000979] [BG] scanning blocks 918229 -> 918230
[2025-10-08 20:51:59.136227] [BG] scanning blocks 918229 -> 918230
[2025-10-08 20:57:00.933019] [BG] scanning blocks 918230 -> 918230
[2025-10-08 21:02:05.099994] [BG] scanning blocks 918231 -> 918231
[2025-10-08 21:07:36.705062] [BG] scanning blocks 918231 -> 918232
[2025-10-08 21:12:38.647131] [BG] scanning blocks 918231 -> 918232
[2025-10-08 21:17:40.344046] [BG] scanning blocks 918232 -> 918232
[2025-10-08 21:23:12.598726] [BG] scanning blocks 918232 -> 918233
[2025-10-08 21:28:15.544359] [BG] scanning blocks 918232 -> 918233
[2025-10-08 21:33:18.201330] [BG] scanning blocks 918233 -> 918233
[2025-10-08 21:38:49.771629] [BG] scanning blocks 918233 -> 918234
[2025-10-08 21:43:51.569917] [BG] scanning blocks 918233 -> 918234
[2025-10-08 21:48:53.149368] [BG] scanning blocks 918234 -> 918234
[2025-10-08 21:54:24.513573] [BG] scanning blocks 918234 -> 918235
[2025-10-08 21:59:26.340321] [BG] scanning blocks 918235 -> 918235
[2025-10-08 22:04:59.603586] [BG] scanning blocks 918237 -> 918236
[2025-10-08 22:10:33.336311] [BG] scanning blocks 918238 -> 918238
[2025-10-08 22:15:37.202894] [BG] scanning blocks 918238 -> 918239
[2025-10-08 22:20:39.053156] [BG] scanning blocks 918238 -> 918239
[2025-10-08 22:25:40.566647] [BG] scanning blocks 918238 -> 918239
[2025-10-08 22:30:42.445735] [BG] scanning blocks 918238 -> 918239
[2025-10-08 22:35:43.924294] [BG] scanning blocks 918238 -> 918239
[2025-10-08 22:40:45.572296] [BG] scanning blocks 918238 -> 918239
[2025-10-08 22:45:47.372133] [BG] scanning blocks 918238 -> 918239
[2025-10-08 22:50:49.077234] [BG] scanning blocks 918238 -> 918239
[2025-10-08 22:55:50.839267] [BG] scanning blocks 918238 -> 918239
[2025-10-08 23:00:52.454335] [BG] scanning blocks 918238 -> 918239
[2025-10-08 23:05:54.078841] [BG] scanning blocks 918238 -> 918239
[2025-10-08 23:10:55.584407] [BG] scanning blocks 918238 -> 918239
[2025-10-08 23:15:57.275581] [BG] scanning blocks 918238 -> 918239
[2025-10-08 23:20:58.945857] [BG] scanning blocks 918238 -> 918239
[2025-10-08 23:26:00.713163] [BG] scanning blocks 918239 -> 918239
[2025-10-08 23:31:05.196660] [BG] scanning blocks 918240 -> 918240
[2025-10-08 23:36:38.354351] [BG] scanning blocks 918242 -> 918241
[2025-10-08 23:47:44.073717] [BG] scanning blocks 918242 -> 918243
[2025-10-08 23:52:45.588412] [BG] scanning blocks 918244 -> 918243
[2025-10-09 00:04:11.001536] [BG] scanning blocks 918245 -> 918245
[2025-10-09 00:08:21.969950] [BG] scanning blocks 918245 -> 918246
[2025-10-09 00:09:15.324715] [BG] scanning blocks 918245 -> 918246
[2025-10-09 00:13:28.084914] [BG] scanning blocks 918245 -> 918246
[2025-10-09 00:14:17.587364] [BG] scanning blocks 918245 -> 918246
[2025-10-09 00:18:30.436307] [BG] scanning blocks 918245 -> 918246
[2025-10-09 00:22:36.170985] [BG] scanning blocks 918245 -> 918246
[2025-10-09 00:37:01.805221] [BG] scanning blocks 918245 -> 918246
[2025-10-09 00:42:05.020907] [BG] scanning blocks 918245 -> 918246
[2025-10-09 00:44:30.729648] [BG] scanning blocks 918245 -> 918246
[2025-10-09 00:50:29.556845] [BG] scanning blocks 918245 -> 918246
[2025-10-09 00:55:34.902337] [BG] scanning blocks 918245 -> 918246
[2025-10-09 01:23:40.967649] [BG] scanning blocks 918249 -> 918249
[2025-10-09 01:27:36.135642] [BG] scanning blocks 918250 -> 918251
[2025-10-09 01:32:38.728065] [BG] scanning blocks 918250 -> 918251
[2025-10-10 19:25:05.745486] [BG] scanning blocks 918478 -> 918479
[2025-10-10 19:30:09.006032] [BG] scanning blocks 918480 -> 918479
[2025-10-10 19:35:26.774198] [BG] scanning blocks 918480 -> 918481
[2025-10-10 19:41:09.949896] [BG] scanning blocks 918480 -> 918481
[2025-10-10 19:46:11.430562] [BG] scanning blocks 918480 -> 918481
[2025-10-10 19:51:13.347731] [BG] scanning blocks 918480 -> 918481
[2025-10-10 19:56:16.190783] [BG] scanning blocks 918481 -> 918481
[2025-10-10 20:01:54.033955] [BG] scanning blocks 918481 -> 918482
[2025-10-10 20:06:56.411163] [BG] scanning blocks 918481 -> 918482
[2025-10-10 20:11:58.005400] [BG] scanning blocks 918482 -> 918482
[2025-10-10 20:17:34.380846] [BG] scanning blocks 918482 -> 918483
[2025-10-10 20:22:36.371376] [BG] scanning blocks 918482 -> 918483
[2025-10-10 20:27:37.957393] [BG] scanning blocks 918482 -> 918483
[2025-10-10 20:32:39.559415] [BG] scanning blocks 918483 -> 918483
[2025-10-10 20:38:14.518958] [BG] scanning blocks 918483 -> 918484
[2025-10-10 20:43:17.576461] [BG] scanning blocks 918484 -> 918484
[2025-10-10 20:48:22.705559] [BG] scanning blocks 918484 -> 918485
[2025-10-10 20:53:24.896633] [BG] scanning blocks 918485 -> 918485
[2025-10-10 20:59:03.586175] [BG] scanning blocks 918486 -> 918486
[2025-10-10 21:04:35.485897] [BG] scanning blocks 918486 -> 918487
[2025-10-10 21:09:37.202172] [BG] scanning blocks 918486 -> 918487
[2025-10-10 21:14:39.019252] [BG] scanning blocks 918486 -> 918487
[2025-10-10 21:19:40.964555] [BG] scanning blocks 918486 -> 918487
[2025-10-10 21:24:42.463782] [BG] scanning blocks 918486 -> 918487
[2025-10-10 21:29:44.167395] [BG] scanning blocks 918486 -> 918487
[2025-10-10 21:34:45.775970] [BG] scanning blocks 918486 -> 918487
[2025-10-10 21:39:47.369147] [BG] scanning blocks 918486 -> 918487
[2025-10-10 21:44:49.067825] [BG] scanning blocks 918487 -> 918487
[2025-10-10 21:49:53.146902] [BG] scanning blocks 918487 -> 918488
[2025-10-10 21:54:55.276195] [BG] scanning blocks 918487 -> 918488
[2025-10-10 21:59:57.931778] [BG] scanning blocks 918487 -> 918488
[2025-10-10 22:04:59.559409] [BG] scanning blocks 918487 -> 918488
[2025-10-10 22:10:01.606071] [BG] scanning blocks 918487 -> 918488
[2025-10-10 22:15:03.238969] [BG] scanning blocks 918487 -> 918488
[2025-10-10 22:20:04.966013] [BG] scanning blocks 918487 -> 918488
[2025-10-10 22:25:06.570614] [BG] scanning blocks 918487 -> 918488
[2025-10-10 22:30:09.125267] [BG] scanning blocks 918488 -> 918488
[2025-10-10 22:35:49.644390] [BG] scanning blocks 918489 -> 918489
[2025-10-10 22:40:54.647473] [BG] scanning blocks 918489 -> 918490
[2025-10-10 22:45:56.279300] [BG] scanning blocks 918490 -> 918490
[2025-10-10 22:51:33.882941] [BG] scanning blocks 918491 -> 918491
[2025-10-10 22:56:39.112692] [BG] scanning blocks 918492 -> 918492
[2025-10-10 23:02:16.800920] [BG] scanning blocks 918492 -> 918493
[2025-10-10 23:07:18.638870] [BG] scanning blocks 918492 -> 918493
[2025-10-10 23:12:21.502654] [BG] scanning blocks 918493 -> 918493
[2025-10-10 23:18:00.675812] [BG] scanning blocks 918493 -> 918494
[2025-10-10 23:23:02.523217] [BG] scanning blocks 918493 -> 918494
[2025-10-10 23:28:04.278909] [BG] scanning blocks 918494 -> 918494
[2025-10-10 23:33:40.105868] [BG] scanning blocks 918495 -> 918495
[2025-10-10 23:38:44.496983] [BG] scanning blocks 918495 -> 918496
[2025-10-10 23:43:46.493290] [BG] scanning blocks 918495 -> 918496
[2025-10-10 23:48:48.967611] [BG] scanning blocks 918496 -> 918496
[2025-10-10 23:54:35.111388] [BG] scanning blocks 918497 -> 918497
[2025-10-10 23:59:40.433519] [BG] scanning blocks 918497 -> 918498
[2025-10-11 00:04:42.032491] [BG] scanning blocks 918497 -> 918498
[2025-10-11 00:09:43.739988] [BG] scanning blocks 918499 -> 918498
[2025-10-11 00:15:22.791157] [BG] scanning blocks 918499 -> 918500
[2025-10-11 00:20:24.682773] [BG] scanning blocks 918501 -> 918500
[2025-10-11 00:26:02.583348] [BG] scanning blocks 918501 -> 918502
[2025-10-11 00:31:05.111245] [BG] scanning blocks 918501 -> 918502
[2025-10-11 00:36:07.708922] [BG] scanning blocks 918502 -> 918502
[2025-10-11 00:41:57.520375] [BG] scanning blocks 918502 -> 918503
[2025-10-11 00:46:59.366290] [BG] scanning blocks 918502 -> 918503
[2025-10-11 00:52:01.167202] [BG] scanning blocks 918502 -> 918503
[2025-10-11 00:57:03.252621] [BG] scanning blocks 918502 -> 918503
[2025-10-11 01:02:04.890153] [BG] scanning blocks 918503 -> 918503
[2025-10-11 01:07:39.932069] [BG] scanning blocks 918503 -> 918504
[2025-10-11 01:12:42.986278] [BG] scanning blocks 918503 -> 918504
[2025-10-11 01:17:44.956184] [BG] scanning blocks 918504 -> 918504
[2025-10-11 01:23:21.448878] [BG] scanning blocks 918505 -> 918505
[2025-10-11 01:28:26.666101] [BG] scanning blocks 918505 -> 918506
[2025-10-11 01:33:28.573708] [BG] scanning blocks 918506 -> 918506
[2025-10-11 01:38:33.297302] [BG] scanning blocks 918507 -> 918507
[2025-10-11 01:43:37.028708] [BG] scanning blocks 918508 -> 918508
[2025-10-11 01:49:17.263539] [BG] scanning blocks 918508 -> 918509
[2025-10-11 01:54:20.032676] [BG] scanning blocks 918508 -> 918509
[2025-10-11 01:59:21.918312] [BG] scanning blocks 918508 -> 918509
[2025-10-11 02:04:23.838307] [BG] scanning blocks 918509 -> 918509
[2025-10-11 02:09:28.846862] [BG] scanning blocks 918509 -> 918510
[2025-10-11 02:14:30.731822] [BG] scanning blocks 918509 -> 918510
[2025-10-11 02:19:32.905346] [BG] scanning blocks 918509 -> 918510
[2025-10-11 02:24:34.785915] [BG] scanning blocks 918510 -> 918510
[2025-10-11 02:29:38.886989] [BG] scanning blocks 918512 -> 918511
[2025-10-11 02:35:19.390258] [BG] scanning blocks 918512 -> 918513
[2025-10-11 02:40:22.178884] [BG] scanning blocks 918512 -> 918513
[2025-10-11 02:45:24.214530] [BG] scanning blocks 918512 -> 918513
[2025-10-11 02:50:25.917601] [BG] scanning blocks 918513 -> 918513
[2025-10-11 02:56:06.761380] [BG] scanning blocks 918513 -> 918514
[2025-10-11 03:01:08.691611] [BG] scanning blocks 918514 -> 918514
[2025-10-11 03:06:14.607218] [BG] scanning blocks 918514 -> 918515
[2025-10-11 03:11:16.494133] [BG] scanning blocks 918514 -> 918515
[2025-10-11 03:16:18.591036] [BG] scanning blocks 918514 -> 918515
[2025-10-11 03:21:21.169425] [BG] scanning blocks 918514 -> 918515
[2025-10-11 03:26:23.122525] [BG] scanning blocks 918514 -> 918515
[2025-10-11 03:31:24.957421] [BG] scanning blocks 918515 -> 918515
[2025-10-11 03:37:00.485038] [BG] scanning blocks 918516 -> 918516
[2025-10-11 03:42:37.662786] [BG] scanning blocks 918516 -> 918517
[2025-10-11 03:47:39.694373] [BG] scanning blocks 918516 -> 918517
[2025-10-11 03:52:41.320036] [BG] scanning blocks 918516 -> 918517
[2025-10-11 03:57:42.930922] [BG] scanning blocks 918516 -> 918517
[2025-10-11 04:02:44.970795] [BG] scanning blocks 918516 -> 918517
[2025-10-11 04:07:47.027456] [BG] scanning blocks 918516 -> 918517
[2025-10-11 04:12:48.727011] [BG] scanning blocks 918516 -> 918517
[2025-10-11 04:17:50.431763] [BG] scanning blocks 918517 -> 918517
[2025-10-11 04:22:54.623492] [BG] scanning blocks 918517 -> 918518
[2025-10-11 04:27:57.177877] [BG] scanning blocks 918517 -> 918518
[2025-10-11 04:32:58.944917] [BG] scanning blocks 918517 -> 918518
[2025-10-11 04:38:00.708235] [BG] scanning blocks 918518 -> 918518
[2025-10-11 04:43:37.269838] [BG] scanning blocks 918518 -> 918519
[2025-10-11 04:48:39.779926] [BG] scanning blocks 918518 -> 918519
[2025-10-11 04:53:41.416119] [BG] scanning blocks 918518 -> 918519
[2025-10-11 04:58:43.181163] [BG] scanning blocks 918518 -> 918519
[2025-10-11 05:03:46.325162] [BG] scanning blocks 918518 -> 918519
[2025-10-11 05:08:48.070380] [BG] scanning blocks 918518 -> 918519
[2025-10-11 05:13:49.881687] [BG] scanning blocks 918518 -> 918519
[2025-10-11 05:18:51.786040] [BG] scanning blocks 918518 -> 918519
[2025-10-11 05:23:53.387428] [BG] scanning blocks 918520 -> 918519
[2025-10-11 05:29:31.478266] [BG] scanning blocks 918521 -> 918521
[2025-10-11 05:35:14.838652] [BG] scanning blocks 918521 -> 918522
[2025-10-11 05:40:16.728279] [BG] scanning blocks 918522 -> 918522
[2025-10-11 05:45:54.948278] [BG] scanning blocks 918522 -> 918523
[2025-10-11 05:50:56.665625] [BG] scanning blocks 918523 -> 918523
[2025-10-11 05:56:32.548274] [BG] scanning blocks 918524 -> 918524
[2025-10-11 06:01:36.575484] [BG] scanning blocks 918524 -> 918525
[2025-10-11 06:06:38.507180] [BG] scanning blocks 918525 -> 918525
[2025-10-11 06:11:42.323860] [BG] scanning blocks 918528 -> 918526
[2025-10-11 06:16:48.363216] [BG] scanning blocks 918528 -> 918529
[2025-10-11 06:21:50.232368] [BG] scanning blocks 918528 -> 918529
[2025-10-11 06:26:51.912536] [BG] scanning blocks 918528 -> 918529
[2025-10-11 06:31:53.946212] [BG] scanning blocks 918528 -> 918529
[2025-10-11 06:36:55.657744] [BG] scanning blocks 918528 -> 918529
[2025-10-11 06:41:57.253548] [BG] scanning blocks 918528 -> 918529
[2025-10-11 06:58:03.853368] [BG] scanning blocks 918531 -> 918529
[2025-10-11 07:41:40.352553] [BG] scanning blocks 918539 -> 918535
[2025-10-11 07:47:53.520499] [BG] scanning blocks 918540 -> 918540
[2025-10-11 07:53:01.776241] [BG] scanning blocks 918541 -> 918541
[2025-10-11 07:58:10.578368] [BG] scanning blocks 918542 -> 918542
[2025-10-11 08:03:23.373035] [BG] scanning blocks 918543 -> 918543
[2025-10-11 08:08:29.221194] [BG] scanning blocks 918543 -> 918544
[2025-10-11 08:13:31.666987] [BG] scanning blocks 918544 -> 918544
[2025-10-11 08:18:39.987568] [BG] scanning blocks 918544 -> 918545
[2025-10-11 08:23:42.507636] [BG] scanning blocks 918547 -> 918545
[2025-10-11 08:41:41.902901] [BG] scanning blocks 918548 -> 918548
[2025-10-11 08:46:48.174098] [BG] scanning blocks 918548 -> 918549
[2025-10-11 08:51:50.999500] [BG] scanning blocks 918548 -> 918549
[2025-10-11 08:58:32.585250] [BG] scanning blocks 918549 -> 918549
[2025-10-11 09:04:34.389298] [BG] scanning blocks 918549 -> 918550
[2025-10-11 09:09:38.442097] [BG] scanning blocks 918549 -> 918550
[2025-10-11 09:16:12.315721] [BG] scanning blocks 918550 -> 918550
[2025-10-11 09:20:29.317861] [BG] scanning blocks 918550 -> 918551
[2025-10-11 09:25:33.040303] [BG] scanning blocks 918550 -> 918551
[2025-10-11 09:30:36.923909] [BG] scanning blocks 918550 -> 918551
[2025-10-11 09:37:46.748443] [BG] scanning blocks 918551 -> 918551
[2025-10-11 09:45:22.334546] [BG] scanning blocks 918551 -> 918552
[2025-10-11 09:49:16.755671] [BG] scanning blocks 918551 -> 918552
[2025-10-11 09:50:26.549331] [BG] scanning blocks 918551 -> 918552
[2025-10-11 10:23:14.454946] [BG] scanning blocks 918552 -> 918552
[2025-10-11 10:29:04.676417] [BG] scanning blocks 918553 -> 918553
[2025-10-11 10:39:04.895280] [BG] scanning blocks 918555 -> 918554
[2025-10-11 10:43:00.842130] [BG] scanning blocks 918555 -> 918556
[2025-10-11 10:48:02.698180] [BG] scanning blocks 918556 -> 918556
[2025-10-11 11:13:56.813661] [BG] scanning blocks 918558 -> 918557
[2025-10-11 11:16:53.618533] [BG] scanning blocks 918559 -> 918559
[2025-10-11 11:22:42.242786] [BG] scanning blocks 918560 -> 918560
[2025-10-11 11:27:46.887581] [BG] scanning blocks 918560 -> 918561
[2025-10-11 11:32:48.973708] [BG] scanning blocks 918560 -> 918561
[2025-10-11 11:37:51.461136] [BG] scanning blocks 918560 -> 918561
[2025-10-11 11:42:55.488410] [BG] scanning blocks 918560 -> 918561
[2025-10-11 11:47:57.988529] [BG] scanning blocks 918561 -> 918561
[2025-10-11 11:53:09.838069] [BG] scanning blocks 918562 -> 918562
[2025-10-11 12:01:10.005088] [BG] scanning blocks 918563 -> 918563
[2025-10-11 12:06:19.545300] [BG] scanning blocks 918563 -> 918564
[2025-10-11 12:11:23.427512] [BG] scanning blocks 918564 -> 918564
[2025-10-11 12:13:56.609968] [BG] scanning blocks 918564 -> 918565
[2025-10-11 12:19:00.172297] [BG] scanning blocks 918564 -> 918565
[2025-10-11 12:24:03.748363] [BG] scanning blocks 918564 -> 918565
[2025-10-11 12:27:21.692049] [BG] scanning blocks 918564 -> 918565
[2025-10-11 12:32:28.050300] [BG] scanning blocks 918566 -> 918565
[2025-10-11 12:38:22.340695] [BG] scanning blocks 918566 -> 918567
[2025-10-11 12:43:25.276711] [BG] scanning blocks 918566 -> 918567
[2025-10-11 12:48:27.927332] [BG] scanning blocks 918566 -> 918567
[2025-10-11 12:53:30.034603] [BG] scanning blocks 918567 -> 918567
[2025-10-11 12:58:36.024237] [BG] scanning blocks 918568 -> 918568
[2025-10-11 13:04:14.674582] [BG] scanning blocks 918569 -> 918569
[2025-10-11 13:09:20.465034] [BG] scanning blocks 918569 -> 918570
[2025-10-11 13:14:24.156774] [BG] scanning blocks 918570 -> 918570
[2025-10-11 13:16:22.195215] [BG] scanning blocks 918570 -> 918571
[2025-10-11 13:21:24.541901] [BG] scanning blocks 918570 -> 918571
[2025-10-11 13:26:26.723051] [BG] scanning blocks 918571 -> 918571
[2025-10-11 13:32:05.470594] [BG] scanning blocks 918571 -> 918572
[2025-10-11 13:37:07.261152] [BG] scanning blocks 918573 -> 918572
[2025-10-11 13:42:12.941977] [BG] scanning blocks 918573 -> 918574
[2025-10-11 13:47:18.678864] [BG] scanning blocks 918574 -> 918574
[2025-10-11 13:53:05.765800] [BG] scanning blocks 918574 -> 918575
[2025-10-11 13:59:13.918807] [BG] scanning blocks 918576 -> 918575
[2025-10-11 14:25:20.024733] [BG] scanning blocks 918577 -> 918577
[2025-10-11 14:31:11.807748] [BG] scanning blocks 918577 -> 918578
[2025-10-11 14:36:14.233337] [BG] scanning blocks 918577 -> 918578
[2025-10-11 14:53:06.295004] [BG] scanning blocks 918581 -> 918582
[2025-10-11 14:58:08.833234] [BG] scanning blocks 918582 -> 918582
[2025-10-11 15:00:43.642285] [BG] scanning blocks 918582 -> 918583
[2025-10-11 15:03:54.130241] [BG] scanning blocks 918582 -> 918583
[2025-10-11 15:05:45.847179] [BG] scanning blocks 918582 -> 918583
[2025-10-11 15:08:56.021992] [BG] scanning blocks 918583 -> 918583
[2025-10-11 15:14:02.217102] [BG] scanning blocks 918583 -> 918584
[2025-10-11 15:19:04.174577] [BG] scanning blocks 918583 -> 918584
[2025-10-11 15:24:08.777488] [BG] scanning blocks 918583 -> 918584
[2025-10-11 15:29:11.768469] [BG] scanning blocks 918583 -> 918584
[2025-10-11 15:29:23.340426] [BG] scanning blocks 918583 -> 918584
[2025-10-11 15:34:14.175407] [BG] scanning blocks 918584 -> 918585
[2025-10-11 15:34:26.258967] [BG] scanning blocks 918584 -> 918585
[2025-10-11 15:39:16.276545] [BG] scanning blocks 918586 -> 918585
[2025-10-11 15:39:28.464129] [BG] scanning blocks 918586 -> 918587
[2025-10-11 15:44:31.257935] [BG] scanning blocks 918587 -> 918587
[2025-10-11 15:45:00.123826] [BG] scanning blocks 918587 -> 918588
[2025-10-11 15:46:56.990732] [BG] scanning blocks 918588 -> 918588
[2025-10-11 15:49:45.517241] [BG] scanning blocks 918588 -> 918589
[2025-10-11 15:54:47.297600] [BG] scanning blocks 918588 -> 918589
[2025-10-11 15:59:48.942633] [BG] scanning blocks 918588 -> 918589
[2025-10-11 16:04:50.749554] [BG] scanning blocks 918588 -> 918589
[2025-10-11 16:09:52.863451] [BG] scanning blocks 918588 -> 918589
[2025-10-11 16:14:54.832969] [BG] scanning blocks 918590 -> 918589
[2025-10-11 16:18:32.216056] [BG] scanning blocks 918590 -> 918591
[2025-10-11 16:24:25.340176] [BG] scanning blocks 918590 -> 918591
[2025-10-11 16:29:26.917193] [BG] scanning blocks 918591 -> 918591
[2025-10-11 16:34:30.844649] [BG] scanning blocks 918593 -> 918592
[2025-10-11 16:39:10.040176] [BG] scanning blocks 918594 -> 918594
[2025-10-11 16:48:09.199393] [BG] scanning blocks 918594 -> 918595
[2025-10-11 16:53:11.483458] [BG] scanning blocks 918595 -> 918595
[2025-10-11 16:56:12.737871] [BG] scanning blocks 918595 -> 918596
[2025-10-11 16:57:42.594497] [BG] scanning blocks 918596 -> 918596
[2025-10-11 17:02:48.194329] [BG] scanning blocks 918596 -> 918597
[2025-10-11 17:06:38.431143] [BG] scanning blocks 918596 -> 918597
[2025-10-11 17:08:57.855135] [BG] scanning blocks 918596 -> 918597
[2025-10-11 17:14:00.159892] [BG] scanning blocks 918596 -> 918597
[2025-10-11 17:19:01.769660] [BG] scanning blocks 918597 -> 918597
[2025-10-11 18:28:31.337888] [BG] scanning blocks 918604 -> 918604
[2025-10-11 18:34:29.670333] [BG] scanning blocks 918605 -> 918605
[2025-10-11 18:39:38.815711] [BG] scanning blocks 918605 -> 918606
[2025-10-11 18:44:40.882541] [BG] scanning blocks 918605 -> 918606
[2025-10-11 18:49:42.822353] [BG] scanning blocks 918606 -> 918607
[2025-10-11 18:54:44.824247] [BG] scanning blocks 918606 -> 918607
[2025-10-11 18:59:46.500635] [BG] scanning blocks 918606 -> 918607
[2025-10-11 19:04:48.419484] [BG] scanning blocks 918607 -> 918607
[2025-10-11 19:10:21.836776] [BG] scanning blocks 918609 -> 918608
[2025-10-11 19:15:26.465321] [BG] scanning blocks 918609 -> 918610
[2025-10-11 19:20:28.238305] [BG] scanning blocks 918610 -> 918610
[2025-10-11 19:25:31.680425] [BG] scanning blocks 918610 -> 918611
[2025-10-11 19:30:34.553726] [BG] scanning blocks 918611 -> 918611
[2025-10-11 19:36:16.025541] [BG] scanning blocks 918611 -> 918612
[2025-10-11 19:41:18.014681] [BG] scanning blocks 918612 -> 918613
[2025-10-11 19:46:20.060575] [BG] scanning blocks 918612 -> 918613
[2025-10-11 19:51:21.829312] [BG] scanning blocks 918612 -> 918613
[2025-10-11 19:56:23.879320] [BG] scanning blocks 918612 -> 918613
[2025-10-11 20:01:26.837418] [BG] scanning blocks 918613 -> 918614
[2025-10-11 20:06:29.218943] [BG] scanning blocks 918613 -> 918614
[2025-10-11 20:11:31.784262] [BG] scanning blocks 918614 -> 918615
[2025-10-11 20:16:34.002236] [BG] scanning blocks 918614 -> 918615
[2025-10-11 20:21:36.085844] [BG] scanning blocks 918616 -> 918615
[2025-10-11 20:27:16.656249] [BG] scanning blocks 918616 -> 918617
[2025-10-11 20:32:18.373950] [BG] scanning blocks 918616 -> 918617
[2025-10-11 20:37:20.322552] [BG] scanning blocks 918616 -> 918617
[2025-10-11 20:42:22.071257] [BG] scanning blocks 918616 -> 918617
[2025-10-11 20:47:23.795490] [BG] scanning blocks 918618 -> 918617
[2025-10-11 20:53:05.131387] [BG] scanning blocks 918618 -> 918619
[2025-10-11 20:58:06.868478] [BG] scanning blocks 918619 -> 918619
[2025-10-11 21:03:09.453009] [BG] scanning blocks 918620 -> 918620
[2025-10-11 21:08:49.891064] [BG] scanning blocks 918621 -> 918621
[2025-10-11 21:14:26.761949] [BG] scanning blocks 918622 -> 918622
[2025-10-11 21:19:30.268485] [BG] scanning blocks 918622 -> 918623
[2025-10-11 21:24:31.840602] [BG] scanning blocks 918623 -> 918623
[2025-10-11 21:29:35.308678] [BG] scanning blocks 918624 -> 918624
[2025-10-11 21:35:08.483972] [BG] scanning blocks 918624 -> 918625
[2025-10-11 21:40:10.252972] [BG] scanning blocks 918625 -> 918625
[2025-10-11 21:45:14.249928] [BG] scanning blocks 918625 -> 918626
[2025-10-11 21:50:15.959635] [BG] scanning blocks 918626 -> 918626
[2025-10-11 21:55:19.862044] [BG] scanning blocks 918628 -> 918627
[2025-10-11 22:00:25.399580] [BG] scanning blocks 918628 -> 918629
[2025-10-11 22:05:27.077557] [BG] scanning blocks 918629 -> 918629
[2025-10-11 22:11:06.604307] [BG] scanning blocks 918630 -> 918630
[2025-10-11 22:16:09.396349] [BG] scanning blocks 918630 -> 918631
[2025-10-11 22:21:10.977537] [BG] scanning blocks 918631 -> 918631
[2025-10-11 22:26:50.252710] [BG] scanning blocks 918631 -> 918632
[2025-10-11 22:31:52.002610] [BG] scanning blocks 918631 -> 918632
[2025-10-11 22:36:53.622421] [BG] scanning blocks 918631 -> 918632
[2025-10-11 22:41:55.359739] [BG] scanning blocks 918633 -> 918632
[2025-10-11 22:47:35.911972] [BG] scanning blocks 918636 -> 918634
[2025-10-11 22:52:45.989846] [BG] scanning blocks 918636 -> 918637
[2025-10-11 22:57:47.703291] [BG] scanning blocks 918636 -> 918637
[2025-10-11 23:02:49.391762] [BG] scanning blocks 918636 -> 918637
[2025-10-11 23:07:51.414474] [BG] scanning blocks 918637 -> 918637
[2025-10-11 23:13:28.656005] [BG] scanning blocks 918637 -> 918638
[2025-10-11 23:18:30.451787] [BG] scanning blocks 918637 -> 918638
[2025-10-11 23:23:32.032350] [BG] scanning blocks 918637 -> 918638
[2025-10-11 23:28:33.582181] [BG] scanning blocks 918639 -> 918638
[2025-10-11 23:33:41.224984] [BG] scanning blocks 918641 -> 918640
[2025-10-11 23:39:22.671980] [BG] scanning blocks 918642 -> 918642
[2025-10-11 23:44:26.217746] [BG] scanning blocks 918642 -> 918643
[2025-10-11 23:49:27.984005] [BG] scanning blocks 918643 -> 918643
[2025-10-11 23:54:32.499913] [BG] scanning blocks 918643 -> 918644
[2025-10-11 23:59:34.066409] [BG] scanning blocks 918644 -> 918644
[2025-10-12 00:05:10.949029] [BG] scanning blocks 918644 -> 918645
[2025-10-12 00:10:12.530851] [BG] scanning blocks 918647 -> 918645
[2025-10-12 00:15:21.823909] [BG] scanning blocks 918647 -> 918648
[2025-10-12 00:20:23.485780] [BG] scanning blocks 918648 -> 918648
[2025-10-12 00:26:00.569104] [BG] scanning blocks 918648 -> 918649
[2025-10-12 00:31:02.289455] [BG] scanning blocks 918649 -> 918649
[2025-10-12 00:36:06.093655] [BG] scanning blocks 918649 -> 918650
[2025-10-12 00:41:07.746379] [BG] scanning blocks 918649 -> 918650
[2025-10-12 00:46:09.257546] [BG] scanning blocks 918649 -> 918650
[2025-10-12 00:51:10.948169] [BG] scanning blocks 918649 -> 918650
[2025-10-12 00:56:12.629395] [BG] scanning blocks 918650 -> 918650
[2025-10-12 01:01:50.988998] [BG] scanning blocks 918652 -> 918651
[2025-10-12 01:07:33.292199] [BG] scanning blocks 918652 -> 918653
[2025-10-12 01:12:34.861058] [BG] scanning blocks 918653 -> 918653
[2025-10-12 01:18:13.963762] [BG] scanning blocks 918653 -> 918654
[2025-10-12 01:23:15.755094] [BG] scanning blocks 918654 -> 918654
[2025-10-12 01:28:18.114299] [BG] scanning blocks 918655 -> 918655
[2025-10-12 01:33:21.849206] [BG] scanning blocks 918655 -> 918656
[2025-10-12 01:38:23.435144] [BG] scanning blocks 918655 -> 918656
[2025-10-12 01:43:24.982734] [BG] scanning blocks 918656 -> 918656
[2025-10-12 01:49:05.405429] [BG] scanning blocks 918657 -> 918657
[2025-10-12 01:54:46.270708] [BG] scanning blocks 918658 -> 918658
[2025-10-12 01:59:50.732436] [BG] scanning blocks 918659 -> 918659
[2025-10-12 02:05:27.194839] [BG] scanning blocks 918659 -> 918660
[2025-10-12 02:10:29.035242] [BG] scanning blocks 918659 -> 918660
[2025-10-12 02:15:31.907478] [BG] scanning blocks 918659 -> 918660
[2025-10-12 02:20:33.647293] [BG] scanning blocks 918659 -> 918660
[2025-10-12 02:25:35.525890] [BG] scanning blocks 918659 -> 918660
[2025-10-12 02:30:37.561546] [BG] scanning blocks 918661 -> 918660
[2025-10-12 02:36:19.262583] [BG] scanning blocks 918662 -> 918662
[2025-10-12 02:41:57.219992] [BG] scanning blocks 918663 -> 918663
[2025-10-12 02:47:00.972066] [BG] scanning blocks 918664 -> 918664
[2025-10-12 02:52:06.528782] [BG] scanning blocks 918665 -> 918665
[2025-10-12 02:57:46.029236] [BG] scanning blocks 918665 -> 918666
[2025-10-12 03:02:47.732031] [BG] scanning blocks 918665 -> 918666
[2025-10-12 03:07:49.455679] [BG] scanning blocks 918666 -> 918666
[2025-10-12 03:12:53.212319] [BG] scanning blocks 918667 -> 918667
[2025-10-12 03:18:33.468833] [BG] scanning blocks 918667 -> 918668
[2025-10-12 03:23:35.842948] [BG] scanning blocks 918668 -> 918668
[2025-10-12 03:29:16.990180] [BG] scanning blocks 918668 -> 918669
[2025-10-12 03:34:18.787931] [BG] scanning blocks 918668 -> 918669
[2025-10-12 03:39:20.718142] [BG] scanning blocks 918668 -> 918669
[2025-10-12 03:44:22.973442] [BG] scanning blocks 918668 -> 918669
[2025-10-12 03:49:25.811832] [BG] scanning blocks 918669 -> 918669
[2025-10-12 03:54:32.335957] [BG] scanning blocks 918670 -> 918670
[2025-10-12 03:59:36.001214] [BG] scanning blocks 918670 -> 918671
[2025-10-12 04:04:38.130376] [BG] scanning blocks 918670 -> 918671
[2025-10-12 04:07:36.548921] [BG] scanning blocks 918670 -> 918671
[2025-10-12 04:09:40.377898] [BG] scanning blocks 918671 -> 918671
[2025-10-12 04:12:40.185779] [BG] scanning blocks 918671 -> 918672
[2025-10-12 04:15:27.649368] [BG] scanning blocks 918671 -> 918672
[2025-10-12 04:17:45.080052] [BG] scanning blocks 918671 -> 918672
[2025-10-12 04:20:29.971636] [BG] scanning blocks 918671 -> 918672
[2025-10-12 04:22:47.403856] [BG] scanning blocks 918671 -> 918672
[2025-10-12 04:25:38.707200] [BG] scanning blocks 918671 -> 918672
[2025-10-12 04:27:50.021689] [BG] scanning blocks 918671 -> 918672
[2025-10-12 04:30:42.447577] [BG] scanning blocks 918671 -> 918672
[2025-10-12 04:32:51.971955] [BG] scanning blocks 918671 -> 918672
[2025-10-12 04:35:44.354997] [BG] scanning blocks 918671 -> 918672
[2025-10-12 04:37:53.850607] [BG] scanning blocks 918671 -> 918672
[2025-10-12 04:40:46.202324] [BG] scanning blocks 918672 -> 918672
[2025-10-12 04:42:56.511161] [BG] scanning blocks 918672 -> 918673
[2025-10-12 04:45:52.862470] [BG] scanning blocks 918672 -> 918673
[2025-10-12 04:47:59.066802] [BG] scanning blocks 918672 -> 918673
[2025-10-12 04:50:55.469316] [BG] scanning blocks 918672 -> 918673
[2025-10-12 04:53:01.392257] [BG] scanning blocks 918672 -> 918673
[2025-10-12 04:55:57.666862] [BG] scanning blocks 918672 -> 918673
[2025-10-12 04:58:04.733505] [BG] scanning blocks 918672 -> 918673
[2025-10-12 05:01:01.618870] [BG] scanning blocks 918673 -> 918673
[2025-10-12 05:03:08.992043] [BG] scanning blocks 918673 -> 918674
[2025-10-12 05:06:08.759890] [BG] scanning blocks 918674 -> 918674
[2025-10-12 05:08:13.435252] [BG] scanning blocks 918674 -> 918675
[2025-10-12 05:11:16.896178] [BG] scanning blocks 918674 -> 918675
[2025-10-12 05:13:16.205946] [BG] scanning blocks 918674 -> 918675
[2025-10-12 05:16:19.845557] [BG] scanning blocks 918675 -> 918675
[2025-10-12 05:18:18.937068] [BG] scanning blocks 918675 -> 918676
[2025-10-12 05:22:06.213635] [BG] scanning blocks 918675 -> 918676
[2025-10-12 05:23:20.693964] [BG] scanning blocks 918675 -> 918676
[2025-10-12 05:27:08.690661] [BG] scanning blocks 918675 -> 918676
[2025-10-12 05:28:23.455751] [BG] scanning blocks 918676 -> 918676
[2025-10-12 05:32:11.538554] [BG] scanning blocks 918677 -> 918677
[2025-10-12 05:33:28.398506] [BG] scanning blocks 918677 -> 918678
[2025-10-12 05:37:18.650852] [BG] scanning blocks 918677 -> 918678
[2025-10-12 05:38:32.586643] [BG] scanning blocks 918677 -> 918678
[2025-10-12 05:42:21.184063] [BG] scanning blocks 918678 -> 918678
[2025-10-12 05:43:35.271344] [BG] scanning blocks 918678 -> 918679
[2025-10-12 05:48:10.117553] [BG] scanning blocks 918678 -> 918679
[2025-10-12 05:48:37.472020] [BG] scanning blocks 918678 -> 918679
[2025-10-12 05:53:12.830928] [BG] scanning blocks 918680 -> 918679
[2025-10-12 05:53:39.317418] [BG] scanning blocks 918680 -> 918681
[2025-10-12 05:58:19.971718] [BG] scanning blocks 918680 -> 918681
[2025-10-12 05:58:42.969920] [BG] scanning blocks 918680 -> 918681
[2025-10-12 06:03:23.036567] [BG] scanning blocks 918680 -> 918681
[2025-10-12 06:03:45.260203] [BG] scanning blocks 918680 -> 918681
[2025-10-12 06:08:24.886862] [BG] scanning blocks 918682 -> 918681
[2025-10-12 06:08:47.678055] [BG] scanning blocks 918682 -> 918683
[2025-10-12 06:13:49.682129] [BG] scanning blocks 918684 -> 918683
[2025-10-12 06:14:08.649972] [BG] scanning blocks 918684 -> 918685
[2025-10-12 06:18:55.366033] [BG] scanning blocks 918684 -> 918685
[2025-10-12 06:19:13.555154] [BG] scanning blocks 918684 -> 918685
[2025-10-12 06:23:59.695872] [BG] scanning blocks 918685 -> 918686
[2025-10-12 06:24:17.162517] [BG] scanning blocks 918685 -> 918686
[2025-10-12 06:29:03.442753] [BG] scanning blocks 918685 -> 918686
[2025-10-12 06:29:23.877436] [BG] scanning blocks 918685 -> 918686
[2025-10-12 06:55:49.380458] [BG] scanning blocks 918692 -> 918691
[2025-10-12 07:00:58.923699] [BG] scanning blocks 918692 -> 918693
[2025-10-12 07:06:00.855038] [BG] scanning blocks 918693 -> 918693
[2025-10-12 07:11:44.532883] [BG] scanning blocks 918696 -> 918694
[2025-10-12 07:12:02.068000] [BG] scanning blocks 918696 -> 918697
[2025-10-12 07:17:02.745869] [BG] scanning blocks 918696 -> 918697
[2025-10-12 07:17:05.168403] [BG] scanning blocks 918696 -> 918697
[2025-10-12 07:22:05.024854] [BG] scanning blocks 918698 -> 918697
[2025-10-12 07:22:07.299281] [BG] scanning blocks 918698 -> 918697
[2025-10-12 07:27:50.316603] [BG] scanning blocks 918698 -> 918699
[2025-10-12 07:28:01.171406] [BG] scanning blocks 918698 -> 918699
[2025-10-12 07:32:55.521746] [BG] scanning blocks 918698 -> 918699
[2025-10-12 07:33:08.412202] [BG] scanning blocks 918698 -> 918699
[2025-10-12 07:37:57.120884] [BG] scanning blocks 918698 -> 918699
[2025-10-12 07:38:11.287226] [BG] scanning blocks 918698 -> 918699
[2025-10-12 07:43:00.606031] [BG] scanning blocks 918699 -> 918699
[2025-10-12 07:43:16.680674] [BG] scanning blocks 918699 -> 918700
[2025-10-12 07:48:18.742107] [BG] scanning blocks 918701 -> 918700
[2025-10-12 07:48:44.081706] [BG] scanning blocks 918702 -> 918702
[2025-10-12 07:53:26.627235] [BG] scanning blocks 918702 -> 918703
[2025-10-12 07:53:49.178429] [BG] scanning blocks 918702 -> 918703
[2025-10-12 07:56:30.413914] [BG] scanning blocks 918702 -> 918703
[2025-10-12 07:58:30.900487] [BG] scanning blocks 918702 -> 918703
[2025-10-12 07:58:56.145120] [BG] scanning blocks 918702 -> 918703
[2025-10-12 08:01:34.804610] [BG] scanning blocks 918702 -> 918703
[2025-10-12 08:03:36.833979] [BG] scanning blocks 918702 -> 918703
[2025-10-12 08:04:07.237332] [BG] scanning blocks 918702 -> 918703
[2025-10-12 08:06:45.280095] [BG] scanning blocks 918702 -> 918703
[2025-10-12 08:52:58.649506] [BG] scanning blocks 918709 -> 918705
[2025-10-12 09:51:10.124937] [BG] scanning blocks 918715 -> 918711
[2025-10-12 09:57:12.981056] [BG] scanning blocks 918715 -> 918716
[2025-10-12 14:51:48.450381] [BG] scanning blocks 918740 -> 918737
[2025-10-12 14:57:59.271043] [BG] scanning blocks 918740 -> 918741
[2025-10-12 15:03:12.754394] [BG] scanning blocks 918741 -> 918741
[2025-10-12 15:09:06.732978] [BG] scanning blocks 918741 -> 918742
[2025-10-12 15:14:08.514185] [BG] scanning blocks 918741 -> 918742
[2025-10-12 15:31:48.478062] [BG] scanning blocks 918743 -> 918742
[2025-10-12 15:37:57.297107] [BG] scanning blocks 918743 -> 918744
[2025-10-12 15:41:05.602655] [BG] scanning blocks 918743 -> 918744
[2025-10-12 15:43:00.009485] [BG] scanning blocks 918743 -> 918744
[2025-10-12 16:24:41.547274] [BG] scanning blocks 918747 -> 918744
[2025-10-12 16:31:01.095837] [BG] scanning blocks 918748 -> 918748
[2025-10-12 16:36:10.107502] [BG] scanning blocks 918748 -> 918749
[2025-10-12 16:41:12.102197] [BG] scanning blocks 918749 -> 918749
[2025-10-12 16:46:17.440786] [BG] scanning blocks 918749 -> 918750
[2025-10-12 16:51:19.975097] [BG] scanning blocks 918749 -> 918750
[2025-10-12 16:59:09.441659] [BG] scanning blocks 918750 -> 918750
[2025-10-12 17:05:11.724962] [BG] scanning blocks 918751 -> 918751
[2025-10-12 17:10:16.245838] [BG] scanning blocks 918751 -> 918752
[2025-10-12 17:15:18.917221] [BG] scanning blocks 918751 -> 918752
[2025-10-12 17:17:40.343010] [BG] scanning blocks 918751 -> 918747
[2025-10-12 17:33:05.198981] [BG] scanning blocks 918754 -> 918752
[2025-10-12 17:39:13.991067] [BG] scanning blocks 918757 -> 918755
[2025-10-12 17:45:17.602854] [BG] scanning blocks 918759 -> 918758
[2025-10-12 17:50:28.856202] [BG] scanning blocks 918759 -> 918760
[2025-10-12 17:55:36.032449] [BG] scanning blocks 918759 -> 918760
[2025-10-12 18:00:43.507052] [BG] scanning blocks 918759 -> 918760
[2025-10-12 18:05:51.073697] [BG] scanning blocks 918759 -> 918760
[2025-10-12 18:10:59.033410] [BG] scanning blocks 918759 -> 918760
[2025-10-12 18:16:07.401460] [BG] scanning blocks 918760 -> 918760
[2025-10-12 18:22:01.883740] [BG] scanning blocks 918760 -> 918761
[2025-10-12 18:27:10.085943] [BG] scanning blocks 918760 -> 918761
[2025-10-12 18:32:17.658039] [BG] scanning blocks 918760 -> 918761
[2025-10-12 18:37:26.082518] [BG] scanning blocks 918760 -> 918761
[2025-10-12 18:42:34.591739] [BG] scanning blocks 918760 -> 918761
[2025-10-12 18:47:43.089233] [BG] scanning blocks 918761 -> 918761
[2025-10-12 18:52:54.500996] [BG] scanning blocks 918761 -> 918762
[2025-10-12 18:58:02.168731] [BG] scanning blocks 918762 -> 918763
[2025-10-12 19:03:09.297592] [BG] scanning blocks 918763 -> 918764
[2025-10-12 19:08:17.424839] [BG] scanning blocks 918763 -> 918764
[2025-10-12 19:13:25.163030] [BG] scanning blocks 918763 -> 918764
[2025-10-12 19:18:34.295437] [BG] scanning blocks 918763 -> 918764
[2025-10-12 19:23:42.459052] [BG] scanning blocks 918763 -> 918764
[2025-10-12 19:28:51.025251] [BG] scanning blocks 918763 -> 918764
[2025-10-12 19:33:58.708507] [BG] scanning blocks 918763 -> 918764
[2025-10-12 19:39:07.246303] [BG] scanning blocks 918765 -> 918766
[2025-10-12 19:44:16.019677] [BG] scanning blocks 918765 -> 918766
[2025-10-12 19:49:23.603526] [BG] scanning blocks 918765 -> 918766
[2025-10-12 19:54:32.349555] [BG] scanning blocks 918767 -> 918767
[2025-10-12 20:00:31.413442] [BG] scanning blocks 918767 -> 918768
[2025-10-12 20:05:39.896190] [BG] scanning blocks 918767 -> 918768
[2025-10-12 20:10:47.460657] [BG] scanning blocks 918768 -> 918769
[2025-10-12 20:15:54.717112] [BG] scanning blocks 918768 -> 918769
[2025-10-12 20:21:02.768950] [BG] scanning blocks 918769 -> 918770
[2025-10-12 20:26:10.200342] [BG] scanning blocks 918769 -> 918770
[2025-10-12 20:31:17.957731] [BG] scanning blocks 918770 -> 918771
[2025-10-12 20:36:26.190209] [BG] scanning blocks 918770 -> 918771
[2025-10-12 20:41:34.212385] [BG] scanning blocks 918771 -> 918771
[2025-10-12 20:47:37.227785] [BG] scanning blocks 918771 -> 918772
[2025-10-12 20:52:44.477323] [BG] scanning blocks 918772 -> 918773
[2025-10-12 20:57:51.604477] [BG] scanning blocks 918772 -> 918773
[2025-10-12 21:02:58.922225] [BG] scanning blocks 918772 -> 918773
[2025-10-12 21:08:06.429150] [BG] scanning blocks 918772 -> 918773
[2025-10-12 21:13:14.753642] [BG] scanning blocks 918774 -> 918774
[2025-10-12 21:18:24.276385] [BG] scanning blocks 918774 -> 918775
[2025-10-12 21:23:32.397867] [BG] scanning blocks 918775 -> 918775
[2025-10-12 21:29:27.990990] [BG] scanning blocks 918775 -> 918776
[2025-10-12 21:34:37.021172] [BG] scanning blocks 918775 -> 918776
[2025-10-12 21:39:45.273407] [BG] scanning blocks 918776 -> 918776
[2025-10-12 21:45:44.094227] [BG] scanning blocks 918776 -> 918777
[2025-10-12 21:50:51.304901] [BG] scanning blocks 918776 -> 918777
[2025-10-12 21:55:58.443166] [BG] scanning blocks 918776 -> 918777
[2025-10-12 22:01:05.736346] [BG] scanning blocks 918776 -> 918777
[2025-10-12 22:06:15.415540] [BG] scanning blocks 918776 -> 918777
[2025-10-12 22:11:22.741859] [BG] scanning blocks 918776 -> 918777
[2025-10-12 22:16:30.842630] [BG] scanning blocks 918776 -> 918777
[2025-10-12 22:21:38.625563] [BG] scanning blocks 918776 -> 918777
[2025-10-12 22:26:46.893412] [BG] scanning blocks 918776 -> 918777
[2025-10-12 22:31:54.381371] [BG] scanning blocks 918776 -> 918777
[2025-10-12 22:37:02.450511] [BG] scanning blocks 918777 -> 918778
[2025-10-12 22:42:09.919903] [BG] scanning blocks 918778 -> 918778
[2025-10-12 22:47:21.165703] [BG] scanning blocks 918779 -> 918779
[2025-10-12 22:52:41.631270] [BG] scanning blocks 918780 -> 918781
[2025-10-12 22:57:49.390719] [BG] scanning blocks 918780 -> 918781
[2025-10-12 23:02:56.489619] [BG] scanning blocks 918782 -> 918781
[2025-10-12 23:08:56.865834] [BG] scanning blocks 918783 -> 918783
[2025-10-12 23:14:06.912645] [BG] scanning blocks 918783 -> 918784
[2025-10-12 23:19:15.653511] [BG] scanning blocks 918784 -> 918784
[2025-10-12 23:25:21.136095] [BG] scanning blocks 918786 -> 918787
[2025-10-12 23:30:29.935576] [BG] scanning blocks 918787 -> 918787
[2025-10-12 23:36:24.340325] [BG] scanning blocks 918787 -> 918788
[2025-10-12 23:41:32.313134] [BG] scanning blocks 918788 -> 918788
[2025-10-12 23:46:42.488115] [BG] scanning blocks 918789 -> 918789
[2025-10-12 23:51:51.940958] [BG] scanning blocks 918789 -> 918790
[2025-10-12 23:57:01.502969] [BG] scanning blocks 918789 -> 918790
[2025-10-13 00:02:09.375044] [BG] scanning blocks 918789 -> 918790
[2025-10-13 00:07:17.313564] [BG] scanning blocks 918789 -> 918790
[2025-10-13 00:12:27.374747] [BG] scanning blocks 918789 -> 918790
[2025-10-13 00:17:34.721480] [BG] scanning blocks 918789 -> 918790
[2025-10-13 00:22:42.169787] [BG] scanning blocks 918790 -> 918790
[2025-10-13 00:28:42.014060] [BG] scanning blocks 918790 -> 918791
[2025-10-13 00:33:49.764166] [BG] scanning blocks 918790 -> 918791
[2025-10-13 00:39:00.491464] [BG] scanning blocks 918790 -> 918791
[2025-10-13 00:44:07.716366] [BG] scanning blocks 918790 -> 918791
[2025-10-13 00:49:15.261039] [BG] scanning blocks 918791 -> 918792
[2025-10-13 00:54:24.219989] [BG] scanning blocks 918791 -> 918792
[2025-10-13 00:59:31.975875] [BG] scanning blocks 918792 -> 918792
[2025-10-13 01:05:37.861204] [BG] scanning blocks 918793 -> 918793
[2025-10-13 01:10:48.842106] [BG] scanning blocks 918793 -> 918794
[2025-10-13 01:15:56.451452] [BG] scanning blocks 918793 -> 918794
[2025-10-13 01:21:04.260473] [BG] scanning blocks 918793 -> 918794
[2025-10-13 01:26:11.927317] [BG] scanning blocks 918794 -> 918794
[2025-10-13 01:32:14.733837] [BG] scanning blocks 918795 -> 918795
[2025-10-13 01:37:25.557358] [BG] scanning blocks 918795 -> 918795
[2025-10-13 01:42:35.700823] [BG] scanning blocks 918795 -> 918796
[2025-10-13 01:47:43.061031] [BG] scanning blocks 918795 -> 918796
[2025-10-13 01:52:51.331949] [BG] scanning blocks 918796 -> 918796
[2025-10-13 01:58:47.642250] [BG] scanning blocks 918796 -> 918797
[2025-10-13 02:03:55.792221] [BG] scanning blocks 918796 -> 918797
[2025-10-13 02:09:03.301451] [BG] scanning blocks 918796 -> 918797
[2025-10-13 02:14:10.841547] [BG] scanning blocks 918796 -> 918797
[2025-10-13 02:19:19.403309] [BG] scanning blocks 918796 -> 918797
[2025-10-13 02:24:27.529173] [BG] scanning blocks 918796 -> 918797
[2025-10-13 02:29:37.120022] [BG] scanning blocks 918796 -> 918797
[2025-10-13 02:34:44.830904] [BG] scanning blocks 918796 -> 918797
[2025-10-13 02:39:52.627533] [BG] scanning blocks 918797 -> 918797
[2025-10-13 02:45:52.586228] [BG] scanning blocks 918798 -> 918798
[2025-10-13 02:51:57.199959] [BG] scanning blocks 918798 -> 918799
[2025-10-13 02:57:05.680826] [BG] scanning blocks 918798 -> 918799
[2025-10-13 03:02:13.082000] [BG] scanning blocks 918799 -> 918800
[2025-10-13 03:07:21.421248] [BG] scanning blocks 918800 -> 918801
[2025-10-13 03:12:29.535551] [BG] scanning blocks 918801 -> 918801
[2025-10-13 03:17:42.002780] [BG] scanning blocks 918801 -> 918802
[2025-10-13 03:22:50.037588] [BG] scanning blocks 918803 -> 918803
[2025-10-13 03:27:59.779850] [BG] scanning blocks 918804 -> 918804
[2025-10-13 03:33:11.271571] [BG] scanning blocks 918804 -> 918805
[2025-10-13 03:38:20.893208] [BG] scanning blocks 918805 -> 918806
[2025-10-13 03:43:29.851286] [BG] scanning blocks 918807 -> 918806
[2025-10-13 03:48:45.286731] [BG] scanning blocks 918807 -> 918808
[2025-10-13 03:53:53.532509] [BG] scanning blocks 918807 -> 918808
[2025-10-13 03:59:00.922824] [BG] scanning blocks 918807 -> 918808
[2025-10-13 04:04:10.005798] [BG] scanning blocks 918807 -> 918808
[2025-10-13 04:09:18.884334] [BG] scanning blocks 918807 -> 918808
[2025-10-13 04:14:26.989092] [BG] scanning blocks 918807 -> 918808
[2025-10-13 04:19:35.782812] [BG] scanning blocks 918808 -> 918808
[2025-10-13 04:25:45.004194] [BG] scanning blocks 918810 -> 918810
[2025-10-13 04:30:57.353375] [BG] scanning blocks 918810 -> 918811
[2025-10-13 04:36:05.700610] [BG] scanning blocks 918810 -> 918811
[2025-10-13 05:23:10.780129] [BG] scanning blocks 918817 -> 918818
[2025-10-13 05:28:19.622561] [BG] scanning blocks 918817 -> 918818
[2025-10-13 05:33:28.633334] [BG] scanning blocks 918817 -> 918818
[2025-10-13 05:38:38.118525] [BG] scanning blocks 918818 -> 918819
[2025-10-13 05:43:46.409480] [BG] scanning blocks 918818 -> 918819
[2025-10-13 05:48:54.746756] [BG] scanning blocks 918818 -> 918819
[2025-10-13 05:54:02.116946] [BG] scanning blocks 918818 -> 918819
[2025-10-13 05:59:13.220280] [BG] scanning blocks 918820 -> 918820
[2025-10-13 06:04:26.121638] [BG] scanning blocks 918821 -> 918822
[2025-10-13 06:09:34.333527] [BG] scanning blocks 918822 -> 918822
[2025-10-13 06:14:46.904080] [BG] scanning blocks 918823 -> 918823
[2025-10-13 06:19:56.935870] [BG] scanning blocks 918823 -> 918824
[2025-10-13 06:25:06.754134] [BG] scanning blocks 918823 -> 918824
[2025-10-13 06:30:17.279710] [BG] scanning blocks 918823 -> 918824
[2025-10-13 06:35:25.521887] [BG] scanning blocks 918823 -> 918824
[2025-10-13 06:40:33.073221] [BG] scanning blocks 918823 -> 918824
[2025-10-13 06:45:41.320208] [BG] scanning blocks 918823 -> 918824
[2025-10-13 06:50:49.382429] [BG] scanning blocks 918824 -> 918824
[2025-10-13 06:56:56.311643] [BG] scanning blocks 918825 -> 918825
[2025-10-13 07:03:00.981540] [BG] scanning blocks 918825 -> 918826
[2025-10-13 07:08:08.677603] [BG] scanning blocks 918826 -> 918827
[2025-10-13 07:13:17.047286] [BG] scanning blocks 918827 -> 918827
[2025-10-13 07:19:20.938546] [BG] scanning blocks 918827 -> 918828
[2025-10-13 07:24:30.573726] [BG] scanning blocks 918829 -> 918828
[2025-10-13 07:30:31.389998] [BG] scanning blocks 918829 -> 918830
[2025-10-13 07:35:39.307368] [BG] scanning blocks 918829 -> 918830
[2025-10-13 07:40:47.103132] [BG] scanning blocks 918830 -> 918830
[2025-10-13 07:46:45.416099] [BG] scanning blocks 918831 -> 918831
[2025-10-13 07:52:55.660563] [BG] scanning blocks 918831 -> 918832
[2025-10-13 07:58:04.362072] [BG] scanning blocks 918831 -> 918832
[2025-10-13 08:03:13.843371] [BG] scanning blocks 918831 -> 918832
[2025-10-13 08:08:21.641969] [BG] scanning blocks 918832 -> 918833
[2025-10-13 08:13:29.109143] [BG] scanning blocks 918833 -> 918833
[2025-10-13 08:19:29.431288] [BG] scanning blocks 918834 -> 918834
[2025-10-13 08:25:24.027193] [BG] scanning blocks 918835 -> 918835
[2025-10-13 08:30:35.502468] [BG] scanning blocks 918835 -> 918836
[2025-10-13 08:35:43.395859] [BG] scanning blocks 918835 -> 918836
[2025-10-13 08:40:52.832486] [BG] scanning blocks 918836 -> 918836
[2025-10-13 08:46:48.148725] [BG] scanning blocks 918837 -> 918837
[2025-10-13 08:52:40.997624] [BG] scanning blocks 918837 -> 918838
[2025-10-13 08:57:48.807205] [BG] scanning blocks 918837 -> 918838
[2025-10-13 09:02:56.958942] [BG] scanning blocks 918838 -> 918838
[2025-10-13 09:08:08.969666] [BG] scanning blocks 918838 -> 918839
[2025-10-13 09:13:16.570357] [BG] scanning blocks 918838 -> 918839
[2025-10-13 09:18:24.685550] [BG] scanning blocks 918840 -> 918839
[2025-10-13 09:24:33.282767] [BG] scanning blocks 918841 -> 918841
[2025-10-13 09:29:44.824067] [BG] scanning blocks 918842 -> 918842
[2025-10-13 09:35:42.356910] [BG] scanning blocks 918842 -> 918843
[2025-10-13 09:40:50.190282] [BG] scanning blocks 918842 -> 918843
[2025-10-13 09:45:58.664948] [BG] scanning blocks 918842 -> 918843
[2025-10-13 09:51:07.287811] [BG] scanning blocks 918842 -> 918843
[2025-10-13 09:56:15.795138] [BG] scanning blocks 918842 -> 918843
[2025-10-13 10:01:23.550458] [BG] scanning blocks 918842 -> 918843
[2025-10-13 10:06:31.084101] [BG] scanning blocks 918842 -> 918843
[2025-10-13 10:11:39.420404] [BG] scanning blocks 918843 -> 918843
[2025-10-13 10:17:34.496807] [BG] scanning blocks 918843 -> 918844
[2025-10-13 10:22:42.710768] [BG] scanning blocks 918843 -> 918844
[2025-10-13 10:27:50.679396] [BG] scanning blocks 918843 -> 918844
[2025-10-13 10:32:58.919975] [BG] scanning blocks 918845 -> 918844
[2025-10-13 10:39:01.956814] [BG] scanning blocks 918847 -> 918846
[2025-10-13 10:44:15.078492] [BG] scanning blocks 918848 -> 918848
[2025-10-13 10:50:14.796169] [BG] scanning blocks 918848 -> 918849
[2025-10-13 10:55:22.807416] [BG] scanning blocks 918849 -> 918850
[2025-10-13 11:00:30.822041] [BG] scanning blocks 918849 -> 918850
[2025-10-13 11:05:39.129694] [BG] scanning blocks 918849 -> 918850
[2025-10-13 11:10:46.759300] [BG] scanning blocks 918850 -> 918851
[2025-10-13 11:15:54.273295] [BG] scanning blocks 918851 -> 918851
[2025-10-13 11:21:53.016049] [BG] scanning blocks 918852 -> 918852
[2025-10-13 11:27:10.984249] [BG] scanning blocks 918853 -> 918854
[2025-10-13 11:32:19.935959] [BG] scanning blocks 918854 -> 918854
[2025-10-13 11:38:16.045967] [BG] scanning blocks 918855 -> 918855
[2025-10-13 11:43:27.230576] [BG] scanning blocks 918856 -> 918855
[2025-10-13 11:48:41.558885] [BG] scanning blocks 918856 -> 918857
[2025-10-13 11:53:49.473214] [BG] scanning blocks 918857 -> 918857
[2025-10-13 11:59:52.178207] [BG] scanning blocks 918857 -> 918858
[2025-10-13 12:05:01.614467] [BG] scanning blocks 918857 -> 918858
[2025-10-13 12:10:11.703825] [BG] scanning blocks 918859 -> 918859
[2025-10-13 12:15:26.129974] [BG] scanning blocks 918859 -> 918860
[2025-10-13 12:20:34.602385] [BG] scanning blocks 918861 -> 918862
[2025-10-13 12:25:42.634453] [BG] scanning blocks 918862 -> 918862
[2025-10-13 12:30:53.582700] [BG] scanning blocks 918863 -> 918863
[2025-10-13 12:36:57.536102] [BG] scanning blocks 918864 -> 918865
[2025-10-13 12:42:05.602076] [BG] scanning blocks 918865 -> 918865
[2025-10-13 12:47:21.581529] [BG] scanning blocks 918866 -> 918867
[2025-10-13 12:52:30.973400] [BG] scanning blocks 918866 -> 918867
[2025-10-13 12:57:39.089360] [BG] scanning blocks 918866 -> 918867
[2025-10-13 13:02:47.269507] [BG] scanning blocks 918866 -> 918867
[2025-10-13 13:07:55.064233] [BG] scanning blocks 918867 -> 918867
[2025-10-13 13:13:55.464649] [BG] scanning blocks 918868 -> 918869
[2025-10-13 13:19:03.301125] [BG] scanning blocks 918870 -> 918869
[2025-10-13 13:25:06.116500] [BG] scanning blocks 918872 -> 918873
[2025-10-13 13:30:14.502213] [BG] scanning blocks 918872 -> 918873
[2025-10-13 13:35:22.967455] [BG] scanning blocks 918872 -> 918873
[2025-10-13 13:40:30.986200] [BG] scanning blocks 918872 -> 918873
[2025-10-13 13:45:39.421046] [BG] scanning blocks 918872 -> 918873
[2025-10-13 13:50:47.974821] [BG] scanning blocks 918873 -> 918874
[2025-10-13 13:55:56.626679] [BG] scanning blocks 918874 -> 918874
[2025-10-13 14:01:08.603438] [BG] scanning blocks 918875 -> 918876
[2025-10-13 14:37:32.743903] [BG] scanning blocks 918877 -> 918878
[2025-10-13 14:42:41.292001] [BG] scanning blocks 918877 -> 918878
[2025-10-13 14:50:08.210996] [BG] scanning blocks 918877 -> 918878
[2025-10-13 14:55:17.062760] [BG] scanning blocks 918878 -> 918879
[2025-10-13 15:00:27.548648] [BG] scanning blocks 918879 -> 918879
[2025-10-13 15:05:40.913302] [BG] scanning blocks 918879 -> 918880
[2025-10-13 15:10:50.192009] [BG] scanning blocks 918880 -> 918880
[2025-10-13 15:15:59.170657] [BG] scanning blocks 918882 -> 918881
[2025-10-13 15:51:20.511636] [BG] scanning blocks 918887 -> 918888
[2025-10-13 15:56:28.878182] [BG] scanning blocks 918887 -> 918888
[2025-10-13 16:01:37.389080] [BG] scanning blocks 918890 -> 918888
[2025-10-13 17:28:32.117969] [BG] scanning blocks 918895 -> 918896
[2025-10-13 17:33:44.291732] [BG] scanning blocks 918895 -> 918896
[2025-10-13 17:37:17.718381] [BG] scanning blocks 918896 -> 918896
[2025-10-13 17:38:56.637074] [BG] scanning blocks 918896 -> 918897
[2025-10-13 17:44:08.420495] [BG] scanning blocks 918897 -> 918897
[2025-10-13 17:46:50.921032] [BG] scanning blocks 918897 -> 918898
[2025-10-13 17:52:02.968018] [BG] scanning blocks 918898 -> 918899
[2025-10-13 17:53:59.857884] [BG] scanning blocks 918898 -> 918899
[2025-10-13 17:54:04.474139] [BG] scanning blocks 918898 -> 918899
[2025-10-13 17:57:14.713828] [BG] scanning blocks 918898 -> 918899
[2025-10-13 17:59:11.615191] [BG] scanning blocks 918898 -> 918899
[2025-10-13 17:59:16.723793] [BG] scanning blocks 918898 -> 918899
[2025-10-13 18:02:26.638832] [BG] scanning blocks 918899 -> 918900
[2025-10-13 18:02:34.347611] [BG] scanning blocks 918899 -> 918900
[2025-10-13 18:04:24.648033] [BG] scanning blocks 918899 -> 918900
[2025-10-13 18:04:29.073015] [BG] scanning blocks 918899 -> 918900
[2025-10-13 18:06:50.264993] [BG] scanning blocks 918899 -> 918900
[2025-10-13 18:07:39.115247] [BG] scanning blocks 918899 -> 918900
[2025-10-13 18:07:47.114284] [BG] scanning blocks 918899 -> 918900
[2025-10-13 18:09:36.869192] [BG] scanning blocks 918899 -> 918900
[2025-10-13 18:09:41.078045] [BG] scanning blocks 918899 -> 918900
[2025-10-13 18:12:02.385926] [BG] scanning blocks 918900 -> 918900
[2025-10-13 18:12:51.320484] [BG] scanning blocks 918900 -> 918901
[2025-10-13 18:12:59.045846] [BG] scanning blocks 918900 -> 918901
[2025-10-13 18:14:48.842847] [BG] scanning blocks 918900 -> 918901
[2025-10-13 18:14:52.825048] [BG] scanning blocks 918900 -> 918901
[2025-10-13 18:17:16.119644] [BG] scanning blocks 918900 -> 918901
[2025-10-13 18:18:03.468695] [BG] scanning blocks 918900 -> 918901
[2025-10-13 18:18:11.181918] [BG] scanning blocks 918900 -> 918901
[2025-10-13 18:20:01.534987] [BG] scanning blocks 918900 -> 918901
[2025-10-13 18:20:04.715604] [BG] scanning blocks 918900 -> 918901
[2025-10-13 18:21:04.751782] [BG] scanning blocks 918900 -> 918901
[2025-10-13 18:22:27.977173] [BG] scanning blocks 918900 -> 918901
[2025-10-13 18:23:15.411638] [BG] scanning blocks 918900 -> 918901
[2025-10-13 18:23:23.545143] [BG] scanning blocks 918900 -> 918901
[2025-10-13 18:25:13.307339] [BG] scanning blocks 918900 -> 918901
[2025-10-13 18:25:16.685479] [BG] scanning blocks 918900 -> 918901
[2025-10-13 19:01:08.931387] [BG] scanning blocks 918901 -> 918901
[2025-10-13 19:11:00.728242] [BG] scanning blocks 918905 -> 918902
[2025-10-13 19:20:45.306521] [BG] scanning blocks 918905 -> 918906
[2025-10-13 19:25:58.045785] [BG] scanning blocks 918905 -> 918906
[2025-10-13 19:31:10.093304] [BG] scanning blocks 918906 -> 918906
[2025-10-13 19:40:45.153909] [BG] scanning blocks 918907 -> 918908
[2025-10-13 19:45:59.747429] [BG] scanning blocks 918909 -> 918909
[2025-10-13 19:51:12.927397] [BG] scanning blocks 918909 -> 918910
[2025-10-13 19:56:25.024928] [BG] scanning blocks 918910 -> 918911
[2025-10-13 20:01:36.824353] [BG] scanning blocks 918910 -> 918911
[2025-10-13 20:06:48.553826] [BG] scanning blocks 918911 -> 918911
[2025-10-14 13:04:24.487378] [BG] scanning blocks 919037 -> 919038
[2025-10-14 13:09:36.637142] [BG] scanning blocks 919037 -> 919038
[2025-10-14 13:14:49.115374] [BG] scanning blocks 919038 -> 919038
[2025-10-14 13:24:35.737462] [BG] scanning blocks 919039 -> 919040
[2025-10-14 13:29:47.916947] [BG] scanning blocks 919039 -> 919040
[2025-10-14 13:35:00.343344] [BG] scanning blocks 919039 -> 919040
[2025-10-14 13:40:12.716763] [BG] scanning blocks 919039 -> 919040
[2025-10-14 13:45:25.220992] [BG] scanning blocks 919041 -> 919041
[2025-10-14 13:55:12.768925] [BG] scanning blocks 919042 -> 919042
[2025-10-14 14:05:05.038152] [BG] scanning blocks 919042 -> 919043
[2025-10-14 14:10:17.491617] [BG] scanning blocks 919042 -> 919043
[2025-10-14 14:15:29.898966] [BG] scanning blocks 919042 -> 919043
[2025-10-14 14:20:42.974693] [BG] scanning blocks 919043 -> 919043
[2025-10-14 14:30:11.621712] [BG] scanning blocks 919044 -> 919045
[2025-10-14 14:30:41.039524] [BG] scanning blocks 919044 -> 919045
[2025-10-14 14:35:24.442842] [BG] scanning blocks 919044 -> 919045
[2025-10-14 14:35:53.318866] [BG] scanning blocks 919044 -> 919045
[2025-10-14 14:40:37.121568] [BG] scanning blocks 919045 -> 919046
[2025-10-14 14:41:05.589289] [BG] scanning blocks 919046 -> 919046
[2025-10-14 14:45:49.690090] [BG] scanning blocks 919046 -> 919047
[2025-10-14 14:51:01.096772] [BG] scanning blocks 919047 -> 919048
[2025-10-14 14:51:02.609858] [BG] scanning blocks 919047 -> 919048
[2025-10-14 14:56:13.575499] [BG] scanning blocks 919048 -> 919048
[2025-10-14 14:56:15.113412] [BG] scanning blocks 919048 -> 919048
[2025-10-14 14:57:49.605747] [BG] scanning blocks 919048 -> 919049
[2025-10-14 15:03:02.587879] [BG] scanning blocks 919048 -> 919049
[2025-10-14 15:08:14.966047] [BG] scanning blocks 919049 -> 919049
[2025-10-14 15:10:41.542364] [BG] scanning blocks 919049 -> 919050
[2025-10-14 15:13:14.894208] [BG] scanning blocks 919049 -> 919050
[2025-10-14 15:18:27.335174] [BG] scanning blocks 919049 -> 919050
[2025-10-14 15:23:39.683367] [BG] scanning blocks 919049 -> 919050
[2025-10-14 15:28:52.103178] [BG] scanning blocks 919050 -> 919051
[2025-10-14 15:34:04.459902] [BG] scanning blocks 919050 -> 919051
[2025-10-14 15:39:16.999602] [BG] scanning blocks 919050 -> 919051
[2025-10-14 15:44:29.446569] [BG] scanning blocks 919051 -> 919052
[2025-10-14 15:49:41.818956] [BG] scanning blocks 919051 -> 919052
[2025-10-14 15:52:14.700382] [BG] scanning blocks 919051 -> 919052
[2025-10-14 15:55:00.340921] [BG] scanning blocks 919051 -> 919052
[2025-10-14 15:57:27.089553] [BG] scanning blocks 919052 -> 919052
[2025-10-14 16:00:12.750882] [BG] scanning blocks 919052 -> 919053
[2025-10-14 16:05:25.493092] [BG] scanning blocks 919053 -> 919054
[2025-10-14 16:07:22.701677] [BG] scanning blocks 919054 -> 919054
[2025-10-14 16:14:27.922885] [BG] scanning blocks 919057 -> 919056
[2025-10-14 16:19:44.263919] [BG] scanning blocks 919057 -> 919058
[2025-10-14 16:24:56.739277] [BG] scanning blocks 919057 -> 919058
[2025-10-14 16:30:10.402278] [BG] scanning blocks 919058 -> 919059
[2025-10-14 16:35:23.394629] [BG] scanning blocks 919058 -> 919059
[2025-10-14 16:40:36.130731] [BG] scanning blocks 919058 -> 919059
[2025-10-14 16:43:00.215393] [BG] scanning blocks 919058 -> 919059
[2025-10-14 16:45:48.853417] [BG] scanning blocks 919058 -> 919059
[2025-10-14 16:47:49.149717] [BG] scanning blocks 919059 -> 919059
[2025-10-14 16:48:12.451723] [BG] scanning blocks 919059 -> 919060
[2025-10-14 16:51:01.188420] [BG] scanning blocks 919059 -> 919060
[2025-10-14 16:53:25.306238] [BG] scanning blocks 919059 -> 919060
[2025-10-14 16:56:24.741126] [BG] scanning blocks 919059 -> 919060
[2025-10-14 16:59:30.349843] [BG] scanning blocks 919059 -> 919060
[2025-10-14 17:04:42.813574] [BG] scanning blocks 919060 -> 919060
[2025-10-14 17:14:40.221485] [BG] scanning blocks 919063 -> 919064
[2025-10-14 17:19:52.806338] [BG] scanning blocks 919063 -> 919064
[2025-10-14 17:25:05.461558] [BG] scanning blocks 919064 -> 919065
[2025-10-14 17:30:18.307904] [BG] scanning blocks 919065 -> 919065
[2025-10-14 17:33:29.707760] [BG] scanning blocks 919065 -> 919066
[2025-10-14 17:38:42.116689] [BG] scanning blocks 919065 -> 919066
[2025-10-14 17:40:20.738572] [BG] scanning blocks 919065 -> 919066
[2025-10-14 17:43:54.718421] [BG] scanning blocks 919066 -> 919067
[2025-10-14 17:45:33.689379] [BG] scanning blocks 919066 -> 919067
[2025-10-14 17:46:57.310951] [BG] scanning blocks 919066 -> 919067
[2025-10-14 17:48:23.345676] [BG] scanning blocks 919066 -> 919067
[2025-10-14 17:49:07.204510] [BG] scanning blocks 919066 -> 919067
[2025-10-14 17:54:57.394434] [BG] scanning blocks 919068 -> 919068
[2025-10-14 18:02:11.165442] [BG] scanning blocks 919069 -> 919070
[2025-10-14 18:07:24.435883] [BG] scanning blocks 919069 -> 919070
[2025-10-14 18:10:20.000261] [BG] scanning blocks 919069 -> 919070
[2025-10-14 18:15:33.174999] [BG] scanning blocks 919070 -> 919070
[2025-10-14 18:25:29.624683] [BG] scanning blocks 919071 -> 919071
[2025-10-14 18:27:36.095087] [BG] scanning blocks 919072 -> 919072
[2025-10-14 18:32:58.304404] [BG] scanning blocks 919074 -> 919073
[2025-10-14 18:37:16.506612] [BG] scanning blocks 919074 -> 919075
[2025-10-14 18:38:14.802368] [BG] scanning blocks 919074 -> 919075
[2025-10-14 18:42:29.101128] [BG] scanning blocks 919074 -> 919075
[2025-10-14 18:43:27.517133] [BG] scanning blocks 919074 -> 919075
[2025-10-14 18:49:55.277688] [BG] scanning blocks 919074 -> 919075
[2025-10-14 18:53:10.989300] [BG] scanning blocks 919074 -> 919075
[2025-10-14 18:53:23.066473] [BG] scanning blocks 919074 -> 919075
[2025-10-14 18:55:07.754579] [BG] scanning blocks 919074 -> 919075
[2025-10-14 18:58:24.024707] [BG] scanning blocks 919074 -> 919075
[2025-10-14 18:58:35.792896] [BG] scanning blocks 919074 -> 919075
[2025-10-14 19:00:20.183834] [BG] scanning blocks 919075 -> 919075
[2025-10-14 19:03:16.373571] [BG] scanning blocks 919076 -> 919077
[2025-10-14 19:03:36.472838] [BG] scanning blocks 919076 -> 919077
[2025-10-14 19:03:48.234645] [BG] scanning blocks 919076 -> 919077
[2025-10-14 19:08:30.030415] [BG] scanning blocks 919076 -> 919077
[2025-10-14 19:08:38.017710] [BG] scanning blocks 919076 -> 919077
[2025-10-14 19:08:48.940848] [BG] scanning blocks 919076 -> 919077
[2025-10-14 19:09:00.956644] [BG] scanning blocks 919076 -> 919077
[2025-10-14 19:10:23.020182] [BG] scanning blocks 919076 -> 919077
[2025-10-14 19:11:24.440542] [BG] scanning blocks 919076 -> 919077
[2025-10-14 19:13:42.716102] [BG] scanning blocks 919076 -> 919077
[2025-10-14 19:13:50.430388] [BG] scanning blocks 919076 -> 919077
[2025-10-14 19:14:01.711116] [BG] scanning blocks 919076 -> 919077
[2025-10-14 19:14:14.240509] [BG] scanning blocks 919076 -> 919077
[2025-10-14 19:15:37.022952] [BG] scanning blocks 919076 -> 919077
[2025-10-14 19:16:36.945749] [BG] scanning blocks 919076 -> 919077
[2025-10-14 19:18:55.300969] [BG] scanning blocks 919077 -> 919077
[2025-10-14 19:19:02.854806] [BG] scanning blocks 919077 -> 919077
[2025-10-14 19:19:16.099517] [BG] scanning blocks 919077 -> 919078
[2025-10-14 19:19:27.476898] [BG] scanning blocks 919077 -> 919078
[2025-10-14 19:19:50.378623] [BG] scanning blocks 919077 -> 919078
[2025-10-14 19:20:55.780099] [BG] scanning blocks 919077 -> 919078
[2025-10-14 19:21:49.557032] [BG] scanning blocks 919078 -> 919078
[2025-10-14 19:24:05.811853] [BG] scanning blocks 919078 -> 919079
[2025-10-14 19:29:18.451830] [BG] scanning blocks 919079 -> 919080
[2025-10-14 19:34:31.242032] [BG] scanning blocks 919080 -> 919080
[2025-10-15 14:47:16.519096] [BG] scanning blocks 919203 -> 919203
[2025-10-15 14:57:18.304140] [BG] scanning blocks 919205 -> 919206
[2025-10-15 15:02:23.394746] [BG] scanning blocks 919205 -> 919206
[2025-10-15 15:07:28.420082] [BG] scanning blocks 919205 -> 919206
[2025-10-15 15:12:33.784689] [BG] scanning blocks 919205 -> 919206
[2025-10-15 15:17:40.354354] [BG] scanning blocks 919206 -> 919206
[2025-10-15 15:21:00.794721] [BG] scanning blocks 919206 -> 919207
[2025-10-15 15:22:47.457673] [BG] scanning blocks 919206 -> 919207
[2025-10-15 15:26:05.761672] [BG] scanning blocks 919207 -> 919207
[2025-10-15 15:27:52.667682] [BG] scanning blocks 919207 -> 919208
[2025-10-15 15:32:58.068106] [BG] scanning blocks 919208 -> 919208
[2025-10-15 15:36:11.652254] [BG] scanning blocks 919209 -> 919209
[2025-10-15 15:43:03.589989] [BG] scanning blocks 919211 -> 919210
[2025-10-15 15:46:16.647588] [BG] scanning blocks 919211 -> 919212
[2025-10-15 15:48:10.895818] [BG] scanning blocks 919211 -> 919212
[2025-10-15 15:51:21.482712] [BG] scanning blocks 919211 -> 919212
[2025-10-15 15:53:16.634753] [BG] scanning blocks 919211 -> 919212
[2025-10-15 15:56:26.243630] [BG] scanning blocks 919212 -> 919212
[2025-10-15 15:58:21.433960] [BG] scanning blocks 919212 -> 919213
[2025-10-15 16:01:33.024146] [BG] scanning blocks 919213 -> 919213
[2025-10-15 16:03:26.233624] [BG] scanning blocks 919213 -> 919214
[2025-10-15 16:06:38.349884] [BG] scanning blocks 919214 -> 919214
[2025-10-15 16:08:31.151976] [BG] scanning blocks 919214 -> 919215
[2025-10-15 16:11:46.596154] [BG] scanning blocks 919216 -> 919215
[2025-10-15 16:13:36.037289] [BG] scanning blocks 919216 -> 919217
[2025-10-15 16:16:54.596747] [BG] scanning blocks 919216 -> 919217
[2025-10-15 16:18:41.139045] [BG] scanning blocks 919216 -> 919217
[2025-10-15 16:21:59.620527] [BG] scanning blocks 919216 -> 919217
[2025-10-15 16:23:46.069244] [BG] scanning blocks 919216 -> 919217
[2025-10-15 16:27:04.651914] [BG] scanning blocks 919216 -> 919217
[2025-10-15 16:28:50.919754] [BG] scanning blocks 919216 -> 919217
[2025-10-15 16:32:09.601544] [BG] scanning blocks 919217 -> 919217
[2025-10-15 16:33:55.784157] [BG] scanning blocks 919217 -> 919218
[2025-10-15 16:37:15.735104] [BG] scanning blocks 919217 -> 919218
[2025-10-15 16:39:00.684757] [BG] scanning blocks 919217 -> 919218
[2025-10-15 16:42:20.872381] [BG] scanning blocks 919217 -> 919218
[2025-10-15 16:44:05.911192] [BG] scanning blocks 919217 -> 919218
[2025-10-15 16:47:25.905869] [BG] scanning blocks 919217 -> 919218
[2025-10-15 16:49:10.970244] [BG] scanning blocks 919218 -> 919218
[2025-10-15 16:52:30.854153] [BG] scanning blocks 919218 -> 919219
[2025-10-15 16:57:35.848247] [BG] scanning blocks 919218 -> 919219
[2025-10-15 16:59:20.017153] [BG] scanning blocks 919218 -> 919219
[2025-10-15 17:02:40.690166] [BG] scanning blocks 919219 -> 919219
[2025-10-15 17:04:24.753247] [BG] scanning blocks 919219 -> 919220
[2025-10-15 17:09:29.669386] [BG] scanning blocks 919219 -> 919220
[2025-10-15 17:12:42.305986] [BG] scanning blocks 919219 -> 919220
[2025-10-15 17:14:34.429086] [BG] scanning blocks 919219 -> 919220
[2025-10-15 17:17:47.327969] [BG] scanning blocks 919220 -> 919220
[2025-10-15 17:19:39.318157] [BG] scanning blocks 919220 -> 919221
[2025-10-15 17:22:54.631327] [BG] scanning blocks 919221 -> 919221
[2025-10-15 17:24:44.091359] [BG] scanning blocks 919221 -> 919222
[2025-10-15 17:29:49.069796] [BG] scanning blocks 919222 -> 919222
[2025-10-15 17:32:56.980192] [BG] scanning blocks 919222 -> 919223
[2025-10-15 17:34:55.508359] [BG] scanning blocks 919222 -> 919223
[2025-10-15 17:38:01.844518] [BG] scanning blocks 919222 -> 919223
[2025-10-15 17:40:00.561418] [BG] scanning blocks 919222 -> 919223
[2025-10-15 17:43:06.917209] [BG] scanning blocks 919222 -> 919223
[2025-10-15 17:45:05.461419] [BG] scanning blocks 919222 -> 919223
[2025-10-15 17:48:11.732663] [BG] scanning blocks 919222 -> 919223
[2025-10-15 17:50:10.302065] [BG] scanning blocks 919222 -> 919223
[2025-10-15 17:53:16.657633] [BG] scanning blocks 919222 -> 919223
[2025-10-15 17:55:15.321748] [BG] scanning blocks 919222 -> 919223
[2025-10-15 17:58:21.462233] [BG] scanning blocks 919223 -> 919223
[2025-10-15 18:00:20.087760] [BG] scanning blocks 919224 -> 919224
[2025-10-15 18:05:27.505993] [BG] scanning blocks 919224 -> 919225
[2025-10-15 18:08:20.183373] [BG] scanning blocks 919224 -> 919225
[2025-10-15 18:10:32.228405] [BG] scanning blocks 919224 -> 919225
[2025-10-15 18:13:24.969172] [BG] scanning blocks 919224 -> 919225
[2025-10-15 18:15:36.982206] [BG] scanning blocks 919224 -> 919225
[2025-10-15 18:18:29.729429] [BG] scanning blocks 919224 -> 919225
[2025-10-15 18:20:41.746658] [BG] scanning blocks 919224 -> 919225
[2025-10-15 18:23:34.658935] [BG] scanning blocks 919225 -> 919225
[2025-10-15 18:25:46.480284] [BG] scanning blocks 919225 -> 919226
[2025-10-15 18:30:51.260399] [BG] scanning blocks 919225 -> 919226
[2025-10-15 18:33:33.748944] [BG] scanning blocks 919225 -> 919226
[2025-10-15 18:35:56.006629] [BG] scanning blocks 919226 -> 919226
[2025-10-15 18:38:38.561767] [BG] scanning blocks 919226 -> 919227
[2025-10-15 18:43:43.346194] [BG] scanning blocks 919227 -> 919227
[2025-10-15 18:45:56.726418] [BG] scanning blocks 919227 -> 919228
[2025-10-15 18:51:01.546194] [BG] scanning blocks 919227 -> 919228
[2025-10-15 18:53:42.969599] [BG] scanning blocks 919227 -> 919228
[2025-10-15 18:56:07.169315] [BG] scanning blocks 919227 -> 919228
[2025-10-15 18:58:48.399942] [BG] scanning blocks 919228 -> 919229
[2025-10-15 19:01:41.296486] [BG] scanning blocks 919229 -> 919229
[2025-10-15 19:11:47.298526] [BG] scanning blocks 919229 -> 919230
[2025-10-15 19:16:52.192703] [BG] scanning blocks 919229 -> 919230
[2025-10-15 19:21:56.938260] [BG] scanning blocks 919229 -> 919230
[2025-10-15 19:27:01.680317] [BG] scanning blocks 919231 -> 919232
[2025-10-15 19:32:06.464544] [BG] scanning blocks 919232 -> 919232
[2025-10-15 19:37:13.878441] [BG] scanning blocks 919233 -> 919234
[2025-10-15 19:42:18.672124] [BG] scanning blocks 919233 -> 919234
[2025-10-15 19:47:23.430934] [BG] scanning blocks 919234 -> 919234
[2025-10-15 19:57:22.883519] [BG] scanning blocks 919235 -> 919235
[2025-10-15 20:07:26.505749] [BG] scanning blocks 919236 -> 919236
[2025-10-15 20:17:26.286878] [BG] scanning blocks 919237 -> 919237
[2025-10-15 20:27:25.954793] [BG] scanning blocks 919237 -> 919238
[2025-10-15 20:32:30.733275] [BG] scanning blocks 919238 -> 919238
[2025-10-15 20:37:36.795738] [BG] scanning blocks 919238 -> 919239
[2025-10-15 20:42:41.548678] [BG] scanning blocks 919239 -> 919239
[2025-10-15 20:47:47.654542] [BG] scanning blocks 919241 -> 919240
[2025-10-15 20:57:50.026495] [BG] scanning blocks 919241 -> 919242
[2025-10-15 21:02:54.929408] [BG] scanning blocks 919241 -> 919242
[2025-10-15 21:07:59.642709] [BG] scanning blocks 919241 -> 919242
[2025-10-15 21:13:04.532150] [BG] scanning blocks 919241 -> 919242
[2025-10-15 21:18:09.309339] [BG] scanning blocks 919241 -> 919242
[2025-10-15 21:23:14.040306] [BG] scanning blocks 919241 -> 919242
[2025-10-15 21:28:18.855617] [BG] scanning blocks 919241 -> 919242
[2025-10-15 21:33:23.609423] [BG] scanning blocks 919242 -> 919242
[2025-10-15 21:38:30.783710] [BG] scanning blocks 919242 -> 919243
[2025-10-15 21:43:35.566394] [BG] scanning blocks 919242 -> 919243
[2025-10-15 21:48:40.402460] [BG] scanning blocks 919242 -> 919243
[2025-10-15 21:53:45.152801] [BG] scanning blocks 919243 -> 919243
[2025-10-15 21:58:52.485463] [BG] scanning blocks 919243 -> 919244
[2025-10-15 22:03:57.254311] [BG] scanning blocks 919243 -> 919244
[2025-10-15 22:09:02.107280] [BG] scanning blocks 919245 -> 919244
[2025-10-15 22:19:07.563317] [BG] scanning blocks 919246 -> 919246
[2025-10-15 22:29:06.705828] [BG] scanning blocks 919248 -> 919247
[2025-10-15 22:34:14.377726] [BG] scanning blocks 919249 -> 919249
[2025-10-15 22:39:21.065434] [BG] scanning blocks 919249 -> 919250
[2025-10-15 22:44:25.903608] [BG] scanning blocks 919250 -> 919250
[2025-10-15 22:49:32.911228] [BG] scanning blocks 919250 -> 919251
[2025-10-15 22:54:37.665562] [BG] scanning blocks 919250 -> 919251
[2025-10-15 22:59:42.454133] [BG] scanning blocks 919251 -> 919251
[2025-10-15 23:04:49.410728] [BG] scanning blocks 919251 -> 919252
[2025-10-15 23:09:54.363142] [BG] scanning blocks 919252 -> 919252
[2025-10-15 23:14:59.968720] [BG] scanning blocks 919252 -> 919253
[2025-10-15 23:20:04.744992] [BG] scanning blocks 919252 -> 919253
[2025-10-15 23:25:09.454615] [BG] scanning blocks 919252 -> 919253
[2025-10-15 23:30:14.223916] [BG] scanning blocks 919252 -> 919253
[2025-10-15 23:35:18.989496] [BG] scanning blocks 919253 -> 919253
[2025-10-15 23:40:24.945004] [BG] scanning blocks 919253 -> 919254
[2025-10-15 23:45:29.678308] [BG] scanning blocks 919253 -> 919254
[2025-10-15 23:50:34.428523] [BG] scanning blocks 919253 -> 919254
[2025-10-15 23:55:39.170596] [BG] scanning blocks 919253 -> 919254
[2025-10-16 00:00:43.926180] [BG] scanning blocks 919254 -> 919254
[2025-10-16 00:05:50.524088] [BG] scanning blocks 919254 -> 919255
[2025-10-16 00:10:55.220432] [BG] scanning blocks 919254 -> 919255
[2025-10-16 00:16:00.119498] [BG] scanning blocks 919255 -> 919255
[2025-10-16 00:26:02.933698] [BG] scanning blocks 919259 -> 919256
[2025-10-16 00:31:14.731595] [BG] scanning blocks 919260 -> 919260
[2025-10-16 00:36:21.941991] [BG] scanning blocks 919260 -> 919261
[2025-10-16 00:41:26.745502] [BG] scanning blocks 919261 -> 919261
[2025-10-16 00:51:29.889444] [BG] scanning blocks 919263 -> 919262
[2025-10-16 01:01:34.326192] [BG] scanning blocks 919264 -> 919264
[2025-10-16 01:06:40.797670] [BG] scanning blocks 919264 -> 919265
[2025-10-16 01:11:45.718884] [BG] scanning blocks 919264 -> 919265
[2025-10-16 01:16:50.491733] [BG] scanning blocks 919264 -> 919265
[2025-10-16 01:21:55.290564] [BG] scanning blocks 919265 -> 919265
[2025-10-16 01:31:56.199143] [BG] scanning blocks 919265 -> 919266
[2025-10-16 01:37:01.091255] [BG] scanning blocks 919265 -> 919266
[2025-10-16 01:42:05.885213] [BG] scanning blocks 919265 -> 919266
[2025-10-16 01:47:10.620209] [BG] scanning blocks 919265 -> 919266
[2025-10-16 01:52:15.543968] [BG] scanning blocks 919265 -> 919266
[2025-10-16 01:57:20.280509] [BG] scanning blocks 919265 -> 919266
[2025-10-16 02:02:25.027231] [BG] scanning blocks 919265 -> 919266
[2025-10-16 02:07:29.742242] [BG] scanning blocks 919266 -> 919266
[2025-10-16 02:17:29.654650] [BG] scanning blocks 919268 -> 919267
[2025-10-16 02:27:31.988858] [BG] scanning blocks 919268 -> 919269
[2025-10-16 10:53:36.731786] [BG] scanning blocks 919327 -> 919328
[2025-10-16 10:58:41.870853] [BG] scanning blocks 919327 -> 919328
[2025-10-16 11:03:46.662950] [BG] scanning blocks 919328 -> 919329
[2025-10-16 11:08:51.412591] [BG] scanning blocks 919328 -> 919329
[2025-10-16 11:13:56.116882] [BG] scanning blocks 919328 -> 919329
[2025-10-16 11:19:06.357730] [BG] scanning blocks 919329 -> 919330
[2025-10-16 11:24:11.066297] [BG] scanning blocks 919329 -> 919330
[2025-10-16 11:29:16.012429] [BG] scanning blocks 919330 -> 919330
[2025-10-16 11:34:23.160006] [BG] scanning blocks 919330 -> 919331
[2025-10-16 11:39:28.162468] [BG] scanning blocks 919332 -> 919332
[2025-10-16 11:44:34.709454] [BG] scanning blocks 919332 -> 919333
[2025-10-16 11:49:39.619017] [BG] scanning blocks 919332 -> 919333
[2025-10-16 11:54:44.409610] [BG] scanning blocks 919332 -> 919333
[2025-10-16 11:59:49.500311] [BG] scanning blocks 919333 -> 919333
[2025-10-16 12:04:56.275159] [BG] scanning blocks 919333 -> 919334
[2025-10-16 12:10:01.117907] [BG] scanning blocks 919334 -> 919335
[2025-10-16 12:15:05.969918] [BG] scanning blocks 919335 -> 919336
[2025-10-16 12:20:10.713268] [BG] scanning blocks 919336 -> 919337
[2025-10-16 12:25:15.672221] [BG] scanning blocks 919336 -> 919337
[2025-10-16 12:30:20.643264] [BG] scanning blocks 919336 -> 919337
[2025-10-16 12:35:25.484065] [BG] scanning blocks 919336 -> 919337
[2025-10-16 12:40:30.425039] [BG] scanning blocks 919336 -> 919337
[2025-10-16 12:45:35.762953] [BG] scanning blocks 919336 -> 919337
[2025-10-16 12:50:41.289526] [BG] scanning blocks 919337 -> 919337
[2025-10-16 13:00:50.372830] [BG] scanning blocks 919338 -> 919339
[2025-10-16 13:05:55.641123] [BG] scanning blocks 919339 -> 919340
[2025-10-16 13:11:00.518604] [BG] scanning blocks 919339 -> 919340
[2025-10-16 13:16:05.440408] [BG] scanning blocks 919339 -> 919340
[2025-10-16 13:21:10.392710] [BG] scanning blocks 919339 -> 919340
[2025-10-16 13:26:15.275718] [BG] scanning blocks 919339 -> 919340
[2025-10-16 13:31:20.056857] [BG] scanning blocks 919342 -> 919343
[2025-10-16 13:36:24.798776] [BG] scanning blocks 919343 -> 919343
[2025-10-16 13:46:38.765512] [BG] scanning blocks 919343 -> 919344
[2025-10-16 13:51:43.615874] [BG] scanning blocks 919343 -> 919344
[2025-10-16 13:56:48.550537] [BG] scanning blocks 919344 -> 919344
[2025-10-16 14:01:55.607668] [BG] scanning blocks 919344 -> 919345
[2025-10-16 14:07:00.723964] [BG] scanning blocks 919345 -> 919346
[2025-10-16 14:12:06.085140] [BG] scanning blocks 919345 -> 919346
[2025-10-16 14:17:10.955494] [BG] scanning blocks 919345 -> 919346
[2025-10-16 14:22:15.837607] [BG] scanning blocks 919346 -> 919346
[2025-10-16 14:32:39.007493] [BG] scanning blocks 919347 -> 919348
[2025-10-16 14:37:43.906680] [BG] scanning blocks 919348 -> 919349
[2025-10-16 14:42:48.815442] [BG] scanning blocks 919349 -> 919349
[2025-10-16 14:47:55.444908] [BG] scanning blocks 919351 -> 919350
[2025-10-16 14:58:27.352706] [BG] scanning blocks 919353 -> 919354
[2025-10-16 15:03:32.302032] [BG] scanning blocks 919354 -> 919355
[2025-10-16 15:08:37.251774] [BG] scanning blocks 919354 -> 919355
[2025-10-16 15:13:42.863752] [BG] scanning blocks 919355 -> 919355
[2025-10-16 15:24:07.656562] [BG] scanning blocks 919355 -> 919356
[2025-10-16 15:29:12.493326] [BG] scanning blocks 919355 -> 919356
[2025-10-16 15:34:17.505449] [BG] scanning blocks 919355 -> 919356
[2025-10-16 15:39:22.583676] [BG] scanning blocks 919357 -> 919357
[2025-10-16 15:44:29.606424] [BG] scanning blocks 919357 -> 919358
[2025-10-16 15:49:35.024847] [BG] scanning blocks 919357 -> 919358
[2025-10-16 15:54:40.302421] [BG] scanning blocks 919357 -> 919358
[2025-10-16 15:59:45.321317] [BG] scanning blocks 919357 -> 919358
[2025-10-16 16:04:50.266432] [BG] scanning blocks 919357 -> 919358
[2025-10-16 16:09:55.670711] [BG] scanning blocks 919359 -> 919358
[2025-10-16 16:20:25.738178] [BG] scanning blocks 919360 -> 919361
[2025-10-16 16:25:30.691318] [BG] scanning blocks 919360 -> 919361
[2025-10-16 16:30:36.605782] [BG] scanning blocks 919360 -> 919361
[2025-10-16 16:35:41.627933] [BG] scanning blocks 919361 -> 919361
[2025-10-16 16:46:15.121595] [BG] scanning blocks 919363 -> 919363
[2025-10-16 16:56:36.020274] [BG] scanning blocks 919363 -> 919364
[2025-10-16 17:01:40.917462] [BG] scanning blocks 919363 -> 919364
[2025-10-16 17:06:45.802401] [BG] scanning blocks 919363 -> 919364
[2025-10-16 17:11:50.567989] [BG] scanning blocks 919363 -> 919364
[2025-10-16 17:27:28.345217] [BG] scanning blocks 919363 -> 919364
[2025-10-16 17:32:33.185971] [BG] scanning blocks 919364 -> 919365
[2025-10-16 17:37:38.051193] [BG] scanning blocks 919364 -> 919365
[2025-10-16 17:42:42.865380] [BG] scanning blocks 919365 -> 919366
[2025-10-16 17:47:47.360145] [BG] scanning blocks 919365 -> 919366
[2025-10-16 17:52:52.226830] [BG] scanning blocks 919365 -> 919366
[2025-10-16 17:57:56.975251] [BG] scanning blocks 919366 -> 919366
[2025-10-16 18:03:03.539097] [BG] scanning blocks 919366 -> 919367
[2025-10-16 18:08:08.359847] [BG] scanning blocks 919366 -> 919367
[2025-10-16 18:13:12.511838] [BG] scanning blocks 919366 -> 919367
[2025-10-16 18:18:17.262881] [BG] scanning blocks 919367 -> 919368
[2025-10-16 18:23:21.991799] [BG] scanning blocks 919368 -> 919368
[2025-10-16 18:33:39.336890] [BG] scanning blocks 919370 -> 919371
[2025-10-16 18:38:44.131443] [BG] scanning blocks 919371 -> 919371
[2025-10-16 18:43:50.451797] [BG] scanning blocks 919371 -> 919372
[2025-10-16 18:48:56.123720] [BG] scanning blocks 919371 -> 919372
[2025-10-16 18:54:00.873073] [BG] scanning blocks 919371 -> 919372
[2025-10-16 18:59:05.642437] [BG] scanning blocks 919371 -> 919372
[2025-10-16 19:04:10.539095] [BG] scanning blocks 919373 -> 919372
[2025-10-16 19:14:29.997718] [BG] scanning blocks 919373 -> 919374
[2025-10-16 19:19:34.843047] [BG] scanning blocks 919374 -> 919375
[2025-10-16 19:24:39.626202] [BG] scanning blocks 919374 -> 919375
[2025-10-16 19:29:44.385774] [BG] scanning blocks 919374 -> 919375
[2025-10-16 19:34:49.195887] [BG] scanning blocks 919375 -> 919375
[2025-10-16 19:45:09.529908] [BG] scanning blocks 919376 -> 919377
[2025-10-16 19:50:14.573620] [BG] scanning blocks 919376 -> 919377
[2025-10-16 19:55:19.563333] [BG] scanning blocks 919377 -> 919378
[2025-10-16 20:00:24.520454] [BG] scanning blocks 919378 -> 919378
[2025-10-16 20:05:30.756534] [BG] scanning blocks 919378 -> 919379
[2025-10-16 20:10:35.515095] [BG] scanning blocks 919380 -> 919380
[2025-10-16 20:15:41.696733] [BG] scanning blocks 919380 -> 919381
[2025-10-16 20:20:46.983155] [BG] scanning blocks 919380 -> 919381
[2025-10-16 20:25:52.781840] [BG] scanning blocks 919381 -> 919381
[2025-10-16 20:31:01.236455] [BG] scanning blocks 919381 -> 919382
[2025-10-16 20:36:12.105596] [BG] scanning blocks 919382 -> 919383
[2025-10-16 20:41:17.070074] [BG] scanning blocks 919382 -> 919383
[2025-10-16 20:46:22.727984] [BG] scanning blocks 919382 -> 919383
[2025-10-16 20:51:27.497608] [BG] scanning blocks 919383 -> 919383
[2025-10-16 20:56:34.636489] [BG] scanning blocks 919384 -> 919385
[2025-10-16 21:01:39.615849] [BG] scanning blocks 919384 -> 919385
[2025-10-16 21:06:44.412384] [BG] scanning blocks 919384 -> 919385
[2025-10-16 21:11:49.154348] [BG] scanning blocks 919384 -> 919385
[2025-10-16 21:16:54.018091] [BG] scanning blocks 919384 -> 919385
[2025-10-16 21:21:58.763376] [BG] scanning blocks 919385 -> 919386
[2025-10-16 21:27:03.698197] [BG] scanning blocks 919385 -> 919386
[2025-10-16 21:32:08.555855] [BG] scanning blocks 919385 -> 919386
[2025-10-16 21:37:13.358512] [BG] scanning blocks 919386 -> 919386
[2025-10-16 21:42:20.097819] [BG] scanning blocks 919387 -> 919387
[2025-10-16 21:52:39.097815] [BG] scanning blocks 919389 -> 919388
[2025-10-16 22:02:59.575954] [BG] scanning blocks 919389 -> 919390
[2025-10-16 22:08:04.328449] [BG] scanning blocks 919389 -> 919390
[2025-10-16 22:13:09.114535] [BG] scanning blocks 919391 -> 919390
[2025-10-16 22:18:16.461005] [BG] scanning blocks 919394 -> 919392
[2025-10-16 22:23:24.845855] [BG] scanning blocks 919394 -> 919395
[2025-10-16 22:28:29.603893] [BG] scanning blocks 919394 -> 919395
[2025-10-16 22:33:34.336457] [BG] scanning blocks 919395 -> 919395
[2025-10-16 22:43:51.208861] [BG] scanning blocks 919396 -> 919396
[2025-10-16 22:54:08.247234] [BG] scanning blocks 919400 -> 919397
[2025-10-16 23:04:28.758237] [BG] scanning blocks 919402 -> 919401
[2025-10-16 23:09:37.059678] [BG] scanning blocks 919402 -> 919403
[2025-10-16 23:14:41.937821] [BG] scanning blocks 919402 -> 919403
[2025-10-16 23:19:46.916559] [BG] scanning blocks 919403 -> 919403
[2025-10-16 23:24:53.156702] [BG] scanning blocks 919404 -> 919404
[2025-10-16 23:29:59.921917] [BG] scanning blocks 919404 -> 919405
[2025-10-16 23:35:04.669119] [BG] scanning blocks 919406 -> 919405
[2025-10-16 23:45:25.955499] [BG] scanning blocks 919406 -> 919407
[2025-10-16 23:50:30.708182] [BG] scanning blocks 919406 -> 919407
[2025-10-16 23:55:35.591052] [BG] scanning blocks 919406 -> 919407
[2025-10-17 00:00:40.369057] [BG] scanning blocks 919407 -> 919407
[2025-10-17 00:05:46.920385] [BG] scanning blocks 919408 -> 919408
[2025-10-17 00:10:52.988617] [BG] scanning blocks 919409 -> 919409
[2025-10-17 00:15:58.921209] [BG] scanning blocks 919410 -> 919410
[2025-10-17 00:26:19.285849] [BG] scanning blocks 919410 -> 919411
[2025-10-17 00:31:24.236170] [BG] scanning blocks 919411 -> 919411
[2025-10-17 00:36:30.464581] [BG] scanning blocks 919411 -> 919412
[2025-10-17 00:41:35.419596] [BG] scanning blocks 919412 -> 919412
[2025-10-17 00:51:57.804244] [BG] scanning blocks 919413 -> 919413
[2025-10-17 00:57:04.206912] [BG] scanning blocks 919413 -> 919414
[2025-10-17 01:02:08.985160] [BG] scanning blocks 919414 -> 919414
[2025-10-17 01:07:15.398241] [BG] scanning blocks 919416 -> 919415
[2025-10-17 01:12:22.540690] [BG] scanning blocks 919416 -> 919417
[2025-10-17 01:17:27.451371] [BG] scanning blocks 919416 -> 919417
[2025-10-17 01:22:32.399740] [BG] scanning blocks 919417 -> 919417
[2025-10-17 01:33:07.408361] [BG] scanning blocks 919418 -> 919418
[2025-10-17 01:38:13.472272] [BG] scanning blocks 919418 -> 919419
[2025-10-17 01:43:18.301150] [BG] scanning blocks 919419 -> 919419
[2025-10-17 01:53:41.780968] [BG] scanning blocks 919420 -> 919420
[2025-10-17 02:04:05.325519] [BG] scanning blocks 919423 -> 919421
[2025-10-17 02:14:24.488580] [BG] scanning blocks 919426 -> 919424
[2025-10-17 02:19:32.950023] [BG] scanning blocks 919427 -> 919427
[2025-10-17 02:24:39.533867] [BG] scanning blocks 919427 -> 919428
[2025-10-17 02:29:45.114247] [BG] scanning blocks 919427 -> 919428
[2025-10-17 02:34:50.234275] [BG] scanning blocks 919428 -> 919428
[2025-10-17 02:45:14.004233] [BG] scanning blocks 919429 -> 919429
[2025-10-17 02:50:20.323492] [BG] scanning blocks 919430 -> 919430
[2025-10-17 02:55:27.027695] [BG] scanning blocks 919432 -> 919431
[2025-10-17 03:00:33.998278] [BG] scanning blocks 919432 -> 919433
[2025-10-17 03:05:39.477099] [BG] scanning blocks 919432 -> 919433
[2025-10-17 03:10:44.803613] [BG] scanning blocks 919433 -> 919433
[2025-10-17 03:15:51.499231] [BG] scanning blocks 919433 -> 919434
[2025-10-17 03:20:56.919280] [BG] scanning blocks 919434 -> 919434
[2025-10-17 03:26:02.962490] [BG] scanning blocks 919434 -> 919435
[2025-10-17 03:31:07.748429] [BG] scanning blocks 919435 -> 919435
[2025-10-17 03:36:13.851525] [BG] scanning blocks 919435 -> 919436
[2025-10-17 03:41:18.967222] [BG] scanning blocks 919435 -> 919436
[2025-10-17 03:46:23.742251] [BG] scanning blocks 919435 -> 919436
[2025-10-17 03:51:28.681970] [BG] scanning blocks 919435 -> 919436
[2025-10-17 03:56:33.516906] [BG] scanning blocks 919436 -> 919436
[2025-10-17 04:01:40.203886] [BG] scanning blocks 919437 -> 919437
[2025-10-17 04:06:46.020181] [BG] scanning blocks 919439 -> 919438
[2025-10-17 04:11:52.440014] [BG] scanning blocks 919440 -> 919440
[2025-10-17 04:16:57.309946] [BG] scanning blocks 919441 -> 919441
[2025-10-17 04:22:02.778939] [BG] scanning blocks 919443 -> 919442
[2025-10-17 04:32:26.105206] [BG] scanning blocks 919444 -> 919445
[2025-10-17 04:37:30.915722] [BG] scanning blocks 919446 -> 919447
[2025-10-17 04:42:35.951906] [BG] scanning blocks 919446 -> 919447
[2025-10-17 04:47:40.672976] [BG] scanning blocks 919446 -> 919447
[2025-10-17 04:52:45.324909] [BG] scanning blocks 919446 -> 919447
[2025-10-17 04:57:50.110917] [BG] scanning blocks 919446 -> 919447
[2025-10-17 05:02:55.111506] [BG] scanning blocks 919447 -> 919447
[2025-10-17 05:08:01.573695] [BG] scanning blocks 919447 -> 919448
[2025-10-17 05:13:06.306807] [BG] scanning blocks 919449 -> 919450
[2025-10-17 05:18:11.011711] [BG] scanning blocks 919450 -> 919451
[2025-10-17 05:23:16.530231] [BG] scanning blocks 919451 -> 919452
[2025-10-17 14:28:57.428302] [BG] scanning blocks 919515 -> 919516
[2025-10-17 14:34:02.258028] [BG] scanning blocks 919515 -> 919516
[2025-10-17 14:39:07.066661] [BG] scanning blocks 919516 -> 919517
[2025-10-17 14:44:11.878046] [BG] scanning blocks 919516 -> 919517
[2025-10-17 14:49:16.695849] [BG] scanning blocks 919517 -> 919518
[2025-10-17 14:54:21.475198] [BG] scanning blocks 919517 -> 919518
[2025-10-17 14:59:26.442289] [BG] scanning blocks 919517 -> 919518
[2025-10-17 15:04:31.289985] [BG] scanning blocks 919519 -> 919520
[2025-10-17 15:09:36.118715] [BG] scanning blocks 919520 -> 919520
[2025-10-17 15:20:08.891827] [BG] scanning blocks 919521 -> 919522
[2025-10-17 15:25:13.706507] [BG] scanning blocks 919521 -> 919522
[2025-10-17 15:30:18.639743] [BG] scanning blocks 919521 -> 919522
[2025-10-17 15:35:23.380354] [BG] scanning blocks 919521 -> 919522
[2025-10-17 15:40:29.883831] [BG] scanning blocks 919521 -> 919522
[2025-10-17 15:45:34.937088] [BG] scanning blocks 919522 -> 919522
[2025-10-17 15:56:11.792672] [BG] scanning blocks 919523 -> 919523
[2025-10-17 16:01:20.089896] [BG] scanning blocks 919524 -> 919524
[2025-10-17 16:06:27.156615] [BG] scanning blocks 919525 -> 919525
[2025-10-17 16:11:34.336767] [BG] scanning blocks 919526 -> 919527
[2025-10-17 16:16:39.244577] [BG] scanning blocks 919527 -> 919528
[2025-10-17 16:21:44.142203] [BG] scanning blocks 919527 -> 919528
[2025-10-17 16:26:49.207190] [BG] scanning blocks 919528 -> 919529
[2025-10-17 16:31:54.074488] [BG] scanning blocks 919528 -> 919529
[2025-10-18 09:51:26.473678] [BG] scanning blocks 919625 -> 919626
[2025-10-18 09:58:12.652543] [BG] scanning blocks 919626 -> 919627
[2025-10-18 10:11:08.401770] [BG] scanning blocks 919627 -> 919628
[2025-10-18 10:17:57.978375] [BG] scanning blocks 919629 -> 919628
[2025-10-18 10:24:49.215937] [BG] scanning blocks 919632 -> 919630
[2025-10-18 10:27:10.937877] [BG] scanning blocks 919632 -> 919633
[2025-10-18 10:32:16.223338] [BG] scanning blocks 919632 -> 919633
[2025-10-18 10:33:01.681199] [BG] scanning blocks 919632 -> 919633
[2025-10-18 10:38:07.374609] [BG] scanning blocks 919632 -> 919633
[2025-10-18 10:43:13.861862] [BG] scanning blocks 919632 -> 919633
[2025-10-18 10:48:18.746238] [BG] scanning blocks 919632 -> 919633
[2025-10-18 10:53:23.341868] [BG] scanning blocks 919633 -> 919634
[2025-10-18 10:58:28.185831] [BG] scanning blocks 919633 -> 919634
[2025-10-18 11:03:32.698078] [BG] scanning blocks 919634 -> 919635
[2025-10-18 11:08:37.281046] [BG] scanning blocks 919634 -> 919635
[2025-10-18 11:13:42.526826] [BG] scanning blocks 919635 -> 919635
[2025-10-18 11:18:59.647142] [BG] scanning blocks 919636 -> 919636
[2025-10-18 11:24:11.729471] [BG] scanning blocks 919636 -> 919637
[2025-10-18 11:29:18.759669] [BG] scanning blocks 919636 -> 919637
[2025-10-18 11:34:26.279227] [BG] scanning blocks 919636 -> 919637
[2025-10-18 11:39:31.928977] [BG] scanning blocks 919636 -> 919637
[2025-10-18 11:44:37.674337] [BG] scanning blocks 919637 -> 919637
[2025-10-18 11:49:49.445337] [BG] scanning blocks 919639 -> 919639
[2025-10-18 11:55:00.047388] [BG] scanning blocks 919639 -> 919640
[2025-10-18 12:00:06.196658] [BG] scanning blocks 919639 -> 919640
[2025-10-18 12:05:13.022408] [BG] scanning blocks 919639 -> 919640
[2025-10-18 12:10:20.107967] [BG] scanning blocks 919639 -> 919640
[2025-10-18 12:15:25.288144] [BG] scanning blocks 919641 -> 919640
[2025-10-18 12:20:47.204964] [BG] scanning blocks 919642 -> 919642
[2025-10-18 12:25:56.834182] [BG] scanning blocks 919643 -> 919643
[2025-10-18 12:31:02.675313] [BG] scanning blocks 919643 -> 919644
[2025-10-18 12:36:09.534595] [BG] scanning blocks 919643 -> 919644
[2025-10-18 12:41:14.534223] [BG] scanning blocks 919645 -> 919644
[2025-10-18 12:41:26.132422] [BG] error: HTTPSConnectionPool(host='blockchain.info', port=443): Read timed out.
[2025-10-18 12:46:31.440115] [BG] scanning blocks 919645 -> 919646
[2025-10-18 12:51:37.166693] [BG] scanning blocks 919646 -> 919646
[2025-10-18 12:56:52.683038] [BG] scanning blocks 919646 -> 919647
[2025-10-18 13:01:59.469840] [BG] scanning blocks 919647 -> 919647
[2025-10-18 13:07:10.562774] [BG] scanning blocks 919648 -> 919649
[2025-10-18 13:12:16.849985] [BG] scanning blocks 919648 -> 919649
[2025-10-18 13:17:22.745031] [BG] scanning blocks 919649 -> 919649
[2025-10-18 13:22:36.976047] [BG] scanning blocks 919649 -> 919650
[2025-10-18 13:27:41.889751] [BG] scanning blocks 919651 -> 919650
[2025-10-18 13:32:57.448503] [BG] scanning blocks 919651 -> 919652
[2025-10-18 13:38:02.804631] [BG] scanning blocks 919651 -> 919652
[2025-10-18 13:43:21.737116] [BG] scanning blocks 919651 -> 919652
[2025-10-18 13:48:53.498823] [BG] scanning blocks 919651 -> 919652
[2025-10-18 13:54:02.399326] [BG] scanning blocks 919653 -> 919652
[2025-10-18 13:59:34.610599] [BG] scanning blocks 919654 -> 919655
[2025-10-18 14:04:41.106175] [BG] scanning blocks 919654 -> 919655
[2025-10-18 14:09:46.800288] [BG] scanning blocks 919654 -> 919655
[2025-10-18 14:14:56.863641] [BG] scanning blocks 919655 -> 919656
[2025-10-18 14:20:16.323377] [BG] scanning blocks 919656 -> 919657
[2025-10-18 14:25:40.963611] [BG] scanning blocks 919657 -> 919658
[2025-10-18 14:30:54.937449] [BG] scanning blocks 919660 -> 919660
[2025-10-18 14:36:20.433439] [BG] scanning blocks 919660 -> 919661
[2025-10-18 14:41:53.743204] [BG] scanning blocks 919661 -> 919662
[2025-10-18 14:47:35.534333] [BG] scanning blocks 919662 -> 919663
[2025-10-18 14:53:07.023165] [BG] scanning blocks 919662 -> 919663
[2025-10-18 14:58:20.323308] [BG] scanning blocks 919662 -> 919663
[2025-10-18 15:02:15.783493] [BG] scanning blocks 919663 -> 919663
[2025-10-18 15:03:44.912101] [BG] scanning blocks 919663 -> 919664
[2025-10-18 15:08:08.115891] [BG] scanning blocks 919664 -> 919664
[2025-10-18 15:09:05.066804] [BG] scanning blocks 919664 -> 919665
[2025-10-18 15:13:29.023455] [BG] scanning blocks 919666 -> 919665
[2025-10-18 15:14:03.795153] [BG] scanning blocks 919666 -> 919665
[2025-10-18 15:19:25.071876] [BG] scanning blocks 919667 -> 919667
[2025-10-18 15:24:38.710351] [BG] scanning blocks 919667 -> 919668
[2025-10-18 15:26:51.575716] [BG] scanning blocks 919668 -> 919668
[2025-10-18 15:29:56.517091] [BG] scanning blocks 919668 -> 919669
[2025-10-18 15:32:05.878234] [BG] scanning blocks 919668 -> 919669
[2025-10-18 15:35:08.115328] [BG] scanning blocks 919669 -> 919669
[2025-10-18 15:37:14.235724] [BG] scanning blocks 919669 -> 919670
[2025-10-18 15:40:25.362213] [BG] scanning blocks 919670 -> 919670
[2025-10-18 15:42:21.709282] [BG] scanning blocks 919670 -> 919671
[2025-10-18 15:45:34.564176] [BG] scanning blocks 919671 -> 919671
[2025-10-18 15:47:33.891339] [BG] scanning blocks 919671 -> 919672
[2025-10-18 15:50:47.987939] [BG] scanning blocks 919672 -> 919672
[2025-10-18 15:52:42.752488] [BG] scanning blocks 919672 -> 919673
[2025-10-18 15:56:05.165751] [BG] scanning blocks 919672 -> 919673
[2025-10-18 15:57:53.187355] [BG] scanning blocks 919672 -> 919673
[2025-10-18 16:01:12.599468] [BG] scanning blocks 919672 -> 919673
[2025-10-18 16:03:00.967898] [BG] scanning blocks 919672 -> 919673
[2025-10-18 16:06:19.300740] [BG] scanning blocks 919673 -> 919674
[2025-10-18 16:08:09.706310] [BG] scanning blocks 919673 -> 919674
[2025-10-18 16:48:40.755755] [BG] scanning blocks 919678 -> 919679
[2025-10-18 16:53:49.206114] [BG] scanning blocks 919678 -> 919679
[2025-10-18 16:58:54.839624] [BG] scanning blocks 919678 -> 919679
[2025-10-18 17:04:00.208205] [BG] scanning blocks 919678 -> 919679
[2025-10-18 17:09:05.858365] [BG] scanning blocks 919679 -> 919679
[2025-10-18 17:14:16.841575] [BG] scanning blocks 919679 -> 919680
[2025-10-18 17:19:21.824772] [BG] scanning blocks 919679 -> 919680
[2025-10-18 17:24:26.993998] [BG] scanning blocks 919679 -> 919680
[2025-10-18 17:28:40.642099] [BG] scanning blocks 919679 -> 919680
[2025-10-18 17:33:45.596341] [BG] scanning blocks 919679 -> 919680
[2025-10-18 17:38:50.555749] [BG] scanning blocks 919680 -> 919680
[2025-10-18 17:41:07.907654] [BG] scanning blocks 919680 -> 919681
[2025-10-18 17:44:06.650924] [BG] scanning blocks 919680 -> 919681
[2025-10-18 17:46:13.235947] [BG] scanning blocks 919680 -> 919681
[2025-10-18 17:49:11.561188] [BG] scanning blocks 919680 -> 919681
[2025-10-18 17:51:18.531934] [BG] scanning blocks 919681 -> 919682
[2025-10-18 17:54:16.361735] [BG] scanning blocks 919681 -> 919682
[2025-10-18 17:56:23.232727] [BG] scanning blocks 919681 -> 919682
[2025-10-18 17:56:34.151808] [BG] scanning blocks 919681 -> 919682
[2025-10-18 17:59:21.197172] [BG] scanning blocks 919681 -> 919682
[2025-10-18 18:01:28.059596] [BG] scanning blocks 919681 -> 919682
[2025-10-18 18:01:39.804280] [BG] scanning blocks 919681 -> 919682
[2025-10-18 18:04:27.582228] [BG] scanning blocks 919681 -> 919682
[2025-10-18 18:06:34.130977] [BG] scanning blocks 919681 -> 919682
[2025-10-18 18:06:45.212628] [BG] scanning blocks 919681 -> 919682
[2025-10-18 18:09:37.455572] [BG] scanning blocks 919681 -> 919682
[2025-10-18 18:11:39.143889] [BG] scanning blocks 919682 -> 919682
[2025-10-18 18:11:56.831892] [BG] scanning blocks 919682 -> 919683
[2025-10-18 18:14:44.240675] [BG] scanning blocks 919683 -> 919683
[2025-10-18 18:15:03.944399] [BG] scanning blocks 919683 -> 919684
[2025-10-18 18:18:24.212016] [BG] scanning blocks 919683 -> 919684
[2025-10-18 18:20:10.544490] [BG] scanning blocks 919683 -> 919684
[2025-10-18 18:23:29.503075] [BG] scanning blocks 919684 -> 919685
[2025-10-18 18:27:25.361102] [BG] scanning blocks 919685 -> 919685
[2025-10-18 18:32:33.378678] [BG] scanning blocks 919687 -> 919686
[2025-10-18 18:37:42.331917] [BG] scanning blocks 919689 -> 919689
[2025-10-18 18:39:13.932765] [BG] scanning blocks 919689 -> 919690
[2025-10-18 18:41:54.017901] [BG] scanning blocks 919689 -> 919690
[2025-10-18 18:46:58.802425] [BG] scanning blocks 919689 -> 919690
[2025-10-18 18:52:03.429634] [BG] scanning blocks 919691 -> 919691
[2025-10-18 18:57:10.270563] [BG] scanning blocks 919692 -> 919693
[2025-10-18 19:02:15.009985] [BG] scanning blocks 919692 -> 919693
[2025-10-18 19:07:20.441274] [BG] scanning blocks 919693 -> 919693
[2025-10-18 19:12:30.166976] [BG] scanning blocks 919695 -> 919695
[2025-10-18 19:17:40.213992] [BG] scanning blocks 919695 -> 919696
[2025-10-18 19:17:41.364018] [BG] scanning blocks 919695 -> 919696
[2025-10-18 19:22:45.014045] [BG] scanning blocks 919695 -> 919696
[2025-10-18 19:22:46.055376] [BG] scanning blocks 919695 -> 919696
[2025-10-18 19:27:49.426361] [BG] scanning blocks 919695 -> 919696
[2025-10-18 19:27:50.687313] [BG] scanning blocks 919695 -> 919696
[2025-10-18 19:32:54.063164] [BG] scanning blocks 919697 -> 919697
[2025-10-18 19:32:55.349599] [BG] scanning blocks 919697 -> 919697
[2025-10-18 19:38:01.202959] [BG] scanning blocks 919698 -> 919699
[2025-10-18 19:38:02.476699] [BG] scanning blocks 919698 -> 919699
[2025-10-18 19:43:06.138424] [BG] scanning blocks 919698 -> 919699
[2025-10-18 19:43:07.098495] [BG] scanning blocks 919698 -> 919699
[2025-10-18 19:48:10.858016] [BG] scanning blocks 919699 -> 919699
[2025-10-18 19:48:12.440339] [BG] scanning blocks 919699 -> 919699
[2025-10-18 19:53:18.374827] [BG] scanning blocks 919699 -> 919700
[2025-10-18 19:53:20.727609] [BG] scanning blocks 919699 -> 919700
[2025-10-18 19:58:23.114397] [BG] scanning blocks 919700 -> 919700
[2025-10-18 19:58:26.046932] [BG] scanning blocks 919700 -> 919700
[2025-10-18 20:03:30.748068] [BG] scanning blocks 919701 -> 919701
[2025-10-18 20:03:33.527456] [BG] scanning blocks 919701 -> 919701
[2025-10-18 20:08:38.555764] [BG] scanning blocks 919702 -> 919702
[2025-10-18 20:08:41.414768] [BG] scanning blocks 919702 -> 919702
[2025-10-18 20:13:47.288904] [BG] scanning blocks 919702 -> 919703
[2025-10-18 20:13:51.037668] [BG] scanning blocks 919702 -> 919703
[2025-10-18 20:18:52.861931] [BG] scanning blocks 919702 -> 919703
[2025-10-18 20:18:57.448954] [BG] scanning blocks 919702 -> 919703
[2025-10-18 20:23:58.623253] [BG] scanning blocks 919702 -> 919703
[2025-10-18 20:24:02.157090] [BG] scanning blocks 919702 -> 919703
[2025-10-18 20:29:03.526908] [BG] scanning blocks 919702 -> 919703
[2025-10-18 20:29:06.903655] [BG] scanning blocks 919702 -> 919703
[2025-10-18 20:34:08.326070] [BG] scanning blocks 919703 -> 919703
[2025-10-18 20:34:12.545710] [BG] scanning blocks 919703 -> 919703
[2025-10-18 20:39:16.233758] [BG] scanning blocks 919704 -> 919704
[2025-10-18 20:39:19.714506] [BG] scanning blocks 919704 -> 919704
[2025-10-18 20:44:23.683288] [BG] scanning blocks 919706 -> 919705
[2025-10-18 20:44:28.848542] [BG] scanning blocks 919706 -> 919705
[2025-10-18 20:49:33.740553] [BG] scanning blocks 919708 -> 919709
[2025-10-18 20:49:37.798762] [BG] scanning blocks 919708 -> 919709
[2025-10-18 20:54:38.564449] [BG] scanning blocks 919708 -> 919709
[2025-10-18 20:54:42.479619] [BG] scanning blocks 919708 -> 919709
[2025-10-18 20:59:43.564590] [BG] scanning blocks 919709 -> 919709
[2025-10-18 20:59:47.427546] [BG] scanning blocks 919709 -> 919709
[2025-10-18 21:04:51.699961] [BG] scanning blocks 919711 -> 919711
[2025-10-18 21:04:55.467173] [BG] scanning blocks 919711 -> 919711
[2025-10-18 21:09:59.160287] [BG] scanning blocks 919712 -> 919713
[2025-10-18 21:10:02.843158] [BG] scanning blocks 919712 -> 919713
[2025-10-18 21:15:03.638150] [BG] scanning blocks 919712 -> 919713
[2025-10-18 21:15:07.312181] [BG] scanning blocks 919712 -> 919713
[2025-10-18 21:20:08.620737] [BG] scanning blocks 919713 -> 919713
[2025-10-18 21:20:11.718898] [BG] scanning blocks 919713 -> 919713
[2025-10-18 21:25:15.638800] [BG] scanning blocks 919714 -> 919715
[2025-10-18 21:25:18.187882] [BG] scanning blocks 919714 -> 919715
[2025-10-18 21:30:20.387055] [BG] scanning blocks 919714 -> 919715
[2025-10-18 21:30:22.525140] [BG] scanning blocks 919714 -> 919715
[2025-10-18 21:35:25.204989] [BG] scanning blocks 919714 -> 919715
[2025-10-18 21:35:27.505093] [BG] scanning blocks 919714 -> 919715
[2025-10-18 21:40:30.465929] [BG] scanning blocks 919714 -> 919715
[2025-10-18 21:40:33.293520] [BG] scanning blocks 919714 -> 919715
[2025-10-18 21:45:35.088191] [BG] scanning blocks 919716 -> 919717
[2025-10-18 21:45:37.985803] [BG] scanning blocks 919716 -> 919717
[2025-10-18 21:50:39.764801] [BG] scanning blocks 919717 -> 919718
[2025-10-18 21:50:42.643769] [BG] scanning blocks 919717 -> 919718
[2025-10-18 21:55:44.572701] [BG] scanning blocks 919717 -> 919718
[2025-10-18 21:55:47.305171] [BG] scanning blocks 919717 -> 919718
[2025-10-18 22:00:49.081177] [BG] scanning blocks 919718 -> 919718
[2025-10-18 22:00:51.797931] [BG] scanning blocks 919718 -> 919718
[2025-10-18 22:05:59.094222] [BG] scanning blocks 919719 -> 919720
[2025-10-18 22:05:59.457809] [BG] scanning blocks 919719 -> 919720
[2025-10-18 22:11:03.348871] [BG] scanning blocks 919719 -> 919720
[2025-10-18 22:11:04.036086] [BG] scanning blocks 919719 -> 919720
[2025-10-18 22:16:07.943497] [BG] scanning blocks 919720 -> 919721
[2025-10-18 22:16:08.803596] [BG] scanning blocks 919720 -> 919721
[2025-10-18 22:21:12.523771] [BG] scanning blocks 919720 -> 919721
[2025-10-18 22:21:13.455631] [BG] scanning blocks 919720 -> 919721
[2025-10-18 22:26:17.057530] [BG] scanning blocks 919720 -> 919721
[2025-10-18 22:26:18.113542] [BG] scanning blocks 919720 -> 919721
[2025-10-18 22:31:21.785613] [BG] scanning blocks 919721 -> 919721
[2025-10-18 22:31:23.097623] [BG] scanning blocks 919721 -> 919721
[2025-10-18 22:36:29.596733] [BG] scanning blocks 919722 -> 919723
[2025-10-18 22:36:31.482561] [BG] scanning blocks 919722 -> 919723
[2025-10-18 22:41:34.145512] [BG] scanning blocks 919723 -> 919723
[2025-10-18 22:41:36.047724] [BG] scanning blocks 919723 -> 919723
[2025-10-18 22:46:41.099716] [BG] scanning blocks 919723 -> 919724
[2025-10-18 22:46:43.324735] [BG] scanning blocks 919723 -> 919724
[2025-10-18 22:51:46.263706] [BG] scanning blocks 919724 -> 919724
[2025-10-18 22:51:48.058115] [BG] scanning blocks 919724 -> 919724
[2025-10-18 22:56:54.150138] [BG] scanning blocks 919724 -> 919725
[2025-10-18 22:56:55.018575] [BG] scanning blocks 919724 -> 919725
[2025-10-18 23:01:58.964659] [BG] scanning blocks 919726 -> 919725
[2025-10-18 23:01:59.654013] [BG] scanning blocks 919726 -> 919725
[2025-10-18 23:07:07.525573] [BG] scanning blocks 919726 -> 919727
[2025-10-18 23:07:09.403032] [BG] scanning blocks 919726 -> 919727
[2025-10-18 23:12:12.396523] [BG] scanning blocks 919726 -> 919727
[2025-10-18 23:12:13.887493] [BG] scanning blocks 919726 -> 919727
[2025-10-18 23:17:17.289871] [BG] scanning blocks 919727 -> 919727
[2025-10-18 23:17:18.430310] [BG] scanning blocks 919727 -> 919727
[2025-10-18 23:22:25.164600] [BG] scanning blocks 919727 -> 919728
[2025-10-18 23:22:26.274554] [BG] scanning blocks 919727 -> 919728
[2025-10-18 23:27:29.767390] [BG] scanning blocks 919728 -> 919729
[2025-10-18 23:27:31.790510] [BG] scanning blocks 919728 -> 919729
[2025-10-18 23:32:36.221126] [BG] scanning blocks 919728 -> 919729
[2025-10-18 23:32:37.245816] [BG] scanning blocks 919728 -> 919729
[2025-10-18 23:37:40.552459] [BG] scanning blocks 919729 -> 919729
[2025-10-18 23:37:42.319593] [BG] scanning blocks 919729 -> 919729
[2025-10-18 23:42:47.764092] [BG] scanning blocks 919730 -> 919730
[2025-10-18 23:42:49.575861] [BG] scanning blocks 919730 -> 919730
[2025-10-18 23:47:53.300269] [BG] scanning blocks 919731 -> 919732
[2025-10-18 23:47:55.774913] [BG] scanning blocks 919731 -> 919732
[2025-10-18 23:52:57.968653] [BG] scanning blocks 919731 -> 919732
[2025-10-18 23:53:00.351073] [BG] scanning blocks 919731 -> 919732
[2025-10-18 23:58:02.686298] [BG] scanning blocks 919731 -> 919732
[2025-10-18 23:58:05.418866] [BG] scanning blocks 919731 -> 919732
[2025-10-19 00:03:07.372959] [BG] scanning blocks 919731 -> 919732
[2025-10-19 00:03:10.246886] [BG] scanning blocks 919731 -> 919732
[2025-10-19 00:08:12.033141] [BG] scanning blocks 919734 -> 919732
[2025-10-19 00:08:14.825205] [BG] scanning blocks 919734 -> 919732
[2025-10-19 00:13:26.670675] [BG] scanning blocks 919734 -> 919735
[2025-10-19 00:13:28.520010] [BG] scanning blocks 919734 -> 919735
[2025-10-19 00:18:31.918323] [BG] scanning blocks 919734 -> 919735
[2025-10-19 00:18:34.039215] [BG] scanning blocks 919734 -> 919735
[2025-10-19 00:23:36.636666] [BG] scanning blocks 919734 -> 919735
[2025-10-19 00:23:38.623675] [BG] scanning blocks 919734 -> 919735
[2025-10-19 00:28:41.494558] [BG] scanning blocks 919736 -> 919737
[2025-10-19 00:28:43.664288] [BG] scanning blocks 919736 -> 919737
[2025-10-19 00:33:46.147701] [BG] scanning blocks 919736 -> 919737
[2025-10-19 00:33:48.244028] [BG] scanning blocks 919736 -> 919737
[2025-10-19 00:38:51.091806] [BG] scanning blocks 919736 -> 919737
[2025-10-19 00:38:53.289880] [BG] scanning blocks 919736 -> 919737
[2025-10-19 00:43:55.658879] [BG] scanning blocks 919736 -> 919737
[2025-10-19 00:43:57.586360] [BG] scanning blocks 919736 -> 919737
[2025-10-19 00:49:00.220331] [BG] scanning blocks 919736 -> 919737
[2025-10-19 00:49:02.917338] [BG] scanning blocks 919736 -> 919737
[2025-10-19 00:54:04.887953] [BG] scanning blocks 919736 -> 919737
[2025-10-19 00:54:07.907436] [BG] scanning blocks 919736 -> 919737
[2025-10-19 00:59:09.551155] [BG] scanning blocks 919736 -> 919737
[2025-10-19 00:59:12.902836] [BG] scanning blocks 919736 -> 919737
[2025-10-19 01:04:14.631317] [BG] scanning blocks 919736 -> 919737
[2025-10-19 01:04:17.721881] [BG] scanning blocks 919736 -> 919737
[2025-10-19 01:09:19.238305] [BG] scanning blocks 919736 -> 919737
[2025-10-19 01:09:22.454865] [BG] scanning blocks 919736 -> 919737
[2025-10-19 01:14:24.184840] [BG] scanning blocks 919736 -> 919737
[2025-10-19 01:14:27.068823] [BG] scanning blocks 919736 -> 919737
[2025-10-19 01:19:29.171543] [BG] scanning blocks 919736 -> 919737
[2025-10-19 01:19:32.731470] [BG] scanning blocks 919736 -> 919737
[2025-10-19 01:24:34.764276] [BG] scanning blocks 919738 -> 919737
[2025-10-19 01:24:38.981974] [BG] scanning blocks 919738 -> 919737
[2025-10-19 01:29:46.985532] [BG] scanning blocks 919738 -> 919739
[2025-10-19 01:29:49.347574] [BG] scanning blocks 919738 -> 919739
[2025-10-19 01:34:52.464885] [BG] scanning blocks 919738 -> 919739
[2025-10-19 01:34:54.322258] [BG] scanning blocks 919738 -> 919739
[2025-10-19 01:39:57.774816] [BG] scanning blocks 919738 -> 919739
[2025-10-19 01:39:59.351823] [BG] scanning blocks 919738 -> 919739
[2025-10-19 01:45:02.815528] [BG] scanning blocks 919738 -> 919739
[2025-10-19 01:45:04.366106] [BG] scanning blocks 919738 -> 919739
[2025-10-19 01:50:07.933858] [BG] scanning blocks 919738 -> 919739
[2025-10-19 01:50:09.714430] [BG] scanning blocks 919738 -> 919739
[2025-10-19 01:55:12.645102] [BG] scanning blocks 919739 -> 919739
[2025-10-19 01:55:14.421990] [BG] scanning blocks 919739 -> 919739
[2025-10-19 02:00:20.040054] [BG] scanning blocks 919740 -> 919740
[2025-10-19 02:00:22.757963] [BG] scanning blocks 919740 -> 919740
[2025-10-19 02:05:27.275136] [BG] scanning blocks 919742 -> 919741
[2025-10-19 02:05:30.574143] [BG] scanning blocks 919742 -> 919741
[2025-10-19 02:10:37.094815] [BG] scanning blocks 919742 -> 919743
[2025-10-19 02:10:41.240260] [BG] scanning blocks 919742 -> 919743
[2025-10-19 02:15:41.824897] [BG] scanning blocks 919743 -> 919743
[2025-10-19 02:15:46.151274] [BG] scanning blocks 919743 -> 919743
[2025-10-19 02:21:59.906057] [BG] scanning blocks 919743 -> 919744
[2025-10-19 02:22:05.809360] [BG] scanning blocks 919743 -> 919744
[2025-10-19 02:27:04.635680] [BG] scanning blocks 919743 -> 919744
[2025-10-19 02:27:10.455397] [BG] scanning blocks 919743 -> 919744
[2025-10-19 02:32:09.584745] [BG] scanning blocks 919743 -> 919744
[2025-10-19 02:32:15.338900] [BG] scanning blocks 919743 -> 919744
[2025-10-19 02:37:14.624790] [BG] scanning blocks 919745 -> 919746
[2025-10-19 02:37:19.980949] [BG] scanning blocks 919745 -> 919746
[2025-10-19 02:42:20.069190] [BG] scanning blocks 919746 -> 919747
[2025-10-19 02:42:24.894118] [BG] scanning blocks 919746 -> 919747
[2025-10-19 02:47:24.868102] [BG] scanning blocks 919747 -> 919748
[2025-10-19 02:47:29.833925] [BG] scanning blocks 919747 -> 919748
[2025-10-19 02:52:29.626585] [BG] scanning blocks 919749 -> 919748
[2025-10-19 02:52:34.888647] [BG] scanning blocks 919749 -> 919748
[2025-10-19 02:57:40.908583] [BG] scanning blocks 919749 -> 919750
[2025-10-19 02:57:44.036758] [BG] scanning blocks 919749 -> 919750
[2025-10-19 03:02:45.673433] [BG] scanning blocks 919749 -> 919750
[2025-10-19 03:02:48.770304] [BG] scanning blocks 919749 -> 919750
[2025-10-19 03:07:50.727021] [BG] scanning blocks 919749 -> 919750
[2025-10-19 03:07:53.479278] [BG] scanning blocks 919749 -> 919750
[2025-10-19 03:12:55.460831] [BG] scanning blocks 919749 -> 919750
[2025-10-19 03:12:58.250773] [BG] scanning blocks 919749 -> 919750
[2025-10-19 03:18:00.500392] [BG] scanning blocks 919749 -> 919750
[2025-10-19 03:18:02.790085] [BG] scanning blocks 919749 -> 919750
[2025-10-19 03:23:05.757867] [BG] scanning blocks 919749 -> 919750
[2025-10-19 03:23:07.410840] [BG] scanning blocks 919749 -> 919750
[2025-10-19 03:28:10.671139] [BG] scanning blocks 919750 -> 919750
[2025-10-19 03:28:12.175408] [BG] scanning blocks 919750 -> 919751
[2025-10-19 03:33:16.985202] [BG] scanning blocks 919752 -> 919751
[2025-10-19 03:33:18.370246] [BG] scanning blocks 919752 -> 919751
[2025-10-19 03:38:29.518122] [BG] scanning blocks 919752 -> 919753
[2025-10-19 03:38:29.723125] [BG] scanning blocks 919752 -> 919753
[2025-10-19 03:43:34.911088] [BG] scanning blocks 919752 -> 919753
[2025-10-19 03:43:34.921089] [BG] scanning blocks 919752 -> 919753
[2025-10-19 03:48:39.610897] [BG] scanning blocks 919753 -> 919753
[2025-10-19 03:48:39.893347] [BG] scanning blocks 919753 -> 919753
[2025-10-19 03:53:48.841499] [BG] scanning blocks 919753 -> 919754
[2025-10-19 03:53:49.601858] [BG] scanning blocks 919753 -> 919754
[2025-10-19 03:58:54.588507] [BG] scanning blocks 919753 -> 919754
[2025-10-19 03:58:55.106095] [BG] scanning blocks 919753 -> 919754
[2025-10-19 04:04:00.114852] [BG] scanning blocks 919753 -> 919754
[2025-10-19 04:04:00.133851] [BG] scanning blocks 919753 -> 919754
[2025-10-19 04:09:04.928200] [BG] scanning blocks 919753 -> 919754
[2025-10-19 04:09:16.814015] [BG] scanning blocks 919753 -> 919754
[2025-10-19 04:14:09.820170] [BG] scanning blocks 919754 -> 919754
[2025-10-19 04:14:24.245413] [BG] scanning blocks 919754 -> 919755
[2025-10-19 04:19:34.482837] [BG] scanning blocks 919754 -> 919755
[2025-10-19 04:20:19.217336] [BG] scanning blocks 919754 -> 919755
[2025-10-19 04:24:43.430293] [BG] scanning blocks 919754 -> 919755
[2025-10-19 04:25:24.043254] [BG] scanning blocks 919754 -> 919755
[2025-10-19 04:29:49.656436] [BG] scanning blocks 919754 -> 919755
[2025-10-19 04:30:29.166635] [BG] scanning blocks 919754 -> 919755
[2025-10-19 04:34:55.543475] [BG] scanning blocks 919754 -> 919755
[2025-10-19 04:35:34.402103] [BG] scanning blocks 919754 -> 919755
[2025-10-19 04:43:38.580131] [BG] scanning blocks 919756 -> 919755
[2025-10-19 05:14:29.341992] [BG] scanning blocks 919757 -> 919758
[2025-10-19 05:19:35.689293] [BG] scanning blocks 919758 -> 919759
[2025-10-19 05:24:41.793884] [BG] scanning blocks 919758 -> 919759
[2025-10-19 05:29:49.031954] [BG] scanning blocks 919759 -> 919760
[2025-10-19 05:34:55.184674] [BG] scanning blocks 919761 -> 919761
[2025-10-19 05:40:01.573337] [BG] scanning blocks 919761 -> 919762
[2025-10-19 05:45:07.745324] [BG] scanning blocks 919763 -> 919762
[2025-10-19 05:50:21.587443] [BG] scanning blocks 919763 -> 919764
[2025-10-19 05:55:26.577354] [BG] scanning blocks 919763 -> 919764
[2025-10-19 06:00:32.052248] [BG] scanning blocks 919763 -> 919764
[2025-10-19 06:05:36.786154] [BG] scanning blocks 919765 -> 919764
[2025-10-19 06:10:47.461209] [BG] scanning blocks 919766 -> 919766
[2025-10-19 06:15:54.692504] [BG] scanning blocks 919767 -> 919768
[2025-10-19 06:21:01.120860] [BG] scanning blocks 919767 -> 919768
[2025-10-19 06:26:13.429384] [BG] scanning blocks 919767 -> 919768
[2025-10-19 06:31:19.006927] [BG] scanning blocks 919769 -> 919769
[2025-10-19 06:36:26.324067] [BG] scanning blocks 919771 -> 919772
[2025-10-19 06:41:31.520301] [BG] scanning blocks 919771 -> 919772
[2025-10-19 06:46:36.487480] [BG] scanning blocks 919771 -> 919772
[2025-10-19 06:51:41.431522] [BG] scanning blocks 919771 -> 919772
[2025-10-19 06:56:46.508418] [BG] scanning blocks 919772 -> 919773
[2025-10-19 07:01:51.449822] [BG] scanning blocks 919772 -> 919773
[2025-10-19 07:06:56.507514] [BG] scanning blocks 919772 -> 919773
[2025-10-19 07:12:01.614910] [BG] scanning blocks 919774 -> 919773
[2025-10-19 07:17:13.464883] [BG] scanning blocks 919775 -> 919776
[2025-10-19 07:22:18.717379] [BG] scanning blocks 919777 -> 919776
[2025-10-19 07:27:31.365408] [BG] scanning blocks 919777 -> 919778
[2025-10-19 07:32:36.336919] [BG] scanning blocks 919779 -> 919778
[2025-10-19 07:37:46.967055] [BG] scanning blocks 919780 -> 919780
[2025-10-19 07:42:54.320131] [BG] scanning blocks 919780 -> 919781
[2025-10-19 07:47:59.380908] [BG] scanning blocks 919781 -> 919781
[2025-10-19 07:54:15.955219] [BG] scanning blocks 919782 -> 919782
[2025-10-19 07:59:24.247380] [BG] scanning blocks 919783 -> 919783
[2025-10-19 08:04:31.620924] [BG] scanning blocks 919783 -> 919784
[2025-10-19 08:09:36.805088] [BG] scanning blocks 919785 -> 919784
[2025-10-19 08:14:46.311841] [BG] scanning blocks 919785 -> 919786
[2025-10-19 08:19:51.308653] [BG] scanning blocks 919786 -> 919787
[2025-10-19 08:24:56.466161] [BG] scanning blocks 919787 -> 919787
[2025-10-19 08:30:04.863406] [BG] scanning blocks 919787 -> 919788
[2025-10-19 08:35:10.209058] [BG] scanning blocks 919787 -> 919788
[2025-10-19 08:40:15.682806] [BG] scanning blocks 919787 -> 919788
[2025-10-19 08:45:21.780798] [BG] scanning blocks 919787 -> 919788
[2025-10-19 08:50:27.270827] [BG] scanning blocks 919789 -> 919790
[2025-10-19 08:55:32.486140] [BG] scanning blocks 919789 -> 919790
[2025-10-19 09:00:37.642920] [BG] scanning blocks 919790 -> 919790
[2025-10-19 09:05:45.567564] [BG] scanning blocks 919790 -> 919791
[2025-10-19 09:10:50.840233] [BG] scanning blocks 919791 -> 919791
[2025-10-19 09:15:57.842003] [BG] scanning blocks 919792 -> 919793
[2025-10-19 09:21:03.810799] [BG] scanning blocks 919792 -> 919793
[2025-10-19 09:26:08.778014] [BG] scanning blocks 919793 -> 919794
[2025-10-19 09:31:14.466118] [BG] scanning blocks 919794 -> 919795
[2025-10-19 09:36:19.529924] [BG] scanning blocks 919794 -> 919795
[2025-10-19 09:41:24.662564] [BG] scanning blocks 919795 -> 919796
[2025-10-19 09:46:30.412519] [BG] scanning blocks 919795 -> 919796
[2025-10-19 09:51:37.018015] [BG] scanning blocks 919796 -> 919796
[2025-10-19 09:56:45.795868] [BG] scanning blocks 919796 -> 919797
[2025-10-19 10:01:23.010279] [BG] scanning blocks 919796 -> 919797
[2025-10-19 10:01:52.301887] [BG] scanning blocks 919797 -> 919797
[2025-10-19 10:06:28.700873] [BG] scanning blocks 919797 -> 919798
[2025-10-19 10:06:59.999190] [BG] scanning blocks 919797 -> 919798
[2025-10-19 10:11:34.080558] [BG] scanning blocks 919797 -> 919798
[2025-10-19 10:12:05.359339] [BG] scanning blocks 919797 -> 919798
[2025-10-19 10:16:42.211070] [BG] scanning blocks 919797 -> 919798
[2025-10-19 10:17:12.405971] [BG] scanning blocks 919797 -> 919798
[2025-10-19 10:21:47.879764] [BG] scanning blocks 919797 -> 919798
[2025-10-19 10:22:18.425430] [BG] scanning blocks 919797 -> 919798
[2025-10-19 10:26:53.447157] [BG] scanning blocks 919797 -> 919798
[2025-10-19 10:27:23.657167] [BG] scanning blocks 919797 -> 919798
[2025-10-19 10:31:59.551437] [BG] scanning blocks 919797 -> 919798
[2025-10-19 10:32:40.752262] [BG] scanning blocks 919797 -> 919798
[2025-10-19 10:37:07.392182] [BG] scanning blocks 919797 -> 919798
[2025-10-19 10:53:40.694944] [BG] scanning blocks 919799 -> 919800
[2025-10-19 10:58:47.908133] [BG] scanning blocks 919800 -> 919800
[2025-10-19 11:03:58.614702] [BG] scanning blocks 919802 -> 919801
[2025-10-19 11:31:12.476417] [BG] scanning blocks 919804 -> 919805
[2025-10-19 11:36:23.793265] [BG] scanning blocks 919804 -> 919805
[2025-10-19 11:36:44.399460] [BG] scanning blocks 919804 -> 919805
[2025-10-19 11:41:49.971666] [BG] scanning blocks 919804 -> 919805
[2025-10-19 11:46:55.884091] [BG] scanning blocks 919806 -> 919805
[2025-10-19 11:52:15.610861] [BG] scanning blocks 919806 -> 919807
[2025-10-19 11:57:24.146623] [BG] scanning blocks 919806 -> 919807
[2025-10-19 12:02:29.661141] [BG] scanning blocks 919806 -> 919807
[2025-10-19 12:07:37.565452] [BG] scanning blocks 919806 -> 919807
[2025-10-19 12:12:43.793939] [BG] scanning blocks 919806 -> 919807
[2025-10-19 12:17:50.165717] [BG] scanning blocks 919808 -> 919809
[2025-10-19 12:22:57.067300] [BG] scanning blocks 919808 -> 919809
[2025-10-19 12:28:02.775693] [BG] scanning blocks 919809 -> 919810
[2025-10-19 12:33:11.779314] [BG] scanning blocks 919809 -> 919810
[2025-10-19 12:38:17.725148] [BG] scanning blocks 919809 -> 919811
[2025-10-19 12:43:26.575497] [BG] scanning blocks 919811 -> 919812
[2025-10-19 12:48:34.368225] [BG] scanning blocks 919811 -> 919812
[2025-10-19 12:53:40.325940] [BG] scanning blocks 919811 -> 919812
[2025-10-19 12:58:50.527188] [BG] scanning blocks 919811 -> 919812
[2025-10-19 13:03:58.876055] [BG] scanning blocks 919812 -> 919813
[2025-10-19 13:09:05.299622] [BG] scanning blocks 919812 -> 919813
[2025-10-19 13:14:12.847925] [BG] scanning blocks 919813 -> 919814
[2025-10-19 13:19:21.248863] [BG] scanning blocks 919813 -> 919814
[2025-10-19 13:24:28.302348] [BG] scanning blocks 919813 -> 919814
[2025-10-19 13:29:37.050543] [BG] scanning blocks 919815 -> 919815
[2025-10-19 13:34:55.147616] [BG] scanning blocks 919815 -> 919816
[2025-10-19 13:40:04.282339] [BG] scanning blocks 919815 -> 919816
[2025-10-19 13:45:12.499590] [BG] scanning blocks 919815 -> 919816
[2025-10-19 13:50:19.490339] [BG] scanning blocks 919815 -> 919816
[2025-10-19 13:55:26.740777] [BG] scanning blocks 919815 -> 919816
[2025-10-19 14:00:39.626143] [BG] scanning blocks 919815 -> 919816
[2025-10-19 14:05:50.169290] [BG] scanning blocks 919815 -> 919816
[2025-10-19 14:11:01.097208] [BG] scanning blocks 919816 -> 919816
[2025-10-19 14:16:22.182405] [BG] scanning blocks 919817 -> 919817
[2025-10-19 14:21:43.977298] [BG] scanning blocks 919817 -> 919818
[2025-10-19 14:26:55.669083] [BG] scanning blocks 919818 -> 919818
[2025-10-19 14:33:56.372620] [BG] scanning blocks 919819 -> 919819
[2025-10-19 14:39:20.074114] [BG] scanning blocks 919821 -> 919820
[2025-10-19 14:44:45.708201] [BG] scanning blocks 919821 -> 919822
[2025-10-19 14:49:58.595750] [BG] scanning blocks 919821 -> 919822
[2025-10-19 14:55:11.718344] [BG] scanning blocks 919821 -> 919822
[2025-10-19 15:00:27.452611] [BG] scanning blocks 919821 -> 919822
[2025-10-19 15:05:34.584853] [BG] scanning blocks 919821 -> 919822
[2025-10-19 15:10:43.019173] [BG] scanning blocks 919821 -> 919822
[2025-10-19 15:15:49.505699] [BG] scanning blocks 919823 -> 919822
[2025-10-19 15:21:22.462776] [BG] scanning blocks 919823 -> 919824
[2025-10-19 15:26:28.511210] [BG] scanning blocks 919823 -> 919824
[2025-10-19 15:31:36.118099] [BG] scanning blocks 919823 -> 919824
[2025-10-19 15:36:46.637837] [BG] scanning blocks 919823 -> 919824
[2025-10-19 15:41:54.480459] [BG] scanning blocks 919823 -> 919824
[2025-10-19 15:47:01.058230] [BG] scanning blocks 919823 -> 919824
[2025-10-19 15:52:07.950949] [BG] scanning blocks 919823 -> 919824
[2025-10-19 15:57:15.266626] [BG] scanning blocks 919823 -> 919824
[2025-10-19 16:02:20.523256] [BG] scanning blocks 919823 -> 919824
[2025-10-19 16:07:31.383942] [BG] scanning blocks 919823 -> 919824
[2025-10-19 16:12:36.528010] [BG] scanning blocks 919823 -> 919824
[2025-10-19 16:17:42.539865] [BG] scanning blocks 919824 -> 919824
[2025-10-19 16:22:57.524231] [BG] scanning blocks 919824 -> 919825
[2025-10-19 16:28:22.602648] [BG] scanning blocks 919825 -> 919825
[2025-10-19 16:34:03.028887] [BG] scanning blocks 919826 -> 919826
[2025-10-19 16:39:28.600958] [BG] scanning blocks 919826 -> 919827
[2025-10-19 16:44:36.139674] [BG] scanning blocks 919826 -> 919827
[2025-10-19 16:49:41.380824] [BG] scanning blocks 919828 -> 919827
[2025-10-19 16:55:05.192170] [BG] scanning blocks 919829 -> 919829
[2025-10-19 17:00:18.239090] [BG] scanning blocks 919829 -> 919830
[2025-10-19 17:05:25.869254] [BG] scanning blocks 919829 -> 919830
[2025-10-19 17:10:31.673905] [BG] scanning blocks 919829 -> 919830
[2025-10-19 17:15:38.857374] [BG] scanning blocks 919831 -> 919830
[2025-10-19 17:21:06.913399] [BG] scanning blocks 919831 -> 919832
[2025-10-19 17:26:11.828180] [BG] scanning blocks 919831 -> 919832
[2025-10-19 17:31:16.739358] [BG] scanning blocks 919831 -> 919832
[2025-10-19 17:36:22.849578] [BG] scanning blocks 919831 -> 919832
[2025-10-19 17:41:29.084259] [BG] scanning blocks 919831 -> 919832
[2025-10-19 17:46:34.044858] [BG] scanning blocks 919832 -> 919832
[2025-10-19 17:51:41.542444] [BG] scanning blocks 919832 -> 919833
[2025-10-19 17:56:46.623277] [BG] scanning blocks 919832 -> 919833
[2025-10-19 18:01:51.629935] [BG] scanning blocks 919833 -> 919833
[2025-10-19 18:06:59.241074] [BG] scanning blocks 919833 -> 919834
[2025-10-19 18:12:05.431193] [BG] scanning blocks 919835 -> 919834
[2025-10-19 18:17:15.002522] [BG] scanning blocks 919835 -> 919836
[2025-10-19 18:22:19.958746] [BG] scanning blocks 919836 -> 919836
[2025-10-19 18:27:28.051692] [BG] scanning blocks 919837 -> 919837
[2025-10-19 18:32:35.624371] [BG] scanning blocks 919838 -> 919838
[2025-10-19 18:37:41.782043] [BG] scanning blocks 919839 -> 919839
[2025-10-19 18:42:49.799544] [BG] scanning blocks 919839 -> 919840
[2025-10-19 18:47:55.327423] [BG] scanning blocks 919841 -> 919840
[2025-10-19 18:53:06.028096] [BG] scanning blocks 919844 -> 919843
[2025-10-19 18:58:15.321005] [BG] scanning blocks 919844 -> 919845
[2025-10-19 19:03:20.262586] [BG] scanning blocks 919844 -> 919845
[2025-10-19 19:08:25.456484] [BG] scanning blocks 919844 -> 919845
[2025-10-19 19:13:31.359830] [BG] scanning blocks 919845 -> 919845
[2025-10-19 19:18:39.212172] [BG] scanning blocks 919845 -> 919846
[2025-10-19 19:23:44.566058] [BG] scanning blocks 919845 -> 919846
[2025-10-19 19:28:49.879614] [BG] scanning blocks 919845 -> 919846
[2025-10-19 19:33:55.062253] [BG] scanning blocks 919845 -> 919846
[2025-10-19 19:39:00.138414] [BG] scanning blocks 919847 -> 919846
[2025-10-19 19:44:12.553044] [BG] scanning blocks 919847 -> 919848
[2025-10-19 19:49:18.040776] [BG] scanning blocks 919847 -> 919848
[2025-10-19 19:54:23.225624] [BG] scanning blocks 919848 -> 919849
[2025-10-19 19:59:28.759868] [BG] scanning blocks 919848 -> 919849
[2025-10-19 20:04:34.794349] [BG] scanning blocks 919849 -> 919849
[2025-10-19 20:09:44.770028] [BG] scanning blocks 919849 -> 919850
[2025-10-19 20:14:50.674704] [BG] scanning blocks 919850 -> 919850
[2025-10-19 20:21:09.767925] [BG] scanning blocks 919850 -> 919851
[2025-10-19 20:26:15.053828] [BG] scanning blocks 919851 -> 919851
[2025-10-19 20:31:22.345921] [BG] scanning blocks 919851 -> 919852
[2025-10-19 20:36:27.410732] [BG] scanning blocks 919851 -> 919852
[2025-10-19 20:41:32.616669] [BG] scanning blocks 919851 -> 919852
[2025-10-19 20:46:37.875754] [BG] scanning blocks 919851 -> 919852
[2025-10-19 20:51:43.040251] [BG] scanning blocks 919853 -> 919852
[2025-10-19 20:56:52.283321] [BG] scanning blocks 919853 -> 919854
[2025-10-19 21:01:57.559563] [BG] scanning blocks 919853 -> 919854
[2025-10-19 21:07:03.088093] [BG] scanning blocks 919854 -> 919854
[2025-10-19 21:12:11.522105] [BG] scanning blocks 919854 -> 919855
[2025-10-19 21:17:16.906979] [BG] scanning blocks 919854 -> 919855
[2025-10-19 21:22:22.224770] [BG] scanning blocks 919855 -> 919855
[2025-10-19 21:27:28.467300] [BG] scanning blocks 919856 -> 919856
[2025-10-19 21:32:35.265539] [BG] scanning blocks 919856 -> 919857
[2025-10-19 21:37:40.562768] [BG] scanning blocks 919856 -> 919857
[2025-10-19 21:42:45.699799] [BG] scanning blocks 919857 -> 919857
[2025-10-19 21:47:54.216690] [BG] scanning blocks 919857 -> 919858
[2025-10-19 21:52:59.151683] [BG] scanning blocks 919857 -> 919858
[2025-10-19 21:58:04.624673] [BG] scanning blocks 919858 -> 919859
[2025-10-19 22:03:10.010251] [BG] scanning blocks 919858 -> 919859
[2025-10-19 22:08:15.612823] [BG] scanning blocks 919858 -> 919859
[2025-10-19 22:13:20.781589] [BG] scanning blocks 919858 -> 919859
[2025-10-19 22:18:25.752307] [BG] scanning blocks 919859 -> 919859
[2025-10-19 22:23:33.794558] [BG] scanning blocks 919860 -> 919860
[2025-10-19 22:28:41.206554] [BG] scanning blocks 919861 -> 919862
[2025-10-19 22:33:46.477280] [BG] scanning blocks 919861 -> 919862
[2025-10-19 22:38:51.717056] [BG] scanning blocks 919862 -> 919862
[2025-10-19 22:43:59.367506] [BG] scanning blocks 919864 -> 919864
[2025-10-19 22:49:09.590474] [BG] scanning blocks 919864 -> 919865
[2025-10-19 22:54:16.123499] [BG] scanning blocks 919865 -> 919865
[2025-10-19 22:59:24.182514] [BG] scanning blocks 919866 -> 919866
[2025-10-19 23:04:32.147657] [BG] scanning blocks 919867 -> 919867
[2025-10-19 23:09:39.687695] [BG] scanning blocks 919868 -> 919869
[2025-10-19 23:14:45.387424] [BG] scanning blocks 919868 -> 919869
[2025-10-19 23:19:50.740704] [BG] scanning blocks 919869 -> 919869
[2025-10-19 23:24:58.323721] [BG] scanning blocks 919869 -> 919870
[2025-10-19 23:30:03.735060] [BG] scanning blocks 919869 -> 919870
[2025-10-19 23:35:09.436849] [BG] scanning blocks 919869 -> 919870
[2025-10-19 23:40:14.766495] [BG] scanning blocks 919869 -> 919870
[2025-10-19 23:45:20.269727] [BG] scanning blocks 919869 -> 919870
[2025-10-19 23:50:25.858597] [BG] scanning blocks 919869 -> 919870
[2025-10-19 23:55:33.596756] [BG] scanning blocks 919870 -> 919870
[2025-10-20 00:00:42.891413] [BG] scanning blocks 919870 -> 919871
[2025-10-20 00:05:49.136558] [BG] scanning blocks 919871 -> 919871
[2025-10-20 00:06:02.398982] [BG] error: HTTPSConnectionPool(host='blockchain.info', port=443): Read timed out.
[2025-10-20 00:11:08.200945] [BG] scanning blocks 919872 -> 919872
[2025-10-20 00:16:17.804530] [BG] scanning blocks 919873 -> 919874
[2025-10-20 00:21:23.944940] [BG] scanning blocks 919873 -> 919874
[2025-10-20 00:26:29.426265] [BG] scanning blocks 919878 -> 919875
[2025-10-20 00:31:45.051872] [BG] scanning blocks 919878 -> 919879
[2025-10-20 00:34:39.532945] [BG] scanning blocks 919878 -> 919879
[2025-10-20 00:36:52.333920] [BG] scanning blocks 919878 -> 919879
[2025-10-20 00:39:48.058595] [BG] scanning blocks 919878 -> 919879
[2025-10-20 00:41:59.274412] [BG] scanning blocks 919878 -> 919879
[2025-10-20 00:44:56.691975] [BG] scanning blocks 919878 -> 919879
[2025-10-20 00:47:06.413065] [BG] scanning blocks 919878 -> 919879
[2025-10-20 00:50:04.275457] [BG] scanning blocks 919879 -> 919880
[2025-10-20 00:52:13.764019] [BG] scanning blocks 919879 -> 919880
[2025-10-20 00:55:10.245150] [BG] scanning blocks 919879 -> 919880
[2025-10-20 00:57:19.189787] [BG] scanning blocks 919880 -> 919880
[2025-10-20 01:00:15.725355] [BG] scanning blocks 919881 -> 919882
[2025-10-20 01:02:25.649550] [BG] scanning blocks 919881 -> 919882
[2025-10-20 01:05:20.775007] [BG] scanning blocks 919881 -> 919882
[2025-10-20 01:07:31.557165] [BG] scanning blocks 919881 -> 919882
[2025-10-20 01:10:25.629965] [BG] scanning blocks 919881 -> 919882
[2025-10-20 01:12:38.459495] [BG] scanning blocks 919881 -> 919882
[2025-10-20 01:15:30.995061] [BG] scanning blocks 919881 -> 919882
[2025-10-20 01:17:45.808628] [BG] scanning blocks 919882 -> 919882
[2025-10-20 01:20:36.275610] [BG] scanning blocks 919882 -> 919883
[2025-10-20 01:22:56.324961] [BG] scanning blocks 919882 -> 919883
[2025-10-20 01:25:41.291103] [BG] scanning blocks 919883 -> 919884
[2025-10-20 01:28:01.493436] [BG] scanning blocks 919883 -> 919884
[2025-10-20 01:30:46.131544] [BG] scanning blocks 919883 -> 919884
[2025-10-20 01:33:06.054579] [BG] scanning blocks 919883 -> 919884
[2025-10-20 01:35:51.340866] [BG] scanning blocks 919883 -> 919884
[2025-10-20 01:38:11.116762] [BG] scanning blocks 919883 -> 919884
[2025-10-20 01:40:56.136525] [BG] scanning blocks 919883 -> 919884
[2025-10-20 01:43:16.034581] [BG] scanning blocks 919883 -> 919884
[2025-10-20 01:46:01.205985] [BG] scanning blocks 919883 -> 919884
[2025-10-20 01:48:20.922745] [BG] scanning blocks 919883 -> 919884
[2025-10-20 01:51:05.935043] [BG] scanning blocks 919884 -> 919885
[2025-10-20 01:53:26.220316] [BG] scanning blocks 919885 -> 919885
[2025-10-20 01:56:10.797645] [BG] scanning blocks 919885 -> 919886
[2025-10-20 01:58:32.825054] [BG] scanning blocks 919885 -> 919886
[2025-10-20 02:01:15.581175] [BG] scanning blocks 919885 -> 919886
[2025-10-20 02:03:38.489353] [BG] scanning blocks 919885 -> 919886
[2025-10-20 02:06:27.848070] [BG] scanning blocks 919885 -> 919886
[2025-10-20 02:08:43.866012] [BG] scanning blocks 919885 -> 919886
[2025-10-20 02:11:33.154145] [BG] scanning blocks 919885 -> 919886
[2025-10-20 02:13:49.039491] [BG] scanning blocks 919885 -> 919886
[2025-10-20 02:16:38.295087] [BG] scanning blocks 919885 -> 919886
[2025-10-20 02:18:54.196381] [BG] scanning blocks 919885 -> 919886
[2025-10-20 02:21:44.073852] [BG] scanning blocks 919886 -> 919887
[2025-10-20 02:23:59.279898] [BG] scanning blocks 919886 -> 919887
[2025-10-20 02:26:48.849331] [BG] scanning blocks 919886 -> 919887
[2025-10-20 02:29:05.072776] [BG] scanning blocks 919886 -> 919887
[2025-10-20 02:31:53.694906] [BG] scanning blocks 919886 -> 919887
[2025-10-20 02:34:10.539467] [BG] scanning blocks 919886 -> 919887
[2025-10-20 02:36:59.041470] [BG] scanning blocks 919887 -> 919887
[2025-10-20 02:39:15.579163] [BG] scanning blocks 919889 -> 919888
[2025-10-20 02:42:06.069122] [BG] scanning blocks 919889 -> 919888
[2025-10-20 02:44:25.684189] [BG] scanning blocks 919889 -> 919890
[2025-10-20 02:47:16.435060] [BG] scanning blocks 919889 -> 919890
[2025-10-20 02:49:31.394577] [BG] scanning blocks 919889 -> 919890
[2025-10-20 02:52:21.161438] [BG] scanning blocks 919889 -> 919890
[2025-10-20 02:54:36.872704] [BG] scanning blocks 919890 -> 919890
[2025-10-20 02:57:25.925157] [BG] scanning blocks 919890 -> 919891
[2025-10-20 02:59:44.806550] [BG] scanning blocks 919890 -> 919891
[2025-10-20 03:02:30.798598] [BG] scanning blocks 919890 -> 919891
[2025-10-20 03:04:50.024254] [BG] scanning blocks 919890 -> 919891
[2025-10-20 03:07:35.528280] [BG] scanning blocks 919891 -> 919891
[2025-10-20 03:09:55.516262] [BG] scanning blocks 919891 -> 919892
[2025-10-20 03:12:43.720897] [BG] scanning blocks 919891 -> 919892
[2025-10-20 03:15:00.771296] [BG] scanning blocks 919891 -> 919892
[2025-10-20 03:17:50.328016] [BG] scanning blocks 919891 -> 919892
[2025-10-20 03:20:05.879076] [BG] scanning blocks 919891 -> 919892
[2025-10-20 03:22:55.678329] [BG] scanning blocks 919892 -> 919892
[2025-10-20 03:25:11.209190] [BG] scanning blocks 919892 -> 919893
[2025-10-20 03:28:05.026827] [BG] scanning blocks 919892 -> 919893
[2025-10-20 03:30:16.738980] [BG] scanning blocks 919892 -> 919893
[2025-10-20 03:33:10.471678] [BG] scanning blocks 919893 -> 919893
[2025-10-20 03:35:21.994901] [BG] scanning blocks 919893 -> 919894
[2025-10-20 03:38:18.316357] [BG] scanning blocks 919893 -> 919894
[2025-10-20 03:40:27.028530] [BG] scanning blocks 919893 -> 919894
[2025-10-20 03:43:23.862050] [BG] scanning blocks 919893 -> 919894
[2025-10-20 03:45:32.530827] [BG] scanning blocks 919893 -> 919894
[2025-10-20 03:48:28.988976] [BG] scanning blocks 919893 -> 919894
[2025-10-20 03:50:39.125884] [BG] scanning blocks 919893 -> 919894
[2025-10-20 03:53:36.900998] [BG] scanning blocks 919895 -> 919895
[2025-10-20 03:55:45.823312] [BG] scanning blocks 919895 -> 919896
[2025-10-20 03:58:43.414019] [BG] scanning blocks 919896 -> 919896
[2025-10-20 04:00:51.509701] [BG] scanning blocks 919896 -> 919897
[2025-10-20 04:03:49.341327] [BG] scanning blocks 919896 -> 919897
[2025-10-20 04:05:57.015842] [BG] scanning blocks 919896 -> 919897
[2025-10-20 04:08:54.259629] [BG] scanning blocks 919897 -> 919898
[2025-10-20 04:11:02.322328] [BG] scanning blocks 919897 -> 919898
[2025-10-20 04:13:59.061390] [BG] scanning blocks 919897 -> 919898
[2025-10-20 04:16:07.548348] [BG] scanning blocks 919897 -> 919898
[2025-10-20 04:19:03.973772] [BG] scanning blocks 919897 -> 919898
[2025-10-20 04:21:12.642849] [BG] scanning blocks 919897 -> 919898
[2025-10-20 04:24:09.403430] [BG] scanning blocks 919897 -> 919898
[2025-10-20 04:26:18.021747] [BG] scanning blocks 919898 -> 919898
[2025-10-20 04:29:16.868044] [BG] scanning blocks 919899 -> 919900
[2025-10-20 04:31:25.391782] [BG] scanning blocks 919899 -> 919900
[2025-10-20 04:34:22.822422] [BG] scanning blocks 919899 -> 919900
[2025-10-20 04:36:30.983103] [BG] scanning blocks 919899 -> 919900
[2025-10-20 04:39:28.026465] [BG] scanning blocks 919899 -> 919900
[2025-10-20 04:41:36.017071] [BG] scanning blocks 919900 -> 919900
[2025-10-20 04:44:32.769546] [BG] scanning blocks 919901 -> 919901
[2025-10-20 04:46:43.379971] [BG] scanning blocks 919901 -> 919902
[2025-10-20 04:49:40.106796] [BG] scanning blocks 919901 -> 919902
[2025-10-20 04:51:48.428876] [BG] scanning blocks 919902 -> 919902
[2025-10-20 04:54:45.317355] [BG] scanning blocks 919902 -> 919903
[2025-10-20 04:56:55.628103] [BG] scanning blocks 919902 -> 919903
[2025-10-20 04:59:57.092686] [BG] scanning blocks 919903 -> 919904
[2025-10-20 05:02:00.894085] [BG] scanning blocks 919903 -> 919904
[2025-10-20 05:05:02.343708] [BG] scanning blocks 919903 -> 919904
[2025-10-20 05:07:07.028842] [BG] scanning blocks 919903 -> 919904
[2025-10-20 05:10:08.180328] [BG] scanning blocks 919903 -> 919904
[2025-10-20 05:12:11.962787] [BG] scanning blocks 919903 -> 919904
[2025-10-20 05:15:14.035013] [BG] scanning blocks 919904 -> 919904
[2025-10-20 05:17:17.290353] [BG] scanning blocks 919904 -> 919905
[2025-10-20 05:20:20.103843] [BG] scanning blocks 919904 -> 919905
[2025-10-20 05:22:23.027605] [BG] scanning blocks 919904 -> 919905
[2025-10-20 05:25:24.830622] [BG] scanning blocks 919905 -> 919906
[2025-10-20 05:27:28.545496] [BG] scanning blocks 919905 -> 919906
[2025-10-20 05:30:29.927960] [BG] scanning blocks 919905 -> 919906
[2025-10-20 05:32:33.897457] [BG] scanning blocks 919905 -> 919906
[2025-10-20 05:35:34.835334] [BG] scanning blocks 919905 -> 919906
[2025-10-20 05:37:39.533844] [BG] scanning blocks 919905 -> 919906
[2025-10-20 05:40:39.998771] [BG] scanning blocks 919906 -> 919907
[2025-10-20 05:42:45.072376] [BG] scanning blocks 919906 -> 919907
[2025-10-20 05:45:44.878227] [BG] scanning blocks 919906 -> 919907
[2025-10-20 05:47:50.535313] [BG] scanning blocks 919906 -> 919907
[2025-10-20 05:50:50.261679] [BG] scanning blocks 919906 -> 919907
[2025-10-20 05:52:55.945948] [BG] scanning blocks 919906 -> 919907
[2025-10-20 05:55:55.013869] [BG] scanning blocks 919906 -> 919907
[2025-10-20 05:58:01.400731] [BG] scanning blocks 919906 -> 919907
[2025-10-20 06:01:00.054693] [BG] scanning blocks 919906 -> 919907
[2025-10-20 06:03:06.805949] [BG] scanning blocks 919906 -> 919907
[2025-10-20 06:06:04.956245] [BG] scanning blocks 919906 -> 919907
[2025-10-20 06:08:12.552828] [BG] scanning blocks 919906 -> 919907
[2025-10-20 06:11:09.686956] [BG] scanning blocks 919906 -> 919907
[2025-10-20 06:13:17.956880] [BG] scanning blocks 919906 -> 919907
[2025-10-20 06:16:14.437268] [BG] scanning blocks 919907 -> 919908
[2025-10-20 06:18:23.481211] [BG] scanning blocks 919907 -> 919908
[2025-10-20 06:21:19.285712] [BG] scanning blocks 919908 -> 919909
[2025-10-20 06:23:28.657223] [BG] scanning blocks 919908 -> 919909
[2025-10-20 06:26:24.157229] [BG] scanning blocks 919909 -> 919910
[2025-10-20 06:28:33.451350] [BG] scanning blocks 919909 -> 919910
[2025-10-20 06:31:29.035473] [BG] scanning blocks 919909 -> 919910
[2025-10-20 06:33:38.227598] [BG] scanning blocks 919910 -> 919910
[2025-10-20 06:36:33.886182] [BG] scanning blocks 919910 -> 919911
[2025-10-20 06:38:43.781702] [BG] scanning blocks 919910 -> 919911
[2025-10-20 06:41:38.950985] [BG] scanning blocks 919911 -> 919911
[2025-10-20 06:43:49.272721] [BG] scanning blocks 919912 -> 919912
[2025-10-20 06:46:46.089563] [BG] scanning blocks 919912 -> 919913
[2025-10-20 06:48:56.309379] [BG] scanning blocks 919912 -> 919913
[2025-10-20 06:51:51.939948] [BG] scanning blocks 919912 -> 919913
[2025-10-20 06:54:01.090500] [BG] scanning blocks 919912 -> 919913
[2025-10-20 06:56:56.740898] [BG] scanning blocks 919912 -> 919913
[2025-10-20 06:59:07.108915] [BG] scanning blocks 919912 -> 919913
[2025-10-20 07:02:02.474107] [BG] scanning blocks 919912 -> 919913
[2025-10-20 07:04:13.200067] [BG] scanning blocks 919912 -> 919913
[2025-10-20 07:07:07.955753] [BG] scanning blocks 919912 -> 919913
[2025-10-20 07:09:18.691722] [BG] scanning blocks 919912 -> 919913
[2025-10-20 07:12:14.154184] [BG] scanning blocks 919912 -> 919913
[2025-10-20 07:14:23.999338] [BG] scanning blocks 919912 -> 919913
[2025-10-20 07:17:20.027025] [BG] scanning blocks 919912 -> 919913
[2025-10-20 07:19:29.553550] [BG] scanning blocks 919912 -> 919913
[2025-10-20 07:22:25.692942] [BG] scanning blocks 919912 -> 919913
[2025-10-20 07:24:35.276536] [BG] scanning blocks 919913 -> 919913
[2025-10-20 07:27:30.512500] [BG] scanning blocks 919914 -> 919914
[2025-10-20 07:29:41.973340] [BG] scanning blocks 919914 -> 919915
[2025-10-20 07:32:38.639124] [BG] scanning blocks 919914 -> 919915
[2025-10-20 07:34:47.996258] [BG] scanning blocks 919914 -> 919915
[2025-10-20 07:37:44.087837] [BG] scanning blocks 919914 -> 919915
[2025-10-20 07:39:53.377058] [BG] scanning blocks 919915 -> 919917
[2025-10-20 07:42:49.750400] [BG] scanning blocks 919917 -> 919916
[2025-10-20 07:44:59.197066] [BG] scanning blocks 919917 -> 919918
[2025-10-20 07:48:01.644367] [BG] scanning blocks 919917 -> 919918
[2025-10-20 07:50:04.014696] [BG] scanning blocks 919917 -> 919918
[2025-10-20 07:53:06.896388] [BG] scanning blocks 919918 -> 919918
[2025-10-20 07:55:09.751451] [BG] scanning blocks 919918 -> 919919
[2025-10-20 07:58:14.041091] [BG] scanning blocks 919918 -> 919919
[2025-10-20 08:00:15.182030] [BG] scanning blocks 919918 -> 919919
[2025-10-20 08:03:19.328145] [BG] scanning blocks 919918 -> 919919
[2025-10-20 08:05:20.510339] [BG] scanning blocks 919918 -> 919919
[2025-10-20 08:08:24.968202] [BG] scanning blocks 919918 -> 919919
[2025-10-20 08:10:25.884174] [BG] scanning blocks 919919 -> 919920
[2025-10-20 08:13:30.291926] [BG] scanning blocks 919919 -> 919920
[2025-10-20 08:15:31.324498] [BG] scanning blocks 919919 -> 919920
[2025-10-20 08:18:35.099980] [BG] scanning blocks 919920 -> 919920
[2025-10-20 08:20:36.158772] [BG] scanning blocks 919923 -> 919923
[2025-10-20 08:23:40.809394] [BG] scanning blocks 919923 -> 919924
[2025-10-20 08:25:43.021281] [BG] scanning blocks 919923 -> 919924
[2025-10-20 08:28:46.273987] [BG] scanning blocks 919923 -> 919924
[2025-10-20 08:30:48.844137] [BG] scanning blocks 919924 -> 919925
[2025-10-20 08:33:51.744141] [BG] scanning blocks 919924 -> 919925
[2025-10-20 08:35:54.396199] [BG] scanning blocks 919924 -> 919925
[2025-10-20 08:38:56.776553] [BG] scanning blocks 919924 -> 919925
[2025-10-20 08:40:59.784505] [BG] scanning blocks 919924 -> 919925
[2025-10-20 08:44:02.012346] [BG] scanning blocks 919924 -> 919925
[2025-10-20 08:46:05.517876] [BG] scanning blocks 919924 -> 919925
[2025-10-20 08:49:07.151168] [BG] scanning blocks 919924 -> 919925
[2025-10-20 08:51:11.048752] [BG] scanning blocks 919925 -> 919925
[2025-10-20 08:54:11.870811] [BG] scanning blocks 919925 -> 919926
[2025-10-20 08:56:19.281093] [BG] scanning blocks 919925 -> 919926
[2025-10-20 08:59:17.079307] [BG] scanning blocks 919925 -> 919926
[2025-10-20 09:01:24.752993] [BG] scanning blocks 919925 -> 919926
[2025-10-20 09:04:21.757876] [BG] scanning blocks 919925 -> 919926
[2025-10-20 09:06:30.012485] [BG] scanning blocks 919925 -> 919926
[2025-10-20 09:09:26.896674] [BG] scanning blocks 919925 -> 919926
[2025-10-20 09:11:34.846372] [BG] scanning blocks 919925 -> 919926
[2025-10-20 09:14:32.162556] [BG] scanning blocks 919926 -> 919926
[2025-10-20 09:16:40.444450] [BG] scanning blocks 919926 -> 919927
[2025-10-20 09:19:39.544081] [BG] scanning blocks 919926 -> 919927
[2025-10-20 09:21:45.881019] [BG] scanning blocks 919926 -> 919927
[2025-10-20 09:24:44.823484] [BG] scanning blocks 919926 -> 919927
[2025-10-20 09:26:51.261187] [BG] scanning blocks 919926 -> 919927
[2025-10-20 09:29:50.544004] [BG] scanning blocks 919926 -> 919927
[2025-10-20 09:31:56.533199] [BG] scanning blocks 919926 -> 919927
[2025-10-20 09:34:55.676402] [BG] scanning blocks 919926 -> 919927
[2025-10-20 09:37:02.380082] [BG] scanning blocks 919927 -> 919928
[2025-10-20 09:40:00.696281] [BG] scanning blocks 919927 -> 919928
[2025-10-20 09:42:08.431094] [BG] scanning blocks 919928 -> 919928
[2025-10-20 09:45:05.845833] [BG] scanning blocks 919928 -> 919929
[2025-10-20 09:47:16.162356] [BG] scanning blocks 919928 -> 919929
[2025-10-20 09:50:11.030056] [BG] scanning blocks 919928 -> 919929
[2025-10-20 09:52:21.508217] [BG] scanning blocks 919929 -> 919930
[2025-10-20 09:55:16.345923] [BG] scanning blocks 919929 -> 919930
[2025-10-20 09:57:26.835736] [BG] scanning blocks 919929 -> 919930
[2025-10-20 10:00:21.850724] [BG] scanning blocks 919931 -> 919930
[2025-10-20 10:02:32.154086] [BG] scanning blocks 919931 -> 919932
[2025-10-20 10:05:33.002379] [BG] scanning blocks 919931 -> 919932
[2025-10-20 10:07:37.774878] [BG] scanning blocks 919931 -> 919932
[2025-10-20 10:10:38.362594] [BG] scanning blocks 919931 -> 919932
[2025-10-20 10:12:43.125636] [BG] scanning blocks 919932 -> 919933
[2025-10-20 10:15:43.969586] [BG] scanning blocks 919932 -> 919933
[2025-10-20 10:17:48.206642] [BG] scanning blocks 919932 -> 919933
[2025-10-20 10:20:49.283998] [BG] scanning blocks 919932 -> 919933
[2025-10-20 10:22:53.157973] [BG] scanning blocks 919932 -> 919933
[2025-10-20 10:25:54.665033] [BG] scanning blocks 919932 -> 919933
[2025-10-20 10:27:58.195116] [BG] scanning blocks 919932 -> 919933
[2025-10-20 10:30:59.928178] [BG] scanning blocks 919932 -> 919933
[2025-10-20 10:33:03.820790] [BG] scanning blocks 919932 -> 919933
[2025-10-20 10:36:05.255944] [BG] scanning blocks 919933 -> 919933
[2025-10-20 10:38:09.186477] [BG] scanning blocks 919934 -> 919934
[2025-10-20 10:42:24.164662] [BG] scanning blocks 919935 -> 919935
[2025-10-20 10:43:18.017148] [BG] scanning blocks 919935 -> 919936
[2025-10-20 10:47:32.993055] [BG] scanning blocks 919936 -> 919937
[2025-10-20 10:48:22.816943] [BG] scanning blocks 919936 -> 919937
[2025-10-20 10:52:39.164493] [BG] scanning blocks 919936 -> 919937
[2025-10-20 10:53:28.167978] [BG] scanning blocks 919936 -> 919937
[2025-10-20 10:57:44.539401] [BG] scanning blocks 919936 -> 919937
[2025-10-20 10:58:33.756480] [BG] scanning blocks 919936 -> 919937
[2025-10-20 11:02:49.458285] [BG] scanning blocks 919936 -> 919937
[2025-10-20 11:03:38.770382] [BG] scanning blocks 919937 -> 919937
[2025-10-20 11:07:54.510972] [BG] scanning blocks 919937 -> 919938
[2025-10-20 11:08:46.727084] [BG] scanning blocks 919937 -> 919938
[2025-10-20 11:12:59.591102] [BG] scanning blocks 919938 -> 919938
[2025-10-20 11:13:52.729258] [BG] scanning blocks 919938 -> 919939
[2025-10-20 11:18:08.484987] [BG] scanning blocks 919938 -> 919939
[2025-10-20 11:18:58.321182] [BG] scanning blocks 919938 -> 919939
[2025-10-20 11:23:15.070608] [BG] scanning blocks 919938 -> 919939
[2025-10-20 11:24:03.587776] [BG] scanning blocks 919938 -> 919939
[2025-10-20 11:28:22.115156] [BG] scanning blocks 919938 -> 919939
[2025-10-20 11:29:09.967477] [BG] scanning blocks 919938 -> 919939
[2025-10-20 11:33:27.666730] [BG] scanning blocks 919938 -> 919939
[2025-10-20 11:34:18.370286] [BG] scanning blocks 919938 -> 919939
[2025-10-20 11:38:37.146415] [BG] scanning blocks 919938 -> 919939
[2025-10-20 11:39:31.252475] [BG] scanning blocks 919938 -> 919939
[2025-10-20 11:43:46.875696] [BG] scanning blocks 919939 -> 919939
[2025-10-20 11:44:37.044217] [BG] scanning blocks 919939 -> 919940
[2025-10-20 11:49:03.869657] [BG] scanning blocks 919940 -> 919940
[2025-10-20 11:49:47.978274] [BG] scanning blocks 919940 -> 919941
[2025-10-20 11:54:22.872932] [BG] scanning blocks 919940 -> 919941
[2025-10-20 11:54:59.530950] [BG] scanning blocks 919940 -> 919941
[2025-10-20 11:59:30.085162] [BG] scanning blocks 919940 -> 919941
[2025-10-20 12:00:08.162160] [BG] scanning blocks 919940 -> 919941
[2025-10-20 12:04:37.820892] [BG] scanning blocks 919942 -> 919941
[2025-10-20 12:05:17.530138] [BG] scanning blocks 919941 -> 919943
[2025-10-20 12:10:04.408104] [BG] scanning blocks 919942 -> 919942
[2025-10-20 12:10:26.494004] [BG] scanning blocks 919942 -> 919943
[2025-10-20 12:15:27.533963] [BG] scanning blocks 919942 -> 919943
[2025-10-20 12:15:33.610573] [BG] scanning blocks 919942 -> 919943
[2025-10-20 12:20:34.918193] [BG] scanning blocks 919943 -> 919944
[2025-10-20 12:20:40.192191] [BG] scanning blocks 919943 -> 919944
[2025-10-20 12:25:45.063494] [BG] scanning blocks 919943 -> 919944
[2025-10-20 12:25:48.481200] [BG] scanning blocks 919943 -> 919944
[2025-10-20 12:30:55.805645] [BG] scanning blocks 919943 -> 919944
[2025-10-20 12:30:58.300595] [BG] scanning blocks 919943 -> 919944
[2025-10-20 12:36:06.029980] [BG] scanning blocks 919944 -> 919944
[2025-10-20 12:36:11.335458] [BG] scanning blocks 919944 -> 919944
[2025-10-20 12:41:31.451103] [BG] scanning blocks 919944 -> 919945
[2025-10-20 12:42:58.580260] [BG] scanning blocks 919945 -> 919945
[2025-10-20 12:46:42.164359] [BG] scanning blocks 919946 -> 919946
[2025-10-20 12:48:33.875059] [BG] scanning blocks 919945 -> 919947
[2025-10-20 12:52:02.305617] [BG] scanning blocks 919946 -> 919946
[2025-10-20 12:53:39.352771] [BG] scanning blocks 919947 -> 919947
[2025-10-20 12:57:21.204765] [BG] scanning blocks 919948 -> 919948
[2025-10-20 12:59:24.376279] [BG] scanning blocks 919949 -> 919949
[2025-10-20 13:02:51.675142] [BG] scanning blocks 919949 -> 919950
[2025-10-20 13:04:42.004946] [BG] scanning blocks 919949 -> 919950
[2025-10-20 13:08:06.330520] [BG] scanning blocks 919950 -> 919950
[2025-10-20 13:09:49.992015] [BG] scanning blocks 919950 -> 919951
[2025-10-20 13:13:37.622500] [BG] scanning blocks 919950 -> 919951
[2025-10-20 13:15:03.163895] [BG] scanning blocks 919950 -> 919951
[2025-10-20 13:18:51.297314] [BG] scanning blocks 919950 -> 919951
[2025-10-20 13:20:12.528982] [BG] scanning blocks 919950 -> 919951
[2025-10-20 13:23:58.974640] [BG] scanning blocks 919950 -> 919951
[2025-10-20 13:25:22.947847] [BG] scanning blocks 919950 -> 919951
[2025-10-20 13:29:14.313815] [BG] scanning blocks 919951 -> 919951
[2025-10-20 13:30:37.947124] [BG] scanning blocks 919951 -> 919952
[2025-10-20 13:34:59.327291] [BG] scanning blocks 919952 -> 919953
[2025-10-20 13:35:52.869126] [BG] scanning blocks 919952 -> 919953
[2025-10-20 13:40:11.181282] [BG] scanning blocks 919952 -> 919953
[2025-10-20 13:41:05.896585] [BG] scanning blocks 919952 -> 919953
[2025-10-20 13:45:23.091111] [BG] scanning blocks 919952 -> 919953
[2025-10-20 13:46:16.900770] [BG] scanning blocks 919952 -> 919953
[2025-10-20 13:50:34.926065] [BG] scanning blocks 919952 -> 919953
[2025-10-20 13:51:31.664983] [BG] scanning blocks 919952 -> 919953
[2025-10-20 13:55:43.467700] [BG] scanning blocks 919952 -> 919953
[2025-10-20 13:56:40.168722] [BG] scanning blocks 919952 -> 919953
[2025-10-20 14:00:58.292806] [BG] scanning blocks 919952 -> 919953
[2025-10-22 17:07:36.608679] [BG] scanning blocks 920280 -> 920281
[2025-10-22 17:12:45.383457] [BG] scanning blocks 920280 -> 920281
[2025-10-22 17:17:52.145880] [BG] scanning blocks 920281 -> 920282
[2025-10-22 17:23:01.042687] [BG] scanning blocks 920283 -> 920282
[2025-10-22 17:28:37.835079] [BG] scanning blocks 920283 -> 920284
[2025-10-22 17:33:45.793507] [BG] scanning blocks 920284 -> 920284
[2025-10-22 17:38:58.542503] [BG] scanning blocks 920284 -> 920285
[2025-10-22 17:44:05.674702] [BG] scanning blocks 920285 -> 920286
[2025-10-22 17:49:14.540869] [BG] scanning blocks 920285 -> 920286
[2025-10-22 17:54:22.867518] [BG] scanning blocks 920286 -> 920287
[2025-10-22 17:59:29.944842] [BG] scanning blocks 920288 -> 920288
[2025-10-22 18:04:38.396202] [BG] scanning blocks 920289 -> 920290
[2025-10-22 18:09:47.214910] [BG] scanning blocks 920289 -> 920290
[2025-10-22 18:14:56.405958] [BG] scanning blocks 920289 -> 920290
[2025-10-22 18:20:03.383244] [BG] scanning blocks 920290 -> 920291
[2025-10-22 18:25:08.946798] [BG] scanning blocks 920293 -> 920294
[2025-10-22 18:30:15.320812] [BG] scanning blocks 920293 -> 920294
[2025-10-22 18:35:21.940585] [BG] scanning blocks 920294 -> 920295
[2025-10-22 18:40:29.363392] [BG] scanning blocks 920295 -> 920295
[2025-10-22 18:45:37.075886] [BG] scanning blocks 920297 -> 920296
[2025-10-22 18:50:49.569984] [BG] scanning blocks 920298 -> 920298
[2025-10-22 18:55:58.181067] [BG] scanning blocks 920298 -> 920299
[2025-10-22 19:01:04.587986] [BG] scanning blocks 920300 -> 920299
[2025-10-22 19:06:15.807119] [BG] scanning blocks 920300 -> 920301
[2025-10-22 19:11:22.550588] [BG] scanning blocks 920301 -> 920301
[2025-10-22 19:16:33.760590] [BG] scanning blocks 920301 -> 920302
[2025-10-22 19:21:40.824793] [BG] scanning blocks 920302 -> 920302
[2025-10-22 19:27:01.236145] [BG] scanning blocks 920302 -> 920303
[2025-10-22 19:32:07.903476] [BG] scanning blocks 920302 -> 920303
[2025-10-22 19:37:15.780350] [BG] scanning blocks 920302 -> 920303
[2025-10-22 19:42:22.121266] [BG] scanning blocks 920302 -> 920303
[2025-10-22 19:47:28.315398] [BG] scanning blocks 920302 -> 920303
[2025-10-22 19:52:34.443698] [BG] scanning blocks 920302 -> 920303
[2025-10-22 19:57:41.005279] [BG] scanning blocks 920303 -> 920303
[2025-10-22 20:02:50.422153] [BG] scanning blocks 920304 -> 920304
[2025-10-22 20:09:15.189846] [BG] scanning blocks 920304 -> 920305
[2025-10-22 20:14:21.471875] [BG] scanning blocks 920304 -> 920305
[2025-10-22 20:19:28.397420] [BG] scanning blocks 920304 -> 920305
[2025-10-22 20:24:34.773203] [BG] scanning blocks 920304 -> 920305
[2025-10-22 20:29:41.487198] [BG] scanning blocks 920305 -> 920305
[2025-10-22 20:34:50.617177] [BG] scanning blocks 920305 -> 920306
[2025-10-22 20:39:57.544550] [BG] scanning blocks 920305 -> 920306
[2025-10-22 20:45:03.925205] [BG] scanning blocks 920305 -> 920306
[2025-10-22 20:50:10.270751] [BG] scanning blocks 920305 -> 920306
[2025-10-22 20:55:18.142694] [BG] scanning blocks 920306 -> 920306
[2025-10-22 21:00:26.850548] [BG] scanning blocks 920308 -> 920307
[2025-10-22 21:05:38.408176] [BG] scanning blocks 920309 -> 920309
[2025-10-22 21:10:48.400851] [BG] scanning blocks 920310 -> 920310
[2025-10-22 21:15:57.611747] [BG] scanning blocks 920310 -> 920311
[2025-10-22 21:21:03.932722] [BG] scanning blocks 920310 -> 920311
[2025-10-22 21:26:10.832829] [BG] scanning blocks 920310 -> 920311
[2025-10-22 21:31:17.372160] [BG] scanning blocks 920311 -> 920311
[2025-10-22 21:36:26.194618] [BG] scanning blocks 920311 -> 920312
[2025-10-22 21:41:32.320428] [BG] scanning blocks 920311 -> 920312
[2025-10-22 21:46:39.334172] [BG] scanning blocks 920311 -> 920312
[2025-10-22 21:51:45.798310] [BG] scanning blocks 920311 -> 920312
[2025-10-22 21:56:52.988725] [BG] scanning blocks 920312 -> 920312
[2025-10-22 22:02:02.054450] [BG] scanning blocks 920312 -> 920313
[2025-10-22 22:07:08.267367] [BG] scanning blocks 920312 -> 920313
[2025-10-22 22:12:15.417502] [BG] scanning blocks 920313 -> 920314
[2025-10-22 22:17:22.518098] [BG] scanning blocks 920314 -> 920314
[2025-10-22 22:23:35.803073] [BG] scanning blocks 920315 -> 920315
[2025-10-22 22:30:01.409158] [BG] scanning blocks 920316 -> 920317
[2025-10-22 22:35:08.136489] [BG] scanning blocks 920316 -> 920317
[2025-10-22 22:40:14.985988] [BG] scanning blocks 920316 -> 920317
[2025-10-22 22:45:21.935091] [BG] scanning blocks 920316 -> 920317
[2025-10-22 22:50:28.750829] [BG] scanning blocks 920318 -> 920319
[2025-10-22 22:55:35.585126] [BG] scanning blocks 920319 -> 920320
[2025-10-22 23:00:41.823586] [BG] scanning blocks 920319 -> 920320
[2025-10-22 23:05:48.229468] [BG] scanning blocks 920319 -> 920320
[2025-10-22 23:10:54.907646] [BG] scanning blocks 920320 -> 920320
[2025-10-22 23:16:03.213473] [BG] scanning blocks 920320 -> 920321
[2025-10-22 23:21:09.778776] [BG] scanning blocks 920320 -> 920321
[2025-10-22 23:26:16.594836] [BG] scanning blocks 920320 -> 920321
[2025-10-22 23:31:23.722487] [BG] scanning blocks 920320 -> 920321
[2025-10-22 23:36:30.778769] [BG] scanning blocks 920321 -> 920321
[2025-10-22 23:36:42.497548] [BG] error: HTTPSConnectionPool(host='blockchain.info', port=443): Read timed out.
[2025-10-22 23:41:49.253322] [BG] scanning blocks 920322 -> 920322
[2025-10-22 23:46:58.946829] [BG] scanning blocks 920322 -> 920323
[2025-10-22 23:52:04.789052] [BG] scanning blocks 920322 -> 920323
[2025-10-22 23:57:10.457502] [BG] scanning blocks 920322 -> 920323
[2025-10-23 00:02:17.506665] [BG] scanning blocks 920322 -> 920323
[2025-10-23 00:07:24.324400] [BG] scanning blocks 920323 -> 920323
[2025-10-23 00:12:33.860964] [BG] scanning blocks 920323 -> 920324
[2025-10-23 00:17:40.860357] [BG] scanning blocks 920323 -> 920324
[2025-10-23 00:22:47.748383] [BG] scanning blocks 920323 -> 920324
[2025-10-23 00:27:55.150308] [BG] scanning blocks 920324 -> 920324
[2025-10-23 00:34:17.327501] [BG] scanning blocks 920324 -> 920325
[2025-10-23 00:39:23.662794] [BG] scanning blocks 920325 -> 920326
[2025-10-23 00:44:30.610209] [BG] scanning blocks 920326 -> 920326
[2025-10-23 00:49:40.648225] [BG] scanning blocks 920327 -> 920327
[2025-10-23 00:54:49.924191] [BG] scanning blocks 920327 -> 920328
[2025-10-23 00:59:57.650752] [BG] scanning blocks 920328 -> 920328
[2025-10-23 01:05:06.746988] [BG] scanning blocks 920328 -> 920329
[2025-10-23 01:10:13.682127] [BG] scanning blocks 920328 -> 920329
[2025-10-23 01:15:21.164247] [BG] scanning blocks 920330 -> 920329
[2025-10-23 01:20:32.688931] [BG] scanning blocks 920331 -> 920331
[2025-10-23 01:25:40.899420] [BG] scanning blocks 920332 -> 920332
[2025-10-23 01:30:50.286441] [BG] scanning blocks 920333 -> 920333
[2025-10-23 01:35:58.538400] [BG] scanning blocks 920333 -> 920334
[2025-10-23 01:41:05.432828] [BG] scanning blocks 920334 -> 920334
[2025-10-23 01:46:12.526676] [BG] scanning blocks 920335 -> 920335
[2025-10-23 01:51:23.064693] [BG] scanning blocks 920335 -> 920336
[2025-10-23 01:56:30.473966] [BG] scanning blocks 920337 -> 920336
[2025-10-23 02:01:41.509898] [BG] scanning blocks 920337 -> 920338
[2025-10-23 02:06:47.924380] [BG] scanning blocks 920338 -> 920338
[2025-10-23 02:11:57.165427] [BG] scanning blocks 920338 -> 920339
[2025-10-23 02:17:03.705329] [BG] scanning blocks 920338 -> 920339
[2025-10-23 02:22:10.193039] [BG] scanning blocks 920338 -> 920339
[2025-10-23 02:27:16.831276] [BG] scanning blocks 920339 -> 920339
[2025-10-23 02:32:24.581043] [BG] scanning blocks 920339 -> 920340
[2025-10-23 02:37:31.203303] [BG] scanning blocks 920339 -> 920340
[2025-10-23 02:42:37.625022] [BG] scanning blocks 920339 -> 920340
[2025-10-23 02:47:44.660463] [BG] scanning blocks 920339 -> 920340
[2025-10-23 14:45:28.796375] [BG] scanning blocks 920409 -> 920410
[2025-10-23 14:50:44.812774] [BG] scanning blocks 920409 -> 920410
[2025-10-23 14:55:58.629634] [BG] scanning blocks 920409 -> 920410
[2025-10-23 15:01:09.691891] [BG] scanning blocks 920409 -> 920410
[2025-10-23 15:06:24.583734] [BG] scanning blocks 920411 -> 920411
[2025-10-23 15:12:01.966537] [BG] scanning blocks 920411 -> 920412
[2025-10-23 15:17:11.533099] [BG] scanning blocks 920412 -> 920412
[2025-10-23 15:22:52.110629] [BG] scanning blocks 920414 -> 920415
[2025-10-23 15:28:05.151027] [BG] scanning blocks 920414 -> 920415
[2025-10-23 15:33:12.291438] [BG] scanning blocks 920414 -> 920415
[2025-10-23 15:38:29.954894] [BG] scanning blocks 920414 -> 920415
[2025-10-23 15:39:56.867330] [BG] scanning blocks 920414 -> 920415
[2025-10-23 15:43:48.119531] [BG] scanning blocks 920415 -> 920416
[2025-10-23 15:45:05.954596] [BG] scanning blocks 920415 -> 920416
[2025-10-23 15:49:00.361906] [BG] scanning blocks 920415 -> 920416
[2025-10-23 15:50:17.049169] [BG] scanning blocks 920415 -> 920416
[2025-10-23 15:54:09.746172] [BG] scanning blocks 920416 -> 920417
[2025-10-23 15:55:26.548439] [BG] scanning blocks 920416 -> 920417
[2025-10-23 15:59:18.055604] [BG] scanning blocks 920417 -> 920417
[2025-10-23 16:00:34.903531] [BG] scanning blocks 920417 -> 920418
[2025-10-23 16:04:45.213850] [BG] scanning blocks 920417 -> 920418
[2025-10-23 16:05:48.868520] [BG] scanning blocks 920417 -> 920418
[2025-10-23 16:09:55.585979] [BG] scanning blocks 920417 -> 920418
[2025-10-23 16:11:02.384154] [BG] scanning blocks 920417 -> 920418
[2025-10-23 16:15:06.097720] [BG] scanning blocks 920419 -> 920419
[2025-10-23 16:16:12.098409] [BG] scanning blocks 920419 -> 920420
[2025-10-23 16:21:24.683275] [BG] scanning blocks 920419 -> 920420
[2025-10-23 16:22:02.275651] [BG] scanning blocks 920419 -> 920420
[2025-10-23 16:26:32.397427] [BG] scanning blocks 920419 -> 920420
[2025-10-23 16:27:13.731303] [BG] scanning blocks 920419 -> 920420
[2025-10-23 16:31:45.533049] [BG] scanning blocks 920419 -> 920420
[2025-10-23 16:32:21.406743] [BG] scanning blocks 920419 -> 920420
[2025-10-23 16:36:58.389648] [BG] scanning blocks 920419 -> 920420
[2025-10-23 16:37:34.731477] [BG] scanning blocks 920419 -> 920420
[2025-10-23 16:42:10.162142] [BG] scanning blocks 920419 -> 920420
[2025-10-23 16:42:43.636916] [BG] scanning blocks 920419 -> 920420
[2025-10-23 16:47:20.775895] [BG] scanning blocks 920419 -> 920420
[2025-10-23 16:47:53.121833] [BG] scanning blocks 920419 -> 920420
[2025-10-23 16:52:28.047369] [BG] scanning blocks 920420 -> 920420
[2025-10-23 16:53:00.916525] [BG] scanning blocks 920420 -> 920421
[2025-10-23 16:57:42.291488] [BG] scanning blocks 920420 -> 920421
[2025-10-23 16:58:13.875175] [BG] scanning blocks 920420 -> 920421
[2025-10-23 17:02:50.854708] [BG] scanning blocks 920420 -> 920421
[2025-10-23 17:03:20.311236] [BG] scanning blocks 920420 -> 920421
[2025-10-23 17:07:59.667002] [BG] scanning blocks 920421 -> 920422
[2025-10-23 17:08:28.563361] [BG] scanning blocks 920421 -> 920422
[2025-10-23 17:13:06.094931] [BG] scanning blocks 920421 -> 920422
[2025-10-23 17:13:37.241318] [BG] scanning blocks 920421 -> 920422
[2025-10-23 17:18:12.919312] [BG] scanning blocks 920422 -> 920422
[2025-10-23 17:18:45.909359] [BG] scanning blocks 920422 -> 920423
[2025-10-23 17:23:26.014046] [BG] scanning blocks 920424 -> 920423
[2025-10-23 17:23:58.558569] [BG] scanning blocks 920424 -> 920423
[2025-10-23 17:29:27.794717] [BG] scanning blocks 920426 -> 920425
[2025-10-23 17:29:34.545354] [BG] error: HTTPSConnectionPool(host='blockchain.info', port=443): Read timed out.
[2025-10-23 17:34:43.991168] [BG] scanning blocks 920426 -> 920427
[2025-10-23 17:34:47.270078] [BG] error: ('Connection aborted.', ConnectionResetError(10054, 'An existing connection was forcibly closed by the remote host', None, 10054, None))
[2025-10-23 17:39:52.052193] [BG] scanning blocks 920426 -> 920427
[2025-10-23 17:39:56.305411] [BG] scanning blocks 920426 -> 920427
[2025-10-23 17:44:59.665719] [BG] scanning blocks 920426 -> 920427
[2025-10-23 17:45:02.382303] [BG] scanning blocks 920426 -> 920427
[2025-10-23 17:50:06.434314] [BG] scanning blocks 920426 -> 920427
[2025-10-23 17:50:08.167479] [BG] scanning blocks 920426 -> 920427
[2025-10-23 17:50:33.355299] [BG] scanning blocks 920426 -> 920427
[2025-10-23 17:55:14.169541] [BG] scanning blocks 920426 -> 920427
[2025-10-23 17:55:15.193563] [BG] scanning blocks 920427 -> 920427
[2025-10-23 17:55:41.673530] [BG] scanning blocks 920427 -> 920428
[2025-10-23 18:00:21.928553] [BG] scanning blocks 920428 -> 920428
[2025-10-23 18:00:29.803917] [BG] scanning blocks 920428 -> 920429
[2025-10-23 18:00:48.962779] [BG] scanning blocks 920428 -> 920429
[2025-10-23 18:05:35.931807] [BG] scanning blocks 920429 -> 920429
[2025-10-23 18:05:36.139846] [BG] scanning blocks 920429 -> 920429
[2025-10-23 18:05:57.916368] [BG] scanning blocks 920429 -> 920430
[2025-10-23 18:10:46.633769] [BG] scanning blocks 920430 -> 920430
[2025-10-23 18:11:02.994271] [BG] scanning blocks 920430 -> 920431
[2025-10-23 18:11:03.990975] [BG] scanning blocks 920430 -> 920431
[2025-10-24 16:45:19.748851] [BG] scanning blocks 920581 -> 920577
[2025-10-24 16:45:20.713719] [BG] error: Expecting value: line 1 column 1 (char 0)
[2025-10-24 16:52:40.742782] [BG] scanning blocks 920581 -> 920577
[2025-10-24 17:00:52.246859] [BG] scanning blocks 920581 -> 920582
[2025-10-24 17:05:56.498153] [BG] scanning blocks 920582 -> 920582
[2025-10-24 17:11:14.128672] [BG] scanning blocks 920583 -> 920583
[2025-10-24 17:17:24.322466] [BG] scanning blocks 920585 -> 920584
[2025-10-24 17:22:45.930092] [BG] scanning blocks 920587 -> 920586
[2025-10-24 17:28:23.154200] [BG] scanning blocks 920587 -> 920588
[2025-10-25 03:56:37.201871] [BG] scanning blocks 920673 -> 920669
[2025-10-25 03:59:43.251890] [BG] scanning blocks 920673 -> 920674
[2025-10-25 04:26:43.088996] [BG] scanning blocks 920677 -> 920673
[2025-10-25 04:26:44.198954] [BG] error: HTTPSConnectionPool(host='blockchain.info', port=443): Max retries exceeded with url: /block-height/920677?format=json (Caused by NameResolutionError("<urllib3.connection.HTTPSConnection object at 0x000001CE031E5190>: Failed to resolve 'blockchain.info' ([Errno 11001] getaddrinfo failed)"))
[2025-10-25 04:31:48.119484] [BG] scanning blocks 920680 -> 920676
[2025-10-25 04:38:46.418507] [BG] scanning blocks 920681 -> 920681
[2025-10-25 04:43:52.348393] [BG] scanning blocks 920681 -> 920682
[2025-10-25 04:48:55.127170] [BG] scanning blocks 920681 -> 920682
[2025-10-25 04:53:58.963781] [BG] scanning blocks 920681 -> 920682
[2025-10-25 04:59:02.287484] [BG] scanning blocks 920682 -> 920682
[2025-10-25 05:04:09.095093] [BG] scanning blocks 920683 -> 920683
[2025-10-25 05:09:14.280152] [BG] scanning blocks 920683 -> 920684
[2025-10-25 05:14:16.945560] [BG] scanning blocks 920683 -> 920684
[2025-10-25 05:19:21.028889] [BG] scanning blocks 920683 -> 920684
[2025-10-25 05:24:24.554323] [BG] scanning blocks 920685 -> 920684
[2025-10-25 05:29:33.130735] [BG] scanning blocks 920685 -> 920686
[2025-10-25 05:34:36.907331] [BG] scanning blocks 920685 -> 920686
[2025-10-25 05:39:40.743178] [BG] scanning blocks 920686 -> 920686
[2025-10-25 05:44:49.122904] [BG] scanning blocks 920687 -> 920687
[2025-10-25 05:49:54.312326] [BG] scanning blocks 920687 -> 920688
[2025-10-25 05:54:57.844347] [BG] scanning blocks 920688 -> 920688
[2025-10-25 06:00:04.318786] [BG] scanning blocks 920689 -> 920689
[2025-10-25 06:05:10.549241] [BG] scanning blocks 920689 -> 920690
[2025-10-25 06:10:13.450502] [BG] scanning blocks 920690 -> 920690
[2025-10-25 06:15:21.873950] [BG] scanning blocks 920691 -> 920691
[2025-10-25 06:16:59.546565] [BG] scanning blocks 920691 -> 920692
[2025-10-25 06:20:13.851187] [BG] scanning blocks 920691 -> 920692
[2025-10-25 06:28:02.575499] [BG] scanning blocks 920691 -> 920692
[2025-10-25 06:33:10.077801] [BG] scanning blocks 920691 -> 920692
[2025-10-25 06:38:13.705652] [BG] scanning blocks 920691 -> 920692
[2025-10-25 06:43:18.968342] [BG] scanning blocks 920691 -> 920692
[2025-10-25 06:53:45.563813] [BG] scanning blocks 920692 -> 920692
[2025-10-25 07:00:24.145053] [BG] scanning blocks 920692 -> 920693
[2025-10-25 07:05:33.909622] [BG] scanning blocks 920694 -> 920693
[2025-10-25 07:10:47.069340] [BG] scanning blocks 920694 -> 920695
[2025-10-25 07:14:08.891679] [BG] scanning blocks 920694 -> 920695
[2025-10-25 07:19:11.683699] [BG] scanning blocks 920694 -> 920695
[2025-10-25 07:24:17.446862] [BG] scanning blocks 920694 -> 920695
[2025-10-25 07:29:21.271348] [BG] scanning blocks 920694 -> 920695
[2025-10-25 07:34:25.552532] [BG] scanning blocks 920694 -> 920695
[2025-10-25 07:39:29.294305] [BG] scanning blocks 920694 -> 920695
[2025-10-25 07:44:32.760497] [BG] scanning blocks 920694 -> 920695
[2025-10-25 07:49:43.157415] [BG] scanning blocks 920696 -> 920695
[2025-10-25 07:55:33.136278] [BG] scanning blocks 920697 -> 920697
[2025-10-25 08:00:42.092886] [BG] scanning blocks 920697 -> 920698
[2025-10-25 08:05:47.415469] [BG] scanning blocks 920697 -> 920698
[2025-10-25 08:10:53.037868] [BG] scanning blocks 920698 -> 920698
[2025-10-25 08:16:00.714612] [BG] scanning blocks 920698 -> 920699
[2025-10-25 08:16:07.837171] [BG] scanning blocks 920698 -> 920699
[2025-10-25 08:27:53.489446] [BG] scanning blocks 920699 -> 920699
[2025-10-25 08:27:53.494446] [BG] scanning blocks 920699 -> 920699
[2025-10-25 08:34:09.289623] [BG] scanning blocks 920700 -> 920701
[2025-10-25 08:34:09.346631] [BG] scanning blocks 920700 -> 920701
[2025-10-25 08:39:13.291564] [BG] scanning blocks 920700 -> 920701
[2025-10-25 08:39:13.302561] [BG] scanning blocks 920700 -> 920701
[2025-10-25 08:44:18.684218] [BG] scanning blocks 920700 -> 920701
[2025-10-25 08:44:19.050759] [BG] scanning blocks 920700 -> 920701
[2025-10-25 08:49:21.645106] [BG] scanning blocks 920700 -> 920701
[2025-10-25 08:49:22.685753] [BG] scanning blocks 920700 -> 920701
[2025-10-25 08:54:24.486178] [BG] scanning blocks 920700 -> 920701
[2025-10-25 08:54:25.713846] [BG] scanning blocks 920700 -> 920701
[2025-10-25 08:59:30.340508] [BG] scanning blocks 920700 -> 920701
[2025-10-25 08:59:31.748869] [BG] scanning blocks 920700 -> 920701
[2025-10-25 09:04:35.158216] [BG] scanning blocks 920700 -> 920701
[2025-10-25 09:04:38.185300] [BG] scanning blocks 920700 -> 920701
[2025-10-25 09:09:38.966300] [BG] scanning blocks 920700 -> 920701
[2025-10-25 09:09:41.944008] [BG] scanning blocks 920700 -> 920701
[2025-10-25 09:14:44.478262] [BG] scanning blocks 920702 -> 920701
[2025-10-25 09:14:48.024039] [BG] scanning blocks 920702 -> 920701
[2025-10-25 09:19:55.401290] [BG] scanning blocks 920702 -> 920703
[2025-10-25 09:20:01.420785] [BG] scanning blocks 920702 -> 920703
[2025-10-25 09:21:59.717288] [BG] scanning blocks 920702 -> 920703
[2025-10-25 09:24:36.125905] [BG] scanning blocks 920702 -> 920703
[2025-10-25 09:27:07.442128] [BG] scanning blocks 920702 -> 920703
[2025-10-25 09:29:40.600277] [BG] scanning blocks 920702 -> 920703
[2025-10-25 09:32:11.747493] [BG] scanning blocks 920703 -> 920703
[2025-10-25 09:34:46.838186] [BG] scanning blocks 920703 -> 920704
[2025-10-25 09:37:21.171084] [BG] scanning blocks 920704 -> 920704
[2025-10-25 09:39:52.658282] [BG] scanning blocks 920705 -> 920705
[2025-10-25 09:42:28.585446] [BG] scanning blocks 920705 -> 920706
[2025-10-25 09:43:38.309376] [BG] scanning blocks 920705 -> 920706
[2025-10-25 09:45:15.560215] [BG] scanning blocks 920705 -> 920706
[2025-10-25 09:47:35.075484] [BG] scanning blocks 920706 -> 920706
[2025-10-25 09:48:44.505923] [BG] scanning blocks 920706 -> 920707
[2025-10-25 09:50:24.244593] [BG] scanning blocks 920706 -> 920707
[2025-10-25 09:53:16.077461] [BG] scanning blocks 920706 -> 920707
[2025-10-25 09:53:48.266179] [BG] scanning blocks 920706 -> 920707
[2025-10-25 09:55:29.210722] [BG] scanning blocks 920706 -> 920707
[2025-10-25 10:04:41.496091] [BG] scanning blocks 920708 -> 920708
[2025-10-25 10:09:47.711952] [BG] scanning blocks 920708 -> 920709
[2025-10-25 10:14:50.775111] [BG] scanning blocks 920708 -> 920709
[2025-10-25 10:19:53.965495] [BG] scanning blocks 920708 -> 920709
[2025-10-25 10:24:56.845832] [BG] scanning blocks 920709 -> 920709
[2025-10-25 10:30:09.057053] [BG] scanning blocks 920709 -> 920710
[2025-10-25 10:35:12.645989] [BG] scanning blocks 920711 -> 920710
[2025-10-25 10:40:33.078094] [BG] scanning blocks 920712 -> 920712
[2025-10-25 10:45:40.581009] [BG] scanning blocks 920712 -> 920713
[2025-10-25 10:50:45.267605] [BG] scanning blocks 920713 -> 920713
[2025-10-25 10:55:51.941289] [BG] scanning blocks 920713 -> 920714
[2025-10-25 11:00:55.357795] [BG] scanning blocks 920713 -> 920714
[2025-10-25 11:06:05.233210] [BG] scanning blocks 920714 -> 920714
[2025-10-25 11:11:12.160232] [BG] scanning blocks 920715 -> 920715
[2025-10-25 11:16:32.956854] [BG] scanning blocks 920716 -> 920716
[2025-10-25 11:21:43.189281] [BG] scanning blocks 920716 -> 920717
[2025-10-25 11:26:47.392392] [BG] scanning blocks 920716 -> 920717
[2025-10-25 11:31:51.967684] [BG] scanning blocks 920716 -> 920717
[2025-10-25 11:36:57.406409] [BG] scanning blocks 920716 -> 920717
[2025-10-25 11:42:02.548917] [BG] scanning blocks 920720 -> 920717
[2025-10-25 11:47:28.539893] [BG] scanning blocks 920720 -> 920721
[2025-10-25 11:52:34.432024] [BG] scanning blocks 920720 -> 920721
[2025-10-25 11:57:42.010895] [BG] scanning blocks 920721 -> 920721
[2025-10-25 12:03:01.774759] [BG] scanning blocks 920721 -> 920722
[2025-10-25 12:08:10.510878] [BG] scanning blocks 920722 -> 920722
[2025-10-25 12:08:34.823457] [BG] error: HTTPSConnectionPool(host='blockchain.info', port=443): Read timed out.
[2025-10-25 12:13:39.238811] [BG] scanning blocks 920723 -> 920722
[2025-10-25 12:19:06.674977] [BG] scanning blocks 920723 -> 920724
[2025-10-25 12:24:20.036143] [BG] scanning blocks 920723 -> 920724
[2025-10-25 12:29:36.409634] [BG] scanning blocks 920723 -> 920724
[2025-10-25 12:34:43.452319] [BG] scanning blocks 920723 -> 920724
[2025-10-25 12:39:53.561937] [BG] scanning blocks 920723 -> 920724
[2025-10-25 12:45:00.392989] [BG] scanning blocks 920723 -> 920724
[2025-10-25 12:50:07.143049] [BG] scanning blocks 920724 -> 920724
[2025-10-25 12:55:17.412174] [BG] scanning blocks 920725 -> 920725
[2025-10-25 13:00:29.864045] [BG] scanning blocks 920726 -> 920726
[2025-10-25 13:05:42.670189] [BG] scanning blocks 920726 -> 920727
[2025-10-25 13:10:49.699357] [BG] scanning blocks 920726 -> 920727
[2025-10-25 13:15:57.754958] [BG] scanning blocks 920726 -> 920727
[2025-10-25 13:21:09.085191] [BG] scanning blocks 920726 -> 920727
[2025-10-25 13:26:14.909866] [BG] scanning blocks 920726 -> 920727
[2025-10-25 13:31:19.561651] [BG] scanning blocks 920727 -> 920727
[2025-10-25 13:36:37.630096] [BG] scanning blocks 920728 -> 920728
[2025-10-25 13:41:54.913511] [BG] scanning blocks 920730 -> 920729
[2025-10-25 13:47:15.651740] [BG] scanning blocks 920731 -> 920731
[2025-10-25 13:52:32.226901] [BG] scanning blocks 920731 -> 920732
[2025-10-25 13:57:40.788776] [BG] scanning blocks 920731 -> 920732
[2025-10-25 14:02:53.948188] [BG] scanning blocks 920731 -> 920732
[2025-10-25 14:08:00.069009] [BG] scanning blocks 920733 -> 920732
[2025-10-25 14:14:58.826979] [BG] scanning blocks 920733 -> 920734
[2025-10-25 14:20:06.068845] [BG] scanning blocks 920733 -> 920734
[2025-10-25 14:25:15.975330] [BG] scanning blocks 920733 -> 920734
[2025-10-25 14:30:28.064783] [BG] scanning blocks 920733 -> 920734
[2025-10-25 14:35:38.336032] [BG] scanning blocks 920735 -> 920734
[2025-10-25 14:41:14.959368] [BG] scanning blocks 920736 -> 920736
[2025-10-25 14:46:29.180735] [BG] scanning blocks 920736 -> 920737
[2025-10-25 14:51:33.905991] [BG] scanning blocks 920736 -> 920737
[2025-10-26 04:10:22.984230] [BG] scanning blocks 920827 -> 920823
[2025-10-26 04:12:15.196914] [BG] scanning blocks 920827 -> 920828
[2025-10-26 04:12:15.910449] [BG] scanning blocks 920827 -> 920828
[2025-10-26 04:17:21.177000] [BG] scanning blocks 920827 -> 920828
[2025-10-26 04:17:22.523430] [BG] scanning blocks 920827 -> 920828
[2025-10-26 04:22:24.774079] [BG] scanning blocks 920828 -> 920828
[2025-10-26 04:22:26.381875] [BG] scanning blocks 920828 -> 920828
[2025-10-26 04:27:31.535861] [BG] scanning blocks 920828 -> 920829
[2025-10-26 04:27:32.350822] [BG] scanning blocks 920828 -> 920829
[2025-10-26 04:32:34.410035] [BG] scanning blocks 920828 -> 920829
[2025-10-26 04:32:35.030277] [BG] scanning blocks 920828 -> 920829
[2025-10-26 04:37:37.574111] [BG] scanning blocks 920829 -> 920829
[2025-10-26 04:37:40.027005] [BG] scanning blocks 920830 -> 920829
[2025-10-26 04:42:43.124141] [BG] scanning blocks 920830 -> 920831
[2025-10-26 04:43:05.979308] [BG] scanning blocks 920830 -> 920831
[2025-10-26 04:47:51.374361] [BG] scanning blocks 920831 -> 920831
[2025-10-26 04:48:12.576678] [BG] scanning blocks 920831 -> 920831
[2025-10-26 04:53:11.732299] [BG] scanning blocks 920832 -> 920832
[2025-10-26 04:53:19.372110] [BG] scanning blocks 920832 -> 920833
[2025-10-26 04:58:19.442719] [BG] scanning blocks 920834 -> 920833
[2025-10-26 04:58:23.018389] [BG] scanning blocks 920834 -> 920833
[2025-10-26 05:03:28.025981] [BG] scanning blocks 920834 -> 920835
[2025-10-26 05:03:31.539748] [BG] scanning blocks 920834 -> 920835
[2025-10-26 05:08:35.021719] [BG] scanning blocks 920834 -> 920835
[2025-10-26 05:08:37.341254] [BG] scanning blocks 920834 -> 920835
[2025-10-26 05:13:41.184821] [BG] scanning blocks 920835 -> 920835
[2025-10-26 05:13:42.722302] [BG] scanning blocks 920835 -> 920835
[2025-10-26 05:18:49.124369] [BG] scanning blocks 920835 -> 920836
[2025-10-26 05:18:55.055466] [BG] scanning blocks 920835 -> 920836
[2025-10-26 05:23:52.653301] [BG] scanning blocks 920835 -> 920836
[2025-10-26 05:24:03.317866] [BG] scanning blocks 920835 -> 920836
[2025-10-26 05:28:59.392330] [BG] scanning blocks 920836 -> 920836
[2025-10-26 05:29:11.495758] [BG] scanning blocks 920836 -> 920837
[2025-10-26 05:34:06.238806] [BG] scanning blocks 920836 -> 920837
[2025-10-26 05:34:15.087124] [BG] scanning blocks 920836 -> 920837
[2025-10-26 05:39:09.662307] [BG] scanning blocks 920837 -> 920837
[2025-10-26 05:39:18.569693] [BG] scanning blocks 920837 -> 920838
[2025-10-26 05:44:17.920969] [BG] scanning blocks 920837 -> 920838
[2025-10-26 05:44:22.148747] [BG] scanning blocks 920837 -> 920838
[2025-10-26 05:49:22.256040] [BG] scanning blocks 920837 -> 920838
[2025-10-26 05:49:25.554660] [BG] scanning blocks 920837 -> 920838
[2025-10-26 05:54:29.143388] [BG] scanning blocks 920838 -> 920838
[2025-10-26 05:54:33.078330] [BG] scanning blocks 920838 -> 920838
[2025-10-26 05:59:35.335214] [BG] scanning blocks 920838 -> 920839
[2025-10-26 05:59:38.901063] [BG] scanning blocks 920838 -> 920839
[2025-10-26 06:04:39.568685] [BG] scanning blocks 920838 -> 920839
[2025-10-26 06:04:42.946434] [BG] scanning blocks 920838 -> 920839
[2025-10-26 06:09:46.352501] [BG] scanning blocks 920838 -> 920839
[2025-10-26 06:09:50.165456] [BG] scanning blocks 920838 -> 920839
[2025-10-26 06:14:53.642074] [BG] scanning blocks 920838 -> 920839
[2025-10-26 06:14:55.000347] [BG] scanning blocks 920838 -> 920839
[2025-10-26 06:19:58.756604] [BG] scanning blocks 920838 -> 920839
[2025-10-26 06:20:02.072582] [BG] scanning blocks 920838 -> 920839
[2025-10-26 06:25:02.350716] [BG] scanning blocks 920838 -> 920839
[2025-10-26 06:25:05.701086] [BG] scanning blocks 920838 -> 920839
[2025-10-26 06:30:09.497315] [BG] scanning blocks 920839 -> 920840
[2025-10-26 06:30:11.812117] [BG] scanning blocks 920839 -> 920840
[2025-10-26 06:35:13.498324] [BG] scanning blocks 920839 -> 920840
[2025-10-26 06:35:24.240521] [BG] scanning blocks 920839 -> 920840
[2025-10-26 06:40:17.889095] [BG] scanning blocks 920840 -> 920840
[2025-10-26 06:40:28.831423] [BG] scanning blocks 920840 -> 920841
[2025-10-26 06:45:24.738685] [BG] scanning blocks 920840 -> 920841
[2025-10-26 06:45:32.638490] [BG] scanning blocks 920840 -> 920841
[2025-10-26 06:50:37.242150] [BG] scanning blocks 920842 -> 920841
[2025-10-26 06:50:48.789007] [BG] scanning blocks 920842 -> 920841
[2025-10-26 06:55:46.293542] [BG] scanning blocks 920842 -> 920843
[2025-10-26 06:56:22.804395] [BG] scanning blocks 920842 -> 920843
[2025-10-26 07:00:50.050206] [BG] scanning blocks 920842 -> 920843
[2025-10-26 07:01:26.420998] [BG] scanning blocks 920842 -> 920843
[2025-10-26 07:05:57.048531] [BG] scanning blocks 920842 -> 920843
[2025-10-26 07:06:33.100309] [BG] scanning blocks 920842 -> 920843
[2025-10-26 07:11:03.416342] [BG] scanning blocks 920842 -> 920843
[2025-10-26 07:11:38.736384] [BG] scanning blocks 920842 -> 920843
[2025-10-26 07:16:10.778708] [BG] scanning blocks 920842 -> 920843
[2025-10-26 07:16:47.890678] [BG] scanning blocks 920842 -> 920843
[2025-10-26 07:21:15.438605] [BG] scanning blocks 920843 -> 920843
[2025-10-26 07:21:54.671906] [BG] scanning blocks 920843 -> 920844
[2025-10-26 07:26:29.147088] [BG] scanning blocks 920843 -> 920844
[2025-10-26 07:27:01.587529] [BG] scanning blocks 920843 -> 920844
[2025-10-26 07:31:41.690157] [BG] scanning blocks 920844 -> 920844
[2025-10-26 07:32:10.145718] [BG] scanning blocks 920844 -> 920845
[2025-10-26 07:36:50.361210] [BG] scanning blocks 920844 -> 920845
[2025-10-26 07:37:25.865376] [BG] scanning blocks 920844 -> 920845
[2025-10-26 07:41:58.333338] [BG] scanning blocks 920844 -> 920845
[2025-10-26 07:42:33.585561] [BG] scanning blocks 920844 -> 920845
[2025-10-26 07:47:02.207641] [BG] scanning blocks 920844 -> 920845
[2025-10-26 07:47:36.780050] [BG] scanning blocks 920844 -> 920845
[2025-10-26 07:52:10.097311] [BG] scanning blocks 920846 -> 920845
[2025-10-26 07:52:42.297070] [BG] scanning blocks 920846 -> 920847
[2025-10-26 07:57:20.310012] [BG] scanning blocks 920847 -> 920847
[2025-10-26 07:57:32.109852] [BG] error: HTTPSConnectionPool(host='blockchain.info', port=443): Read timed out.
[2025-10-26 07:57:49.333239] [BG] scanning blocks 920847 -> 920847
[2025-10-26 08:02:40.055602] [BG] scanning blocks 920847 -> 920848
[2025-10-26 08:03:00.158638] [BG] scanning blocks 920847 -> 920848
[2025-10-26 08:07:47.007536] [BG] scanning blocks 920848 -> 920848
[2025-10-26 08:08:12.332619] [BG] scanning blocks 920847 -> 920849
[2025-10-26 08:12:57.286993] [BG] scanning blocks 920848 -> 920848
[2025-10-26 08:13:17.427760] [BG] scanning blocks 920848 -> 920849
[2025-10-26 08:18:20.333064] [BG] scanning blocks 920849 -> 920849
[2025-10-26 08:18:23.166544] [BG] scanning blocks 920849 -> 920849
[2025-10-26 08:23:30.874297] [BG] scanning blocks 920849 -> 920850
[2025-10-26 08:23:45.361410] [BG] scanning blocks 920849 -> 920850
[2025-10-26 08:28:34.653225] [BG] scanning blocks 920849 -> 920850
[2025-10-26 08:28:49.005989] [BG] scanning blocks 920849 -> 920850
[2025-10-26 08:33:40.680863] [BG] scanning blocks 920849 -> 920850
[2025-10-26 08:33:54.275918] [BG] scanning blocks 920849 -> 920850
[2025-10-26 08:38:45.228588] [BG] scanning blocks 920851 -> 920850
[2025-10-26 08:38:58.475118] [BG] scanning blocks 920851 -> 920850
[2025-10-26 08:44:09.081876] [BG] scanning blocks 920851 -> 920852
[2025-10-26 08:44:18.771864] [BG] scanning blocks 920851 -> 920852
[2025-10-26 08:49:13.910898] [BG] scanning blocks 920852 -> 920852
[2025-10-26 08:49:22.103861] [BG] scanning blocks 920852 -> 920852
[2025-10-26 08:54:26.400024] [BG] scanning blocks 920853 -> 920853
[2025-10-26 08:54:28.311520] [BG] scanning blocks 920853 -> 920853
[2025-10-26 08:59:35.708471] [BG] scanning blocks 920853 -> 920854
[2025-10-26 08:59:45.047689] [BG] scanning blocks 920853 -> 920854
[2025-10-26 09:04:39.133047] [BG] scanning blocks 920853 -> 920854
[2025-10-26 09:04:48.312138] [BG] scanning blocks 920853 -> 920854
[2025-10-26 09:09:44.586236] [BG] scanning blocks 920853 -> 920854
[2025-10-26 09:09:52.407780] [BG] scanning blocks 920853 -> 920854
[2025-10-26 09:14:48.155142] [BG] scanning blocks 920854 -> 920854
[2025-10-26 09:14:56.813690] [BG] scanning blocks 920854 -> 920855
[2025-10-26 09:19:53.504361] [BG] scanning blocks 920854 -> 920855
[2025-10-26 09:19:59.727427] [BG] scanning blocks 920854 -> 920855
[2025-10-26 09:24:58.588973] [BG] scanning blocks 920855 -> 920855
[2025-10-26 09:25:03.551106] [BG] scanning blocks 920855 -> 920855
[2025-10-26 09:30:05.626589] [BG] scanning blocks 920855 -> 920856
[2025-10-26 09:30:14.791103] [BG] scanning blocks 920855 -> 920856
[2025-10-26 09:35:09.225169] [BG] scanning blocks 920856 -> 920856
[2025-10-26 09:35:18.570651] [BG] scanning blocks 920856 -> 920857
[2025-10-26 09:40:14.517857] [BG] scanning blocks 920856 -> 920857
[2025-10-26 09:40:21.600719] [BG] scanning blocks 920856 -> 920857
[2025-10-26 09:45:19.137243] [BG] scanning blocks 920857 -> 920857
[2025-10-26 09:45:24.984958] [BG] scanning blocks 920857 -> 920858
[2025-10-26 09:50:25.653063] [BG] scanning blocks 920858 -> 920858
[2025-10-26 09:50:28.455564] [BG] scanning blocks 920859 -> 920858
[2025-10-26 09:55:35.596233] [BG] scanning blocks 920860 -> 920859
[2025-10-26 09:55:41.890238] [BG] scanning blocks 920860 -> 920859
[2025-10-26 10:00:44.456364] [BG] scanning blocks 920861 -> 920861
[2025-10-26 10:00:49.752624] [BG] scanning blocks 920861 -> 920862
[2025-10-26 10:05:49.243558] [BG] scanning blocks 920861 -> 920862
[2025-10-26 10:05:52.919064] [BG] scanning blocks 920861 -> 920862
[2025-10-26 10:10:54.098703] [BG] scanning blocks 920861 -> 920862
[2025-10-26 10:10:57.122464] [BG] scanning blocks 920861 -> 920862
[2025-10-26 10:11:32.592722] [BG] scanning blocks 920861 -> 920862
[2025-10-26 10:13:15.206995] [BG] scanning blocks 920861 -> 920862
[2025-10-26 10:15:57.877145] [BG] scanning blocks 920861 -> 920862
[2025-10-26 10:16:00.688197] [BG] scanning blocks 920861 -> 920862
[2025-10-26 10:16:36.949625] [BG] scanning blocks 920861 -> 920862
[2025-10-26 10:18:21.356976] [BG] scanning blocks 920861 -> 920862
[2025-10-26 10:21:02.570812] [BG] scanning blocks 920861 -> 920862
[2025-10-26 10:21:07.163894] [BG] scanning blocks 920861 -> 920862
[2025-10-26 10:21:42.977376] [BG] scanning blocks 920861 -> 920862
[2025-10-26 10:23:25.776580] [BG] scanning blocks 920861 -> 920862
[2025-10-26 10:26:20.874754] [BG] scanning blocks 920861 -> 920862
[2025-10-26 10:31:26.551745] [BG] scanning blocks 920862 -> 920862
[2025-10-26 10:37:47.912501] [BG] scanning blocks 920862 -> 920863
[2025-10-26 10:42:57.025755] [BG] scanning blocks 920863 -> 920863
[2025-10-26 10:44:25.132062] [BG] scanning blocks 920863 -> 920864
[2025-10-26 10:44:25.268127] [BG] scanning blocks 920863 -> 920864
[2025-10-26 10:49:29.435635] [BG] scanning blocks 920863 -> 920864
[2025-10-26 10:49:30.032126] [BG] scanning blocks 920863 -> 920864
[2025-10-26 10:54:34.969293] [BG] scanning blocks 920864 -> 920864
[2025-10-26 10:54:35.059818] [BG] scanning blocks 920864 -> 920864
[2025-10-26 10:59:44.740905] [BG] scanning blocks 920864 -> 920865
[2025-10-26 10:59:45.192322] [BG] scanning blocks 920864 -> 920865
[2025-10-26 11:04:48.351682] [BG] scanning blocks 920864 -> 920865
[2025-10-26 11:04:48.724838] [BG] scanning blocks 920864 -> 920865
[2025-10-26 11:09:52.523924] [BG] scanning blocks 920864 -> 920865
[2025-10-26 11:09:53.712886] [BG] scanning blocks 920864 -> 920865
[2025-10-26 11:14:58.287019] [BG] scanning blocks 920867 -> 920865
[2025-10-26 11:14:58.991933] [BG] scanning blocks 920866 -> 920865
[2025-10-26 11:20:18.984160] [BG] scanning blocks 920868 -> 920867
[2025-10-26 11:20:23.206525] [BG] scanning blocks 920868 -> 920867
[2025-10-26 11:25:35.163718] [BG] scanning blocks 920869 -> 920869
[2025-10-26 11:25:35.355235] [BG] scanning blocks 920869 -> 920869
[2025-10-26 11:30:47.008450] [BG] scanning blocks 920869 -> 920870
[2025-10-26 11:30:47.147971] [BG] scanning blocks 920869 -> 920870
[2025-10-26 11:35:52.376046] [BG] scanning blocks 920869 -> 920870
[2025-10-26 11:35:53.155223] [BG] scanning blocks 920869 -> 920870
[2025-10-26 11:40:57.732332] [BG] scanning blocks 920869 -> 920870
[2025-10-26 11:40:59.979243] [BG] scanning blocks 920869 -> 920870
[2025-10-26 11:46:02.973044] [BG] scanning blocks 920871 -> 920870
[2025-10-26 11:46:05.116540] [BG] scanning blocks 920871 -> 920870
[2025-10-26 11:51:19.466126] [BG] scanning blocks 920871 -> 920872
[2025-10-26 11:51:28.475158] [BG] scanning blocks 920871 -> 920872
[2025-10-26 11:56:25.756164] [BG] scanning blocks 920873 -> 920872
[2025-10-26 11:56:38.605112] [BG] scanning blocks 920873 -> 920872
[2025-10-26 12:00:57.628328] [BG] scanning blocks 920873 -> 920874
[2025-10-26 12:01:56.322803] [BG] error: HTTPSConnectionPool(host='blockchain.info', port=443): Read timed out.
[2025-10-26 12:01:58.744965] [BG] scanning blocks 920874 -> 920874
[2025-10-26 12:02:16.571858] [BG] scanning blocks 920874 -> 920875
[2025-10-26 12:04:12.303534] [BG] scanning blocks 920874 -> 920875
[2025-10-26 12:09:17.963961] [BG] scanning blocks 920875 -> 920875
[2025-10-26 12:10:11.966329] [BG] scanning blocks 920875 -> 920876
[2025-10-26 12:14:36.119923] [BG] scanning blocks 920875 -> 920876
[2025-10-26 12:15:27.370892] [BG] scanning blocks 920875 -> 920876
[2025-10-26 12:19:45.362342] [BG] scanning blocks 920875 -> 920876
[2025-10-26 12:20:37.053347] [BG] scanning blocks 920875 -> 920876
[2025-10-26 12:24:57.525428] [BG] scanning blocks 920875 -> 920876
[2025-10-26 12:25:44.812936] [BG] scanning blocks 920875 -> 920876
[2025-10-26 12:30:05.233072] [BG] scanning blocks 920875 -> 920876
[2025-10-26 12:30:50.024931] [BG] scanning blocks 920875 -> 920876
[2025-10-26 12:35:13.621186] [BG] scanning blocks 920875 -> 920876
[2025-10-26 12:35:57.751219] [BG] scanning blocks 920876 -> 920876
[2025-10-26 12:40:18.234954] [BG] scanning blocks 920876 -> 920877
[2025-10-26 12:41:25.716727] [BG] scanning blocks 920876 -> 920877
[2025-10-26 12:45:24.131608] [BG] scanning blocks 920877 -> 920877
[2025-10-26 12:46:33.516026] [BG] scanning blocks 920878 -> 920878
[2025-10-26 12:50:40.010738] [BG] scanning blocks 920878 -> 920879
[2025-10-26 12:51:57.821530] [BG] scanning blocks 920878 -> 920879
[2025-10-26 12:52:20.077429] [BG] scanning blocks 920878 -> 920879
[2025-10-26 12:55:46.113050] [BG] scanning blocks 920878 -> 920879
[2025-10-26 12:57:03.923930] [BG] scanning blocks 920878 -> 920879
[2025-10-26 12:57:22.809998] [BG] scanning blocks 920878 -> 920879
[2025-10-26 12:57:26.052112] [BG] scanning blocks 920878 -> 920879
[2025-10-26 13:00:52.023188] [BG] scanning blocks 920880 -> 920879
[2025-10-26 13:02:10.092766] [BG] scanning blocks 920879 -> 920881
[2025-10-26 13:02:30.962498] [BG] scanning blocks 920881 -> 920880
[2025-10-26 13:02:32.937616] [BG] scanning blocks 920881 -> 920880
[2025-10-26 13:06:28.851717] [BG] scanning blocks 920881 -> 920882
[2025-10-26 13:07:17.384905] [BG] scanning blocks 920881 -> 920882
[2025-10-26 13:07:59.842992] [BG] scanning blocks 920882 -> 920882
[2025-10-26 13:08:19.132879] [BG] scanning blocks 920882 -> 920882
[2025-10-26 13:11:34.616570] [BG] scanning blocks 920883 -> 920883
[2025-10-26 13:12:22.180468] [BG] scanning blocks 920883 -> 920884
[2025-10-26 13:13:27.801738] [BG] scanning blocks 920883 -> 920884
[2025-10-26 13:13:42.773494] [BG] scanning blocks 920883 -> 920884
[2025-10-26 13:16:43.510411] [BG] scanning blocks 920883 -> 920884
[2025-10-26 13:17:27.102267] [BG] scanning blocks 920884 -> 920884
[2025-10-26 13:18:43.236725] [BG] scanning blocks 920883 -> 920885
[2025-10-26 13:19:01.171353] [BG] scanning blocks 920884 -> 920884
[2025-10-26 13:19:19.425589] [BG] scanning blocks 920884 -> 920885
[2025-10-26 13:19:26.625713] [BG] scanning blocks 920884 -> 920885
[2025-10-26 13:19:28.021374] [BG] scanning blocks 920884 -> 920885
[2025-10-26 13:22:17.575863] [BG] scanning blocks 920885 -> 920885
[2025-10-26 13:25:01.367320] [BG] scanning blocks 920885 -> 920886
[2025-10-26 13:25:02.288464] [BG] scanning blocks 920885 -> 920886
[2025-10-26 13:25:03.328405] [BG] scanning blocks 920885 -> 920886
[2025-10-26 13:25:03.585423] [BG] scanning blocks 920885 -> 920886
[2025-10-26 13:25:03.690429] [BG] scanning blocks 920885 -> 920886
[2025-10-26 13:25:05.094991] [BG] scanning blocks 920885 -> 920886
[2025-10-26 13:27:36.589625] [BG] scanning blocks 920886 -> 920886
[2025-10-26 13:27:48.388485] [BG] error: HTTPSConnectionPool(host='blockchain.info', port=443): Read timed out. (read timeout=10)
[2025-10-26 13:30:10.240863] [BG] scanning blocks 920886 -> 920886
[2025-10-26 13:30:10.585453] [BG] scanning blocks 920886 -> 920886
[2025-10-26 13:30:11.828926] [BG] scanning blocks 920886 -> 920886
[2025-10-26 13:30:13.078934] [BG] scanning blocks 920886 -> 920886
[2025-10-26 13:30:15.194715] [BG] scanning blocks 920886 -> 920886
[2025-10-26 13:30:27.976904] [BG] scanning blocks 920886 -> 920886
[2025-10-26 13:31:06.131364] [BG] scanning blocks 920886 -> 920887
[2025-10-26 13:32:57.020496] [BG] scanning blocks 920886 -> 920887
[2025-10-26 13:35:25.040688] [BG] scanning blocks 920886 -> 920887
[2025-10-26 13:35:31.629121] [BG] scanning blocks 920886 -> 920887
[2025-10-26 13:35:32.885862] [BG] scanning blocks 920886 -> 920887
[2025-10-26 13:35:41.711380] [BG] scanning blocks 920886 -> 920887
[2025-10-26 13:35:42.999688] [BG] scanning blocks 920886 -> 920887
[2025-10-26 13:35:46.634368] [BG] scanning blocks 920886 -> 920887
[2025-10-26 13:36:31.233829] [BG] scanning blocks 920886 -> 920887
[2025-10-26 13:38:13.153055] [BG] scanning blocks 920888 -> 920887
[2025-10-26 13:40:51.106092] [BG] scanning blocks 920888 -> 920889
[2025-10-26 13:40:53.401379] [BG] scanning blocks 920888 -> 920889
[2025-10-26 13:41:11.762984] [BG] scanning blocks 920888 -> 920889
[2025-10-26 13:41:22.328490] [BG] scanning blocks 920888 -> 920889
[2025-10-26 13:41:23.496393] [BG] scanning blocks 920888 -> 920889
[2025-10-26 13:41:57.358118] [BG] scanning blocks 920888 -> 920889
[2025-10-26 13:44:10.218442] [BG] scanning blocks 920888 -> 920889
[2025-10-26 13:44:17.030674] [BG] scanning blocks 920888 -> 920889
[2025-10-26 13:46:15.534202] [BG] scanning blocks 920888 -> 920889
[2025-10-26 13:46:28.440077] [BG] scanning blocks 920888 -> 920889
[2025-10-26 13:46:50.714146] [BG] scanning blocks 920888 -> 920889
[2025-10-26 13:46:53.596541] [BG] scanning blocks 920888 -> 920889
[2025-10-26 13:47:03.218579] [BG] scanning blocks 920888 -> 920889
[2025-10-26 13:47:29.522383] [BG] scanning blocks 920888 -> 920889
[2025-10-26 13:49:23.515621] [BG] scanning blocks 920888 -> 920889
[2025-10-26 13:49:30.260682] [BG] scanning blocks 920888 -> 920889
[2025-10-26 13:51:32.255616] [BG] scanning blocks 920888 -> 920889
[2025-10-26 13:51:41.341802] [BG] scanning blocks 920888 -> 920889
[2025-10-26 13:52:06.679708] [BG] scanning blocks 920888 -> 920889
[2025-10-26 13:52:09.442942] [BG] scanning blocks 920888 -> 920889
[2025-10-26 13:52:14.268986] [BG] scanning blocks 920888 -> 920889
[2025-10-26 13:52:39.652456] [BG] scanning blocks 920888 -> 920889
[2025-10-26 13:54:31.439605] [BG] scanning blocks 920889 -> 920889
[2025-10-26 13:54:38.377274] [BG] scanning blocks 920889 -> 920889
[2025-10-26 13:57:00.397415] [BG] scanning blocks 920890 -> 920890
[2025-10-26 13:57:19.444620] [BG] scanning blocks 920889 -> 920890
[2025-10-26 13:57:24.438003] [BG] error: HTTPSConnectionPool(host='blockchain.info', port=443): Read timed out.
[2025-10-26 13:57:38.108528] [BG] scanning blocks 920890 -> 920891
[2025-10-26 13:57:40.466172] [BG] scanning blocks 920890 -> 920890
[2025-10-26 13:58:12.881576] [BG] scanning blocks 920890 -> 920891
[2025-10-26 13:58:40.590723] [BG] scanning blocks 920890 -> 920891
[2025-10-26 14:00:17.724782] [BG] scanning blocks 920890 -> 920891
[2025-10-26 14:00:27.250249] [BG] scanning blocks 920890 -> 920891
[2025-10-26 14:02:30.293651] [BG] scanning blocks 920890 -> 920891
[2025-10-26 14:02:31.551273] [BG] scanning blocks 920890 -> 920891
[2025-10-26 14:02:33.189939] [BG] scanning blocks 920890 -> 920891
[2025-10-26 14:02:46.717756] [BG] scanning blocks 920890 -> 920891
[2025-10-26 14:03:22.270102] [BG] scanning blocks 920890 -> 920891
[2025-10-26 14:03:28.994613] [BG] scanning blocks 920890 -> 920891
[2025-10-26 14:03:48.920899] [BG] scanning blocks 920890 -> 920891
[2025-10-26 14:05:31.800041] [BG] scanning blocks 920890 -> 920891
[2025-10-26 14:05:35.744225] [BG] scanning blocks 920890 -> 920891
[2025-10-26 14:07:44.171633] [BG] scanning blocks 920890 -> 920891
[2025-10-26 14:07:44.476750] [BG] scanning blocks 920890 -> 920891
[2025-10-26 14:07:44.732834] [BG] scanning blocks 920890 -> 920891
[2025-10-26 14:07:59.749922] [BG] scanning blocks 920890 -> 920891
[2025-10-26 14:08:29.612546] [BG] scanning blocks 920890 -> 920891
[2025-10-26 14:08:54.025554] [BG] scanning blocks 920890 -> 920891
[2025-10-26 14:08:58.640926] [BG] scanning blocks 920890 -> 920891
[2025-10-26 14:10:47.168565] [BG] scanning blocks 920890 -> 920891
[2025-10-26 14:10:48.516572] [BG] scanning blocks 920890 -> 920891
[2025-10-26 14:13:00.471944] [BG] scanning blocks 920890 -> 920891
[2025-10-26 14:13:01.313260] [BG] scanning blocks 920890 -> 920891
[2025-10-26 14:13:02.553204] [BG] scanning blocks 920890 -> 920891
[2025-10-26 14:13:17.565166] [BG] scanning blocks 920890 -> 920891
[2025-10-26 14:13:49.058194] [BG] scanning blocks 920890 -> 920891
[2025-10-26 14:14:12.735313] [BG] scanning blocks 920890 -> 920891
[2025-10-26 14:14:15.915941] [BG] scanning blocks 920890 -> 920891
[2025-10-26 14:16:01.375222] [BG] scanning blocks 920890 -> 920891
[2025-10-26 14:16:01.961283] [BG] scanning blocks 920890 -> 920891
[2025-10-26 14:18:18.945261] [BG] scanning blocks 920890 -> 920891
[2025-10-26 14:18:19.387969] [BG] scanning blocks 920890 -> 920891
[2025-10-26 14:18:25.317317] [BG] scanning blocks 920890 -> 920891
[2025-10-26 14:18:32.643854] [BG] error: HTTPSConnectionPool(host='blockchain.info', port=443): Read timed out.
[2025-10-26 14:18:56.322027] [BG] scanning blocks 920890 -> 920891
[2025-10-26 14:19:25.208287] [BG] scanning blocks 920890 -> 920891
[2025-10-26 14:19:30.610750] [BG] scanning blocks 920890 -> 920891
[2025-10-26 14:21:12.721503] [BG] scanning blocks 920890 -> 920891
[2025-10-26 14:21:14.304670] [BG] scanning blocks 920890 -> 920891
[2025-10-26 14:23:36.712361] [BG] scanning blocks 920892 -> 920891
[2025-10-26 14:23:38.119004] [BG] scanning blocks 920892 -> 920891
[2025-10-26 14:23:38.858867] [BG] scanning blocks 920892 -> 920891
[2025-10-26 14:23:45.783650] [BG] scanning blocks 920892 -> 920891
[2025-10-26 14:24:07.914879] [BG] scanning blocks 920892 -> 920891
[2025-10-26 14:24:37.827530] [BG] scanning blocks 920892 -> 920891
[2025-10-26 14:24:50.127921] [BG] scanning blocks 920892 -> 920893
[2025-10-26 14:24:54.095765] [BG] error: ('Connection aborted.', RemoteDisconnected('Remote end closed connection without response'))
[2025-10-26 14:26:26.076987] [BG] scanning blocks 920892 -> 920893
[2025-10-26 14:26:26.920136] [BG] scanning blocks 920892 -> 920893
[2025-10-26 14:27:22.814658] [BG] scanning blocks 920892 -> 920893
[2025-10-26 14:30:04.038101] [BG] scanning blocks 920892 -> 920893
[2025-10-26 14:30:09.344179] [BG] scanning blocks 920892 -> 920893
[2025-10-26 14:30:37.371567] [BG] scanning blocks 920892 -> 920893
[2025-10-26 14:31:36.468936] [BG] scanning blocks 920893 -> 920893
[2025-10-26 14:31:44.104486] [BG] scanning blocks 920893 -> 920893
[2025-10-26 14:32:08.551731] [BG] scanning blocks 920893 -> 920894
[2025-10-26 14:32:21.347002] [BG] scanning blocks 920893 -> 920894
[2025-10-26 14:32:31.639140] [BG] scanning blocks 920893 -> 920894
[2025-10-26 14:32:32.287280] [BG] scanning blocks 920893 -> 920894
[2025-10-26 14:32:36.119245] [BG] scanning blocks 920893 -> 920894
[2025-10-26 14:32:51.588124] [BG] scanning blocks 920894 -> 920894
[2025-10-26 14:35:27.052457] [BG] scanning blocks 920894 -> 920895
[2025-10-26 14:35:31.859559] [BG] scanning blocks 920894 -> 920895
[2025-10-26 14:35:57.421377] [BG] scanning blocks 920894 -> 920895
[2025-10-26 14:37:09.067884] [BG] scanning blocks 920894 -> 920895
[2025-10-26 14:37:37.817432] [BG] scanning blocks 920894 -> 920895
[2025-10-26 14:37:46.167423] [BG] scanning blocks 920894 -> 920895
[2025-10-26 14:37:51.671109] [BG] scanning blocks 920894 -> 920895
[2025-10-26 14:37:58.557112] [BG] scanning blocks 920894 -> 920895
[2025-10-26 14:37:58.874839] [BG] scanning blocks 920894 -> 920895
[2025-10-26 14:38:06.473197] [BG] scanning blocks 920894 -> 920895
[2025-10-26 14:38:24.761147] [BG] scanning blocks 920894 -> 920895
[2025-10-26 14:40:56.768803] [BG] scanning blocks 920894 -> 920895
[2025-10-26 14:40:57.709308] [BG] scanning blocks 920894 -> 920895
[2025-10-26 14:41:20.009110] [BG] scanning blocks 920894 -> 920895
[2025-10-26 14:42:21.634886] [BG] scanning blocks 920894 -> 920895
[2025-10-26 14:42:53.509905] [BG] scanning blocks 920894 -> 920895
[2025-10-26 14:43:01.265599] [BG] scanning blocks 920894 -> 920895
[2025-10-26 14:43:04.568733] [BG] scanning blocks 920894 -> 920895
[2025-10-26 14:43:25.156286] [BG] scanning blocks 920894 -> 920895
[2025-10-26 14:43:27.120915] [BG] scanning blocks 920894 -> 920895
[2025-10-26 14:43:30.656418] [BG] scanning blocks 920894 -> 920895
[2025-10-26 14:43:45.618727] [BG] scanning blocks 920894 -> 920895
[2025-10-26 14:46:20.292740] [BG] scanning blocks 920895 -> 920895
[2025-10-26 14:46:20.808503] [BG] scanning blocks 920895 -> 920895
[2025-10-26 14:46:36.001345] [BG] error: HTTPSConnectionPool(host='blockchain.info', port=443): Read timed out.
[2025-10-26 14:46:37.930586] [BG] scanning blocks 920895 -> 920895
[2025-10-26 14:47:31.762665] [BG] scanning blocks 920895 -> 920896
[2025-10-26 14:48:08.664488] [BG] scanning blocks 920895 -> 920896
[2025-10-26 14:48:15.809348] [BG] scanning blocks 920895 -> 920896
[2025-10-26 14:48:18.865424] [BG] scanning blocks 920895 -> 920896
[2025-10-26 14:48:35.382884] [BG] scanning blocks 920895 -> 920896
[2025-10-26 14:48:36.943949] [BG] scanning blocks 920895 -> 920896
[2025-10-26 14:48:48.313677] [BG] scanning blocks 920895 -> 920896
[2025-10-26 14:48:57.270969] [BG] scanning blocks 920895 -> 920896
[2025-10-26 14:51:59.361237] [BG] scanning blocks 920896 -> 920896
[2025-10-26 14:52:47.394354] [BG] scanning blocks 920896 -> 920896
[2025-10-26 14:52:47.762410] [BG] scanning blocks 920896 -> 920896
[2025-10-26 14:53:06.982971] [BG] error: HTTPSConnectionPool(host='blockchain.info', port=443): Max retries exceeded with url: /block-height/920896?format=json (Caused by SSLError(SSLEOFError(8, 'EOF occurred in violation of protocol (_ssl.c:2427)')))
[2025-10-26 14:53:11.630444] [BG] scanning blocks 920896 -> 920897
[2025-10-26 14:53:35.759859] [BG] scanning blocks 920896 -> 920897
[2025-10-26 14:53:40.634791] [BG] scanning blocks 920896 -> 920897
[2025-10-26 14:53:49.664505] [BG] scanning blocks 920896 -> 920897
[2025-10-26 14:53:57.811098] [BG] scanning blocks 920896 -> 920897
[2025-10-26 14:54:01.070992] [BG] scanning blocks 920896 -> 920897
[2025-10-26 14:54:23.427181] [BG] scanning blocks 920896 -> 920897
[2025-10-26 14:54:23.611230] [BG] scanning blocks 920896 -> 920897
[2025-10-26 14:56:39.373159] [BG] scanning blocks 920897 -> 920893
[2025-10-26 14:57:36.993175] [BG] scanning blocks 920897 -> 920897
[2025-10-26 14:58:23.053868] [BG] scanning blocks 920897 -> 920898
[2025-10-26 14:58:27.554561] [BG] scanning blocks 920897 -> 920898
[2025-10-26 14:58:51.999263] [BG] scanning blocks 920897 -> 920898
[2025-10-26 14:58:56.962799] [BG] scanning blocks 920897 -> 920898
[2025-10-26 14:58:58.913210] [BG] scanning blocks 920897 -> 920898
[2025-10-26 14:59:11.565287] [BG] scanning blocks 920897 -> 920898
[2025-10-26 14:59:21.133751] [BG] scanning blocks 920897 -> 920898
[2025-10-26 14:59:21.355952] [BG] scanning blocks 920897 -> 920898
[2025-10-26 15:14:23.902775] [BG] scanning blocks 920899 -> 920898
[2025-10-26 15:20:03.446579] [BG] scanning blocks 920899 -> 920900
[2025-10-26 15:25:12.498658] [BG] scanning blocks 920899 -> 920900
[2025-10-26 15:30:19.725097] [BG] scanning blocks 920899 -> 920900
[2025-10-26 15:35:26.136745] [BG] scanning blocks 920900 -> 920900
[2025-10-26 15:40:46.519383] [BG] scanning blocks 920900 -> 920901
[2025-10-26 15:45:22.590730] [BG] scanning blocks 920900 -> 920901
[2025-10-26 15:45:55.911696] [BG] scanning blocks 920900 -> 920901
[2025-10-26 15:50:31.866881] [BG] scanning blocks 920900 -> 920901
[2025-10-26 15:51:09.838890] [BG] scanning blocks 920900 -> 920901
[2025-10-26 15:55:40.529061] [BG] scanning blocks 920900 -> 920901
[2025-10-26 15:56:15.724180] [BG] scanning blocks 920900 -> 920901
[2025-10-26 15:56:57.628624] [BG] scanning blocks 920900 -> 920901
[2025-10-26 16:00:46.956451] [BG] scanning blocks 920900 -> 920901
[2025-10-26 16:01:22.400538] [BG] scanning blocks 920901 -> 920901
[2025-10-26 16:07:46.029469] [BG] scanning blocks 920902 -> 920902
[2025-10-26 16:13:37.675936] [BG] scanning blocks 920902 -> 920903
[2025-10-26 16:14:13.489890] [BG] scanning blocks 920902 -> 920903
[2025-10-26 16:18:42.833881] [BG] scanning blocks 920902 -> 920903
[2025-10-26 16:19:18.609801] [BG] scanning blocks 920902 -> 920903
[2025-10-26 16:19:20.185721] [BG] scanning blocks 920902 -> 920903
[2025-10-26 16:23:47.681050] [BG] scanning blocks 920902 -> 920903
[2025-10-26 16:24:25.951913] [BG] scanning blocks 920902 -> 920903
[2025-10-26 16:24:27.251346] [BG] scanning blocks 920902 -> 920903
[2025-10-26 16:28:52.170205] [BG] scanning blocks 920902 -> 920903
[2025-10-26 16:29:32.052919] [BG] scanning blocks 920903 -> 920903
[2025-10-26 16:29:32.686925] [BG] scanning blocks 920903 -> 920903
[2025-10-26 16:33:58.056085] [BG] scanning blocks 920905 -> 920904
[2025-10-26 16:34:54.153509] [BG] scanning blocks 920905 -> 920906
[2025-10-26 16:35:36.930924] [BG] scanning blocks 920905 -> 920906
[2025-10-26 16:35:49.226739] [BG] scanning blocks 920905 -> 920906
[2025-10-26 16:39:20.627914] [BG] scanning blocks 920905 -> 920906
[2025-10-26 16:40:08.425849] [BG] scanning blocks 920905 -> 920906
[2025-10-26 16:40:55.866729] [BG] error: HTTPSConnectionPool(host='blockchain.info', port=443): Read timed out.
[2025-10-26 16:41:06.708253] [BG] scanning blocks 920906 -> 920906
[2025-10-26 16:43:10.690146] [BG] scanning blocks 920906 -> 920907
[2025-10-26 16:48:16.758636] [BG] scanning blocks 920906 -> 920907
[2025-10-26 16:53:22.507867] [BG] scanning blocks 920906 -> 920907
[2025-10-26 16:58:28.590699] [BG] scanning blocks 920906 -> 920907
[2025-10-26 17:03:33.967589] [BG] scanning blocks 920906 -> 920907
[2025-10-26 17:08:41.607312] [BG] scanning blocks 920906 -> 920907
[2025-10-26 17:13:48.447718] [BG] scanning blocks 920907 -> 920907
[2025-10-26 17:19:02.472326] [BG] scanning blocks 920907 -> 920908
[2025-10-26 17:24:09.239027] [BG] scanning blocks 920908 -> 920908
[2025-10-26 17:29:42.535601] [BG] scanning blocks 920909 -> 920909
[2025-10-26 17:35:05.180379] [BG] scanning blocks 920909 -> 920910
[2025-10-26 17:35:09.311487] [BG] scanning blocks 920909 -> 920910
[2025-10-26 17:40:11.720813] [BG] scanning blocks 920910 -> 920910
[2025-10-26 17:40:13.962260] [BG] scanning blocks 920910 -> 920910
[2025-10-26 17:45:21.217648] [BG] scanning blocks 920910 -> 920911
[2025-10-26 17:45:50.265915] [BG] scanning blocks 920910 -> 920911
[2025-10-26 17:50:27.154609] [BG] scanning blocks 920911 -> 920911
[2025-10-26 17:50:55.244913] [BG] scanning blocks 920911 -> 920912
[2025-10-26 17:55:34.633719] [BG] scanning blocks 920911 -> 920912
[2025-10-26 17:55:59.753863] [BG] scanning blocks 920911 -> 920912
[2025-10-26 18:00:38.589576] [BG] scanning blocks 920911 -> 920912
[2025-10-26 18:01:04.256066] [BG] scanning blocks 920911 -> 920912
[2025-10-26 18:05:42.958445] [BG] scanning blocks 920912 -> 920912
[2025-10-26 18:06:09.352653] [BG] scanning blocks 920912 -> 920912
[2025-10-26 18:06:12.219654] [BG] error: Response ended prematurely
[2025-10-26 18:11:19.599287] [BG] scanning blocks 920913 -> 920913
[2025-10-26 18:11:24.645153] [BG] scanning blocks 920913 -> 920913
[2025-10-26 18:16:33.424988] [BG] scanning blocks 920913 -> 920914
[2025-10-26 18:16:36.548547] [BG] scanning blocks 920913 -> 920914
[2025-10-26 18:21:37.111103] [BG] scanning blocks 920915 -> 920914
[2025-10-26 18:21:41.218439] [BG] scanning blocks 920915 -> 920914
[2025-10-26 18:27:42.325377] [BG] scanning blocks 920915 -> 920916
[2025-10-26 18:27:58.781853] [BG] scanning blocks 920915 -> 920916
[2025-10-26 18:32:46.323150] [BG] scanning blocks 920915 -> 920916
[2025-10-26 18:33:05.918616] [BG] scanning blocks 920915 -> 920916
[2025-10-26 18:37:50.297423] [BG] scanning blocks 920916 -> 920916
[2025-10-26 18:38:12.326459] [BG] scanning blocks 920916 -> 920917
[2025-10-26 18:42:59.357015] [BG] scanning blocks 920916 -> 920917
[2025-10-26 18:43:16.554258] [BG] scanning blocks 920916 -> 920917
[2025-10-26 18:48:03.574280] [BG] scanning blocks 920918 -> 920917
[2025-10-26 18:48:20.024037] [BG] scanning blocks 920918 -> 920919
[2025-10-26 18:53:14.838062] [BG] scanning blocks 920918 -> 920919
[2025-10-26 18:53:23.179927] [BG] scanning blocks 920918 -> 920919
[2025-10-26 18:58:17.834178] [BG] scanning blocks 920919 -> 920919
[2025-10-26 18:58:26.442691] [BG] scanning blocks 920919 -> 920920
[2025-10-26 19:03:25.043275] [BG] scanning blocks 920919 -> 920920
[2025-10-26 19:03:31.059783] [BG] scanning blocks 920919 -> 920920
[2025-10-26 19:08:28.493496] [BG] scanning blocks 920919 -> 920920
[2025-10-26 19:08:34.508758] [BG] scanning blocks 920919 -> 920920
[2025-10-26 19:13:32.629499] [BG] scanning blocks 920919 -> 920920
[2025-10-26 19:13:37.827298] [BG] scanning blocks 920919 -> 920920
[2025-10-26 19:18:36.561260] [BG] scanning blocks 920919 -> 920920
[2025-10-26 19:18:41.127352] [BG] scanning blocks 920919 -> 920920
[2025-10-26 19:23:40.366230] [BG] scanning blocks 920920 -> 920920
[2025-10-26 19:23:45.211038] [BG] scanning blocks 920920 -> 920920
[2025-10-26 19:28:47.694902] [BG] scanning blocks 920921 -> 920921
[2025-10-26 19:28:52.637547] [BG] scanning blocks 920921 -> 920922
[2025-10-26 19:33:53.029441] [BG] scanning blocks 920922 -> 920922
[2025-10-26 19:33:55.938834] [BG] scanning blocks 920922 -> 920922
[2025-10-26 19:38:58.806712] [BG] scanning blocks 920922 -> 920923
[2025-10-26 19:39:00.773117] [BG] scanning blocks 920922 -> 920923
[2025-10-26 19:44:02.716419] [BG] scanning blocks 920922 -> 920923
[2025-10-26 19:44:04.602352] [BG] scanning blocks 920922 -> 920923
[2025-10-26 19:49:06.325992] [BG] scanning blocks 920922 -> 920923
[2025-10-26 19:49:07.657376] [BG] scanning blocks 920922 -> 920923
[2025-10-26 19:54:10.812680] [BG] scanning blocks 920923 -> 920923
[2025-10-26 19:54:11.147703] [BG] scanning blocks 920923 -> 920923
[2025-10-26 19:59:16.753204] [BG] scanning blocks 920924 -> 920924
[2025-10-26 19:59:17.383955] [BG] scanning blocks 920924 -> 920924
[2025-10-26 20:04:22.427352] [BG] scanning blocks 920924 -> 920925
[2025-10-26 20:04:26.914800] [BG] scanning blocks 920924 -> 920925
[2025-10-26 20:09:25.546152] [BG] scanning blocks 920925 -> 920925
[2025-10-26 20:09:30.100917] [BG] scanning blocks 920925 -> 920925
[2025-10-26 20:14:32.047052] [BG] scanning blocks 920925 -> 920926
[2025-10-26 20:14:37.067574] [BG] scanning blocks 920925 -> 920926
[2025-10-26 20:19:35.103008] [BG] scanning blocks 920925 -> 920926
[2025-10-26 20:19:40.295580] [BG] scanning blocks 920925 -> 920926
[2025-10-26 20:24:38.031328] [BG] scanning blocks 920926 -> 920926
[2025-10-26 20:24:43.295568] [BG] scanning blocks 920926 -> 920927
[2025-10-26 20:29:43.791665] [BG] scanning blocks 920927 -> 920927
[2025-10-26 20:29:47.040404] [BG] scanning blocks 920927 -> 920927
[2025-10-26 20:34:50.444814] [BG] scanning blocks 920927 -> 920928
[2025-10-26 20:34:51.239054] [BG] scanning blocks 920927 -> 920928
[2025-10-26 20:39:53.604443] [BG] scanning blocks 920928 -> 920928
[2025-10-26 20:39:54.383830] [BG] scanning blocks 920929 -> 920928
[2025-10-26 20:44:59.580890] [BG] scanning blocks 920929 -> 920930
[2025-10-26 20:45:04.919675] [BG] scanning blocks 920929 -> 920930
[2025-10-26 20:50:02.783264] [BG] scanning blocks 920931 -> 920930
[2025-10-26 20:50:09.881501] [BG] scanning blocks 920931 -> 920930
[2025-10-26 20:55:15.151501] [BG] scanning blocks 920931 -> 920932
[2025-10-26 20:55:20.123776] [BG] scanning blocks 920931 -> 920932
[2025-10-26 21:00:18.468907] [BG] scanning blocks 920931 -> 920932
[2025-10-26 21:00:23.469985] [BG] scanning blocks 920931 -> 920932
[2025-10-26 21:05:21.303950] [BG] scanning blocks 920931 -> 920932
[2025-10-26 21:05:26.744648] [BG] scanning blocks 920931 -> 920932
[2025-10-26 21:10:24.355717] [BG] scanning blocks 920932 -> 920932
[2025-10-26 21:10:29.761598] [BG] scanning blocks 920932 -> 920933
[2025-10-26 21:15:30.563563] [BG] scanning blocks 920932 -> 920933
[2025-10-26 21:15:33.006250] [BG] scanning blocks 920932 -> 920933
[2025-10-26 21:20:33.853891] [BG] scanning blocks 920933 -> 920933
[2025-10-26 21:20:35.998090] [BG] scanning blocks 920933 -> 920933
[2025-10-26 21:25:40.122258] [BG] scanning blocks 920933 -> 920934
[2025-10-26 21:25:41.062262] [BG] scanning blocks 920933 -> 920934
[2025-10-26 21:30:43.503251] [BG] scanning blocks 920933 -> 920934
[2025-10-26 21:30:44.538494] [BG] scanning blocks 920933 -> 920934
[2025-10-26 21:35:46.742677] [BG] scanning blocks 920935 -> 920934
[2025-10-26 21:35:47.759415] [BG] scanning blocks 920935 -> 920934
[2025-10-26 21:40:57.947453] [BG] scanning blocks 920936 -> 920936
[2025-10-26 21:40:58.082481] [BG] scanning blocks 920936 -> 920936
[2025-10-26 21:46:03.373664] [BG] scanning blocks 920936 -> 920937
[2025-10-26 21:46:04.060245] [BG] scanning blocks 920936 -> 920937
[2025-10-26 21:51:06.758882] [BG] scanning blocks 920937 -> 920937
[2025-10-26 21:51:08.510713] [BG] scanning blocks 920937 -> 920937
[2025-10-26 21:56:12.675694] [BG] scanning blocks 920938 -> 920938
[2025-10-26 21:56:15.111995] [BG] scanning blocks 920938 -> 920938
[2025-10-26 22:01:19.284997] [BG] scanning blocks 920939 -> 920939
[2025-10-26 22:01:24.105846] [BG] scanning blocks 920939 -> 920939
[2025-10-26 22:06:24.354148] [BG] scanning blocks 920939 -> 920940
[2025-10-26 22:06:30.370187] [BG] scanning blocks 920939 -> 920940
[2025-10-26 22:11:27.526069] [BG] scanning blocks 920939 -> 920940
[2025-10-26 22:11:33.352186] [BG] scanning blocks 920939 -> 920940
[2025-10-26 22:16:30.531761] [BG] scanning blocks 920940 -> 920940
[2025-10-26 22:16:36.337302] [BG] scanning blocks 920940 -> 920941
[2025-10-26 22:21:37.684858] [BG] scanning blocks 920940 -> 920941
[2025-10-26 22:21:39.570948] [BG] scanning blocks 920940 -> 920941
[2025-10-26 22:26:41.075930] [BG] scanning blocks 920942 -> 920941
[2025-10-26 22:26:42.692194] [BG] scanning blocks 920942 -> 920941
[2025-10-26 22:31:50.020603] [BG] scanning blocks 920943 -> 920943
[2025-10-26 22:31:52.615870] [BG] scanning blocks 920943 -> 920943
[2025-10-26 22:36:57.633559] [BG] scanning blocks 920945 -> 920944
[2025-10-26 22:36:58.555303] [BG] scanning blocks 920945 -> 920944
[2025-10-26 22:42:05.473277] [BG] scanning blocks 920945 -> 920946
[2025-10-26 22:42:08.606708] [BG] scanning blocks 920945 -> 920946
[2025-10-26 22:47:09.370194] [BG] scanning blocks 920946 -> 920946
[2025-10-26 22:47:13.539245] [BG] scanning blocks 920946 -> 920946
[2025-10-26 22:52:16.053784] [BG] scanning blocks 920947 -> 920947
[2025-10-26 22:52:21.690694] [BG] scanning blocks 920947 -> 920947
[2025-10-26 22:57:22.841598] [BG] scanning blocks 920948 -> 920948
[2025-10-26 22:57:29.354664] [BG] scanning blocks 920949 -> 920949
[2025-10-26 23:02:28.422159] [BG] scanning blocks 920949 -> 920950
[2025-10-26 23:02:36.854220] [BG] scanning blocks 920949 -> 920950
[2025-10-26 23:07:31.422889] [BG] scanning blocks 920949 -> 920950
[2025-10-26 23:07:41.224085] [BG] scanning blocks 920949 -> 920950
[2025-10-26 23:12:34.721458] [BG] scanning blocks 920949 -> 920950
[2025-10-26 23:12:45.667925] [BG] scanning blocks 920949 -> 920950
[2025-10-26 23:17:37.770932] [BG] scanning blocks 920949 -> 920950
[2025-10-26 23:17:50.045611] [BG] scanning blocks 920949 -> 920950
[2025-10-26 23:22:40.779315] [BG] scanning blocks 920949 -> 920950
[2025-10-26 23:22:54.826502] [BG] scanning blocks 920949 -> 920950
[2025-10-26 23:27:43.783067] [BG] scanning blocks 920949 -> 920950
[2025-10-26 23:27:59.403591] [BG] scanning blocks 920949 -> 920950
[2025-10-26 23:32:46.744526] [BG] scanning blocks 920949 -> 920950
[2025-10-26 23:33:02.615632] [BG] scanning blocks 920949 -> 920950
[2025-10-26 23:37:49.770217] [BG] scanning blocks 920949 -> 920950
[2025-10-26 23:38:07.043407] [BG] scanning blocks 920949 -> 920950
[2025-10-26 23:42:52.839406] [BG] scanning blocks 920949 -> 920950
[2025-10-26 23:43:11.853466] [BG] scanning blocks 920949 -> 920950
[2025-10-26 23:47:56.334116] [BG] scanning blocks 920950 -> 920950
[2025-10-26 23:48:16.205829] [BG] scanning blocks 920950 -> 920951
[2025-10-26 23:53:02.471227] [BG] scanning blocks 920950 -> 920951
[2025-10-26 23:53:20.647032] [BG] scanning blocks 920950 -> 920951
[2025-10-26 23:58:05.665113] [BG] scanning blocks 920950 -> 920951
[2025-10-26 23:58:25.221479] [BG] scanning blocks 920950 -> 920951
[2025-10-27 00:03:08.862685] [BG] scanning blocks 920950 -> 920951
[2025-10-27 00:03:29.807522] [BG] scanning blocks 920950 -> 920951
[2025-10-27 00:08:12.278916] [BG] scanning blocks 920950 -> 920951
[2025-10-27 00:08:32.984359] [BG] scanning blocks 920950 -> 920951
[2025-10-27 00:13:15.735609] [BG] scanning blocks 920951 -> 920951
[2025-10-27 00:13:37.356522] [BG] scanning blocks 920951 -> 920952
[2025-10-27 00:18:21.184649] [BG] scanning blocks 920951 -> 920952
[2025-10-27 00:18:42.102333] [BG] scanning blocks 920951 -> 920952
[2025-10-27 00:23:24.443487] [BG] scanning blocks 920952 -> 920952
[2025-10-27 00:23:46.759922] [BG] scanning blocks 920952 -> 920953
[2025-10-27 00:28:51.183836] [BG] scanning blocks 920953 -> 920953
[2025-10-27 00:29:08.803395] [BG] scanning blocks 920953 -> 920954
[2025-10-27 00:33:58.766311] [BG] scanning blocks 920953 -> 920954
[2025-10-27 00:34:11.882089] [BG] scanning blocks 920953 -> 920954
[2025-10-27 00:39:03.110350] [BG] scanning blocks 920953 -> 920954
[2025-10-27 00:39:15.679493] [BG] scanning blocks 920953 -> 920954
[2025-10-27 00:44:06.518832] [BG] scanning blocks 920953 -> 920954
[2025-10-27 00:44:18.770597] [BG] scanning blocks 920953 -> 920954
[2025-10-27 00:49:10.406913] [BG] scanning blocks 920954 -> 920954
[2025-10-27 00:49:23.050271] [BG] scanning blocks 920954 -> 920955
[2025-10-27 00:54:20.135838] [BG] scanning blocks 920955 -> 920955
[2025-10-27 00:54:28.193986] [BG] scanning blocks 920955 -> 920956
[2025-10-27 00:59:29.242008] [BG] scanning blocks 920955 -> 920956
[2025-10-27 00:59:32.915477] [BG] scanning blocks 920955 -> 920956
[2025-10-27 01:04:33.025989] [BG] scanning blocks 920955 -> 920956
[2025-10-27 01:04:36.637308] [BG] scanning blocks 920955 -> 920956
[2025-10-27 01:09:36.978089] [BG] scanning blocks 920955 -> 920956
[2025-10-27 01:09:40.647696] [BG] scanning blocks 920955 -> 920956
[2025-10-27 01:14:41.427521] [BG] scanning blocks 920955 -> 920956
[2025-10-27 01:14:44.616205] [BG] scanning blocks 920955 -> 920956
[2025-10-27 01:19:45.689900] [BG] scanning blocks 920956 -> 920956
[2025-10-27 01:19:49.809898] [BG] scanning blocks 920956 -> 920956
[2025-10-27 01:24:52.281779] [BG] scanning blocks 920956 -> 920957
[2025-10-27 01:24:57.845243] [BG] scanning blocks 920956 -> 920957
[2025-10-27 01:29:56.567755] [BG] scanning blocks 920956 -> 920957
[2025-10-27 01:30:01.925838] [BG] scanning blocks 920956 -> 920957
[2025-10-27 01:35:00.324199] [BG] scanning blocks 920956 -> 920957
[2025-10-27 01:35:06.046928] [BG] scanning blocks 920956 -> 920957
[2025-10-27 01:40:04.210119] [BG] scanning blocks 920957 -> 920957
[2025-10-27 01:40:11.189719] [BG] scanning blocks 920957 -> 920957
[2025-10-27 01:45:13.087955] [BG] scanning blocks 920957 -> 920958
[2025-10-27 01:45:18.043512] [BG] scanning blocks 920957 -> 920958
[2025-10-27 01:50:17.868537] [BG] scanning blocks 920958 -> 920958
[2025-10-27 01:50:22.138065] [BG] scanning blocks 920958 -> 920958
[2025-10-27 01:55:24.498442] [BG] scanning blocks 920958 -> 920959
[2025-10-27 01:55:28.829254] [BG] scanning blocks 920958 -> 920959
[2025-10-27 02:00:28.342626] [BG] scanning blocks 920959 -> 920959
[2025-10-27 02:00:31.850068] [BG] scanning blocks 920959 -> 920959
[2025-10-27 02:05:38.106774] [BG] scanning blocks 920959 -> 920960
[2025-10-27 02:05:40.881575] [BG] scanning blocks 920959 -> 920960
[2025-10-27 02:10:43.706998] [BG] scanning blocks 920960 -> 920960
[2025-10-27 02:10:44.501523] [BG] scanning blocks 920960 -> 920960
[2025-10-27 02:15:53.671546] [BG] scanning blocks 920962 -> 920961
[2025-10-27 02:15:55.490074] [BG] scanning blocks 920962 -> 920961
[2025-10-27 02:21:06.679136] [BG] scanning blocks 920963 -> 920963
[2025-10-27 02:21:08.833930] [BG] scanning blocks 920963 -> 920963
[2025-10-27 02:27:02.680406] [BG] scanning blocks 920963 -> 920964
[2025-10-27 02:27:18.868969] [BG] scanning blocks 920963 -> 920964
[2025-10-27 02:32:06.313091] [BG] scanning blocks 920964 -> 920964
[2025-10-27 02:32:23.655200] [BG] scanning blocks 920965 -> 920965
[2025-10-27 02:37:11.142229] [BG] scanning blocks 920966 -> 920966
[2025-10-27 02:37:31.287971] [BG] scanning blocks 920966 -> 920967
[2025-10-27 02:42:16.068378] [BG] scanning blocks 920967 -> 920967
[2025-10-27 02:42:36.356587] [BG] scanning blocks 920967 -> 920968
[2025-10-27 02:47:23.620587] [BG] scanning blocks 920967 -> 920968
[2025-10-27 02:47:40.346392] [BG] scanning blocks 920967 -> 920968
[2025-10-27 02:52:27.684950] [BG] scanning blocks 920968 -> 920968
[2025-10-27 02:52:43.400674] [BG] scanning blocks 920968 -> 920969
[2025-10-27 02:57:35.302994] [BG] scanning blocks 920968 -> 920969
[2025-10-27 02:57:47.433399] [BG] scanning blocks 920968 -> 920969
[2025-10-27 03:02:38.815985] [BG] scanning blocks 920968 -> 920969
[2025-10-27 03:02:51.898317] [BG] scanning blocks 920968 -> 920969
[2025-10-27 03:07:42.583154] [BG] scanning blocks 920968 -> 920969
[2025-10-27 03:07:57.137105] [BG] scanning blocks 920968 -> 920969
[2025-10-27 03:12:45.590671] [BG] scanning blocks 920969 -> 920969
[2025-10-27 03:13:01.959653] [BG] scanning blocks 920969 -> 920970
[2025-10-27 03:17:52.879199] [BG] scanning blocks 920969 -> 920970
[2025-10-27 03:18:06.116253] [BG] scanning blocks 920969 -> 920970
[2025-10-27 03:22:59.337130] [BG] scanning blocks 920969 -> 920970
[2025-10-27 03:23:10.977774] [BG] scanning blocks 920969 -> 920970
[2025-10-27 03:28:03.945426] [BG] scanning blocks 920969 -> 920970
[2025-10-27 03:28:19.491693] [BG] scanning blocks 920969 -> 920970
[2025-10-27 03:33:07.182765] [BG] scanning blocks 920970 -> 920970
[2025-10-27 03:33:24.631833] [BG] scanning blocks 920970 -> 920971
[2025-10-27 03:38:13.410800] [BG] scanning blocks 920971 -> 920971
[2025-10-27 03:38:29.268475] [BG] scanning blocks 920971 -> 920972
[2025-10-27 03:43:22.122942] [BG] scanning blocks 920971 -> 920972
[2025-10-27 03:43:33.373779] [BG] scanning blocks 920971 -> 920972
[2025-10-27 03:48:25.894291] [BG] scanning blocks 920971 -> 920972
[2025-10-27 03:48:37.181031] [BG] scanning blocks 920971 -> 920972
[2025-10-27 03:53:29.707153] [BG] scanning blocks 920971 -> 920972
[2025-10-27 03:53:41.214272] [BG] scanning blocks 920972 -> 920972
[2025-10-27 03:58:33.651538] [BG] scanning blocks 920972 -> 920973
[2025-10-27 03:58:47.992927] [BG] scanning blocks 920972 -> 920973
[2025-10-27 04:03:37.931659] [BG] scanning blocks 920972 -> 920973
[2025-10-27 04:03:52.185588] [BG] scanning blocks 920972 -> 920973
[2025-10-27 04:08:41.728239] [BG] scanning blocks 920972 -> 920973
[2025-10-27 04:08:56.631046] [BG] scanning blocks 920972 -> 920973
[2025-10-27 04:13:44.986807] [BG] scanning blocks 920973 -> 920973
[2025-10-27 04:14:01.186048] [BG] scanning blocks 920973 -> 920974
[2025-10-27 04:18:51.321603] [BG] scanning blocks 920973 -> 920974
[2025-10-27 04:19:05.787492] [BG] scanning blocks 920973 -> 920974
[2025-10-27 04:23:54.433240] [BG] scanning blocks 920974 -> 920974
[2025-10-27 04:24:08.929881] [BG] scanning blocks 920974 -> 920975
[2025-10-27 04:28:59.918859] [BG] scanning blocks 920974 -> 920975
[2025-10-27 04:29:13.923626] [BG] scanning blocks 920974 -> 920975
[2025-10-27 04:34:04.210593] [BG] scanning blocks 920974 -> 920975
[2025-10-27 04:34:18.560069] [BG] scanning blocks 920974 -> 920975
[2025-10-27 04:39:09.029097] [BG] scanning blocks 920974 -> 920975
[2025-10-27 04:39:23.346912] [BG] scanning blocks 920974 -> 920975
[2025-10-27 04:44:12.983394] [BG] scanning blocks 920975 -> 920975
[2025-10-27 04:44:27.219912] [BG] scanning blocks 920975 -> 920976
[2025-10-27 04:49:19.833014] [BG] scanning blocks 920975 -> 920976
[2025-10-27 04:49:31.000745] [BG] scanning blocks 920975 -> 920976
[2025-10-27 04:54:24.985379] [BG] scanning blocks 920976 -> 920976
[2025-10-27 04:54:34.810254] [BG] scanning blocks 920976 -> 920977
[2025-10-27 04:59:31.206297] [BG] scanning blocks 920976 -> 920977
[2025-10-27 04:59:38.867855] [BG] scanning blocks 920977 -> 920977
[2025-10-27 05:04:35.017338] [BG] scanning blocks 920977 -> 920978
[2025-10-27 05:04:45.041967] [BG] scanning blocks 920977 -> 920978
[2025-10-27 05:09:38.435881] [BG] scanning blocks 920977 -> 920978
[2025-10-27 05:09:48.373652] [BG] scanning blocks 920977 -> 920978
[2025-10-27 05:14:42.081409] [BG] scanning blocks 920977 -> 920978
[2025-10-27 05:14:51.725681] [BG] scanning blocks 920977 -> 920978
[2025-10-27 05:19:47.084413] [BG] scanning blocks 920977 -> 920978
[2025-10-27 05:19:56.193839] [BG] scanning blocks 920977 -> 920978
[2025-10-27 05:24:51.087679] [BG] scanning blocks 920977 -> 920978
[2025-10-27 05:25:00.150754] [BG] scanning blocks 920977 -> 920978
[2025-10-27 05:29:55.566835] [BG] scanning blocks 920978 -> 920978
[2025-10-27 05:30:05.416745] [BG] scanning blocks 920978 -> 920979
[2025-10-27 05:35:02.203472] [BG] scanning blocks 920979 -> 920979
[2025-10-27 05:35:09.137883] [BG] scanning blocks 920979 -> 920979
[2025-10-27 05:40:11.000199] [BG] scanning blocks 920979 -> 920980
[2025-10-27 05:40:16.037677] [BG] scanning blocks 920979 -> 920980
[2025-10-27 05:45:14.948157] [BG] scanning blocks 920979 -> 920980
[2025-10-27 05:45:19.765449] [BG] scanning blocks 920979 -> 920980
[2025-10-27 05:50:19.692258] [BG] scanning blocks 920979 -> 920980
[2025-10-27 05:50:22.989495] [BG] scanning blocks 920979 -> 920980
[2025-10-27 05:55:23.517336] [BG] scanning blocks 920980 -> 920980
[2025-10-27 05:55:26.406819] [BG] scanning blocks 920980 -> 920980
[2025-10-27 06:01:11.386735] [BG] scanning blocks 920980 -> 920981
[2025-10-27 06:01:18.507007] [BG] scanning blocks 920980 -> 920981
[2025-10-27 06:06:15.060221] [BG] scanning blocks 920980 -> 920981
[2025-10-27 06:06:22.126998] [BG] scanning blocks 920980 -> 920981
[2025-10-27 06:11:18.225235] [BG] scanning blocks 920981 -> 920981
[2025-10-27 06:11:25.270171] [BG] scanning blocks 920981 -> 920982
[2025-10-27 06:16:25.457614] [BG] scanning blocks 920981 -> 920982
[2025-10-27 06:16:29.163448] [BG] scanning blocks 920981 -> 920982
[2025-10-27 06:21:28.865069] [BG] scanning blocks 920981 -> 920982
[2025-10-27 06:21:32.898524] [BG] scanning blocks 920981 -> 920982
[2025-10-27 06:26:32.538748] [BG] scanning blocks 920982 -> 920982
[2025-10-27 06:26:36.298369] [BG] scanning blocks 920982 -> 920982
[2025-10-27 06:32:21.633080] [BG] scanning blocks 920982 -> 920983
[2025-10-27 06:32:23.867524] [BG] scanning blocks 920982 -> 920983
[2025-10-27 06:37:25.092948] [BG] scanning blocks 920983 -> 920983
[2025-10-27 06:37:27.446985] [BG] scanning blocks 920983 -> 920983
[2025-10-27 06:42:30.556192] [BG] scanning blocks 920985 -> 920984
[2025-10-27 06:42:32.908962] [BG] scanning blocks 920985 -> 920984
[2025-10-27 06:47:39.035491] [BG] scanning blocks 920985 -> 920986
[2025-10-27 06:47:42.892221] [BG] scanning blocks 920985 -> 920986
[2025-10-27 06:52:42.686737] [BG] scanning blocks 920987 -> 920986
[2025-10-27 06:52:46.509448] [BG] scanning blocks 920987 -> 920986
[2025-10-27 06:57:54.208459] [BG] scanning blocks 920987 -> 920988
[2025-10-27 06:57:54.513925] [BG] scanning blocks 920987 -> 920988
[2025-10-27 07:02:57.486903] [BG] scanning blocks 920988 -> 920988
[2025-10-27 07:02:57.727920] [BG] scanning blocks 920988 -> 920988
[2025-10-27 07:08:04.454283] [BG] scanning blocks 920989 -> 920989
[2025-10-27 07:08:06.196320] [BG] scanning blocks 920989 -> 920989
[2025-10-27 07:13:10.393327] [BG] scanning blocks 920989 -> 920990
[2025-10-27 07:13:12.098253] [BG] scanning blocks 920989 -> 920990
[2025-10-27 07:18:13.701099] [BG] scanning blocks 920991 -> 920990
[2025-10-27 07:18:15.334494] [BG] scanning blocks 920991 -> 920990
[2025-10-27 07:23:24.033993] [BG] scanning blocks 920992 -> 920992
[2025-10-27 07:23:24.933581] [BG] scanning blocks 920992 -> 920992
[2025-10-27 07:28:30.834419] [BG] scanning blocks 920992 -> 920993
[2025-10-27 07:28:32.160612] [BG] scanning blocks 920992 -> 920993
[2025-10-27 07:33:35.582638] [BG] scanning blocks 920992 -> 920993
[2025-10-27 07:33:35.751639] [BG] scanning blocks 920992 -> 920993
[2025-10-27 07:38:39.186541] [BG] scanning blocks 920992 -> 920993
[2025-10-27 07:38:39.260541] [BG] scanning blocks 920992 -> 920993
[2025-10-27 07:43:46.012356] [BG] scanning blocks 920994 -> 920993
[2025-10-27 07:43:47.723412] [BG] scanning blocks 920994 -> 920993
[2025-10-27 07:49:07.976053] [BG] scanning blocks 920994 -> 920995
[2025-10-27 07:49:16.017694] [BG] scanning blocks 920994 -> 920995
[2025-10-27 07:54:14.514480] [BG] scanning blocks 920995 -> 920995
[2025-10-27 07:54:22.727909] [BG] scanning blocks 920995 -> 920995
[2025-10-27 07:59:31.217898] [BG] scanning blocks 920995 -> 920996
[2025-10-27 07:59:38.834890] [BG] scanning blocks 920995 -> 920996
[2025-10-27 08:04:37.841270] [BG] scanning blocks 920996 -> 920996
[2025-10-27 08:04:45.623282] [BG] scanning blocks 920996 -> 920996
[2025-10-27 08:09:56.481655] [BG] scanning blocks 920997 -> 920997
[2025-10-27 08:09:59.146801] [BG] scanning blocks 920997 -> 920997
[2025-10-27 08:15:07.723414] [BG] scanning blocks 920997 -> 920998
[2025-10-27 08:15:10.179598] [BG] scanning blocks 920997 -> 920998
[2025-10-27 08:20:16.368688] [BG] scanning blocks 920997 -> 920998
[2025-10-27 08:20:16.885982] [BG] scanning blocks 920997 -> 920998
[2025-10-27 08:25:23.054721] [BG] scanning blocks 920998 -> 920998
[2025-10-27 08:25:23.386721] [BG] scanning blocks 920998 -> 920998
[2025-10-27 08:31:30.950331] [BG] scanning blocks 920998 -> 920999
[2025-10-27 08:31:32.843982] [BG] scanning blocks 920998 -> 920999
[2025-10-27 08:36:37.599723] [BG] scanning blocks 920999 -> 920999
[2025-10-27 08:36:39.731054] [BG] scanning blocks 920999 -> 920999
[2025-10-27 08:41:47.267387] [BG] scanning blocks 920999 -> 921000
[2025-10-27 08:41:52.342635] [BG] scanning blocks 920999 -> 921000
[2025-10-27 08:46:54.207888] [BG] scanning blocks 920999 -> 921000
[2025-10-27 08:46:59.543761] [BG] scanning blocks 920999 -> 921000
[2025-10-27 08:52:00.879108] [BG] scanning blocks 920999 -> 921000
[2025-10-27 08:52:07.778257] [BG] scanning blocks 920999 -> 921000
[2025-10-27 08:57:07.391086] [BG] scanning blocks 920999 -> 921000
[2025-10-27 08:57:14.800702] [BG] scanning blocks 920999 -> 921000
[2025-10-27 09:02:14.934067] [BG] scanning blocks 920999 -> 921000
[2025-10-27 09:02:21.537855] [BG] scanning blocks 920999 -> 921000
[2025-10-27 09:07:21.964178] [BG] scanning blocks 920999 -> 921000
[2025-10-27 09:07:28.952251] [BG] scanning blocks 920999 -> 921000
[2025-10-27 09:12:28.993415] [BG] scanning blocks 920999 -> 921000
[2025-10-27 09:12:35.765251] [BG] scanning blocks 920999 -> 921000
[2025-10-27 09:17:35.709904] [BG] scanning blocks 921000 -> 921001
[2025-10-27 09:17:42.452431] [BG] scanning blocks 921000 -> 921001
[2025-10-27 09:22:42.480018] [BG] scanning blocks 921002 -> 921001
[2025-10-27 09:22:49.764938] [BG] scanning blocks 921002 -> 921001
[2025-10-27 09:27:54.706739] [BG] scanning blocks 921003 -> 921003
[2025-10-27 09:28:02.748026] [BG] scanning blocks 921003 -> 921003
[2025-10-27 09:33:04.615183] [BG] scanning blocks 921003 -> 921004
[2025-10-27 09:33:12.522169] [BG] scanning blocks 921003 -> 921004
[2025-10-27 09:38:11.325426] [BG] scanning blocks 921003 -> 921004
[2025-10-27 09:38:19.199219] [BG] scanning blocks 921003 -> 921004
[2025-10-27 09:43:18.248323] [BG] scanning blocks 921003 -> 921004
[2025-10-27 09:43:26.117783] [BG] scanning blocks 921003 -> 921004
[2025-10-27 09:48:25.878645] [BG] scanning blocks 921004 -> 921004
[2025-10-27 09:48:32.718567] [BG] scanning blocks 921004 -> 921004
[2025-10-27 09:53:35.729032] [BG] scanning blocks 921004 -> 921005
[2025-10-27 09:53:42.318435] [BG] scanning blocks 921004 -> 921005
[2025-10-27 09:58:43.244549] [BG] scanning blocks 921005 -> 921005
[2025-10-27 09:58:49.066713] [BG] scanning blocks 921005 -> 921005
[2025-10-27 10:03:52.855857] [BG] scanning blocks 921006 -> 921006
[2025-10-27 10:03:58.004458] [BG] scanning blocks 921006 -> 921006
[2025-10-27 10:09:02.303291] [BG] scanning blocks 921006 -> 921007
[2025-10-27 10:09:09.513442] [BG] scanning blocks 921006 -> 921007
[2025-10-27 10:14:09.031178] [BG] scanning blocks 921008 -> 921007
[2025-10-27 10:14:17.730278] [BG] scanning blocks 921008 -> 921007
[2025-10-27 10:19:19.971463] [BG] scanning blocks 921008 -> 921009
[2025-10-27 10:19:30.978155] [BG] scanning blocks 921008 -> 921009
[2025-10-27 10:24:26.583325] [BG] scanning blocks 921010 -> 921009
[2025-10-27 10:24:39.333688] [BG] scanning blocks 921010 -> 921009
[2025-10-27 10:30:34.930371] [BG] scanning blocks 921011 -> 921011
[2025-10-27 10:31:13.782010] [BG] scanning blocks 921012 -> 921012
[2025-10-27 10:35:44.903877] [BG] scanning blocks 921012 -> 921013
[2025-10-27 10:36:24.502441] [BG] scanning blocks 921012 -> 921013
[2025-10-27 10:40:52.530445] [BG] scanning blocks 921013 -> 921013
[2025-10-27 10:41:32.807453] [BG] scanning blocks 921013 -> 921014
[2025-10-27 10:46:01.593442] [BG] scanning blocks 921014 -> 921014
[2025-10-27 10:46:41.065501] [BG] scanning blocks 921014 -> 921015
[2025-10-27 10:51:11.399222] [BG] scanning blocks 921014 -> 921015
[2025-10-27 10:51:49.593068] [BG] scanning blocks 921014 -> 921015
[2025-10-27 10:56:18.481592] [BG] scanning blocks 921016 -> 921015
[2025-10-27 10:56:57.957708] [BG] scanning blocks 921016 -> 921017
[2025-10-27 11:01:31.769143] [BG] scanning blocks 921017 -> 921017
[2025-10-27 11:02:06.275845] [BG] scanning blocks 921017 -> 921018
[2025-10-27 11:06:41.588765] [BG] scanning blocks 921018 -> 921018
[2025-10-27 11:07:14.792434] [BG] scanning blocks 921018 -> 921019
[2025-10-27 11:11:51.651425] [BG] scanning blocks 921018 -> 921019
[2025-10-27 11:12:21.875499] [BG] scanning blocks 921018 -> 921019
[2025-10-27 11:16:58.800018] [BG] scanning blocks 921018 -> 921019
[2025-10-27 11:17:28.789478] [BG] scanning blocks 921018 -> 921019
[2025-10-27 11:22:05.861109] [BG] scanning blocks 921018 -> 921019
[2025-10-27 11:22:35.828521] [BG] scanning blocks 921018 -> 921019
[2025-10-27 11:27:13.129727] [BG] scanning blocks 921018 -> 921019
[2025-10-27 11:27:43.043154] [BG] scanning blocks 921018 -> 921019
[2025-10-27 11:32:20.239919] [BG] scanning blocks 921020 -> 921019
[2025-10-27 11:32:50.129645] [BG] scanning blocks 921020 -> 921021
[2025-10-27 11:37:57.273369] [BG] scanning blocks 921020 -> 921021
[2025-10-27 11:38:24.333777] [BG] scanning blocks 921020 -> 921021
[2025-10-27 11:43:05.970723] [BG] scanning blocks 921020 -> 921021
[2025-10-27 11:43:32.607738] [BG] scanning blocks 921020 -> 921021
[2025-10-27 11:48:15.388025] [BG] scanning blocks 921020 -> 921021
[2025-10-27 11:48:41.786764] [BG] scanning blocks 921020 -> 921021
[2025-10-27 11:53:25.621995] [BG] scanning blocks 921021 -> 921022
[2025-10-27 11:53:50.346853] [BG] scanning blocks 921021 -> 921022
[2025-10-27 11:58:34.451872] [BG] scanning blocks 921022 -> 921022
[2025-10-27 11:59:01.914283] [BG] scanning blocks 921022 -> 921023
[2025-10-27 12:03:50.501566] [BG] scanning blocks 921022 -> 921023
[2025-10-27 12:04:09.634572] [BG] scanning blocks 921022 -> 921023
[2025-10-27 12:08:59.203796] [BG] scanning blocks 921022 -> 921023
[2025-10-27 12:09:17.637172] [BG] scanning blocks 921022 -> 921023
[2025-10-27 12:14:07.708961] [BG] scanning blocks 921022 -> 921023
[2025-10-27 12:14:24.710902] [BG] scanning blocks 921022 -> 921023
[2025-10-27 12:19:16.475750] [BG] scanning blocks 921023 -> 921023
[2025-10-27 12:19:31.794996] [BG] scanning blocks 921023 -> 921024
[2025-10-27 12:24:28.442981] [BG] scanning blocks 921023 -> 921024
[2025-10-27 12:24:38.698481] [BG] scanning blocks 921023 -> 921024
[2025-10-27 12:29:35.853338] [BG] scanning blocks 921023 -> 921024
[2025-10-27 12:29:55.662209] [BG] scanning blocks 921023 -> 921024
[2025-10-27 12:34:56.265588] [BG] scanning blocks 921023 -> 921024
[2025-10-27 12:35:04.879439] [BG] scanning blocks 921023 -> 921024
[2025-10-27 12:40:03.227366] [BG] scanning blocks 921023 -> 921024
[2025-10-27 12:40:12.005611] [BG] scanning blocks 921023 -> 921024
[2025-10-27 12:45:13.929411] [BG] scanning blocks 921023 -> 921024
[2025-10-27 12:45:34.768627] [BG] scanning blocks 921023 -> 921024
[2025-10-27 12:50:26.804123] [BG] scanning blocks 921024 -> 921025
[2025-10-27 12:50:44.430491] [BG] scanning blocks 921024 -> 921025
[2025-10-27 12:55:36.867388] [BG] scanning blocks 921024 -> 921025
[2025-10-27 12:55:55.629209] [BG] scanning blocks 921024 -> 921025
[2025-10-27 13:00:47.173837] [BG] scanning blocks 921026 -> 921026
[2025-10-27 13:01:06.817590] [BG] scanning blocks 921026 -> 921026
[2025-10-27 13:06:11.372048] [BG] scanning blocks 921026 -> 921027
[2025-10-27 13:06:26.396316] [BG] scanning blocks 921026 -> 921027
[2025-10-27 13:11:21.851941] [BG] scanning blocks 921026 -> 921027
[2025-10-27 13:11:36.455742] [BG] scanning blocks 921026 -> 921027
[2025-10-27 13:16:35.015198] [BG] scanning blocks 921026 -> 921027
[2025-10-27 13:16:47.139583] [BG] scanning blocks 921026 -> 921027
[2025-10-27 13:17:40.006032] [BG] scanning blocks 921026 -> 921027
[2025-10-27 13:21:46.874290] [BG] scanning blocks 921026 -> 921027
[2025-10-27 13:22:01.648352] [BG] scanning blocks 921026 -> 921027
[2025-10-27 13:24:37.206123] [BG] scanning blocks 921026 -> 921027
[2025-10-27 13:27:01.274878] [BG] scanning blocks 921026 -> 921027
[2025-10-27 13:27:11.975992] [BG] scanning blocks 921026 -> 921027
[2025-10-27 13:29:49.879835] [BG] scanning blocks 921027 -> 921027
[2025-10-27 13:32:11.408272] [BG] scanning blocks 921027 -> 921028
[2025-10-27 13:32:30.276686] [BG] scanning blocks 921027 -> 921028
[2025-10-27 13:35:04.609505] [BG] scanning blocks 921028 -> 921028
[2025-10-27 13:37:29.413108] [BG] scanning blocks 921028 -> 921029
[2025-10-27 13:37:39.510976] [BG] scanning blocks 921028 -> 921029
[2025-10-27 13:40:28.515657] [BG] scanning blocks 921029 -> 921029
[2025-10-27 13:42:45.852639] [BG] scanning blocks 921030 -> 921030
[2025-10-27 13:42:48.017251] [BG] scanning blocks 921030 -> 921030
[2025-10-27 13:45:41.524163] [BG] scanning blocks 921031 -> 921031
[2025-10-27 13:48:01.140913] [BG] scanning blocks 921031 -> 921032
[2025-10-27 13:48:10.100064] [BG] scanning blocks 921031 -> 921032
[2025-10-27 13:50:55.476143] [BG] scanning blocks 921031 -> 921032
[2025-10-27 13:53:10.388166] [BG] scanning blocks 921031 -> 921032
[2025-10-27 13:53:26.840733] [BG] scanning blocks 921031 -> 921032
[2025-10-27 13:56:04.222688] [BG] scanning blocks 921031 -> 921032
[2025-10-27 13:58:33.667105] [BG] scanning blocks 921031 -> 921032
[2025-10-27 13:58:45.533527] [BG] scanning blocks 921031 -> 921032
[2025-10-27 14:01:12.560314] [BG] scanning blocks 921031 -> 921032
[2025-10-27 14:03:51.750388] [BG] scanning blocks 921033 -> 921032
[2025-10-27 14:03:54.898606] [BG] scanning blocks 921033 -> 921032
[2025-10-27 14:06:21.669608] [BG] scanning blocks 921033 -> 921034
[2025-10-27 14:09:12.686194] [BG] scanning blocks 921033 -> 921034
[2025-10-27 14:09:14.931543] [BG] scanning blocks 921033 -> 921034
[2025-10-27 14:11:30.890141] [BG] scanning blocks 921033 -> 921034
[2025-10-27 14:14:22.824142] [BG] scanning blocks 921033 -> 921034
[2025-10-27 14:14:25.295164] [BG] scanning blocks 921033 -> 921034
[2025-10-27 14:16:39.208299] [BG] scanning blocks 921033 -> 921034
[2025-10-27 14:19:36.709095] [BG] scanning blocks 921033 -> 921034
[2025-10-27 14:19:39.454817] [BG] scanning blocks 921033 -> 921034
[2025-10-27 14:21:50.448110] [BG] scanning blocks 921033 -> 921034
[2025-10-27 14:24:48.305273] [BG] scanning blocks 921034 -> 921034
[2025-10-27 14:24:49.830417] [BG] scanning blocks 921034 -> 921034
[2025-10-27 14:26:58.987503] [BG] scanning blocks 921034 -> 921035
[2025-10-27 14:30:03.302236] [BG] scanning blocks 921034 -> 921035
[2025-10-27 14:30:22.297531] [BG] scanning blocks 921034 -> 921035
[2025-10-27 14:32:07.970517] [BG] scanning blocks 921035 -> 921035
[2025-10-27 14:35:13.653795] [BG] scanning blocks 921035 -> 921036
[2025-10-27 14:35:31.902032] [BG] scanning blocks 921035 -> 921036
[2025-10-27 14:35:57.844257] [BG] scanning blocks 921035 -> 921036
[2025-10-27 14:37:23.416698] [BG] scanning blocks 921035 -> 921036
[2025-10-27 14:38:51.393050] [BG] scanning blocks 921036 -> 921036
[2025-10-27 14:40:26.505086] [BG] scanning blocks 921036 -> 921037
[2025-10-27 14:40:44.714898] [BG] scanning blocks 921036 -> 921037
[2025-10-27 14:41:06.915148] [BG] scanning blocks 921036 -> 921037
[2025-10-27 14:42:35.293794] [BG] scanning blocks 921036 -> 921037
[2025-10-27 14:44:13.813602] [BG] scanning blocks 921036 -> 921037
[2025-10-27 14:45:54.905576] [BG] scanning blocks 921036 -> 921037
[2025-10-27 14:45:58.684281] [BG] scanning blocks 921036 -> 921037
[2025-10-27 14:46:22.137990] [BG] scanning blocks 921036 -> 921037
[2025-10-27 14:47:52.213609] [BG] scanning blocks 921036 -> 921037
[2025-10-27 14:49:43.568376] [BG] scanning blocks 921036 -> 921037
[2025-10-27 14:51:09.027360] [BG] scanning blocks 921036 -> 921037
[2025-10-27 14:51:13.348253] [BG] scanning blocks 921036 -> 921037
[2025-10-27 14:51:40.700497] [BG] scanning blocks 921036 -> 921037
[2025-10-27 14:53:06.107398] [BG] scanning blocks 921036 -> 921037
[2025-10-27 14:54:59.657943] [BG] scanning blocks 921036 -> 921037
[2025-10-27 14:56:19.443440] [BG] scanning blocks 921037 -> 921037
[2025-10-27 14:56:23.187033] [BG] scanning blocks 921037 -> 921037
[2025-10-27 14:56:54.977010] [BG] scanning blocks 921037 -> 921038
[2025-10-27 14:58:14.846382] [BG] scanning blocks 921037 -> 921038
[2025-10-27 15:00:21.468714] [BG] scanning blocks 921038 -> 921038
[2025-10-27 15:01:00.821968] [BG] scanning blocks 921038 -> 921039
[2025-10-27 15:01:49.092787] [BG] scanning blocks 921038 -> 921039
[2025-10-27 15:01:54.683665] [BG] scanning blocks 921038 -> 921039
[2025-10-27 15:02:09.081616] [BG] scanning blocks 921038 -> 921039
[2025-10-27 15:03:34.791469] [BG] scanning blocks 921038 -> 921039
[2025-10-27 15:05:59.339927] [BG] scanning blocks 921038 -> 921039
[2025-10-27 15:06:24.506788] [BG] scanning blocks 921038 -> 921039
[2025-10-27 15:07:11.368797] [BG] scanning blocks 921038 -> 921039
[2025-10-27 15:07:13.031876] [BG] scanning blocks 921038 -> 921039
[2025-10-27 15:07:33.351825] [BG] scanning blocks 921038 -> 921039
[2025-10-27 15:09:05.841368] [BG] scanning blocks 921038 -> 921039
[2025-10-27 15:11:17.552214] [BG] scanning blocks 921038 -> 921039
[2025-10-27 15:11:36.033005] [BG] scanning blocks 921038 -> 921039
[2025-10-27 15:12:18.804038] [BG] scanning blocks 921038 -> 921039
[2025-10-27 15:12:23.771144] [BG] scanning blocks 921038 -> 921039
[2025-10-27 15:12:44.054110] [BG] scanning blocks 921038 -> 921039
[2025-10-27 15:14:16.071823] [BG] scanning blocks 921039 -> 921039
[2025-10-27 15:16:30.431982] [BG] scanning blocks 921039 -> 921040
[2025-10-27 15:16:45.479310] [BG] scanning blocks 921039 -> 921040
[2025-10-27 15:17:27.131342] [BG] scanning blocks 921040 -> 921040
[2025-10-27 15:17:39.996601] [BG] scanning blocks 921040 -> 921040
[2025-10-27 15:17:54.192346] [BG] scanning blocks 921040 -> 921041
[2025-10-27 15:19:39.672808] [BG] scanning blocks 921040 -> 921041
[2025-10-27 15:21:42.162191] [BG] scanning blocks 921040 -> 921041
[2025-10-27 15:21:54.986653] [BG] scanning blocks 921040 -> 921041
[2025-10-27 15:22:43.853458] [BG] scanning blocks 921040 -> 921041
[2025-10-27 15:22:54.879942] [BG] scanning blocks 921040 -> 921041
[2025-10-27 15:23:02.846386] [BG] scanning blocks 921040 -> 921041
[2025-10-27 15:24:48.262296] [BG] scanning blocks 921040 -> 921041
[2025-10-27 15:26:54.231011] [BG] scanning blocks 921040 -> 921041
[2025-10-27 15:27:03.481544] [BG] scanning blocks 921041 -> 921041
[2025-10-27 15:27:53.325919] [BG] scanning blocks 921041 -> 921042
[2025-10-27 15:28:07.562773] [BG] scanning blocks 921041 -> 921042
[2025-10-27 15:28:12.188216] [BG] scanning blocks 921041 -> 921042
[2025-10-27 15:29:57.605055] [BG] scanning blocks 921041 -> 921042
[2025-10-27 15:32:06.256380] [BG] scanning blocks 921041 -> 921042
[2025-10-27 15:32:23.773181] [BG] scanning blocks 921041 -> 921042
[2025-10-27 15:33:03.053128] [BG] scanning blocks 921041 -> 921042
[2025-10-27 15:33:17.630098] [BG] scanning blocks 921041 -> 921042
[2025-10-27 15:33:22.117795] [BG] scanning blocks 921041 -> 921042
[2025-10-27 15:35:17.454584] [BG] scanning blocks 921041 -> 921042
[2025-10-27 15:37:14.309677] [BG] scanning blocks 921041 -> 921042
[2025-10-27 15:37:31.760467] [BG] scanning blocks 921041 -> 921042
[2025-10-27 15:38:11.561712] [BG] scanning blocks 921041 -> 921042
[2025-10-27 15:38:25.641095] [BG] scanning blocks 921041 -> 921042
[2025-10-27 15:38:31.011154] [BG] scanning blocks 921041 -> 921042
[2025-10-27 15:40:26.851973] [BG] scanning blocks 921041 -> 921042
[2025-10-27 15:42:23.694242] [BG] scanning blocks 921041 -> 921042
[2025-10-27 15:42:40.460536] [BG] scanning blocks 921042 -> 921042
[2025-10-27 15:43:21.532125] [BG] scanning blocks 921042 -> 921043
[2025-10-27 15:43:34.536498] [BG] scanning blocks 921042 -> 921043
[2025-10-27 15:43:42.236041] [BG] scanning blocks 921042 -> 921043
[2025-10-27 15:45:36.737134] [BG] scanning blocks 921042 -> 921043
[2025-10-27 15:47:31.726761] [BG] scanning blocks 921043 -> 921043
[2025-10-27 15:48:00.830941] [BG] scanning blocks 921043 -> 921044
[2025-10-27 15:48:29.573813] [BG] scanning blocks 921043 -> 921044
[2025-10-27 15:48:46.024860] [BG] scanning blocks 921043 -> 921044
[2025-10-27 15:48:51.520216] [BG] scanning blocks 921043 -> 921044
[2025-10-27 15:50:46.391785] [BG] scanning blocks 921043 -> 921044
[2025-10-27 15:52:52.344799] [BG] scanning blocks 921044 -> 921044
[2025-10-27 15:53:08.232433] [BG] scanning blocks 921044 -> 921045
[2025-10-27 15:53:37.905754] [BG] scanning blocks 921044 -> 921045
[2025-10-27 15:53:55.840083] [BG] scanning blocks 921044 -> 921045
[2025-10-27 15:53:59.467520] [BG] scanning blocks 921044 -> 921045
[2025-10-27 15:55:55.616486] [BG] scanning blocks 921044 -> 921045
[2025-10-27 15:58:04.702932] [BG] scanning blocks 921045 -> 921045
[2025-10-27 15:58:17.039440] [BG] scanning blocks 921045 -> 921045
[2025-10-27 15:58:46.705119] [BG] scanning blocks 921045 -> 921046
[2025-10-27 15:59:05.349582] [BG] scanning blocks 921045 -> 921046
[2025-10-27 15:59:09.284780] [BG] scanning blocks 921045 -> 921046
[2025-10-27 16:01:04.892209] [BG] scanning blocks 921045 -> 921046
[2025-10-27 16:03:24.023708] [BG] scanning blocks 921045 -> 921046
[2025-10-27 16:03:33.305229] [BG] scanning blocks 921045 -> 921046
[2025-10-27 16:03:55.252831] [BG] scanning blocks 921045 -> 921046
[2025-10-27 16:04:14.695211] [BG] scanning blocks 921045 -> 921046
[2025-10-27 16:04:17.927461] [BG] scanning blocks 921045 -> 921046
[2025-10-27 16:04:50.693334] [BG] scanning blocks 921046 -> 921046
[2025-10-27 16:06:20.590076] [BG] scanning blocks 921046 -> 921047
[2025-10-27 16:08:32.670143] [BG] scanning blocks 921046 -> 921047
[2025-10-27 16:08:44.254588] [BG] scanning blocks 921046 -> 921047
[2025-10-27 16:09:04.626591] [BG] scanning blocks 921046 -> 921047
[2025-10-27 16:09:24.353227] [BG] scanning blocks 921046 -> 921047
[2025-10-27 16:09:28.391503] [BG] scanning blocks 921046 -> 921047
[2025-10-27 16:10:06.048212] [BG] scanning blocks 921046 -> 921047
[2025-10-27 16:11:30.302104] [BG] scanning blocks 921046 -> 921047
[2025-10-27 16:13:41.311170] [BG] scanning blocks 921046 -> 921047
[2025-10-27 16:13:54.767133] [BG] scanning blocks 921046 -> 921047
[2025-10-27 16:14:14.325106] [BG] scanning blocks 921047 -> 921047
[2025-10-27 16:14:34.689247] [BG] scanning blocks 921047 -> 921047
[2025-10-27 16:14:37.709967] [BG] scanning blocks 921047 -> 921048
[2025-10-27 16:15:14.141153] [BG] scanning blocks 921047 -> 921048
[2025-10-27 16:16:39.803696] [BG] scanning blocks 921047 -> 921048
[2025-10-27 16:18:59.623782] [BG] scanning blocks 921048 -> 921048
[2025-10-27 16:19:02.870754] [BG] scanning blocks 921048 -> 921048
[2025-10-27 16:19:39.655232] [BG] scanning blocks 921048 -> 921049
[2025-10-27 16:19:47.241928] [BG] scanning blocks 921048 -> 921049
[2025-10-27 16:19:54.059359] [BG] scanning blocks 921048 -> 921049
[2025-10-27 16:20:23.905940] [BG] scanning blocks 921048 -> 921049
[2025-10-27 16:21:51.651458] [BG] scanning blocks 921048 -> 921049
[2025-10-27 16:24:16.624781] [BG] scanning blocks 921049 -> 921049
[2025-10-27 16:24:16.686785] [BG] scanning blocks 921049 -> 921049
[2025-10-27 16:24:49.281235] [BG] scanning blocks 921049 -> 921050
[2025-10-27 16:24:58.118894] [BG] scanning blocks 921049 -> 921050
[2025-10-27 16:25:03.989977] [BG] scanning blocks 921049 -> 921050
[2025-10-27 16:25:31.786216] [BG] scanning blocks 921049 -> 921050
[2025-10-27 16:27:02.105018] [BG] scanning blocks 921049 -> 921050
[2025-10-27 16:29:30.376322] [BG] scanning blocks 921049 -> 921050
[2025-10-27 16:29:30.795324] [BG] scanning blocks 921049 -> 921050
[2025-10-27 16:30:01.065881] [BG] scanning blocks 921049 -> 921050
[2025-10-27 16:30:09.102152] [BG] scanning blocks 921049 -> 921050
[2025-10-27 16:30:13.946716] [BG] scanning blocks 921049 -> 921050
[2025-10-27 16:30:40.610498] [BG] scanning blocks 921049 -> 921050
[2025-10-27 16:32:13.178167] [BG] scanning blocks 921049 -> 921050
[2025-10-27 16:34:39.096613] [BG] scanning blocks 921051 -> 921050
[2025-10-27 16:34:39.393131] [BG] scanning blocks 921051 -> 921050
[2025-10-27 16:35:09.545667] [BG] scanning blocks 921051 -> 921052
[2025-10-27 16:35:18.222152] [BG] scanning blocks 921051 -> 921052
[2025-10-27 16:35:22.985154] [BG] scanning blocks 921051 -> 921052
[2025-10-27 16:35:50.055066] [BG] scanning blocks 921051 -> 921052
[2025-10-27 16:37:23.453005] [BG] scanning blocks 921051 -> 921052
[2025-10-27 16:38:09.717700] [BG] scanning blocks 921051 -> 921052
[2025-10-27 16:40:01.846464] [BG] scanning blocks 921051 -> 921052
[2025-10-27 16:40:02.478514] [BG] scanning blocks 921051 -> 921052
[2025-10-27 16:40:19.689921] [BG] scanning blocks 921051 -> 921052
[2025-10-27 16:40:31.000163] [BG] scanning blocks 921051 -> 921052
[2025-10-27 16:40:37.887104] [BG] scanning blocks 921051 -> 921052
[2025-10-27 16:41:00.559328] [BG] scanning blocks 921051 -> 921052
[2025-10-27 16:42:37.188859] [BG] scanning blocks 921051 -> 921052
[2025-10-27 16:43:21.131531] [BG] scanning blocks 921051 -> 921052
[2025-10-27 16:45:14.342714] [BG] scanning blocks 921051 -> 921052
[2025-10-27 16:45:15.435766] [BG] scanning blocks 921051 -> 921052
[2025-10-27 16:45:30.027360] [BG] scanning blocks 921051 -> 921052
[2025-10-27 16:45:42.546066] [BG] scanning blocks 921051 -> 921052
[2025-10-27 16:45:48.259270] [BG] scanning blocks 921051 -> 921052
[2025-10-27 16:46:11.348189] [BG] scanning blocks 921051 -> 921052
[2025-10-27 16:47:47.705824] [BG] scanning blocks 921051 -> 921052
[2025-10-27 16:48:32.608989] [BG] scanning blocks 921051 -> 921052
[2025-10-27 16:50:26.795109] [BG] scanning blocks 921051 -> 921052
[2025-10-27 16:50:29.483491] [BG] scanning blocks 921051 -> 921052
[2025-10-27 16:50:40.087911] [BG] scanning blocks 921051 -> 921052
[2025-10-27 16:50:54.509195] [BG] scanning blocks 921051 -> 921052
[2025-10-27 16:50:58.363266] [BG] scanning blocks 921051 -> 921052
[2025-10-27 16:51:24.484852] [BG] scanning blocks 921051 -> 921052
[2025-10-27 16:53:01.585643] [BG] scanning blocks 921051 -> 921052
[2025-10-27 16:53:44.483156] [BG] scanning blocks 921051 -> 921052
[2025-10-27 16:55:40.359310] [BG] scanning blocks 921051 -> 921052
[2025-10-27 16:55:41.856665] [BG] scanning blocks 921051 -> 921052
[2025-10-27 16:55:52.084977] [BG] scanning blocks 921051 -> 921052
[2025-10-27 16:56:06.033850] [BG] scanning blocks 921051 -> 921052
[2025-10-27 16:56:10.616549] [BG] scanning blocks 921051 -> 921052
[2025-10-27 16:56:37.168722] [BG] scanning blocks 921051 -> 921052
[2025-10-27 16:58:37.857905] [BG] scanning blocks 921051 -> 921052
[2025-10-27 16:58:57.132434] [BG] scanning blocks 921052 -> 921052
[2025-10-27 17:00:51.878174] [BG] scanning blocks 921052 -> 921053
[2025-10-27 17:00:53.564730] [BG] scanning blocks 921052 -> 921053
[2025-10-27 17:01:02.565699] [BG] scanning blocks 921052 -> 921053
[2025-10-27 17:01:16.987331] [BG] scanning blocks 921052 -> 921053
[2025-10-27 17:01:20.902293] [BG] scanning blocks 921052 -> 921053
[2025-10-27 17:01:47.093492] [BG] scanning blocks 921052 -> 921053
[2025-10-27 17:03:49.898606] [BG] scanning blocks 921052 -> 921053
[2025-10-27 17:04:20.346197] [BG] scanning blocks 921052 -> 921053
[2025-10-27 17:05:44.064595] [BG] scanning blocks 921052 -> 921053
[2025-10-27 17:06:02.465247] [BG] scanning blocks 921052 -> 921053
[2025-10-27 17:06:07.559768] [BG] scanning blocks 921052 -> 921053
[2025-10-27 17:06:12.529078] [BG] scanning blocks 921052 -> 921053
[2025-10-27 17:06:27.951965] [BG] scanning blocks 921052 -> 921053
[2025-10-27 17:06:33.220805] [BG] scanning blocks 921052 -> 921053
[2025-10-27 17:06:56.250773] [BG] scanning blocks 921052 -> 921053
[2025-10-27 17:09:00.687239] [BG] scanning blocks 921052 -> 921053
[2025-10-27 17:09:30.976383] [BG] scanning blocks 921053 -> 921053
[2025-10-27 17:10:55.398643] [BG] scanning blocks 921053 -> 921054
[2025-10-27 17:11:13.727824] [BG] scanning blocks 921053 -> 921054
[2025-10-27 17:11:17.989783] [BG] scanning blocks 921053 -> 921054
[2025-10-27 17:11:31.526624] [BG] scanning blocks 921053 -> 921054
[2025-10-27 17:11:45.306278] [BG] scanning blocks 921053 -> 921054
[2025-10-27 17:11:48.321903] [BG] scanning blocks 921053 -> 921054
[2025-10-27 17:12:08.296676] [BG] scanning blocks 921053 -> 921054
[2025-10-27 17:14:14.455544] [BG] scanning blocks 921053 -> 921054
[2025-10-27 17:14:52.447048] [BG] scanning blocks 921053 -> 921054
[2025-10-27 17:17:05.865761] [BG] scanning blocks 921054 -> 921054
[2025-10-27 17:18:12.750855] [BG] scanning blocks 921054 -> 921055
[2025-10-27 17:22:18.023104] [BG] scanning blocks 921055 -> 921055
[2025-10-27 17:23:21.006770] [BG] scanning blocks 921055 -> 921056
[2025-10-27 17:26:59.751796] [BG] scanning blocks 921055 -> 921056
[2025-10-27 17:27:31.471300] [BG] scanning blocks 921055 -> 921056
[2025-10-27 17:28:29.720527] [BG] scanning blocks 921055 -> 921056
[2025-10-27 17:32:08.954306] [BG] scanning blocks 921055 -> 921056
[2025-10-27 17:32:39.559394] [BG] scanning blocks 921055 -> 921056
[2025-10-27 17:33:37.029630] [BG] scanning blocks 921055 -> 921056
[2025-10-27 17:37:19.366089] [BG] scanning blocks 921056 -> 921056
[2025-10-27 17:37:47.535307] [BG] scanning blocks 921056 -> 921057
[2025-10-27 17:38:44.018320] [BG] scanning blocks 921056 -> 921057
[2025-10-27 17:42:32.821731] [BG] scanning blocks 921056 -> 921057
[2025-10-27 17:42:55.465490] [BG] scanning blocks 921057 -> 921057
[2025-10-27 17:43:51.053048] [BG] scanning blocks 921057 -> 921058
[2025-10-27 17:47:41.893639] [BG] scanning blocks 921057 -> 921058
[2025-10-27 17:48:05.787185] [BG] scanning blocks 921057 -> 921058
[2025-10-27 17:48:58.214782] [BG] scanning blocks 921057 -> 921058
[2025-10-27 17:52:50.802901] [BG] scanning blocks 921058 -> 921058
[2025-10-27 17:53:13.629405] [BG] scanning blocks 921058 -> 921059
[2025-10-27 17:54:05.120856] [BG] scanning blocks 921058 -> 921059
[2025-10-27 17:58:11.870291] [BG] scanning blocks 921058 -> 921059
[2025-10-27 17:58:22.568804] [BG] scanning blocks 921058 -> 921059
[2025-10-27 17:59:14.399220] [BG] scanning blocks 921058 -> 921059
[2025-10-27 18:03:19.429075] [BG] scanning blocks 921060 -> 921059
[2025-10-27 18:03:30.688942] [BG] scanning blocks 921060 -> 921059
[2025-10-27 18:04:21.077834] [BG] scanning blocks 921060 -> 921061
[2025-10-27 18:08:35.329387] [BG] scanning blocks 921061 -> 921061
[2025-10-27 18:08:48.970136] [BG] scanning blocks 921061 -> 921062
[2025-10-27 18:09:29.538444] [BG] scanning blocks 921061 -> 921062
[2025-10-27 18:13:49.934182] [BG] scanning blocks 921061 -> 921062
[2025-10-27 18:13:57.278373] [BG] scanning blocks 921061 -> 921062
[2025-10-27 18:14:36.495612] [BG] scanning blocks 921062 -> 921062
[2025-10-27 18:19:02.327200] [BG] scanning blocks 921062 -> 921063
[2025-10-27 18:19:06.429369] [BG] scanning blocks 921062 -> 921063
[2025-10-27 18:19:46.440984] [BG] scanning blocks 921062 -> 921063
[2025-10-27 18:24:12.844431] [BG] scanning blocks 921063 -> 921063
[2025-10-27 18:24:14.892043] [BG] scanning blocks 921063 -> 921063
[2025-10-27 18:24:54.921298] [BG] scanning blocks 921063 -> 921064
[2025-10-27 18:29:26.343012] [BG] scanning blocks 921063 -> 921064
[2025-10-27 18:29:28.172465] [BG] scanning blocks 921063 -> 921064
[2025-10-27 18:30:03.708124] [BG] scanning blocks 921063 -> 921064
[2025-10-27 18:34:34.490872] [BG] scanning blocks 921063 -> 921064
[2025-10-27 18:34:36.466240] [BG] scanning blocks 921063 -> 921064
[2025-10-27 18:35:14.170617] [BG] scanning blocks 921063 -> 921064
[2025-10-27 18:39:41.248387] [BG] scanning blocks 921064 -> 921065
[2025-10-27 18:39:43.801340] [BG] scanning blocks 921064 -> 921065
[2025-10-27 18:40:21.062715] [BG] scanning blocks 921064 -> 921065
[2025-10-27 18:44:48.088373] [BG] scanning blocks 921064 -> 921065
[2025-10-27 18:44:50.953143] [BG] scanning blocks 921064 -> 921065
[2025-10-27 18:45:28.212630] [BG] scanning blocks 921064 -> 921065
[2025-10-27 18:49:54.994832] [BG] scanning blocks 921064 -> 921065
[2025-10-27 18:49:57.560857] [BG] scanning blocks 921064 -> 921065
[2025-10-27 18:50:34.883288] [BG] scanning blocks 921064 -> 921065
[2025-10-27 18:55:01.599753] [BG] scanning blocks 921066 -> 921065
[2025-10-27 18:55:04.654358] [BG] scanning blocks 921066 -> 921065
[2025-10-27 18:55:51.584561] [BG] scanning blocks 921066 -> 921067
[2025-10-27 19:00:11.850465] [BG] scanning blocks 921066 -> 921067
[2025-10-27 19:00:15.223321] [BG] scanning blocks 921066 -> 921067
[2025-10-27 19:00:58.548657] [BG] scanning blocks 921066 -> 921067
[2025-10-27 19:05:20.700342] [BG] scanning blocks 921067 -> 921067
[2025-10-27 19:05:22.385356] [BG] scanning blocks 921067 -> 921067
[2025-10-27 19:06:05.718969] [BG] scanning blocks 921067 -> 921068
[2025-10-27 19:10:31.791034] [BG] scanning blocks 921068 -> 921068
[2025-10-27 19:10:33.115863] [BG] scanning blocks 921068 -> 921068
[2025-10-27 19:11:12.540654] [BG] scanning blocks 921068 -> 921069
[2025-10-27 19:15:51.899233] [BG] scanning blocks 921068 -> 921069
[2025-10-27 19:15:53.274956] [BG] scanning blocks 921068 -> 921069
[2025-10-27 19:16:19.158584] [BG] scanning blocks 921068 -> 921069
[2025-10-27 19:20:58.590497] [BG] scanning blocks 921069 -> 921069
[2025-10-27 19:21:00.023103] [BG] scanning blocks 921069 -> 921069
[2025-10-27 19:21:25.745235] [BG] scanning blocks 921069 -> 921070
[2025-10-27 19:26:09.747763] [BG] scanning blocks 921069 -> 921070
[2025-10-27 19:26:10.528572] [BG] scanning blocks 921069 -> 921070
[2025-10-27 19:26:34.458946] [BG] scanning blocks 921069 -> 921070
[2025-10-27 19:31:16.383745] [BG] scanning blocks 921069 -> 921070
[2025-10-27 19:31:17.469423] [BG] scanning blocks 921069 -> 921070
[2025-10-27 19:31:43.127547] [BG] scanning blocks 921069 -> 921070
[2025-10-27 19:36:22.997231] [BG] scanning blocks 921069 -> 921070
[2025-10-27 19:36:24.038316] [BG] scanning blocks 921069 -> 921070
[2025-10-27 19:36:51.641976] [BG] scanning blocks 921070 -> 921070
[2025-10-27 19:41:29.853535] [BG] scanning blocks 921070 -> 921071
[2025-10-27 19:41:30.521229] [BG] scanning blocks 921070 -> 921071
[2025-10-27 19:42:04.026076] [BG] scanning blocks 921070 -> 921071
[2025-10-27 19:46:37.025953] [BG] scanning blocks 921070 -> 921071
[2025-10-27 19:46:38.330963] [BG] scanning blocks 921070 -> 921071
[2025-10-27 19:47:10.823692] [BG] scanning blocks 921070 -> 921071
[2025-10-27 19:51:44.507239] [BG] scanning blocks 921071 -> 921071
[2025-10-27 19:51:46.122410] [BG] scanning blocks 921071 -> 921071
[2025-10-27 19:52:17.598419] [BG] scanning blocks 921071 -> 921072
[2025-10-27 19:56:55.268233] [BG] scanning blocks 921072 -> 921072
[2025-10-27 19:56:56.901685] [BG] scanning blocks 921072 -> 921072
[2025-10-27 19:57:24.211183] [BG] scanning blocks 921072 -> 921073
[2025-10-27 20:02:05.170434] [BG] scanning blocks 921072 -> 921073
[2025-10-27 20:02:07.277447] [BG] scanning blocks 921072 -> 921073
[2025-10-27 20:02:31.100420] [BG] scanning blocks 921072 -> 921073
[2025-10-27 20:07:11.921141] [BG] scanning blocks 921073 -> 921073
[2025-10-27 20:07:13.713703] [BG] scanning blocks 921073 -> 921073
[2025-10-27 20:07:38.064242] [BG] scanning blocks 921073 -> 921074
[2025-10-27 20:12:21.723466] [BG] scanning blocks 921075 -> 921074
[2025-10-27 20:12:24.082216] [BG] scanning blocks 921075 -> 921074
[2025-10-27 20:12:45.170493] [BG] scanning blocks 921075 -> 921076
[2025-10-27 20:17:34.445504] [BG] scanning blocks 921076 -> 921076
[2025-10-27 20:17:39.459175] [BG] scanning blocks 921076 -> 921076
[2025-10-27 20:17:51.760866] [BG] scanning blocks 921076 -> 921077
[2025-10-27 20:22:45.369155] [BG] scanning blocks 921077 -> 921077
[2025-10-27 20:22:49.242381] [BG] scanning blocks 921077 -> 921077
[2025-10-27 20:22:59.203957] [BG] scanning blocks 921077 -> 921078
[2025-10-27 20:27:55.702165] [BG] scanning blocks 921078 -> 921078
[2025-10-27 20:28:01.204692] [BG] scanning blocks 921078 -> 921078
[2025-10-27 20:28:06.746172] [BG] scanning blocks 921078 -> 921079
[2025-10-27 20:33:07.896771] [BG] scanning blocks 921078 -> 921079
[2025-10-27 20:33:12.003612] [BG] scanning blocks 921078 -> 921079
[2025-10-27 20:33:14.541234] [BG] scanning blocks 921078 -> 921079
[2025-10-27 20:38:15.707934] [BG] scanning blocks 921078 -> 921079
[2025-10-27 20:38:19.764243] [BG] scanning blocks 921078 -> 921079
[2025-10-27 20:38:22.834728] [BG] scanning blocks 921078 -> 921079
[2025-10-27 20:43:24.422873] [BG] scanning blocks 921078 -> 921079
[2025-10-27 20:43:27.024464] [BG] scanning blocks 921078 -> 921079
[2025-10-27 20:43:30.760180] [BG] scanning blocks 921078 -> 921079
[2025-10-27 20:48:31.317511] [BG] scanning blocks 921078 -> 921079
[2025-10-27 20:48:33.734278] [BG] scanning blocks 921078 -> 921079
[2025-10-27 20:48:39.151641] [BG] scanning blocks 921078 -> 921079
[2025-10-27 20:53:39.415050] [BG] scanning blocks 921079 -> 921079
[2025-10-27 20:53:40.390528] [BG] scanning blocks 921079 -> 921079
[2025-10-27 20:53:46.592301] [BG] scanning blocks 921079 -> 921079
[2025-10-27 20:58:51.656181] [BG] scanning blocks 921080 -> 921080
[2025-10-27 20:58:52.831538] [BG] scanning blocks 921080 -> 921080
[2025-10-27 20:58:57.479448] [BG] scanning blocks 921080 -> 921080
[2025-10-27 21:04:03.198481] [BG] scanning blocks 921080 -> 921081
[2025-10-27 21:04:03.357998] [BG] scanning blocks 921080 -> 921081
[2025-10-27 21:04:07.981844] [BG] scanning blocks 921080 -> 921081
[2025-10-27 21:09:10.761438] [BG] scanning blocks 921082 -> 921081
[2025-10-27 21:09:10.817434] [BG] scanning blocks 921082 -> 921081
[2025-10-27 21:09:14.801558] [BG] scanning blocks 921082 -> 921081
[2025-10-27 21:14:23.320579] [BG] scanning blocks 921082 -> 921083
[2025-10-27 21:14:26.901801] [BG] scanning blocks 921082 -> 921083
[2025-10-27 21:14:29.175484] [BG] scanning blocks 921082 -> 921083
[2025-10-27 21:19:32.237950] [BG] scanning blocks 921082 -> 921083
[2025-10-27 21:19:34.644024] [BG] scanning blocks 921082 -> 921083
[2025-10-27 21:19:36.022680] [BG] scanning blocks 921082 -> 921083
[2025-10-27 21:24:41.179083] [BG] scanning blocks 921082 -> 921083
[2025-10-27 21:24:42.860587] [BG] scanning blocks 921082 -> 921083
[2025-10-27 21:24:43.846766] [BG] scanning blocks 921082 -> 921083
[2025-10-27 21:29:49.827545] [BG] scanning blocks 921082 -> 921083
[2025-10-27 21:29:50.825170] [BG] scanning blocks 921082 -> 921083
[2025-10-27 21:29:51.709132] [BG] scanning blocks 921082 -> 921083
[2025-10-27 21:34:58.690697] [BG] scanning blocks 921082 -> 921083
[2025-10-27 21:34:58.730123] [BG] scanning blocks 921082 -> 921083
[2025-10-27 21:34:59.153718] [BG] scanning blocks 921082 -> 921083
[2025-10-27 21:40:06.265092] [BG] scanning blocks 921083 -> 921083
[2025-10-27 21:40:07.324320] [BG] scanning blocks 921083 -> 921083
[2025-10-27 21:40:08.193758] [BG] scanning blocks 921083 -> 921083
[2025-10-27 21:45:18.043459] [BG] scanning blocks 921083 -> 921084
[2025-10-27 21:45:18.824460] [BG] scanning blocks 921083 -> 921084
[2025-10-27 21:45:19.962160] [BG] scanning blocks 921083 -> 921084
[2025-10-27 21:50:24.608228] [BG] scanning blocks 921083 -> 921084
[2025-10-27 21:50:27.160132] [BG] scanning blocks 921083 -> 921084
[2025-10-27 21:50:27.791652] [BG] scanning blocks 921083 -> 921084
[2025-10-27 21:55:31.455011] [BG] scanning blocks 921084 -> 921084
[2025-10-27 21:55:35.524078] [BG] scanning blocks 921084 -> 921084
[2025-10-27 21:55:35.859073] [BG] scanning blocks 921084 -> 921084
[2025-10-27 22:00:40.456798] [BG] scanning blocks 921086 -> 921085
[2025-10-27 22:00:46.745964] [BG] scanning blocks 921086 -> 921085
[2025-10-27 22:00:47.983258] [BG] scanning blocks 921086 -> 921085
[2025-10-27 22:05:53.289920] [BG] scanning blocks 921086 -> 921087
[2025-10-27 22:06:03.480744] [BG] scanning blocks 921086 -> 921087
[2025-10-27 22:06:04.481713] [BG] scanning blocks 921086 -> 921087
[2025-10-27 22:11:00.315004] [BG] scanning blocks 921087 -> 921087
[2025-10-27 22:11:10.175502] [BG] scanning blocks 921087 -> 921088
[2025-10-27 22:11:12.380190] [BG] scanning blocks 921087 -> 921088
[2025-10-27 22:16:10.344359] [BG] scanning blocks 921087 -> 921088
[2025-10-27 22:16:16.652203] [BG] scanning blocks 921087 -> 921088
[2025-10-27 22:16:19.023805] [BG] scanning blocks 921087 -> 921088
[2025-10-27 22:21:17.589557] [BG] scanning blocks 921087 -> 921088
[2025-10-27 22:21:23.282574] [BG] scanning blocks 921087 -> 921088
[2025-10-27 22:21:25.880272] [BG] scanning blocks 921087 -> 921088
[2025-10-27 22:26:24.482773] [BG] scanning blocks 921087 -> 921088
[2025-10-27 22:26:29.903919] [BG] scanning blocks 921087 -> 921088
[2025-10-27 22:26:33.030409] [BG] scanning blocks 921087 -> 921088
[2025-10-27 22:31:32.903256] [BG] scanning blocks 921088 -> 921088
[2025-10-27 22:31:39.891617] [BG] scanning blocks 921088 -> 921088
[2025-10-27 22:31:41.120371] [BG] scanning blocks 921088 -> 921088
[2025-10-27 22:36:42.428592] [BG] scanning blocks 921088 -> 921089
[2025-10-27 22:36:49.810803] [BG] scanning blocks 921088 -> 921089
[2025-10-27 22:36:50.865359] [BG] scanning blocks 921088 -> 921089
[2025-10-27 22:41:50.544953] [BG] scanning blocks 921091 -> 921089
[2025-10-27 22:41:56.452333] [BG] scanning blocks 921091 -> 921089
[2025-10-27 22:41:58.102343] [BG] scanning blocks 921091 -> 921089
[2025-10-27 22:47:09.744366] [BG] scanning blocks 921091 -> 921092
[2025-10-27 22:47:12.537781] [BG] scanning blocks 921091 -> 921092
[2025-10-27 22:47:14.056732] [BG] scanning blocks 921091 -> 921092
[2025-10-27 22:52:17.912445] [BG] scanning blocks 921091 -> 921092
[2025-10-27 22:52:19.373470] [BG] scanning blocks 921091 -> 921092
[2025-10-27 22:52:21.339169] [BG] scanning blocks 921091 -> 921092
[2025-10-27 22:57:25.855507] [BG] scanning blocks 921091 -> 921092
[2025-10-27 22:57:26.655118] [BG] scanning blocks 921091 -> 921092
[2025-10-27 22:57:28.512229] [BG] scanning blocks 921091 -> 921092
[2025-10-27 23:02:34.686095] [BG] scanning blocks 921092 -> 921092
[2025-10-27 23:02:35.236753] [BG] scanning blocks 921092 -> 921092
[2025-10-27 23:02:36.420761] [BG] scanning blocks 921092 -> 921092
[2025-10-27 23:07:45.509763] [BG] scanning blocks 921092 -> 921093
[2025-10-27 23:07:46.612009] [BG] scanning blocks 921092 -> 921093
[2025-10-27 23:07:48.367245] [BG] scanning blocks 921092 -> 921093
[2025-10-27 23:12:53.591041] [BG] scanning blocks 921093 -> 921093
[2025-10-27 23:12:54.735594] [BG] scanning blocks 921093 -> 921093
[2025-10-27 23:12:55.074601] [BG] scanning blocks 921093 -> 921093
[2025-10-27 23:18:05.327775] [BG] scanning blocks 921093 -> 921094
[2025-10-27 23:18:05.711773] [BG] scanning blocks 921093 -> 921094
[2025-10-27 23:18:06.944299] [BG] scanning blocks 921093 -> 921094
[2025-10-27 23:23:12.115073] [BG] scanning blocks 921095 -> 921094
[2025-10-27 23:23:13.801277] [BG] scanning blocks 921095 -> 921094
[2025-10-27 23:23:14.638416] [BG] scanning blocks 921095 -> 921094
[2025-10-27 23:28:25.566295] [BG] scanning blocks 921095 -> 921096
[2025-10-27 23:28:26.565792] [BG] scanning blocks 921095 -> 921096
[2025-10-27 23:28:29.153756] [BG] scanning blocks 921095 -> 921096
[2025-10-27 23:33:32.577667] [BG] scanning blocks 921096 -> 921096
[2025-10-27 23:33:33.339726] [BG] scanning blocks 921096 -> 921096
[2025-10-27 23:33:37.935475] [BG] scanning blocks 921096 -> 921096
[2025-10-27 23:38:42.521079] [BG] scanning blocks 921096 -> 921097
[2025-10-27 23:38:43.104063] [BG] scanning blocks 921096 -> 921097
[2025-10-27 23:38:48.319428] [BG] scanning blocks 921096 -> 921097
[2025-10-27 23:43:49.972289] [BG] scanning blocks 921096 -> 921097
[2025-10-27 23:43:50.190286] [BG] scanning blocks 921096 -> 921097
[2025-10-27 23:43:56.956093] [BG] scanning blocks 921096 -> 921097
[2025-10-27 23:48:56.708024] [BG] scanning blocks 921097 -> 921097
[2025-10-27 23:48:58.167823] [BG] scanning blocks 921097 -> 921097
[2025-10-27 23:49:05.382948] [BG] scanning blocks 921097 -> 921097
[2025-10-27 23:54:09.000513] [BG] scanning blocks 921097 -> 921098
[2025-10-27 23:54:09.375414] [BG] scanning blocks 921097 -> 921098
[2025-10-27 23:54:16.940441] [BG] scanning blocks 921097 -> 921098
[2025-10-27 23:59:16.029195] [BG] scanning blocks 921097 -> 921098
[2025-10-27 23:59:17.443403] [BG] scanning blocks 921097 -> 921098
[2025-10-27 23:59:25.490224] [BG] scanning blocks 921097 -> 921098
[2025-10-28 00:04:23.750150] [BG] scanning blocks 921098 -> 921098
[2025-10-28 00:04:25.898746] [BG] scanning blocks 921098 -> 921098
[2025-10-28 00:04:34.352375] [BG] scanning blocks 921098 -> 921098
[2025-10-28 00:09:35.974514] [BG] scanning blocks 921098 -> 921099
[2025-10-28 00:09:36.844009] [BG] scanning blocks 921098 -> 921099
[2025-10-28 00:09:46.450182] [BG] scanning blocks 921098 -> 921099
[2025-10-28 00:14:43.202825] [BG] scanning blocks 921099 -> 921099
[2025-10-28 00:14:43.980875] [BG] scanning blocks 921099 -> 921099
[2025-10-28 00:14:55.087992] [BG] scanning blocks 921099 -> 921100
[2025-10-28 00:19:52.344578] [BG] scanning blocks 921100 -> 921100
[2025-10-28 00:19:54.915087] [BG] scanning blocks 921100 -> 921100
[2025-10-28 00:20:03.724545] [BG] scanning blocks 921100 -> 921101
[2025-10-28 00:25:00.209740] [BG] scanning blocks 921100 -> 921101
[2025-10-28 00:25:03.885506] [BG] scanning blocks 921100 -> 921101
[2025-10-28 00:25:12.311369] [BG] scanning blocks 921100 -> 921101
[2025-10-28 00:30:07.377369] [BG] scanning blocks 921102 -> 921101
[2025-10-28 00:30:11.963846] [BG] scanning blocks 921102 -> 921101
[2025-10-28 00:30:21.914002] [BG] scanning blocks 921102 -> 921101
[2025-10-28 00:30:37.155616] [BG] error: HTTPSConnectionPool(host='blockchain.info', port=443): Read timed out.
[2025-10-28 00:35:22.966014] [BG] scanning blocks 921102 -> 921103
[2025-10-28 00:35:25.680828] [BG] scanning blocks 921102 -> 921103
[2025-10-28 00:35:45.562833] [BG] scanning blocks 921102 -> 921103
[2025-10-28 00:40:29.841501] [BG] scanning blocks 921102 -> 921103
[2025-10-28 00:40:32.747315] [BG] scanning blocks 921102 -> 921103
[2025-10-28 00:40:53.958811] [BG] scanning blocks 921102 -> 921103
[2025-10-28 00:45:36.848328] [BG] scanning blocks 921102 -> 921103
[2025-10-28 00:45:40.784667] [BG] scanning blocks 921102 -> 921103
[2025-10-28 00:46:02.393167] [BG] scanning blocks 921102 -> 921103
[2025-10-28 00:50:44.017362] [BG] scanning blocks 921102 -> 921103
[2025-10-28 00:50:49.318654] [BG] scanning blocks 921102 -> 921103
[2025-10-28 00:51:11.419752] [BG] scanning blocks 921102 -> 921103
[2025-10-28 00:55:50.975173] [BG] scanning blocks 921102 -> 921103
[2025-10-28 00:55:57.350867] [BG] scanning blocks 921102 -> 921103
[2025-10-28 00:56:19.794687] [BG] scanning blocks 921102 -> 921103
[2025-10-28 01:00:58.331486] [BG] scanning blocks 921104 -> 921103
[2025-10-28 01:01:05.615526] [BG] scanning blocks 921104 -> 921103
[2025-10-28 01:01:28.814706] [BG] scanning blocks 921104 -> 921105
[2025-10-28 01:06:13.247014] [BG] scanning blocks 921104 -> 921105
[2025-10-28 01:06:19.902302] [BG] scanning blocks 921104 -> 921105
[2025-10-28 01:06:37.675263] [BG] scanning blocks 921104 -> 921105
[2025-10-28 01:11:20.140358] [BG] scanning blocks 921104 -> 921105
[2025-10-28 01:11:26.847424] [BG] scanning blocks 921104 -> 921105
[2025-10-28 01:11:46.611833] [BG] scanning blocks 921104 -> 921105
[2025-10-28 01:16:28.295572] [BG] scanning blocks 921104 -> 921105
[2025-10-28 01:16:33.647080] [BG] scanning blocks 921104 -> 921105
[2025-10-28 01:16:55.057228] [BG] scanning blocks 921104 -> 921105
[2025-10-28 01:21:36.480444] [BG] scanning blocks 921106 -> 921105
[2025-10-28 01:21:40.383525] [BG] scanning blocks 921106 -> 921105
[2025-10-28 01:22:04.776769] [BG] scanning blocks 921106 -> 921107
[2025-10-28 01:27:13.826203] [BG] scanning blocks 921106 -> 921107
[2025-10-28 01:27:43.522510] [BG] scanning blocks 921106 -> 921107
[2025-10-28 01:27:55.733511] [BG] scanning blocks 921106 -> 921107
[2025-10-28 01:32:22.855373] [BG] scanning blocks 921106 -> 921107
[2025-10-28 01:32:50.553927] [BG] scanning blocks 921106 -> 921107
[2025-10-28 01:33:03.490190] [BG] scanning blocks 921106 -> 921107
[2025-10-28 01:37:32.127431] [BG] scanning blocks 921106 -> 921107
[2025-10-28 01:37:57.372281] [BG] scanning blocks 921106 -> 921107
[2025-10-28 01:38:11.352217] [BG] scanning blocks 921106 -> 921107
[2025-10-28 01:42:40.816562] [BG] scanning blocks 921106 -> 921107
[2025-10-28 01:43:03.990319] [BG] scanning blocks 921106 -> 921107
[2025-10-28 01:43:18.020517] [BG] scanning blocks 921106 -> 921107
[2025-10-28 01:47:49.693570] [BG] scanning blocks 921106 -> 921107
[2025-10-28 01:48:11.572422] [BG] scanning blocks 921106 -> 921107
[2025-10-28 01:48:26.147721] [BG] scanning blocks 921106 -> 921107
[2025-10-28 01:52:58.374986] [BG] scanning blocks 921107 -> 921107
[2025-10-28 01:53:18.695438] [BG] scanning blocks 921107 -> 921108
[2025-10-28 01:53:32.998429] [BG] scanning blocks 921108 -> 921108
[2025-10-28 01:58:25.755410] [BG] scanning blocks 921109 -> 921109
[2025-10-28 01:58:50.833303] [BG] scanning blocks 921109 -> 921110
[2025-10-28 01:59:25.855657] [BG] scanning blocks 921109 -> 921110
[2025-10-28 02:03:35.109089] [BG] scanning blocks 921109 -> 921110
[2025-10-28 02:03:58.958909] [BG] scanning blocks 921109 -> 921110
[2025-10-28 02:04:33.700758] [BG] scanning blocks 921109 -> 921110
[2025-10-28 02:08:43.238360] [BG] scanning blocks 921109 -> 921110
[2025-10-28 02:09:07.336676] [BG] scanning blocks 921109 -> 921110
[2025-10-28 02:09:42.059124] [BG] scanning blocks 921109 -> 921110
[2025-10-28 02:13:51.749111] [BG] scanning blocks 921109 -> 921110
[2025-10-28 02:14:16.055771] [BG] scanning blocks 921109 -> 921110
[2025-10-28 02:14:50.705192] [BG] scanning blocks 921109 -> 921110
[2025-10-28 02:18:59.339563] [BG] scanning blocks 921109 -> 921110
[2025-10-28 02:19:24.006659] [BG] scanning blocks 921109 -> 921110
[2025-10-28 02:19:59.568745] [BG] scanning blocks 921109 -> 921110
[2025-10-28 02:24:06.997891] [BG] scanning blocks 921109 -> 921110
[2025-10-28 02:24:32.506785] [BG] scanning blocks 921109 -> 921110
[2025-10-28 02:25:08.468333] [BG] scanning blocks 921109 -> 921110
[2025-10-28 02:29:15.271926] [BG] scanning blocks 921109 -> 921110
[2025-10-28 02:29:41.614065] [BG] scanning blocks 921109 -> 921110
[2025-10-28 02:30:16.773600] [BG] scanning blocks 921109 -> 921110
[2025-10-28 02:34:22.298096] [BG] scanning blocks 921109 -> 921110
[2025-10-28 02:34:48.639323] [BG] scanning blocks 921109 -> 921110
[2025-10-28 02:35:25.084509] [BG] scanning blocks 921109 -> 921110
[2025-10-28 02:39:29.253582] [BG] scanning blocks 921110 -> 921110
[2025-10-28 02:39:56.173312] [BG] scanning blocks 921110 -> 921111
[2025-10-28 02:40:32.102590] [BG] scanning blocks 921110 -> 921111
[2025-10-28 02:45:03.170809] [BG] scanning blocks 921110 -> 921111
[2025-10-28 02:45:26.295287] [BG] scanning blocks 921110 -> 921111
[2025-10-28 02:45:41.517958] [BG] scanning blocks 921110 -> 921111
[2025-10-28 02:50:10.624816] [BG] scanning blocks 921110 -> 921111
[2025-10-28 02:50:33.253324] [BG] scanning blocks 921110 -> 921111
[2025-10-28 02:50:49.695102] [BG] scanning blocks 921110 -> 921111
[2025-10-28 02:55:17.351689] [BG] scanning blocks 921111 -> 921111
[2025-10-28 02:55:39.965351] [BG] scanning blocks 921111 -> 921112
[2025-10-28 02:55:59.387543] [BG] scanning blocks 921111 -> 921112
[2025-10-28 03:00:27.339698] [BG] scanning blocks 921113 -> 921112
[2025-10-28 03:00:47.001244] [BG] scanning blocks 921113 -> 921114
[2025-10-28 03:01:08.051359] [BG] scanning blocks 921113 -> 921114
[2025-10-28 03:05:40.722162] [BG] scanning blocks 921113 -> 921114
[2025-10-28 03:05:53.884244] [BG] scanning blocks 921113 -> 921114
[2025-10-28 03:06:16.656526] [BG] scanning blocks 921113 -> 921114
[2025-10-28 03:10:47.546197] [BG] scanning blocks 921113 -> 921114
[2025-10-28 03:11:01.028536] [BG] scanning blocks 921113 -> 921114
[2025-10-28 03:11:25.246505] [BG] scanning blocks 921113 -> 921114
[2025-10-28 03:15:55.315154] [BG] scanning blocks 921113 -> 921114
[2025-10-28 03:16:08.884917] [BG] scanning blocks 921113 -> 921114
[2025-10-28 03:16:34.159425] [BG] scanning blocks 921113 -> 921114
[2025-10-28 03:21:02.285218] [BG] scanning blocks 921114 -> 921114
[2025-10-28 03:21:16.724564] [BG] scanning blocks 921114 -> 921115
[2025-10-28 03:21:42.190547] [BG] scanning blocks 921114 -> 921115
[2025-10-28 03:26:12.460744] [BG] scanning blocks 921115 -> 921115
[2025-10-28 03:26:24.716484] [BG] scanning blocks 921115 -> 921116
[2025-10-28 03:26:50.599402] [BG] scanning blocks 921115 -> 921116
[2025-10-28 03:31:24.673829] [BG] scanning blocks 921116 -> 921116
[2025-10-28 03:31:32.722576] [BG] scanning blocks 921116 -> 921116
[2025-10-28 03:31:59.495597] [BG] scanning blocks 921116 -> 921117
[2025-10-28 03:36:36.302367] [BG] scanning blocks 921116 -> 921117
[2025-10-28 03:36:44.549174] [BG] scanning blocks 921116 -> 921117
[2025-10-28 03:37:08.200728] [BG] scanning blocks 921116 -> 921117
[2025-10-28 03:41:44.588148] [BG] scanning blocks 921116 -> 921117
[2025-10-28 03:41:53.329599] [BG] scanning blocks 921116 -> 921117
[2025-10-28 03:42:17.316182] [BG] scanning blocks 921116 -> 921117
[2025-10-28 03:46:53.002506] [BG] scanning blocks 921116 -> 921117
[2025-10-28 03:47:01.487802] [BG] scanning blocks 921116 -> 921117
[2025-10-28 03:47:26.167542] [BG] scanning blocks 921116 -> 921117
[2025-10-28 03:52:00.315127] [BG] scanning blocks 921117 -> 921117
[2025-10-28 03:52:09.480571] [BG] scanning blocks 921117 -> 921117
[2025-10-28 03:52:35.449276] [BG] scanning blocks 921117 -> 921118
[2025-10-28 03:57:11.086777] [BG] scanning blocks 921117 -> 921118
[2025-10-28 03:57:21.229623] [BG] scanning blocks 921117 -> 921118
[2025-10-28 03:57:44.359799] [BG] scanning blocks 921117 -> 921118
[2025-10-28 04:02:17.965142] [BG] scanning blocks 921117 -> 921118
[2025-10-28 04:02:29.322689] [BG] scanning blocks 921117 -> 921118
[2025-10-28 04:02:52.670237] [BG] scanning blocks 921117 -> 921118
[2025-10-28 04:07:25.167699] [BG] scanning blocks 921119 -> 921118
[2025-10-28 04:07:35.912199] [BG] scanning blocks 921119 -> 921120
[2025-10-28 04:08:01.526976] [BG] scanning blocks 921119 -> 921120
[2025-10-28 04:12:36.018294] [BG] scanning blocks 921119 -> 921120
[2025-10-28 04:12:43.747855] [BG] scanning blocks 921119 -> 921120
[2025-10-28 04:13:09.976374] [BG] scanning blocks 921119 -> 921120
[2025-10-28 04:17:42.887198] [BG] scanning blocks 921119 -> 921120
[2025-10-28 04:17:52.283024] [BG] scanning blocks 921119 -> 921120
[2025-10-28 04:18:18.667561] [BG] scanning blocks 921119 -> 921120
[2025-10-28 04:22:49.793036] [BG] scanning blocks 921119 -> 921120
[2025-10-28 04:23:00.320700] [BG] scanning blocks 921119 -> 921120
[2025-10-28 04:23:27.179864] [BG] scanning blocks 921119 -> 921120
[2025-10-28 04:27:56.641660] [BG] scanning blocks 921119 -> 921120
[2025-10-28 04:28:07.119478] [BG] scanning blocks 921119 -> 921120
[2025-10-28 04:28:35.602090] [BG] scanning blocks 921119 -> 921120
[2025-10-28 04:33:03.552376] [BG] scanning blocks 921119 -> 921120
[2025-10-28 04:33:13.907324] [BG] scanning blocks 921119 -> 921120
[2025-10-28 04:33:44.470660] [BG] scanning blocks 921119 -> 921120
[2025-10-28 04:38:11.236217] [BG] scanning blocks 921120 -> 921120
[2025-10-28 04:38:22.769641] [BG] scanning blocks 921120 -> 921121
[2025-10-28 04:38:53.826362] [BG] scanning blocks 921120 -> 921121
[2025-10-28 04:43:30.251060] [BG] scanning blocks 921120 -> 921121
[2025-10-28 04:44:02.863649] [BG] scanning blocks 921120 -> 921121
[2025-10-28 04:44:11.108034] [BG] scanning blocks 921120 -> 921121
[2025-10-28 04:48:40.168264] [BG] scanning blocks 921120 -> 921121
[2025-10-28 04:49:11.330807] [BG] scanning blocks 921120 -> 921121
[2025-10-28 04:49:17.942906] [BG] scanning blocks 921120 -> 921121
[2025-10-28 04:53:48.282031] [BG] scanning blocks 921120 -> 921121
[2025-10-28 04:54:21.371002] [BG] scanning blocks 921120 -> 921121
[2025-10-28 04:54:25.746413] [BG] scanning blocks 921120 -> 921121
[2025-10-28 04:58:56.223857] [BG] scanning blocks 921121 -> 921121
[2025-10-28 04:59:30.043730] [BG] scanning blocks 921121 -> 921122
[2025-10-28 04:59:32.844749] [BG] scanning blocks 921121 -> 921122
[2025-10-28 05:04:07.000730] [BG] scanning blocks 921122 -> 921122
[2025-10-28 05:04:38.518340] [BG] scanning blocks 921122 -> 921123
[2025-10-28 05:04:39.462881] [BG] scanning blocks 921122 -> 921123
[2025-10-28 05:09:17.919127] [BG] scanning blocks 921122 -> 921123
[2025-10-28 05:09:46.432232] [BG] scanning blocks 921123 -> 921123
[2025-10-28 05:09:47.151879] [BG] scanning blocks 921123 -> 921123
[2025-10-28 05:14:27.691471] [BG] scanning blocks 921124 -> 921124
[2025-10-28 05:14:57.480896] [BG] scanning blocks 921124 -> 921125
[2025-10-28 05:15:00.152262] [BG] scanning blocks 921124 -> 921125
[2025-10-28 05:19:40.475002] [BG] scanning blocks 921125 -> 921125
[2025-10-28 05:20:04.273476] [BG] scanning blocks 921125 -> 921126
[2025-10-28 05:20:08.900495] [BG] scanning blocks 921125 -> 921126
[2025-10-28 05:24:52.296345] [BG] scanning blocks 921125 -> 921126
[2025-10-28 05:25:11.505435] [BG] scanning blocks 921125 -> 921126
[2025-10-28 05:25:17.875801] [BG] scanning blocks 921125 -> 921126
[2025-10-28 05:30:00.543391] [BG] scanning blocks 921125 -> 921126
[2025-10-28 05:30:18.312310] [BG] scanning blocks 921125 -> 921126
[2025-10-28 05:30:26.448894] [BG] scanning blocks 921125 -> 921126
[2025-10-28 05:35:07.866167] [BG] scanning blocks 921126 -> 921126
[2025-10-28 05:35:25.155729] [BG] scanning blocks 921126 -> 921127
[2025-10-28 05:35:35.088993] [BG] scanning blocks 921126 -> 921127
[2025-10-28 05:40:19.486537] [BG] scanning blocks 921126 -> 921127
[2025-10-28 05:40:33.135027] [BG] scanning blocks 921126 -> 921127
[2025-10-28 05:40:43.385944] [BG] scanning blocks 921126 -> 921127
[2025-10-28 05:45:27.860013] [BG] scanning blocks 921127 -> 921127
[2025-10-28 05:45:41.024564] [BG] scanning blocks 921127 -> 921128
[2025-10-28 05:45:51.426284] [BG] scanning blocks 921127 -> 921128
[2025-10-28 05:50:40.388397] [BG] scanning blocks 921128 -> 921128
[2025-10-28 05:50:48.698462] [BG] scanning blocks 921128 -> 921128
[2025-10-28 05:50:59.302558] [BG] scanning blocks 921128 -> 921129
[2025-10-28 05:55:51.820740] [BG] scanning blocks 921128 -> 921129
[2025-10-28 05:55:58.928200] [BG] scanning blocks 921128 -> 921129
[2025-10-28 05:56:07.823906] [BG] scanning blocks 921128 -> 921129
[2025-10-28 06:01:00.385021] [BG] scanning blocks 921128 -> 921129
[2025-10-28 06:01:06.829009] [BG] scanning blocks 921128 -> 921129
[2025-10-28 06:01:16.457148] [BG] scanning blocks 921128 -> 921129
[2025-10-28 06:06:08.490590] [BG] scanning blocks 921129 -> 921129
[2025-10-28 06:06:14.671631] [BG] scanning blocks 921129 -> 921129
[2025-10-28 06:06:25.123140] [BG] scanning blocks 921129 -> 921130
[2025-10-28 06:11:19.474314] [BG] scanning blocks 921130 -> 921130
[2025-10-28 06:11:27.001196] [BG] scanning blocks 921130 -> 921130
[2025-10-28 06:11:33.552142] [BG] scanning blocks 921130 -> 921131
[2025-10-28 06:16:29.929210] [BG] scanning blocks 921132 -> 921131
[2025-10-28 06:16:39.577650] [BG] scanning blocks 921132 -> 921131
[2025-10-28 06:16:41.425339] [BG] scanning blocks 921132 -> 921133
[2025-10-28 06:21:49.188146] [BG] scanning blocks 921134 -> 921133
[2025-10-28 06:22:48.677167] [BG] scanning blocks 921134 -> 921135
[2025-10-28 06:22:51.939506] [BG] scanning blocks 921134 -> 921135
[2025-10-28 06:27:03.729539] [BG] scanning blocks 921135 -> 921135
[2025-10-28 06:27:59.606210] [BG] scanning blocks 921135 -> 921136
[2025-10-28 06:28:01.961983] [BG] scanning blocks 921135 -> 921136
[2025-10-28 06:32:16.379751] [BG] scanning blocks 921137 -> 921136
[2025-10-28 06:33:07.717061] [BG] scanning blocks 921137 -> 921138
[2025-10-28 06:33:08.665317] [BG] scanning blocks 921137 -> 921138
[2025-10-28 06:37:29.839577] [BG] scanning blocks 921137 -> 921138
[2025-10-28 06:38:22.334493] [BG] scanning blocks 921137 -> 921138
[2025-10-28 06:38:22.430497] [BG] scanning blocks 921137 -> 921138
[2025-10-28 06:42:37.573524] [BG] scanning blocks 921137 -> 921138
[2025-10-28 06:43:33.117276] [BG] scanning blocks 921137 -> 921138
[2025-10-28 06:43:33.271452] [BG] scanning blocks 921137 -> 921138
[2025-10-28 06:47:45.271405] [BG] scanning blocks 921138 -> 921138
[2025-10-28 06:48:44.240549] [BG] scanning blocks 921138 -> 921139
[2025-10-28 06:48:44.681957] [BG] scanning blocks 921138 -> 921139
[2025-10-28 06:52:55.425701] [BG] scanning blocks 921139 -> 921139
[2025-10-28 06:53:53.815165] [BG] scanning blocks 921139 -> 921140
[2025-10-28 06:53:54.272170] [BG] scanning blocks 921139 -> 921140
[2025-10-28 06:58:08.374485] [BG] scanning blocks 921139 -> 921140
[2025-10-28 06:59:02.276631] [BG] scanning blocks 921139 -> 921140
[2025-10-28 06:59:02.763635] [BG] scanning blocks 921139 -> 921140
[2025-10-28 07:03:17.644834] [BG] scanning blocks 921139 -> 921140
[2025-10-28 07:04:09.803429] [BG] scanning blocks 921139 -> 921140
[2025-10-28 07:04:11.239964] [BG] scanning blocks 921139 -> 921140
[2025-10-28 07:08:33.143261] [BG] scanning blocks 921139 -> 921140
[2025-10-28 07:09:17.276962] [BG] scanning blocks 921139 -> 921140
[2025-10-28 07:09:19.487459] [BG] scanning blocks 921139 -> 921140
[2025-10-28 07:13:41.483847] [BG] scanning blocks 921141 -> 921140
[2025-10-28 07:14:25.167102] [BG] scanning blocks 921141 -> 921142
[2025-10-28 07:14:28.219526] [BG] scanning blocks 921141 -> 921142
[2025-10-28 07:18:56.548084] [BG] scanning blocks 921141 -> 921142
[2025-10-28 07:19:33.092896] [BG] scanning blocks 921141 -> 921142
[2025-10-28 07:19:36.089043] [BG] scanning blocks 921141 -> 921142
[2025-10-28 07:24:04.349627] [BG] scanning blocks 921143 -> 921143
[2025-10-28 07:24:41.025054] [BG] scanning blocks 921143 -> 921144
[2025-10-28 07:24:44.215517] [BG] scanning blocks 921143 -> 921144
[2025-10-28 07:29:13.717499] [BG] scanning blocks 921145 -> 921145
[2025-10-28 07:29:48.841833] [BG] scanning blocks 921146 -> 921146
[2025-10-28 07:29:52.080532] [BG] scanning blocks 921146 -> 921146
[2025-10-28 07:34:25.452819] [BG] scanning blocks 921146 -> 921147
[2025-10-28 07:35:01.185117] [BG] scanning blocks 921146 -> 921147
[2025-10-28 07:35:04.743108] [BG] scanning blocks 921146 -> 921147
[2025-10-28 07:39:33.471637] [BG] scanning blocks 921146 -> 921147
[2025-10-28 07:40:09.389755] [BG] scanning blocks 921146 -> 921147
[2025-10-28 07:40:13.116773] [BG] scanning blocks 921146 -> 921147
[2025-10-28 07:44:41.544511] [BG] scanning blocks 921146 -> 921147
[2025-10-28 07:45:18.214226] [BG] scanning blocks 921146 -> 921147
[2025-10-28 07:45:23.371025] [BG] scanning blocks 921146 -> 921147
[2025-10-28 07:49:49.841289] [BG] scanning blocks 921148 -> 921149
[2025-10-28 07:50:27.608689] [BG] scanning blocks 921148 -> 921149
[2025-10-28 07:50:32.559088] [BG] scanning blocks 921149 -> 921149
[2025-10-28 07:54:57.603490] [BG] scanning blocks 921149 -> 921150
[2025-10-28 07:55:36.258015] [BG] scanning blocks 921149 -> 921150
[2025-10-28 07:55:44.956489] [BG] scanning blocks 921149 -> 921150
[2025-10-28 08:00:06.452435] [BG] scanning blocks 921150 -> 921150
[2025-10-28 08:00:44.350124] [BG] scanning blocks 921150 -> 921151
[2025-10-28 08:00:52.477540] [BG] scanning blocks 921150 -> 921151
[2025-10-28 08:05:16.933391] [BG] scanning blocks 921151 -> 921151
[2025-10-28 08:05:53.433955] [BG] scanning blocks 921151 -> 921152
[2025-10-28 08:06:01.362318] [BG] scanning blocks 921151 -> 921152
[2025-10-28 08:10:27.782285] [BG] scanning blocks 921151 -> 921152
[2025-10-28 08:11:03.082072] [BG] scanning blocks 921152 -> 921152
[2025-10-28 08:11:11.135890] [BG] scanning blocks 921152 -> 921152
[2025-10-28 08:15:36.515514] [BG] scanning blocks 921153 -> 921153
[2025-10-28 08:15:48.667202] [BG] error: HTTPSConnectionPool(host='blockchain.info', port=443): Read timed out.
[2025-10-28 08:16:15.140314] [BG] scanning blocks 921153 -> 921153
[2025-10-28 08:16:23.989674] [BG] scanning blocks 921153 -> 921154
[2025-10-28 08:20:57.782891] [BG] scanning blocks 921153 -> 921154
[2025-10-28 08:21:25.122610] [BG] scanning blocks 921153 -> 921154
[2025-10-28 08:21:31.024789] [BG] scanning blocks 921153 -> 921154
[2025-10-28 08:26:05.930323] [BG] scanning blocks 921153 -> 921154
[2025-10-28 08:26:33.131311] [BG] scanning blocks 921153 -> 921154
[2025-10-28 08:26:38.933351] [BG] scanning blocks 921153 -> 921154
[2025-10-28 08:31:14.748980] [BG] scanning blocks 921153 -> 921154
[2025-10-28 08:31:41.215378] [BG] scanning blocks 921153 -> 921154
[2025-10-28 08:31:46.726134] [BG] scanning blocks 921153 -> 921154
[2025-10-28 08:36:26.623584] [BG] scanning blocks 921153 -> 921154
[2025-10-28 08:36:50.066760] [BG] scanning blocks 921153 -> 921154
[2025-10-28 08:36:56.170437] [BG] scanning blocks 921153 -> 921154
[2025-10-28 08:41:36.515086] [BG] scanning blocks 921153 -> 921154
[2025-10-28 08:41:58.172164] [BG] scanning blocks 921153 -> 921154
[2025-10-28 08:42:04.286085] [BG] scanning blocks 921153 -> 921154
[2025-10-28 08:46:44.373670] [BG] scanning blocks 921153 -> 921154
[2025-10-28 08:47:06.015367] [BG] scanning blocks 921153 -> 921154
[2025-10-28 08:47:12.007565] [BG] scanning blocks 921153 -> 921154
[2025-10-28 08:51:52.761553] [BG] scanning blocks 921153 -> 921154
[2025-10-28 08:52:13.857436] [BG] scanning blocks 921153 -> 921154
[2025-10-28 08:52:20.199200] [BG] scanning blocks 921153 -> 921154
[2025-10-28 08:57:01.067867] [BG] scanning blocks 921153 -> 921154
[2025-10-28 08:57:21.434130] [BG] scanning blocks 921153 -> 921154
[2025-10-28 08:57:27.336781] [BG] scanning blocks 921153 -> 921154
[2025-10-28 09:02:09.215923] [BG] scanning blocks 921153 -> 921154
[2025-10-28 09:02:28.372117] [BG] scanning blocks 921153 -> 921154
[2025-10-28 09:02:34.577438] [BG] scanning blocks 921153 -> 921154
[2025-10-28 09:07:17.614056] [BG] scanning blocks 921153 -> 921154
[2025-10-28 09:07:36.755167] [BG] scanning blocks 921153 -> 921154
[2025-10-28 09:07:43.182060] [BG] scanning blocks 921153 -> 921154
[2025-10-28 09:12:25.730310] [BG] scanning blocks 921154 -> 921154
[2025-10-28 09:12:44.604994] [BG] scanning blocks 921154 -> 921155
[2025-10-28 09:12:51.338488] [BG] scanning blocks 921155 -> 921155
[2025-10-28 09:17:36.765210] [BG] scanning blocks 921157 -> 921156
[2025-10-28 09:17:52.745891] [BG] scanning blocks 921157 -> 921156
[2025-10-28 09:18:02.825118] [BG] scanning blocks 921157 -> 921158
[2025-10-28 09:22:57.357985] [BG] scanning blocks 921157 -> 921158
[2025-10-28 09:23:07.005220] [BG] scanning blocks 921157 -> 921158
[2025-10-28 09:23:10.944415] [BG] scanning blocks 921157 -> 921158
[2025-10-28 09:28:06.117450] [BG] scanning blocks 921158 -> 921158
[2025-10-28 09:28:14.446676] [BG] scanning blocks 921158 -> 921158
[2025-10-28 09:28:19.150383] [BG] scanning blocks 921158 -> 921159
[2025-10-28 09:33:17.321350] [BG] scanning blocks 921158 -> 921159
[2025-10-28 09:33:25.006302] [BG] scanning blocks 921158 -> 921159
[2025-10-28 09:33:27.433001] [BG] scanning blocks 921158 -> 921159
[2025-10-28 09:38:25.349014] [BG] scanning blocks 921158 -> 921159
[2025-10-28 09:38:34.387955] [BG] scanning blocks 921158 -> 921159
[2025-10-28 09:38:36.489612] [BG] scanning blocks 921159 -> 921159
[2025-10-28 09:43:34.183658] [BG] scanning blocks 921159 -> 921160
[2025-10-28 09:43:42.813858] [BG] scanning blocks 921159 -> 921160
[2025-10-28 09:44:52.261773] [BG] scanning blocks 921159 -> 921160
[2025-10-28 09:48:42.391723] [BG] scanning blocks 921160 -> 921160
[2025-10-28 09:48:50.948401] [BG] scanning blocks 921160 -> 921160
[2025-10-28 09:50:00.172572] [BG] scanning blocks 921160 -> 921161
[2025-10-28 09:53:54.458448] [BG] scanning blocks 921161 -> 921161
[2025-10-28 09:54:02.036794] [BG] scanning blocks 921161 -> 921161
[2025-10-28 09:55:08.725281] [BG] scanning blocks 921161 -> 921162
[2025-10-28 09:59:05.508198] [BG] scanning blocks 921161 -> 921162
[2025-10-28 09:59:15.258294] [BG] scanning blocks 921161 -> 921162
[2025-10-28 10:00:17.045652] [BG] scanning blocks 921161 -> 921162
[2025-10-28 10:04:13.809479] [BG] scanning blocks 921161 -> 921162
[2025-10-28 10:04:23.064831] [BG] scanning blocks 921161 -> 921162
[2025-10-28 10:05:24.958881] [BG] scanning blocks 921161 -> 921162
[2025-10-28 10:09:24.954689] [BG] scanning blocks 921161 -> 921162
[2025-10-28 10:09:31.546539] [BG] scanning blocks 921161 -> 921162
[2025-10-28 10:10:33.077609] [BG] scanning blocks 921161 -> 921162
[2025-10-28 10:14:36.185111] [BG] scanning blocks 921162 -> 921162
[2025-10-28 10:14:42.873611] [BG] scanning blocks 921162 -> 921162
[2025-10-28 10:15:41.753286] [BG] scanning blocks 921162 -> 921163
[2025-10-28 10:20:50.685346] [BG] scanning blocks 921162 -> 921163
[2025-10-28 10:20:50.903346] [BG] scanning blocks 921162 -> 921163
[2025-10-28 10:21:01.710875] [BG] scanning blocks 921162 -> 921163
[2025-10-28 10:25:59.151192] [BG] scanning blocks 921163 -> 921163
[2025-10-28 10:25:59.490273] [BG] scanning blocks 921163 -> 921163
[2025-10-28 10:26:10.212998] [BG] scanning blocks 921163 -> 921164
[2025-10-28 10:31:11.559345] [BG] scanning blocks 921163 -> 921164
[2025-10-28 10:31:12.633759] [BG] scanning blocks 921163 -> 921164
[2025-10-28 10:31:18.456925] [BG] scanning blocks 921163 -> 921164
[2025-10-28 10:36:20.496678] [BG] scanning blocks 921163 -> 921164
[2025-10-28 10:36:23.001921] [BG] scanning blocks 921163 -> 921164
[2025-10-28 10:36:31.643664] [BG] scanning blocks 921163 -> 921164
[2025-10-28 10:41:28.948799] [BG] scanning blocks 921163 -> 921164
[2025-10-28 10:41:33.779547] [BG] scanning blocks 921163 -> 921164
[2025-10-28 10:41:40.723205] [BG] scanning blocks 921163 -> 921164
[2025-10-28 10:46:40.284205] [BG] scanning blocks 921163 -> 921164
[2025-10-28 10:46:44.693313] [BG] scanning blocks 921163 -> 921164
[2025-10-28 10:46:49.195306] [BG] scanning blocks 921163 -> 921164
[2025-10-28 10:51:48.163386] [BG] scanning blocks 921164 -> 921164
[2025-10-28 10:51:53.986864] [BG] scanning blocks 921164 -> 921164
[2025-10-28 10:51:58.869537] [BG] scanning blocks 921164 -> 921165
[2025-10-28 10:56:58.420369] [BG] scanning blocks 921167 -> 921165
[2025-10-28 10:57:07.429824] [BG] scanning blocks 921167 -> 921165
[2025-10-28 10:57:07.819850] [BG] scanning blocks 921167 -> 921165
[2025-10-28 11:02:12.940540] [BG] scanning blocks 921169 -> 921168
[2025-10-28 11:02:25.348317] [BG] scanning blocks 921169 -> 921170
[2025-10-28 11:02:26.935128] [BG] scanning blocks 921170 -> 921170
[2025-10-28 11:07:26.261404] [BG] scanning blocks 921172 -> 921171
[2025-10-28 11:07:39.128590] [BG] scanning blocks 921172 -> 921171
[2025-10-28 11:07:44.237700] [BG] scanning blocks 921172 -> 921171
[2025-10-28 11:12:46.399441] [BG] scanning blocks 921173 -> 921173
[2025-10-28 11:13:00.696190] [BG] scanning blocks 921173 -> 921174
[2025-10-28 11:13:07.120038] [BG] scanning blocks 921173 -> 921174
[2025-10-28 11:17:58.945546] [BG] scanning blocks 921173 -> 921174
[2025-10-28 11:18:09.835087] [BG] scanning blocks 921173 -> 921174
[2025-10-28 11:18:15.223769] [BG] scanning blocks 921173 -> 921174
[2025-10-28 11:23:06.930227] [BG] scanning blocks 921173 -> 921174
[2025-10-28 11:23:17.890425] [BG] scanning blocks 921173 -> 921174
[2025-10-28 11:23:23.398069] [BG] scanning blocks 921173 -> 921174
[2025-10-28 11:28:16.150017] [BG] scanning blocks 921173 -> 921174
[2025-10-28 11:28:26.980530] [BG] scanning blocks 921173 -> 921174
[2025-10-28 11:28:31.965136] [BG] scanning blocks 921173 -> 921174
[2025-10-28 11:33:24.337538] [BG] scanning blocks 921175 -> 921174
[2025-10-28 11:33:35.363384] [BG] scanning blocks 921175 -> 921174
[2025-10-28 11:33:40.732218] [BG] scanning blocks 921175 -> 921176
[2025-10-28 11:38:38.565600] [BG] scanning blocks 921176 -> 921176
[2025-10-28 11:38:48.790083] [BG] scanning blocks 921176 -> 921177
[2025-10-28 11:38:50.488681] [BG] scanning blocks 921176 -> 921177
[2025-10-28 11:43:48.812438] [BG] scanning blocks 921177 -> 921177
[2025-10-28 11:43:57.349883] [BG] scanning blocks 921177 -> 921177
[2025-10-28 11:44:00.933055] [BG] scanning blocks 921177 -> 921178
[2025-10-28 11:49:06.833942] [BG] scanning blocks 921178 -> 921178
[2025-10-28 11:49:12.705133] [BG] scanning blocks 921178 -> 921178
[2025-10-28 11:49:13.085985] [BG] scanning blocks 921178 -> 921178
[2025-10-28 11:54:17.917291] [BG] scanning blocks 921178 -> 921179
[2025-10-28 11:54:25.738642] [BG] scanning blocks 921178 -> 921179
[2025-10-28 11:54:26.762654] [BG] scanning blocks 921178 -> 921179
[2025-10-28 11:59:24.973280] [BG] scanning blocks 921178 -> 921179
[2025-10-28 11:59:33.504964] [BG] scanning blocks 921178 -> 921179
[2025-10-28 11:59:36.019268] [BG] scanning blocks 921178 -> 921179
[2025-10-28 12:04:37.444298] [BG] scanning blocks 921181 -> 921181
[2025-10-28 12:04:42.910944] [BG] scanning blocks 921181 -> 921181
[2025-10-28 12:04:45.260919] [BG] scanning blocks 921181 -> 921181
[2025-10-28 12:09:50.072570] [BG] scanning blocks 921181 -> 921182
[2025-10-28 12:09:54.921603] [BG] scanning blocks 921181 -> 921182
[2025-10-28 12:09:58.890983] [BG] scanning blocks 921181 -> 921182
[2025-10-28 12:14:58.085359] [BG] scanning blocks 921182 -> 921182
[2025-10-28 12:15:03.602393] [BG] scanning blocks 921182 -> 921182
[2025-10-28 12:15:07.537901] [BG] scanning blocks 921182 -> 921182
[2025-10-28 12:20:10.133041] [BG] scanning blocks 921183 -> 921184
[2025-10-28 12:20:14.975730] [BG] scanning blocks 921183 -> 921184
[2025-10-28 12:20:22.761557] [BG] scanning blocks 921183 -> 921184
[2025-10-28 12:25:17.302347] [BG] scanning blocks 921184 -> 921185
[2025-10-28 12:25:22.758582] [BG] scanning blocks 921184 -> 921185
[2025-10-28 12:25:30.931929] [BG] scanning blocks 921184 -> 921185
[2025-10-28 12:30:25.124840] [BG] scanning blocks 921184 -> 921185
[2025-10-28 12:30:30.831533] [BG] scanning blocks 921184 -> 921185
[2025-10-28 12:30:39.478446] [BG] scanning blocks 921184 -> 921185
[2025-10-28 12:35:33.357579] [BG] scanning blocks 921184 -> 921185
[2025-10-28 12:35:39.120325] [BG] scanning blocks 921184 -> 921185
[2025-10-28 12:35:47.625781] [BG] scanning blocks 921184 -> 921185
[2025-10-28 12:40:42.575112] [BG] scanning blocks 921185 -> 921186
[2025-10-28 12:40:49.246850] [BG] scanning blocks 921185 -> 921186
[2025-10-28 12:40:59.379247] [BG] scanning blocks 921185 -> 921186
[2025-10-28 12:45:53.117765] [BG] scanning blocks 921186 -> 921186
[2025-10-28 12:46:00.286951] [BG] scanning blocks 921186 -> 921186
[2025-10-28 12:46:09.760814] [BG] scanning blocks 921186 -> 921187
[2025-10-28 12:51:06.976642] [BG] scanning blocks 921187 -> 921187
[2025-10-28 12:51:15.580119] [BG] scanning blocks 921187 -> 921187
[2025-10-28 12:51:18.772489] [BG] scanning blocks 921187 -> 921187
[2025-10-28 12:56:26.445161] [BG] scanning blocks 921187 -> 921188
[2025-10-28 12:56:31.230147] [BG] scanning blocks 921187 -> 921188
[2025-10-28 12:56:32.144158] [BG] scanning blocks 921187 -> 921188
[2025-10-28 13:01:36.885840] [BG] scanning blocks 921187 -> 921188
[2025-10-28 13:01:41.337386] [BG] scanning blocks 921187 -> 921188
[2025-10-28 13:01:42.930523] [BG] scanning blocks 921187 -> 921188
[2025-10-28 13:06:50.567333] [BG] scanning blocks 921187 -> 921188
[2025-10-28 13:06:51.877252] [BG] scanning blocks 921187 -> 921188
[2025-10-28 13:06:55.064111] [BG] scanning blocks 921187 -> 921188
[2025-10-28 13:11:58.986558] [BG] scanning blocks 921187 -> 921188
[2025-10-28 13:12:03.750978] [BG] scanning blocks 921187 -> 921188
[2025-10-28 13:12:06.807986] [BG] scanning blocks 921187 -> 921188
[2025-10-28 13:17:27.482527] [BG] scanning blocks 921188 -> 921188
[2025-10-28 13:20:04.087156] [BG] scanning blocks 921188 -> 921189
[2025-10-28 13:22:54.420294] [BG] scanning blocks 921188 -> 921189
[2025-10-28 13:25:12.676101] [BG] scanning blocks 921188 -> 921189
[2025-10-28 13:28:09.241865] [BG] scanning blocks 921188 -> 921189
[2025-10-28 13:30:20.630983] [BG] scanning blocks 921188 -> 921189
[2025-10-28 13:33:21.323063] [BG] scanning blocks 921189 -> 921189
[2025-10-28 13:35:30.744535] [BG] scanning blocks 921189 -> 921190
[2025-10-28 13:38:37.130632] [BG] scanning blocks 921191 -> 921190
[2025-10-28 13:40:39.826300] [BG] scanning blocks 921191 -> 921192
[2025-10-28 13:44:08.040090] [BG] scanning blocks 921194 -> 921192
[2025-10-28 13:45:52.174986] [BG] scanning blocks 921194 -> 921195
[2025-10-28 13:49:42.277866] [BG] scanning blocks 921194 -> 921195
[2025-10-28 13:51:01.009548] [BG] scanning blocks 921194 -> 921195
[2025-10-28 13:54:54.177022] [BG] scanning blocks 921194 -> 921195
[2025-10-28 13:56:12.379266] [BG] scanning blocks 921194 -> 921195
[2025-10-28 14:00:03.936790] [BG] scanning blocks 921194 -> 921195
[2025-10-28 14:01:23.156569] [BG] scanning blocks 921194 -> 921195
[2025-10-28 14:05:16.712091] [BG] scanning blocks 921194 -> 921195
[2025-10-28 14:06:35.141377] [BG] scanning blocks 921194 -> 921195
[2025-10-28 14:10:34.815908] [BG] scanning blocks 921194 -> 921195
[2025-10-28 14:11:53.959429] [BG] scanning blocks 921194 -> 921195
[2025-10-28 14:15:48.287254] [BG] scanning blocks 921194 -> 921195
[2025-10-28 14:17:06.358217] [BG] scanning blocks 921194 -> 921195
[2025-10-28 14:21:04.132047] [BG] scanning blocks 921194 -> 921195
[2025-10-28 14:22:16.623047] [BG] scanning blocks 921194 -> 921195
[2025-10-28 14:26:39.231433] [BG] scanning blocks 921195 -> 921195
[2025-10-28 14:27:27.184621] [BG] scanning blocks 921196 -> 921196
[2025-10-28 14:32:42.121889] [BG] scanning blocks 921196 -> 921197
[2025-10-28 14:34:06.472741] [BG] scanning blocks 921196 -> 921197
[2025-10-28 14:37:55.176364] [BG] scanning blocks 921196 -> 921197
[2025-10-28 14:39:27.202578] [BG] scanning blocks 921196 -> 921197
[2025-10-28 14:43:05.342256] [BG] scanning blocks 921196 -> 921197
[2025-10-28 14:44:48.709608] [BG] scanning blocks 921196 -> 921197
[2025-10-28 14:48:16.275440] [BG] scanning blocks 921196 -> 921197
[2025-10-28 14:50:10.302072] [BG] scanning blocks 921196 -> 921197
[2025-10-28 14:53:34.859166] [BG] scanning blocks 921196 -> 921197
[2025-10-28 14:55:29.741273] [BG] scanning blocks 921196 -> 921197
[2025-10-28 14:57:15.483160] [BG] scanning blocks 921196 -> 921197
[2025-10-28 14:59:02.019298] [BG] scanning blocks 921196 -> 921197
[2025-10-28 15:00:41.183139] [BG] scanning blocks 921196 -> 921197
[2025-10-28 15:02:29.435902] [BG] scanning blocks 921196 -> 921197
[2025-10-28 15:04:11.521687] [BG] scanning blocks 921196 -> 921197
[2025-10-28 15:05:53.113979] [BG] scanning blocks 921196 -> 921197
[2025-10-28 15:06:07.318308] [BG] scanning blocks 921197 -> 921197
[2025-10-28 15:07:44.673607] [BG] scanning blocks 921197 -> 921198
[2025-10-28 15:09:22.801209] [BG] scanning blocks 921197 -> 921198
[2025-10-28 15:11:03.482410] [BG] scanning blocks 921198 -> 921198
[2025-10-28 15:11:21.528460] [BG] scanning blocks 921198 -> 921199
[2025-10-28 15:12:54.413710] [BG] scanning blocks 921198 -> 921199
[2025-10-28 15:14:32.650593] [BG] scanning blocks 921198 -> 921199
[2025-10-28 15:16:18.991213] [BG] scanning blocks 921198 -> 921199
[2025-10-28 15:16:33.797965] [BG] scanning blocks 921198 -> 921199
[2025-10-28 15:18:03.446937] [BG] scanning blocks 921198 -> 921199
[2025-10-28 15:19:42.511600] [BG] scanning blocks 921198 -> 921199
[2025-10-28 15:21:31.948326] [BG] scanning blocks 921198 -> 921199
[2025-10-28 15:21:43.115703] [BG] scanning blocks 921198 -> 921199
[2025-10-28 15:23:15.507345] [BG] scanning blocks 921198 -> 921199
[2025-10-28 15:23:18.638541] [BG] scanning blocks 921198 -> 921199
[2025-10-28 15:24:53.978159] [BG] scanning blocks 921198 -> 921199
[2025-10-28 15:26:44.987563] [BG] scanning blocks 921198 -> 921199
[2025-10-28 15:26:52.719909] [BG] scanning blocks 921198 -> 921199
[2025-10-28 15:28:26.824440] [BG] scanning blocks 921198 -> 921199
[2025-10-28 15:28:29.777583] [BG] scanning blocks 921198 -> 921199
[2025-10-28 15:30:09.215673] [BG] scanning blocks 921199 -> 921199
[2025-10-28 15:31:57.460112] [BG] scanning blocks 921199 -> 921200
[2025-10-28 15:32:03.721410] [BG] scanning blocks 921199 -> 921200
[2025-10-28 15:33:42.774076] [BG] scanning blocks 921199 -> 921200
[2025-10-28 15:33:45.578709] [BG] scanning blocks 921199 -> 921200
[2025-10-28 15:35:35.806239] [BG] scanning blocks 921199 -> 921200
[2025-10-28 15:36:03.878407] [BG] scanning blocks 921199 -> 921200
[2025-10-28 15:37:10.675006] [BG] scanning blocks 921199 -> 921200
[2025-10-28 15:37:32.207556] [BG] scanning blocks 921199 -> 921200
[2025-10-28 15:39:09.468245] [BG] scanning blocks 921199 -> 921200
[2025-10-28 15:39:09.583248] [BG] scanning blocks 921199 -> 921200
[2025-10-28 15:40:58.040452] [BG] scanning blocks 921199 -> 921200
[2025-10-28 15:41:16.904789] [BG] scanning blocks 921199 -> 921200
[2025-10-28 15:42:31.917494] [BG] scanning blocks 921199 -> 921200
[2025-10-28 15:42:44.092399] [BG] scanning blocks 921199 -> 921200
[2025-10-28 15:44:24.319708] [BG] scanning blocks 921199 -> 921200
[2025-10-28 15:44:25.116953] [BG] scanning blocks 921199 -> 921200
[2025-10-28 15:46:15.383420] [BG] scanning blocks 921200 -> 921200
[2025-10-28 15:46:30.423265] [BG] scanning blocks 921200 -> 921200
[2025-10-28 15:47:51.992618] [BG] scanning blocks 921200 -> 921201
[2025-10-28 15:47:59.195413] [BG] scanning blocks 921200 -> 921201
[2025-10-28 15:49:36.716989] [BG] scanning blocks 921200 -> 921201
[2025-10-28 15:49:36.807992] [BG] scanning blocks 921200 -> 921201
[2025-10-28 15:51:46.179185] [BG] scanning blocks 921200 -> 921201
[2025-10-28 15:52:06.504312] [BG] scanning blocks 921200 -> 921201
[2025-10-28 15:52:52.993670] [BG] scanning blocks 921200 -> 921201
[2025-10-28 15:53:04.766317] [BG] scanning blocks 921200 -> 921201
[2025-10-28 15:53:10.318744] [BG] scanning blocks 921200 -> 921201
[2025-10-28 15:54:50.735950] [BG] scanning blocks 921200 -> 921201
[2025-10-28 15:54:52.270475] [BG] scanning blocks 921200 -> 921201
[2025-10-28 15:56:58.185520] [BG] scanning blocks 921200 -> 921201
[2025-10-28 15:56:58.478533] [BG] scanning blocks 921200 -> 921201
[2025-10-28 15:57:19.781425] [BG] scanning blocks 921200 -> 921201
[2025-10-28 15:58:05.633419] [BG] scanning blocks 921200 -> 921201
[2025-10-28 15:58:17.834155] [BG] scanning blocks 921200 -> 921201
[2025-10-28 15:58:22.077632] [BG] scanning blocks 921200 -> 921201
[2025-10-28 16:00:13.403005] [BG] scanning blocks 921200 -> 921201
[2025-10-28 16:00:17.250499] [BG] scanning blocks 921200 -> 921201
[2025-10-28 16:02:28.591716] [BG] scanning blocks 921200 -> 921201
[2025-10-28 16:02:30.224732] [BG] scanning blocks 921200 -> 921201
[2025-10-28 16:02:56.437882] [BG] scanning blocks 921200 -> 921201
[2025-10-28 16:03:28.167188] [BG] scanning blocks 921200 -> 921201
[2025-10-28 16:03:42.621304] [BG] scanning blocks 921200 -> 921201
[2025-10-28 16:03:43.137194] [BG] scanning blocks 921200 -> 921201
[2025-10-28 16:05:28.766137] [BG] scanning blocks 921200 -> 921201
[2025-10-28 16:05:33.636967] [BG] scanning blocks 921200 -> 921201
[2025-10-28 16:07:50.118535] [BG] scanning blocks 921200 -> 921201
[2025-10-28 16:07:51.717054] [BG] scanning blocks 921200 -> 921201
[2025-10-28 16:08:17.487125] [BG] scanning blocks 921200 -> 921201
[2025-10-28 16:08:54.396081] [BG] scanning blocks 921200 -> 921201
[2025-10-28 16:09:01.947027] [BG] scanning blocks 921200 -> 921201
[2025-10-28 16:09:03.571717] [BG] scanning blocks 921200 -> 921201
[2025-10-28 16:10:52.585662] [BG] scanning blocks 921200 -> 921201
[2025-10-28 16:10:56.879969] [BG] scanning blocks 921200 -> 921201
[2025-10-28 16:13:24.337299] [BG] scanning blocks 921200 -> 921201
[2025-10-28 16:13:24.624303] [BG] scanning blocks 921200 -> 921201
[2025-10-28 16:13:53.133061] [BG] scanning blocks 921200 -> 921201
[2025-10-28 16:14:38.199629] [BG] scanning blocks 921200 -> 921201
[2025-10-28 16:14:38.316628] [BG] scanning blocks 921200 -> 921201
[2025-10-28 16:14:40.966605] [BG] scanning blocks 921200 -> 921201
[2025-10-28 16:16:11.830440] [BG] scanning blocks 921200 -> 921201
[2025-10-28 16:16:17.504769] [BG] scanning blocks 921200 -> 921201
[2025-10-28 16:18:53.883726] [BG] scanning blocks 921201 -> 921201
[2025-10-28 16:25:10.354531] [BG] scanning blocks 921202 -> 921202
[2025-10-28 16:30:23.440809] [BG] scanning blocks 921202 -> 921203
[2025-10-28 16:33:59.604675] [BG] scanning blocks 921203 -> 921203
[2025-10-28 16:35:30.801080] [BG] scanning blocks 921204 -> 921204
[2025-10-28 16:38:21.925044] [BG] scanning blocks 921205 -> 921205
[2025-10-28 16:39:29.297514] [BG] scanning blocks 921205 -> 921206
[2025-10-28 16:40:45.111843] [BG] scanning blocks 921205 -> 921206
[2025-10-28 16:51:33.783405] [BG] scanning blocks 921206 -> 921206
[2025-10-28 16:56:47.162714] [BG] scanning blocks 921208 -> 921207
[2025-10-28 17:02:00.980281] [BG] scanning blocks 921208 -> 921209
[2025-10-28 17:07:10.146062] [BG] scanning blocks 921209 -> 921209
[2025-10-28 17:07:22.418658] [BG] scanning blocks 921209 -> 921210
[2025-10-28 17:11:46.250481] [BG] scanning blocks 921209 -> 921210
[2025-10-28 17:16:01.214046] [BG] scanning blocks 921209 -> 921210
[2025-10-28 17:17:03.367580] [BG] scanning blocks 921209 -> 921210
[2025-10-28 17:21:13.213257] [BG] scanning blocks 921209 -> 921210
[2025-10-28 17:22:13.428454] [BG] scanning blocks 921209 -> 921210
[2025-10-28 17:26:21.295854] [BG] scanning blocks 921209 -> 921210
[2025-10-28 17:27:23.724155] [BG] scanning blocks 921209 -> 921210
[2025-10-28 17:31:31.421279] [BG] scanning blocks 921209 -> 921210
[2025-10-28 17:31:34.741938] [BG] scanning blocks 921209 -> 921210
[2025-10-28 17:32:34.568568] [BG] scanning blocks 921209 -> 921210
[2025-10-28 17:33:26.846635] [BG] scanning blocks 921209 -> 921210
[2025-10-28 17:38:34.018246] [BG] scanning blocks 921210 -> 921210
[2025-10-28 17:43:45.418860] [BG] scanning blocks 921210 -> 921211
[2025-10-28 17:46:18.056462] [BG] scanning blocks 921210 -> 921211
[2025-10-28 17:48:53.803679] [BG] scanning blocks 921211 -> 921211
[2025-10-28 17:51:26.732466] [BG] scanning blocks 921211 -> 921212
[2025-10-28 17:54:04.823549] [BG] scanning blocks 921212 -> 921212
[2025-10-28 17:56:36.880563] [BG] scanning blocks 921212 -> 921213
[2025-10-28 17:59:16.599638] [BG] scanning blocks 921212 -> 921213
[2025-10-28 18:01:44.678693] [BG] scanning blocks 921212 -> 921213
[2025-10-28 18:04:23.731947] [BG] scanning blocks 921212 -> 921213
[2025-10-28 18:06:52.184679] [BG] scanning blocks 921213 -> 921213
[2025-10-28 18:09:30.825194] [BG] scanning blocks 921214 -> 921214
[2025-10-28 18:12:04.793351] [BG] scanning blocks 921214 -> 921215
[2025-10-28 18:13:04.154522] [BG] scanning blocks 921214 -> 921215
[2025-10-28 18:14:46.513746] [BG] scanning blocks 921214 -> 921215
[2025-10-28 18:15:39.278919] [BG] scanning blocks 921214 -> 921215
[2025-10-28 18:17:41.078167] [BG] scanning blocks 921215 -> 921215
[2025-10-28 18:20:48.580264] [BG] scanning blocks 921216 -> 921216
[2025-10-28 18:22:54.557287] [BG] scanning blocks 921216 -> 921217
[2025-10-28 18:25:59.145796] [BG] scanning blocks 921216 -> 921217
[2025-10-28 18:28:02.774183] [BG] scanning blocks 921216 -> 921217
[2025-10-28 18:28:56.525984] [BG] scanning blocks 921216 -> 921217
[2025-10-28 18:31:10.071998] [BG] scanning blocks 921216 -> 921217
[2025-10-28 18:33:24.362715] [BG] scanning blocks 921216 -> 921217
[2025-10-28 18:34:08.310665] [BG] scanning blocks 921216 -> 921217
[2025-10-28 18:36:30.920028] [BG] scanning blocks 921216 -> 921217
[2025-10-28 18:38:32.901000] [BG] scanning blocks 921216 -> 921217
[2025-10-28 18:39:17.667489] [BG] scanning blocks 921216 -> 921217
[2025-10-28 18:41:43.700839] [BG] scanning blocks 921217 -> 921217
[2025-10-28 18:43:41.819000] [BG] scanning blocks 921217 -> 921218
[2025-10-28 18:44:27.347393] [BG] scanning blocks 921217 -> 921218
[2025-10-28 18:46:59.616514] [BG] scanning blocks 921217 -> 921218
[2025-10-28 18:48:50.463095] [BG] scanning blocks 921217 -> 921218
[2025-10-28 18:49:36.698991] [BG] scanning blocks 921217 -> 921218
[2025-10-28 18:52:12.465051] [BG] scanning blocks 921217 -> 921218
[2025-10-28 18:53:58.501404] [BG] scanning blocks 921218 -> 921218
[2025-10-28 18:54:45.677663] [BG] scanning blocks 921218 -> 921219
[2025-10-28 18:57:23.164779] [BG] scanning blocks 921218 -> 921219
[2025-10-28 18:59:20.446719] [BG] scanning blocks 921219 -> 921219
[2025-10-28 19:02:14.953805] [BG] scanning blocks 921219 -> 921220
[2025-10-28 19:03:06.630467] [BG] scanning blocks 921219 -> 921220
[2025-10-28 19:04:33.226642] [BG] scanning blocks 921219 -> 921220
[2025-10-28 19:07:23.857699] [BG] scanning blocks 921220 -> 921221
[2025-10-28 19:08:14.809542] [BG] scanning blocks 921220 -> 921221
[2025-10-28 19:09:43.719434] [BG] scanning blocks 921221 -> 921221
[2025-10-28 19:10:35.946951] [BG] scanning blocks 921221 -> 921222
[2025-10-28 19:12:36.829539] [BG] scanning blocks 921221 -> 921222
[2025-10-28 19:12:42.014348] [BG] scanning blocks 921221 -> 921222
[2025-10-28 19:13:25.651617] [BG] scanning blocks 921221 -> 921222
[2025-10-28 19:15:00.634872] [BG] scanning blocks 921221 -> 921222
[2025-10-28 19:15:56.881231] [BG] scanning blocks 921221 -> 921222
[2025-10-28 19:17:45.668315] [BG] scanning blocks 921221 -> 921222
[2025-10-28 19:17:53.676194] [BG] scanning blocks 921221 -> 921222
[2025-10-28 19:18:38.335121] [BG] scanning blocks 921221 -> 921222
[2025-10-28 19:20:12.124032] [BG] scanning blocks 921222 -> 921222
[2025-10-28 19:21:10.415484] [BG] scanning blocks 921222 -> 921223
[2025-10-28 19:22:55.985006] [BG] scanning blocks 921223 -> 921223
[2025-10-28 19:23:03.740580] [BG] scanning blocks 921223 -> 921223
[2025-10-28 19:23:48.675778] [BG] scanning blocks 921223 -> 921224
[2025-10-28 19:25:33.924425] [BG] scanning blocks 921223 -> 921224
[2025-10-28 19:26:22.280764] [BG] scanning blocks 921223 -> 921224
[2025-10-28 19:27:28.448935] [BG] scanning blocks 921223 -> 921224
[2025-10-28 19:28:14.137273] [BG] scanning blocks 921224 -> 921224
[2025-10-28 19:28:15.890382] [BG] scanning blocks 921224 -> 921224
[2025-10-28 19:28:20.621292] [BG] scanning blocks 921224 -> 921224
[2025-10-28 19:29:04.699164] [BG] scanning blocks 921224 -> 921225
[2025-10-28 19:30:45.784629] [BG] scanning blocks 921224 -> 921225
[2025-10-28 19:31:34.065296] [BG] scanning blocks 921224 -> 921225
[2025-10-28 19:32:40.866757] [BG] scanning blocks 921224 -> 921225
[2025-10-28 19:34:17.498963] [BG] scanning blocks 921224 -> 921225
[2025-10-28 19:35:30.165901] [BG] scanning blocks 921224 -> 921225
[2025-10-28 19:35:35.303414] [BG] scanning blocks 921224 -> 921225
[2025-10-28 19:35:41.367856] [BG] scanning blocks 921224 -> 921225
[2025-10-28 19:35:58.137552] [BG] scanning blocks 921224 -> 921225
[2025-10-28 19:36:43.555227] [BG] scanning blocks 921224 -> 921225
[2025-10-28 19:37:51.119856] [BG] scanning blocks 921224 -> 921225
[2025-10-28 19:39:28.521936] [BG] scanning blocks 921224 -> 921225
[2025-10-28 19:40:40.157109] [BG] scanning blocks 921224 -> 921225
[2025-10-28 19:40:45.336708] [BG] scanning blocks 921224 -> 921225
[2025-10-28 19:40:54.217478] [BG] scanning blocks 921224 -> 921225
[2025-10-28 19:41:08.554782] [BG] scanning blocks 921224 -> 921225
[2025-10-28 19:41:54.811821] [BG] scanning blocks 921224 -> 921225
[2025-10-28 19:43:02.878207] [BG] scanning blocks 921225 -> 921225
[2025-10-28 19:44:38.431202] [BG] scanning blocks 921226 -> 921226
[2025-10-28 19:45:50.281632] [BG] scanning blocks 921226 -> 921227
[2025-10-28 19:45:57.109864] [BG] scanning blocks 921226 -> 921227
[2025-10-28 19:46:05.538886] [BG] scanning blocks 921226 -> 921227
[2025-10-28 19:46:18.447918] [BG] scanning blocks 921226 -> 921227
[2025-10-28 19:46:32.645126] [BG] scanning blocks 921226 -> 921227
[2025-10-28 19:47:05.946678] [BG] scanning blocks 921226 -> 921227
[2025-10-28 19:48:25.300335] [BG] scanning blocks 921226 -> 921227
[2025-10-28 19:50:02.981684] [BG] scanning blocks 921226 -> 921227
[2025-10-28 19:51:01.898859] [BG] scanning blocks 921226 -> 921227
[2025-10-28 19:51:08.413441] [BG] scanning blocks 921226 -> 921227
[2025-10-28 19:51:15.380614] [BG] scanning blocks 921226 -> 921227
[2025-10-28 19:51:28.506622] [BG] scanning blocks 921226 -> 921227
[2025-10-28 19:51:44.139568] [BG] scanning blocks 921226 -> 921227
[2025-10-28 19:52:15.211361] [BG] scanning blocks 921226 -> 921227
[2025-10-28 19:53:38.609492] [BG] scanning blocks 921226 -> 921227
[2025-10-28 19:55:17.464319] [BG] scanning blocks 921226 -> 921227
[2025-10-28 19:56:12.451438] [BG] scanning blocks 921226 -> 921227
[2025-10-28 19:56:19.704022] [BG] scanning blocks 921226 -> 921227
[2025-10-28 19:56:26.197856] [BG] scanning blocks 921226 -> 921227
[2025-10-28 19:56:38.500449] [BG] scanning blocks 921226 -> 921227
[2025-10-28 19:56:58.228420] [BG] scanning blocks 921226 -> 921227
[2025-10-28 19:57:25.811341] [BG] scanning blocks 921226 -> 921227
[2025-10-28 19:58:51.680367] [BG] scanning blocks 921226 -> 921227
[2025-10-28 20:00:31.582983] [BG] scanning blocks 921226 -> 921227
[2025-10-28 20:01:23.578158] [BG] scanning blocks 921226 -> 921227
[2025-10-28 20:01:31.226679] [BG] scanning blocks 921226 -> 921227
[2025-10-28 20:01:38.143156] [BG] scanning blocks 921226 -> 921227
[2025-10-28 20:01:50.160869] [BG] scanning blocks 921226 -> 921227
[2025-10-28 20:02:10.082580] [BG] scanning blocks 921226 -> 921227
[2025-10-28 20:02:36.597411] [BG] scanning blocks 921226 -> 921227
[2025-10-28 20:04:04.634754] [BG] scanning blocks 921226 -> 921227
[2025-10-28 20:05:42.062226] [BG] scanning blocks 921227 -> 921227
[2025-10-28 20:06:33.594360] [BG] scanning blocks 921227 -> 921228
[2025-10-28 20:06:42.238530] [BG] scanning blocks 921227 -> 921228
[2025-10-28 20:06:48.027408] [BG] scanning blocks 921227 -> 921228
[2025-10-28 20:07:00.119490] [BG] scanning blocks 921227 -> 921228
[2025-10-28 20:07:19.986614] [BG] scanning blocks 921227 -> 921228
[2025-10-28 20:07:46.785678] [BG] scanning blocks 921227 -> 921228
[2025-10-28 20:09:26.529165] [BG] scanning blocks 921227 -> 921228
[2025-10-28 20:11:01.254732] [BG] scanning blocks 921228 -> 921228
[2025-10-28 20:11:47.762257] [BG] scanning blocks 921228 -> 921229
[2025-10-28 20:11:56.743516] [BG] scanning blocks 921228 -> 921229
[2025-10-28 20:12:01.114999] [BG] scanning blocks 921228 -> 921229
[2025-10-28 20:12:10.699408] [BG] scanning blocks 921228 -> 921229
[2025-10-28 20:12:32.886939] [BG] scanning blocks 921228 -> 921229
[2025-10-28 20:12:58.090378] [BG] scanning blocks 921228 -> 921229
[2025-10-28 20:14:40.667604] [BG] scanning blocks 921228 -> 921229
[2025-10-28 20:16:27.334771] [BG] scanning blocks 921228 -> 921229
[2025-10-28 20:17:01.978454] [BG] scanning blocks 921228 -> 921229
[2025-10-28 20:17:11.567899] [BG] scanning blocks 921228 -> 921229
[2025-10-28 20:17:14.606298] [BG] scanning blocks 921228 -> 921229
[2025-10-28 20:17:24.474033] [BG] scanning blocks 921228 -> 921229
[2025-10-28 20:17:47.490088] [BG] scanning blocks 921228 -> 921229
[2025-10-28 20:18:08.764249] [BG] scanning blocks 921228 -> 921229
[2025-10-28 20:19:52.781504] [BG] scanning blocks 921229 -> 921229
[2025-10-28 20:21:38.534324] [BG] scanning blocks 921229 -> 921230
[2025-10-28 20:22:18.114290] [BG] scanning blocks 921229 -> 921230
[2025-10-28 20:22:25.324420] [BG] scanning blocks 921229 -> 921230
[2025-10-28 20:22:28.281478] [BG] scanning blocks 921229 -> 921230
[2025-10-28 20:22:37.073593] [BG] scanning blocks 921229 -> 921230
[2025-10-28 20:23:04.816930] [BG] scanning blocks 921229 -> 921230
[2025-10-28 20:23:22.485765] [BG] scanning blocks 921229 -> 921230
[2025-10-28 20:25:11.021285] [BG] scanning blocks 921229 -> 921230
[2025-10-28 20:26:52.549749] [BG] scanning blocks 921229 -> 921230
[2025-10-28 20:27:28.479160] [BG] scanning blocks 921229 -> 921230
[2025-10-28 20:27:36.173583] [BG] scanning blocks 921229 -> 921230
[2025-10-28 20:27:38.629733] [BG] scanning blocks 921229 -> 921230
[2025-10-28 20:27:47.216746] [BG] scanning blocks 921229 -> 921230
[2025-10-28 20:28:17.685504] [BG] scanning blocks 921230 -> 921230
[2025-10-28 20:28:39.219576] [BG] scanning blocks 921230 -> 921231
[2025-10-28 20:30:23.586261] [BG] scanning blocks 921230 -> 921231
[2025-10-28 20:32:04.180037] [BG] scanning blocks 921230 -> 921231
[2025-10-28 20:32:42.069502] [BG] scanning blocks 921230 -> 921231
[2025-10-28 20:32:51.285984] [BG] scanning blocks 921230 -> 921231
[2025-10-28 20:32:53.428678] [BG] scanning blocks 921230 -> 921231
[2025-10-28 20:33:00.442936] [BG] scanning blocks 921230 -> 921231
[2025-10-28 20:33:36.193201] [BG] scanning blocks 921230 -> 921231
[2025-10-28 20:33:50.042382] [BG] scanning blocks 921230 -> 921231
[2025-10-28 20:35:35.713545] [BG] scanning blocks 921230 -> 921231
[2025-10-28 20:37:14.241170] [BG] scanning blocks 921231 -> 921231
[2025-10-28 20:37:53.042751] [BG] scanning blocks 921231 -> 921232
[2025-10-28 20:38:01.025393] [BG] scanning blocks 921231 -> 921232
[2025-10-28 20:38:07.905913] [BG] scanning blocks 921231 -> 921232
[2025-10-28 20:38:12.551540] [BG] scanning blocks 921231 -> 921232
[2025-10-28 20:38:46.226829] [BG] scanning blocks 921231 -> 921232
[2025-10-28 20:39:00.287764] [BG] scanning blocks 921231 -> 921232
[2025-10-28 20:40:47.988006] [BG] scanning blocks 921231 -> 921232
[2025-10-28 20:42:30.178839] [BG] scanning blocks 921231 -> 921232
[2025-10-28 20:43:03.216985] [BG] scanning blocks 921231 -> 921232
[2025-10-28 20:43:14.030372] [BG] scanning blocks 921231 -> 921232
[2025-10-28 20:43:17.513326] [BG] scanning blocks 921231 -> 921232
[2025-10-28 20:43:22.892923] [BG] scanning blocks 921231 -> 921232
[2025-10-28 20:43:59.825267] [BG] scanning blocks 921231 -> 921232
[2025-10-28 20:44:14.291774] [BG] scanning blocks 921231 -> 921232
[2025-10-28 20:46:02.266298] [BG] scanning blocks 921231 -> 921232
[2025-10-28 20:47:39.530438] [BG] scanning blocks 921231 -> 921232
[2025-10-28 20:48:12.456524] [BG] scanning blocks 921231 -> 921232
[2025-10-28 20:48:23.943029] [BG] scanning blocks 921231 -> 921232
[2025-10-28 20:48:26.730816] [BG] scanning blocks 921231 -> 921232
[2025-10-28 20:48:32.339911] [BG] scanning blocks 921231 -> 921232
[2025-10-28 20:49:10.622171] [BG] scanning blocks 921231 -> 921232
[2025-10-28 20:49:24.437609] [BG] scanning blocks 921231 -> 921232
[2025-10-28 20:51:14.630461] [BG] scanning blocks 921233 -> 921232
[2025-10-28 20:52:50.069661] [BG] scanning blocks 921234 -> 921234
[2025-10-28 20:53:22.647288] [BG] scanning blocks 921234 -> 921235
[2025-10-28 20:53:34.067822] [BG] scanning blocks 921234 -> 921235
[2025-10-28 20:53:37.309667] [BG] scanning blocks 921234 -> 921235
[2025-10-28 20:53:42.832202] [BG] scanning blocks 921234 -> 921235
[2025-10-28 20:54:21.091761] [BG] scanning blocks 921234 -> 921235
[2025-10-28 20:54:35.225787] [BG] scanning blocks 921234 -> 921235
[2025-10-28 20:56:40.295689] [BG] scanning blocks 921234 -> 921235
[2025-10-28 20:58:07.254037] [BG] scanning blocks 921234 -> 921235
[2025-10-28 20:58:33.099320] [BG] scanning blocks 921234 -> 921235
[2025-10-28 20:58:44.616952] [BG] scanning blocks 921234 -> 921235
[2025-10-28 20:58:47.709674] [BG] scanning blocks 921234 -> 921235
[2025-10-28 20:58:53.864824] [BG] scanning blocks 921234 -> 921235
[2025-10-28 20:59:37.825603] [BG] scanning blocks 921235 -> 921235
[2025-10-28 20:59:48.621427] [BG] scanning blocks 921235 -> 921235
[2025-10-28 21:01:52.748852] [BG] scanning blocks 921236 -> 921236
[2025-10-28 21:03:16.374110] [BG] scanning blocks 921236 -> 921237
[2025-10-28 21:03:43.643576] [BG] scanning blocks 921236 -> 921237
[2025-10-28 21:03:55.205383] [BG] scanning blocks 921236 -> 921237
[2025-10-28 21:03:57.747541] [BG] scanning blocks 921236 -> 921237
[2025-10-28 21:04:03.312489] [BG] scanning blocks 921236 -> 921237
[2025-10-28 21:04:56.319916] [BG] scanning blocks 921236 -> 921237
[2025-10-28 21:05:05.596122] [BG] scanning blocks 921236 -> 921237
[2025-10-28 21:07:13.705738] [BG] scanning blocks 921237 -> 921237
[2025-10-28 21:08:26.025677] [BG] scanning blocks 921237 -> 921238
[2025-10-28 21:08:54.341864] [BG] scanning blocks 921237 -> 921238
[2025-10-28 21:09:05.316433] [BG] scanning blocks 921237 -> 921238
[2025-10-28 21:09:08.373706] [BG] scanning blocks 921237 -> 921238
[2025-10-28 21:09:13.672551] [BG] scanning blocks 921237 -> 921238
[2025-10-28 21:10:08.840842] [BG] scanning blocks 921237 -> 921238
[2025-10-28 21:10:15.850314] [BG] scanning blocks 921237 -> 921238
[2025-10-28 21:12:35.462033] [BG] scanning blocks 921239 -> 921238
[2025-10-28 21:13:39.019885] [BG] scanning blocks 921239 -> 921240
[2025-10-28 21:14:06.447571] [BG] scanning blocks 921239 -> 921240
[2025-10-28 21:14:15.317010] [BG] scanning blocks 921239 -> 921240
[2025-10-28 21:14:18.493594] [BG] scanning blocks 921239 -> 921240
[2025-10-28 21:14:23.822175] [BG] scanning blocks 921239 -> 921240
[2025-10-28 21:15:20.419266] [BG] scanning blocks 921239 -> 921240
[2025-10-28 21:15:25.219200] [BG] scanning blocks 921239 -> 921240
[2025-10-28 21:18:02.377386] [BG] scanning blocks 921239 -> 921240
[2025-10-28 21:18:48.664280] [BG] scanning blocks 921239 -> 921240
[2025-10-28 21:19:16.252743] [BG] scanning blocks 921239 -> 921240
[2025-10-28 21:19:25.350892] [BG] scanning blocks 921239 -> 921240
[2025-10-28 21:19:30.216777] [BG] scanning blocks 921239 -> 921240
[2025-10-28 21:19:33.308703] [BG] scanning blocks 921239 -> 921240
[2025-10-28 21:20:32.326654] [BG] scanning blocks 921239 -> 921240
[2025-10-28 21:20:35.002455] [BG] scanning blocks 921239 -> 921240
[2025-10-28 21:23:14.320188] [BG] scanning blocks 921240 -> 921240
[2025-10-28 21:24:03.229152] [BG] scanning blocks 921240 -> 921241
[2025-10-28 21:24:30.077853] [BG] scanning blocks 921240 -> 921241
[2025-10-28 21:24:37.181226] [BG] scanning blocks 921240 -> 921241
[2025-10-28 21:24:43.453328] [BG] scanning blocks 921240 -> 921241
[2025-10-28 21:24:44.061322] [BG] scanning blocks 921240 -> 921241
[2025-10-28 21:25:44.852722] [BG] scanning blocks 921240 -> 921241
[2025-10-28 21:25:45.041717] [BG] scanning blocks 921240 -> 921241
[2025-10-28 21:28:32.316815] [BG] scanning blocks 921241 -> 921241
[2025-10-28 21:29:13.207773] [BG] scanning blocks 921241 -> 921242
[2025-10-28 21:29:41.619389] [BG] scanning blocks 921241 -> 921242
[2025-10-28 21:29:48.083421] [BG] scanning blocks 921241 -> 921242
[2025-10-28 21:29:55.519514] [BG] scanning blocks 921241 -> 921242
[2025-10-28 21:29:55.768513] [BG] scanning blocks 921241 -> 921242
[2025-10-28 21:31:01.099195] [BG] scanning blocks 921241 -> 921242
[2025-10-28 21:31:01.545749] [BG] scanning blocks 921241 -> 921242
[2025-10-28 21:33:51.930630] [BG] scanning blocks 921242 -> 921242
[2025-10-28 21:34:22.398133] [BG] scanning blocks 921242 -> 921243
[2025-10-28 21:34:51.354222] [BG] scanning blocks 921242 -> 921243
[2025-10-28 21:34:58.488492] [BG] scanning blocks 921242 -> 921243
[2025-10-28 21:35:05.648313] [BG] scanning blocks 921242 -> 921243
[2025-10-28 21:35:06.583325] [BG] scanning blocks 921242 -> 921243
[2025-10-28 21:36:11.997904] [BG] scanning blocks 921242 -> 921243
[2025-10-28 21:36:13.199396] [BG] scanning blocks 921242 -> 921243
[2025-10-28 21:39:09.009887] [BG] scanning blocks 921243 -> 921243
[2025-10-28 21:39:33.860623] [BG] scanning blocks 921243 -> 921244
[2025-10-28 21:40:04.369597] [BG] scanning blocks 921243 -> 921244
[2025-10-28 21:40:10.234744] [BG] scanning blocks 921243 -> 921244
[2025-10-28 21:40:16.976848] [BG] scanning blocks 921243 -> 921244
[2025-10-28 21:40:19.946445] [BG] scanning blocks 921243 -> 921244
[2025-10-28 21:41:22.437471] [BG] scanning blocks 921243 -> 921244
[2025-10-28 21:41:25.055176] [BG] scanning blocks 921243 -> 921244
[2025-10-28 21:44:27.953371] [BG] scanning blocks 921243 -> 921244
[2025-10-28 21:44:44.012287] [BG] scanning blocks 921243 -> 921244
[2025-10-28 21:45:18.556319] [BG] scanning blocks 921243 -> 921244
[2025-10-28 21:45:23.989835] [BG] scanning blocks 921243 -> 921244
[2025-10-28 21:45:31.176010] [BG] scanning blocks 921243 -> 921244
[2025-10-28 21:45:32.229536] [BG] scanning blocks 921243 -> 921244
[2025-10-28 21:46:33.446106] [BG] scanning blocks 921243 -> 921244
[2025-10-28 21:46:36.135888] [BG] scanning blocks 921243 -> 921244
[2025-10-28 21:49:44.287540] [BG] scanning blocks 921244 -> 921244
[2025-10-28 21:49:59.419528] [BG] scanning blocks 921244 -> 921244
[2025-10-28 21:50:30.071861] [BG] scanning blocks 921244 -> 921245
[2025-10-28 21:50:33.769735] [BG] scanning blocks 921244 -> 921245
[2025-10-28 21:50:41.961148] [BG] scanning blocks 921244 -> 921245
[2025-10-28 21:50:42.653145] [BG] scanning blocks 921244 -> 921245
[2025-10-28 21:51:43.226455] [BG] scanning blocks 921244 -> 921245
[2025-10-28 21:51:45.790482] [BG] scanning blocks 921244 -> 921245
[2025-10-28 21:55:08.098017] [BG] scanning blocks 921244 -> 921245
[2025-10-28 21:55:21.537073] [BG] scanning blocks 921244 -> 921245
[2025-10-28 21:55:39.971575] [BG] scanning blocks 921244 -> 921245
[2025-10-28 21:55:43.850514] [BG] scanning blocks 921244 -> 921245
[2025-10-28 21:55:52.480920] [BG] scanning blocks 921244 -> 921245
[2025-10-28 21:55:52.585918] [BG] scanning blocks 921244 -> 921245
[2025-10-28 21:56:52.944761] [BG] scanning blocks 921244 -> 921245
[2025-10-28 21:56:56.298617] [BG] scanning blocks 921244 -> 921245
[2025-10-28 22:00:19.931658] [BG] scanning blocks 921244 -> 921245
[2025-10-28 22:00:31.434118] [BG] scanning blocks 921244 -> 921245
[2025-10-28 22:00:49.504132] [BG] scanning blocks 921244 -> 921245
[2025-10-28 22:00:52.928987] [BG] scanning blocks 921244 -> 921245
[2025-10-28 22:01:02.245679] [BG] scanning blocks 921244 -> 921245
[2025-10-28 22:01:02.472679] [BG] scanning blocks 921244 -> 921245
[2025-10-28 22:02:03.041507] [BG] scanning blocks 921244 -> 921245
[2025-10-28 22:02:06.128011] [BG] scanning blocks 921244 -> 921245
[2025-10-28 22:05:31.974650] [BG] scanning blocks 921244 -> 921245
[2025-10-28 22:05:40.583704] [BG] scanning blocks 921244 -> 921245
[2025-10-28 22:06:00.718683] [BG] scanning blocks 921245 -> 921245
[2025-10-28 22:06:02.633377] [BG] scanning blocks 921245 -> 921245
[2025-10-28 22:06:15.411026] [BG] scanning blocks 921245 -> 921246
[2025-10-28 22:06:15.571685] [BG] scanning blocks 921245 -> 921246
[2025-10-28 22:07:13.335321] [BG] scanning blocks 921245 -> 921246
[2025-10-28 22:07:16.927354] [BG] scanning blocks 921245 -> 921246
[2025-10-28 22:10:44.895869] [BG] scanning blocks 921245 -> 921246
[2025-10-28 22:10:50.179639] [BG] scanning blocks 921245 -> 921246
[2025-10-28 22:11:18.360889] [BG] scanning blocks 921245 -> 921246
[2025-10-28 22:11:19.417889] [BG] scanning blocks 921245 -> 921246
[2025-10-28 22:11:26.669513] [BG] scanning blocks 921245 -> 921246
[2025-10-28 22:11:26.883510] [BG] scanning blocks 921245 -> 921246
[2025-10-28 22:12:23.160803] [BG] scanning blocks 921245 -> 921246
[2025-10-28 22:12:27.313920] [BG] scanning blocks 921245 -> 921246
[2025-10-28 22:15:58.358892] [BG] scanning blocks 921246 -> 921246
[2025-10-28 22:16:01.043404] [BG] scanning blocks 921245 -> 921246
[2025-10-28 22:16:30.335448] [BG] scanning blocks 921246 -> 921247
[2025-10-28 22:16:31.136440] [BG] scanning blocks 921246 -> 921247
[2025-10-28 22:16:37.647890] [BG] scanning blocks 921246 -> 921247
[2025-10-28 22:16:37.984439] [BG] scanning blocks 921245 -> 921247
[2025-10-28 22:17:34.141931] [BG] scanning blocks 921246 -> 921246
[2025-10-28 22:17:39.247720] [BG] scanning blocks 921246 -> 921246
[2025-10-28 22:21:10.112451] [BG] scanning blocks 921247 -> 921247
[2025-10-28 22:21:18.381811] [BG] scanning blocks 921247 -> 921247
[2025-10-28 22:21:39.750127] [BG] scanning blocks 921247 -> 921248
[2025-10-28 22:21:41.439583] [BG] scanning blocks 921247 -> 921248
[2025-10-28 22:21:47.464769] [BG] scanning blocks 921247 -> 921248
[2025-10-28 22:21:47.720764] [BG] scanning blocks 921247 -> 921248
[2025-10-28 22:22:51.775875] [BG] scanning blocks 921247 -> 921248
[2025-10-28 22:22:56.681737] [BG] scanning blocks 921247 -> 921248
[2025-10-28 22:26:26.633283] [BG] scanning blocks 921247 -> 921248
[2025-10-28 22:26:35.384205] [BG] scanning blocks 921247 -> 921248
[2025-10-28 22:26:54.216460] [BG] scanning blocks 921248 -> 921248
[2025-10-28 22:26:55.273462] [BG] scanning blocks 921248 -> 921248
[2025-10-28 22:27:00.953873] [BG] scanning blocks 921248 -> 921248
[2025-10-28 22:27:02.956910] [BG] scanning blocks 921248 -> 921248
[2025-10-28 22:28:03.088325] [BG] scanning blocks 921248 -> 921249
[2025-10-28 22:28:08.144462] [BG] scanning blocks 921248 -> 921249
[2025-10-28 22:31:36.703036] [BG] scanning blocks 921249 -> 921249
[2025-10-28 22:31:48.530900] [BG] scanning blocks 921249 -> 921249
[2025-10-28 22:32:17.850729] [BG] scanning blocks 921249 -> 921250
[2025-10-28 22:32:18.948760] [BG] scanning blocks 921249 -> 921250
[2025-10-28 22:32:21.279280] [BG] scanning blocks 921249 -> 921250
[2025-10-28 22:32:24.942312] [BG] scanning blocks 921249 -> 921250
[2025-10-28 22:33:13.898696] [BG] scanning blocks 921249 -> 921250
[2025-10-28 22:33:17.893281] [BG] scanning blocks 921249 -> 921250
[2025-10-28 22:36:53.185229] [BG] scanning blocks 921249 -> 921250
[2025-10-28 22:37:07.031048] [BG] scanning blocks 921249 -> 921250
[2025-10-28 22:37:29.638911] [BG] scanning blocks 921249 -> 921250
[2025-10-28 22:37:31.210666] [BG] scanning blocks 921249 -> 921250
[2025-10-28 22:37:31.796660] [BG] scanning blocks 921249 -> 921250
[2025-10-28 22:37:35.640803] [BG] scanning blocks 921249 -> 921250
[2025-10-28 22:38:24.612406] [BG] scanning blocks 921249 -> 921250
[2025-10-28 22:38:27.739572] [BG] scanning blocks 921249 -> 921250
[2025-10-28 22:42:07.403134] [BG] scanning blocks 921250 -> 921250
[2025-10-28 22:42:22.871979] [BG] scanning blocks 921250 -> 921250
[2025-10-28 22:42:42.342455] [BG] scanning blocks 921250 -> 921251
[2025-10-28 22:42:43.583694] [BG] scanning blocks 921250 -> 921251
[2025-10-28 22:42:43.965390] [BG] scanning blocks 921250 -> 921251
[2025-10-28 22:42:47.155395] [BG] scanning blocks 921250 -> 921251
[2025-10-28 22:43:35.478898] [BG] scanning blocks 921250 -> 921251
[2025-10-28 22:43:38.042728] [BG] scanning blocks 921250 -> 921251
[2025-10-28 22:47:25.586265] [BG] scanning blocks 921250 -> 921251
[2025-10-28 22:47:42.232250] [BG] scanning blocks 921250 -> 921251
[2025-10-28 22:47:54.872431] [BG] scanning blocks 921250 -> 921251
[2025-10-28 22:47:55.210079] [BG] scanning blocks 921250 -> 921251
[2025-10-28 22:47:56.131303] [BG] scanning blocks 921250 -> 921251
[2025-10-28 22:47:59.607740] [BG] scanning blocks 921250 -> 921251
[2025-10-28 22:48:45.720062] [BG] scanning blocks 921250 -> 921251
[2025-10-28 22:48:47.239575] [BG] scanning blocks 921250 -> 921251
[2025-10-28 22:52:37.048595] [BG] scanning blocks 921250 -> 921251
[2025-10-28 22:52:55.623482] [BG] scanning blocks 921250 -> 921251
[2025-10-28 22:53:07.604695] [BG] scanning blocks 921250 -> 921251
[2025-10-28 22:53:09.398695] [BG] scanning blocks 921250 -> 921251
[2025-10-28 22:53:10.683249] [BG] scanning blocks 921250 -> 921251
[2025-10-28 22:53:12.911250] [BG] scanning blocks 921250 -> 921251
[2025-10-28 22:53:56.859407] [BG] scanning blocks 921250 -> 921251
[2025-10-28 22:53:56.991258] [BG] scanning blocks 921250 -> 921251
[2025-10-28 22:57:46.588790] [BG] scanning blocks 921252 -> 921251
[2025-10-28 22:58:08.595064] [BG] scanning blocks 921252 -> 921253
[2025-10-28 22:58:19.629769] [BG] scanning blocks 921252 -> 921253
[2025-10-28 22:58:21.093805] [BG] scanning blocks 921252 -> 921253
[2025-10-28 22:58:21.543803] [BG] scanning blocks 921252 -> 921253
[2025-10-28 22:58:24.203049] [BG] scanning blocks 921252 -> 921253
[2025-10-28 22:59:06.537931] [BG] scanning blocks 921252 -> 921253
[2025-10-28 22:59:08.351482] [BG] scanning blocks 921252 -> 921253
[2025-10-28 23:03:09.626560] [BG] scanning blocks 921253 -> 921253
[2025-10-28 23:03:26.518749] [BG] scanning blocks 921253 -> 921253
[2025-10-28 23:03:31.189864] [BG] scanning blocks 921253 -> 921254
[2025-10-28 23:03:34.257011] [BG] scanning blocks 921253 -> 921254
[2025-10-28 23:03:34.311312] [BG] scanning blocks 921253 -> 921254
[2025-10-28 23:03:37.643432] [BG] scanning blocks 921253 -> 921254
[2025-10-28 23:04:21.508442] [BG] scanning blocks 921253 -> 921254
[2025-10-28 23:04:22.960447] [BG] scanning blocks 921253 -> 921254
[2025-10-28 23:08:31.084248] [BG] scanning blocks 921253 -> 921254
[2025-10-28 23:08:40.955951] [BG] scanning blocks 921253 -> 921254
[2025-10-28 23:08:43.847745] [BG] scanning blocks 921253 -> 921254
[2025-10-28 23:08:44.672749] [BG] scanning blocks 921253 -> 921254
[2025-10-28 23:08:45.202127] [BG] scanning blocks 921253 -> 921254
[2025-10-28 23:08:49.050572] [BG] scanning blocks 921253 -> 921254
[2025-10-28 23:09:41.952131] [BG] scanning blocks 921253 -> 921254
[2025-10-28 23:09:42.404039] [BG] scanning blocks 921253 -> 921254
[2025-10-28 23:13:44.267760] [BG] scanning blocks 921254 -> 921254
[2025-10-28 23:13:56.654773] [BG] scanning blocks 921254 -> 921254
[2025-10-28 23:13:58.067981] [BG] scanning blocks 921254 -> 921254
[2025-10-28 23:14:00.906408] [BG] scanning blocks 921254 -> 921254
[2025-10-28 23:14:02.560264] [BG] scanning blocks 921254 -> 921254
[2025-10-28 23:14:02.825970] [BG] scanning blocks 921254 -> 921255
[2025-10-28 23:14:54.866248] [BG] scanning blocks 921254 -> 921255
[2025-10-28 23:14:55.589765] [BG] scanning blocks 921254 -> 921255
[2025-10-28 23:19:02.919254] [BG] scanning blocks 921255 -> 921255
[2025-10-28 23:19:15.296147] [BG] scanning blocks 921255 -> 921256
[2025-10-28 23:19:15.479723] [BG] scanning blocks 921255 -> 921256
[2025-10-28 23:19:15.662430] [BG] scanning blocks 921255 -> 921256
[2025-10-28 23:19:21.024117] [BG] scanning blocks 921255 -> 921256
[2025-10-28 23:19:22.097121] [BG] scanning blocks 921255 -> 921256
[2025-10-28 23:20:06.969067] [BG] scanning blocks 921256 -> 921256
[2025-10-28 23:20:07.609066] [BG] scanning blocks 921255 -> 921256
[2025-10-28 23:24:18.150705] [BG] scanning blocks 921257 -> 921257
[2025-10-28 23:24:27.266018] [BG] scanning blocks 921257 -> 921257
[2025-10-28 23:24:27.825872] [BG] scanning blocks 921257 -> 921257
[2025-10-28 23:24:28.832873] [BG] scanning blocks 921257 -> 921257
[2025-10-28 23:24:32.456414] [BG] scanning blocks 921257 -> 921258
[2025-10-28 23:24:40.051190] [BG] scanning blocks 921257 -> 921258
[2025-10-28 23:25:20.599103] [BG] scanning blocks 921257 -> 921258
[2025-10-28 23:25:24.837392] [BG] scanning blocks 921257 -> 921258
[2025-10-28 23:29:34.752876] [BG] scanning blocks 921258 -> 921258
[2025-10-28 23:29:44.150691] [BG] scanning blocks 921258 -> 921258
[2025-10-28 23:29:45.992770] [BG] scanning blocks 921258 -> 921258
[2025-10-28 23:29:46.486765] [BG] scanning blocks 921258 -> 921258
[2025-10-28 23:29:49.645223] [BG] scanning blocks 921258 -> 921259
[2025-10-28 23:29:52.501925] [BG] scanning blocks 921258 -> 921259
[2025-10-28 23:29:59.555291] [BG] error: HTTPSConnectionPool(host='blockchain.info', port=443): Read timed out.
[2025-10-28 23:30:35.078104] [BG] scanning blocks 921258 -> 921259
[2025-10-28 23:30:37.856924] [BG] scanning blocks 921258 -> 921259
[2025-10-28 23:34:51.321587] [BG] scanning blocks 921258 -> 921259
[2025-10-28 23:35:02.025752] [BG] scanning blocks 921258 -> 921259
[2025-10-28 23:35:04.878310] [BG] scanning blocks 921258 -> 921259
[2025-10-28 23:35:05.247311] [BG] scanning blocks 921258 -> 921259
[2025-10-28 23:35:06.513922] [BG] scanning blocks 921258 -> 921259
[2025-10-28 23:35:10.571587] [BG] scanning blocks 921258 -> 921259
[2025-10-28 23:35:45.939257] [BG] scanning blocks 921258 -> 921259
[2025-10-28 23:35:49.410293] [BG] scanning blocks 921258 -> 921259
[2025-10-28 23:40:03.531983] [BG] scanning blocks 921259 -> 921259
[2025-10-28 23:40:14.245083] [BG] scanning blocks 921259 -> 921259
[2025-10-28 23:40:18.873083] [BG] scanning blocks 921259 -> 921260
[2025-10-28 23:40:18.931083] [BG] scanning blocks 921259 -> 921260
[2025-10-28 23:40:21.533377] [BG] scanning blocks 921259 -> 921260
[2025-10-28 23:40:23.072538] [BG] scanning blocks 921259 -> 921260
[2025-10-28 23:40:56.799385] [BG] scanning blocks 921259 -> 921260
[2025-10-28 23:41:01.676748] [BG] scanning blocks 921259 -> 921260
[2025-10-28 23:45:18.430701] [BG] scanning blocks 921259 -> 921260
[2025-10-28 23:45:30.882691] [BG] scanning blocks 921259 -> 921260
[2025-10-28 23:45:31.708696] [BG] scanning blocks 921259 -> 921260
[2025-10-28 23:45:33.714206] [BG] scanning blocks 921259 -> 921260
[2025-10-28 23:45:35.933238] [BG] scanning blocks 921259 -> 921260
[2025-10-28 23:45:36.095241] [BG] scanning blocks 921259 -> 921260
[2025-10-28 23:46:07.078992] [BG] scanning blocks 921259 -> 921260
[2025-10-28 23:46:13.230727] [BG] scanning blocks 921259 -> 921260
[2025-10-28 23:50:31.476527] [BG] scanning blocks 921259 -> 921260
[2025-10-28 23:50:45.618205] [BG] scanning blocks 921259 -> 921260
[2025-10-28 23:50:46.905289] [BG] scanning blocks 921259 -> 921260
[2025-10-28 23:50:49.498863] [BG] scanning blocks 921259 -> 921260
[2025-10-28 23:50:50.041866] [BG] scanning blocks 921259 -> 921260
[2025-10-28 23:50:51.182793] [BG] scanning blocks 921259 -> 921260
[2025-10-28 23:51:17.738464] [BG] scanning blocks 921259 -> 921260
[2025-10-28 23:51:23.304641] [BG] scanning blocks 921259 -> 921260
[2025-10-28 23:55:42.240656] [BG] scanning blocks 921259 -> 921260
[2025-10-28 23:56:06.648326] [BG] scanning blocks 921259 -> 921260
[2025-10-28 23:56:10.107422] [BG] scanning blocks 921259 -> 921260
[2025-10-28 23:56:10.552962] [BG] scanning blocks 921259 -> 921260
[2025-10-28 23:56:11.089965] [BG] scanning blocks 921259 -> 921260
[2025-10-28 23:56:11.641998] [BG] scanning blocks 921259 -> 921260
[2025-10-28 23:56:32.281803] [BG] scanning blocks 921259 -> 921260
[2025-10-28 23:56:38.483533] [BG] scanning blocks 921259 -> 921260
[2025-10-29 00:00:52.166853] [BG] scanning blocks 921259 -> 921260
[2025-10-29 00:01:30.112171] [BG] scanning blocks 921259 -> 921260
[2025-10-29 00:01:30.122168] [BG] scanning blocks 921259 -> 921260
[2025-10-29 00:01:30.283166] [BG] scanning blocks 921259 -> 921260
[2025-10-29 00:01:30.373168] [BG] scanning blocks 921259 -> 921260
[2025-10-29 00:01:32.325918] [BG] scanning blocks 921259 -> 921260
[2025-10-29 00:01:43.807144] [BG] scanning blocks 921259 -> 921260
[2025-10-29 00:01:48.422845] [BG] scanning blocks 921259 -> 921260
[2025-10-29 00:06:01.734670] [BG] scanning blocks 921259 -> 921260
[2025-10-29 00:06:44.555280] [BG] scanning blocks 921259 -> 921260
[2025-10-29 00:06:45.526798] [BG] scanning blocks 921259 -> 921260
[2025-10-29 00:06:45.607801] [BG] scanning blocks 921259 -> 921260
[2025-10-29 00:06:45.742799] [BG] scanning blocks 921259 -> 921260
[2025-10-29 00:06:47.915286] [BG] scanning blocks 921259 -> 921260
[2025-10-29 00:06:53.210987] [BG] scanning blocks 921259 -> 921260
[2025-10-29 00:07:01.754120] [BG] scanning blocks 921259 -> 921260
[2025-10-29 00:11:11.671308] [BG] scanning blocks 921260 -> 921261
[2025-10-29 00:11:59.109592] [BG] scanning blocks 921260 -> 921261
[2025-10-29 00:11:59.958589] [BG] scanning blocks 921260 -> 921261
[2025-10-29 00:12:00.397594] [BG] scanning blocks 921260 -> 921261
[2025-10-29 00:12:01.986590] [BG] scanning blocks 921260 -> 921261
[2025-10-29 00:12:05.501271] [BG] scanning blocks 921260 -> 921261
[2025-10-29 00:12:06.380267] [BG] scanning blocks 921260 -> 921261
[2025-10-29 00:12:12.229140] [BG] scanning blocks 921260 -> 921261
[2025-10-29 00:16:23.292302] [BG] scanning blocks 921260 -> 921261
[2025-10-29 00:17:10.505009] [BG] scanning blocks 921260 -> 921261
[2025-10-29 00:17:11.685012] [BG] scanning blocks 921260 -> 921261
[2025-10-29 00:17:12.631329] [BG] scanning blocks 921260 -> 921261
[2025-10-29 00:17:13.039598] [BG] scanning blocks 921260 -> 921261
[2025-10-29 00:17:16.962165] [BG] scanning blocks 921260 -> 921261
[2025-10-29 00:17:18.009020] [BG] scanning blocks 921260 -> 921261
[2025-10-29 00:17:21.568079] [BG] scanning blocks 921260 -> 921261
[2025-10-29 00:21:37.417464] [BG] scanning blocks 921260 -> 921261
[2025-10-29 00:22:26.210352] [BG] scanning blocks 921260 -> 921261
[2025-10-29 00:22:27.752914] [BG] scanning blocks 921260 -> 921261
[2025-10-29 00:22:28.018912] [BG] scanning blocks 921260 -> 921261
[2025-10-29 00:22:28.234909] [BG] scanning blocks 921260 -> 921261
[2025-10-29 00:22:31.809236] [BG] scanning blocks 921260 -> 921261
[2025-10-29 00:22:33.911784] [BG] scanning blocks 921260 -> 921261
[2025-10-29 00:22:37.138289] [BG] scanning blocks 921260 -> 921261
[2025-10-29 00:26:49.591246] [BG] scanning blocks 921260 -> 921261
[2025-10-29 00:27:39.510577] [BG] scanning blocks 921260 -> 921261
[2025-10-29 00:27:40.486097] [BG] scanning blocks 921260 -> 921261
[2025-10-29 00:27:41.281099] [BG] scanning blocks 921260 -> 921261
[2025-10-29 00:27:41.556095] [BG] scanning blocks 921260 -> 921261
[2025-10-29 00:27:43.036967] [BG] scanning blocks 921260 -> 921261
[2025-10-29 00:27:46.831572] [BG] scanning blocks 921260 -> 921261
[2025-10-29 00:27:50.598423] [BG] scanning blocks 921260 -> 921261
[2025-10-29 00:31:59.972083] [BG] scanning blocks 921260 -> 921261
[2025-10-29 00:32:49.504684] [BG] scanning blocks 921260 -> 921261
[2025-10-29 00:32:53.470087] [BG] scanning blocks 921260 -> 921261
[2025-10-29 00:32:54.466344] [BG] scanning blocks 921260 -> 921261
[2025-10-29 00:32:54.736619] [BG] scanning blocks 921260 -> 921261
[2025-10-29 00:32:55.016545] [BG] scanning blocks 921260 -> 921261
[2025-10-29 00:33:05.154749] [BG] scanning blocks 921260 -> 921261
[2025-10-29 00:33:07.644637] [BG] scanning blocks 921260 -> 921261
[2025-10-29 00:37:09.984901] [BG] scanning blocks 921261 -> 921261
[2025-10-29 00:38:02.161414] [BG] scanning blocks 921261 -> 921262
[2025-10-29 00:38:05.026815] [BG] scanning blocks 921261 -> 921262
[2025-10-29 00:38:09.211476] [BG] scanning blocks 921261 -> 921262
[2025-10-29 00:38:09.770473] [BG] scanning blocks 921261 -> 921262
[2025-10-29 00:38:10.155475] [BG] scanning blocks 921261 -> 921262
[2025-10-29 00:38:18.816726] [BG] scanning blocks 921261 -> 921262
[2025-10-29 00:38:19.366439] [BG] scanning blocks 921261 -> 921262
[2025-10-29 00:42:30.146187] [BG] scanning blocks 921262 -> 921262
[2025-10-29 00:43:13.430198] [BG] scanning blocks 921262 -> 921263
[2025-10-29 00:43:16.621019] [BG] scanning blocks 921262 -> 921263
[2025-10-29 00:43:23.600038] [BG] scanning blocks 921262 -> 921263
[2025-10-29 00:43:24.557647] [BG] scanning blocks 921262 -> 921263
[2025-10-29 00:43:24.906648] [BG] scanning blocks 921262 -> 921263
[2025-10-29 00:43:30.670272] [BG] scanning blocks 921262 -> 921263
[2025-10-29 00:43:33.011270] [BG] scanning blocks 921262 -> 921263
[2025-10-29 00:47:45.531146] [BG] scanning blocks 921262 -> 921263
[2025-10-29 00:48:22.385814] [BG] scanning blocks 921262 -> 921263
[2025-10-29 00:48:25.886084] [BG] scanning blocks 921262 -> 921263
[2025-10-29 00:48:33.788667] [BG] scanning blocks 921262 -> 921263
[2025-10-29 00:48:34.564706] [BG] scanning blocks 921262 -> 921263
[2025-10-29 00:48:36.269217] [BG] scanning blocks 921262 -> 921263
[2025-10-29 00:48:42.378853] [BG] scanning blocks 921262 -> 921263
[2025-10-29 00:48:44.520910] [BG] scanning blocks 921262 -> 921263
[2025-10-29 00:52:56.137476] [BG] scanning blocks 921262 -> 921263
[2025-10-29 00:53:33.849435] [BG] scanning blocks 921262 -> 921263
[2025-10-29 00:53:36.796434] [BG] scanning blocks 921262 -> 921263
[2025-10-29 00:53:44.844925] [BG] scanning blocks 921262 -> 921263
[2025-10-29 00:53:46.971926] [BG] scanning blocks 921262 -> 921263
[2025-10-29 00:53:48.693937] [BG] scanning blocks 921262 -> 921263
[2025-10-29 00:53:55.128620] [BG] scanning blocks 921262 -> 921263
[2025-10-29 00:53:57.384619] [BG] scanning blocks 921262 -> 921263
[2025-10-29 00:58:11.178244] [BG] scanning blocks 921262 -> 921263
[2025-10-29 00:58:44.567759] [BG] scanning blocks 921263 -> 921263
[2025-10-29 00:58:49.300707] [BG] scanning blocks 921263 -> 921263
[2025-10-29 00:58:56.568622] [BG] scanning blocks 921262 -> 921263
[2025-10-29 00:59:01.858079] [BG] scanning blocks 921263 -> 921264
[2025-10-29 00:59:04.424274] [BG] scanning blocks 921263 -> 921264
[2025-10-29 00:59:06.889328] [BG] scanning blocks 921263 -> 921264
[2025-10-29 00:59:09.509246] [BG] scanning blocks 921263 -> 921264
[2025-10-29 01:03:20.713103] [BG] scanning blocks 921263 -> 921264
[2025-10-29 01:04:02.668868] [BG] scanning blocks 921263 -> 921264
[2025-10-29 01:04:05.755243] [BG] scanning blocks 921263 -> 921264
[2025-10-29 01:04:09.587927] [BG] scanning blocks 921263 -> 921264
[2025-10-29 01:04:13.309476] [BG] scanning blocks 921263 -> 921264
[2025-10-29 01:04:14.384992] [BG] scanning blocks 921263 -> 921264
[2025-10-29 01:04:17.164302] [BG] scanning blocks 921263 -> 921264
[2025-10-29 01:04:21.565408] [BG] scanning blocks 921263 -> 921264
[2025-10-29 01:08:30.349845] [BG] scanning blocks 921264 -> 921264
[2025-10-29 01:09:12.404272] [BG] scanning blocks 921264 -> 921265
[2025-10-29 01:09:15.257346] [BG] scanning blocks 921264 -> 921265
[2025-10-29 01:09:19.336185] [BG] scanning blocks 921264 -> 921265
[2025-10-29 01:09:23.797301] [BG] scanning blocks 921264 -> 921265
[2025-10-29 01:09:24.066296] [BG] scanning blocks 921264 -> 921265
[2025-10-29 01:09:29.457713] [BG] scanning blocks 921264 -> 921265
[2025-10-29 01:09:33.726175] [BG] scanning blocks 921264 -> 921265
[2025-10-29 01:13:47.170643] [BG] scanning blocks 921265 -> 921265
[2025-10-29 01:14:22.173583] [BG] scanning blocks 921265 -> 921266
[2025-10-29 01:14:25.313191] [BG] scanning blocks 921265 -> 921266
[2025-10-29 01:14:30.220876] [BG] scanning blocks 921265 -> 921266
[2025-10-29 01:14:34.898742] [BG] scanning blocks 921265 -> 921266
[2025-10-29 01:14:36.060264] [BG] scanning blocks 921265 -> 921266
[2025-10-29 01:14:41.643066] [BG] scanning blocks 921265 -> 921266
[2025-10-29 01:14:46.035218] [BG] scanning blocks 921265 -> 921266
[2025-10-29 01:19:03.936634] [BG] scanning blocks 921265 -> 921266
[2025-10-29 01:19:30.792413] [BG] scanning blocks 921265 -> 921266
[2025-10-29 01:19:35.221724] [BG] scanning blocks 921265 -> 921266
[2025-10-29 01:19:39.409235] [BG] scanning blocks 921265 -> 921266
[2025-10-29 01:19:43.792080] [BG] scanning blocks 921265 -> 921266
[2025-10-29 01:19:45.872910] [BG] scanning blocks 921265 -> 921266
[2025-10-29 01:19:53.065680] [BG] scanning blocks 921265 -> 921266
[2025-10-29 01:19:57.544293] [BG] scanning blocks 921265 -> 921266
[2025-10-29 01:24:13.283064] [BG] scanning blocks 921265 -> 921266
[2025-10-29 01:24:40.875418] [BG] scanning blocks 921265 -> 921266
[2025-10-29 01:24:45.598949] [BG] scanning blocks 921265 -> 921266
[2025-10-29 01:24:50.066262] [BG] scanning blocks 921265 -> 921266
[2025-10-29 01:24:53.689197] [BG] scanning blocks 921265 -> 921266
[2025-10-29 01:24:58.102250] [BG] scanning blocks 921265 -> 921266
[2025-10-29 01:25:05.459941] [BG] scanning blocks 921265 -> 921266
[2025-10-29 01:25:09.295421] [BG] scanning blocks 921265 -> 921266
[2025-10-29 01:29:23.888285] [BG] scanning blocks 921265 -> 921266
[2025-10-29 01:29:53.293102] [BG] scanning blocks 921265 -> 921266
[2025-10-29 01:29:59.948055] [BG] scanning blocks 921265 -> 921266
[2025-10-29 01:30:03.900969] [BG] scanning blocks 921265 -> 921266
[2025-10-29 01:30:06.000483] [BG] scanning blocks 921265 -> 921266
[2025-10-29 01:30:09.373614] [BG] scanning blocks 921265 -> 921266
[2025-10-29 01:30:18.177381] [BG] scanning blocks 921265 -> 921266
[2025-10-29 01:30:21.011215] [BG] scanning blocks 921265 -> 921266
[2025-10-29 01:34:32.397457] [BG] scanning blocks 921265 -> 921266
[2025-10-29 01:35:02.916939] [BG] scanning blocks 921265 -> 921266
[2025-10-29 01:35:09.375346] [BG] scanning blocks 921265 -> 921266
[2025-10-29 01:35:15.130094] [BG] scanning blocks 921265 -> 921266
[2025-10-29 01:35:16.544863] [BG] scanning blocks 921265 -> 921266
[2025-10-29 01:35:18.227219] [BG] scanning blocks 921265 -> 921266
[2025-10-29 01:35:28.877435] [BG] scanning blocks 921265 -> 921266
[2025-10-29 01:35:31.951481] [BG] scanning blocks 921265 -> 921266
[2025-10-29 01:39:45.275261] [BG] scanning blocks 921265 -> 921266
[2025-10-29 01:40:13.096463] [BG] scanning blocks 921265 -> 921266
[2025-10-29 01:40:18.762461] [BG] scanning blocks 921265 -> 921266
[2025-10-29 01:40:26.065250] [BG] scanning blocks 921265 -> 921266
[2025-10-29 01:40:27.268933] [BG] scanning blocks 921265 -> 921266
[2025-10-29 01:40:28.483904] [BG] scanning blocks 921265 -> 921266
[2025-10-29 01:40:40.337761] [BG] scanning blocks 921265 -> 921266
[2025-10-29 01:40:43.841255] [BG] scanning blocks 921265 -> 921266
[2025-10-29 01:44:55.572003] [BG] scanning blocks 921266 -> 921266
[2025-10-29 01:45:26.689040] [BG] scanning blocks 921266 -> 921267
[2025-10-29 01:45:32.412457] [BG] scanning blocks 921266 -> 921267
[2025-10-29 01:45:39.838535] [BG] scanning blocks 921266 -> 921267
[2025-10-29 01:45:41.301527] [BG] scanning blocks 921266 -> 921267
[2025-10-29 01:45:41.868911] [BG] scanning blocks 921266 -> 921267
[2025-10-29 01:45:54.834699] [BG] scanning blocks 921266 -> 921267
[2025-10-29 01:45:57.780478] [BG] scanning blocks 921266 -> 921267
[2025-10-29 01:50:13.718854] [BG] scanning blocks 921266 -> 921267
[2025-10-29 01:50:36.632319] [BG] scanning blocks 921266 -> 921267
[2025-10-29 01:50:42.448133] [BG] scanning blocks 921266 -> 921267
[2025-10-29 01:50:51.374846] [BG] scanning blocks 921266 -> 921267
[2025-10-29 01:50:53.099845] [BG] scanning blocks 921266 -> 921267
[2025-10-29 01:50:53.246849] [BG] scanning blocks 921266 -> 921267
[2025-10-29 01:51:05.599151] [BG] scanning blocks 921266 -> 921267
[2025-10-29 01:51:10.518813] [BG] scanning blocks 921266 -> 921267
[2025-10-29 01:55:23.202355] [BG] scanning blocks 921266 -> 921267
[2025-10-29 01:55:46.075467] [BG] scanning blocks 921266 -> 921267
[2025-10-29 01:55:52.413379] [BG] scanning blocks 921266 -> 921267
[2025-10-29 01:56:04.680973] [BG] scanning blocks 921266 -> 921267
[2025-10-29 01:56:05.874065] [BG] scanning blocks 921266 -> 921267
[2025-10-29 01:56:06.008065] [BG] scanning blocks 921266 -> 921267
[2025-10-29 01:56:16.689440] [BG] scanning blocks 921266 -> 921267
[2025-10-29 01:56:22.644539] [BG] scanning blocks 921266 -> 921267
[2025-10-29 02:00:33.423929] [BG] scanning blocks 921266 -> 921267
[2025-10-29 02:00:56.798787] [BG] scanning blocks 921266 -> 921267
[2025-10-29 02:01:04.096257] [BG] scanning blocks 921266 -> 921267
[2025-10-29 02:01:19.464170] [BG] scanning blocks 921266 -> 921267
[2025-10-29 02:01:19.553168] [BG] scanning blocks 921266 -> 921267
[2025-10-29 02:01:19.736171] [BG] scanning blocks 921266 -> 921267
[2025-10-29 02:01:26.659423] [BG] scanning blocks 921266 -> 921267
[2025-10-29 02:01:35.501692] [BG] scanning blocks 921266 -> 921267
[2025-10-29 02:05:42.987864] [BG] scanning blocks 921266 -> 921267
[2025-10-29 02:06:06.234332] [BG] scanning blocks 921266 -> 921267
[2025-10-29 02:06:13.340589] [BG] scanning blocks 921266 -> 921267
[2025-10-29 02:06:31.756384] [BG] scanning blocks 921266 -> 921267
[2025-10-29 02:06:31.927768] [BG] scanning blocks 921266 -> 921267
[2025-10-29 02:06:32.309767] [BG] scanning blocks 921266 -> 921267
[2025-10-29 02:06:37.205299] [BG] scanning blocks 921266 -> 921267
[2025-10-29 02:06:47.845662] [BG] scanning blocks 921266 -> 921267
[2025-10-29 02:10:52.034777] [BG] scanning blocks 921267 -> 921267
[2025-10-29 02:11:14.833796] [BG] scanning blocks 921267 -> 921268
[2025-10-29 02:11:28.277947] [BG] scanning blocks 921267 -> 921268
[2025-10-29 02:11:45.320285] [BG] scanning blocks 921267 -> 921268
[2025-10-29 02:11:46.127328] [BG] scanning blocks 921267 -> 921268
[2025-10-29 02:11:47.329265] [BG] scanning blocks 921267 -> 921268
[2025-10-29 02:11:51.303632] [BG] scanning blocks 921267 -> 921268
[2025-10-29 02:12:02.580190] [BG] scanning blocks 921267 -> 921268
[2025-10-29 02:16:10.056036] [BG] scanning blocks 921267 -> 921268
[2025-10-29 02:16:24.995934] [BG] scanning blocks 921267 -> 921268
[2025-10-29 02:16:38.994130] [BG] scanning blocks 921267 -> 921268
[2025-10-29 02:16:56.291776] [BG] scanning blocks 921267 -> 921268
[2025-10-29 02:16:56.559802] [BG] scanning blocks 921267 -> 921268
[2025-10-29 02:16:59.466982] [BG] scanning blocks 921267 -> 921268
[2025-10-29 02:17:03.595054] [BG] scanning blocks 921267 -> 921268
[2025-10-29 02:17:15.134819] [BG] scanning blocks 921267 -> 921268
[2025-10-29 02:21:20.828932] [BG] scanning blocks 921267 -> 921268
[2025-10-29 02:21:34.384547] [BG] scanning blocks 921267 -> 921268
[2025-10-29 02:21:48.706337] [BG] scanning blocks 921267 -> 921268
[2025-10-29 02:22:06.332551] [BG] scanning blocks 921267 -> 921268
[2025-10-29 02:22:06.392559] [BG] scanning blocks 921267 -> 921268
[2025-10-29 02:22:10.496375] [BG] scanning blocks 921267 -> 921268
[2025-10-29 02:22:12.981810] [BG] scanning blocks 921267 -> 921268
[2025-10-29 02:22:26.858058] [BG] scanning blocks 921267 -> 921268
[2025-10-29 02:26:30.037670] [BG] scanning blocks 921267 -> 921268
[2025-10-29 02:26:44.986684] [BG] scanning blocks 921267 -> 921268
[2025-10-29 02:26:59.335108] [BG] scanning blocks 921267 -> 921268
[2025-10-29 02:27:16.557795] [BG] scanning blocks 921267 -> 921268
[2025-10-29 02:27:17.294226] [BG] scanning blocks 921267 -> 921268
[2025-10-29 02:27:20.914832] [BG] scanning blocks 921267 -> 921268
[2025-10-29 02:27:23.594683] [BG] scanning blocks 921267 -> 921268
[2025-10-29 02:27:38.736115] [BG] scanning blocks 921267 -> 921268
[2025-10-29 02:31:40.137509] [BG] scanning blocks 921268 -> 921268
[2025-10-29 02:31:55.222498] [BG] scanning blocks 921268 -> 921269
[2025-10-29 02:32:10.161340] [BG] scanning blocks 921268 -> 921269
[2025-10-29 02:32:27.518677] [BG] scanning blocks 921268 -> 921269
[2025-10-29 02:32:30.284219] [BG] scanning blocks 921268 -> 921269
[2025-10-29 02:32:33.847022] [BG] scanning blocks 921268 -> 921269
[2025-10-29 02:32:34.036033] [BG] scanning blocks 921268 -> 921269
[2025-10-29 02:32:51.537944] [BG] scanning blocks 921268 -> 921269
[2025-10-29 02:37:06.892563] [BG] scanning blocks 921269 -> 921269
[2025-10-29 02:37:21.268122] [BG] scanning blocks 921269 -> 921270
[2025-10-29 02:37:39.143318] [BG] scanning blocks 921269 -> 921270
[2025-10-29 02:37:42.979729] [BG] scanning blocks 921269 -> 921270
[2025-10-29 02:37:43.330897] [BG] scanning blocks 921269 -> 921270
[2025-10-29 02:37:46.141716] [BG] scanning blocks 921269 -> 921270
[2025-10-29 02:37:46.969825] [BG] scanning blocks 921269 -> 921270
[2025-10-29 02:38:04.705936] [BG] scanning blocks 921269 -> 921270
[2025-10-29 02:42:24.074045] [BG] scanning blocks 921269 -> 921270
[2025-10-29 02:42:31.367536] [BG] scanning blocks 921269 -> 921270
[2025-10-29 02:42:48.899684] [BG] scanning blocks 921269 -> 921270
[2025-10-29 02:42:53.154675] [BG] scanning blocks 921269 -> 921270
[2025-10-29 02:42:54.328752] [BG] scanning blocks 921269 -> 921270
[2025-10-29 02:42:56.748070] [BG] scanning blocks 921269 -> 921270
[2025-10-29 02:42:58.411480] [BG] scanning blocks 921269 -> 921270
[2025-10-29 02:43:16.710642] [BG] scanning blocks 921270 -> 921270
[2025-10-29 02:47:35.866564] [BG] scanning blocks 921271 -> 921271
[2025-10-29 02:47:43.036993] [BG] scanning blocks 921271 -> 921271
[2025-10-29 02:47:59.629423] [BG] scanning blocks 921271 -> 921272
[2025-10-29 02:48:06.774490] [BG] scanning blocks 921271 -> 921272
[2025-10-29 02:48:08.793430] [BG] scanning blocks 921271 -> 921272
[2025-10-29 02:48:09.746805] [BG] scanning blocks 921271 -> 921272
[2025-10-29 02:48:12.678460] [BG] scanning blocks 921271 -> 921272
[2025-10-29 02:48:36.202920] [BG] scanning blocks 921271 -> 921272
[2025-10-29 02:52:51.152751] [BG] scanning blocks 921272 -> 921272
[2025-10-29 02:52:58.207941] [BG] scanning blocks 921272 -> 921272
[2025-10-29 02:53:09.938319] [BG] scanning blocks 921272 -> 921273
[2025-10-29 02:53:17.211968] [BG] scanning blocks 921272 -> 921273
[2025-10-29 02:53:19.985699] [BG] scanning blocks 921272 -> 921273
[2025-10-29 02:53:20.552182] [BG] scanning blocks 921272 -> 921273
[2025-10-29 02:53:23.266785] [BG] scanning blocks 921272 -> 921273
[2025-10-29 02:53:47.431892] [BG] scanning blocks 921272 -> 921273
[2025-10-29 02:58:05.610645] [BG] scanning blocks 921272 -> 921273
[2025-10-29 02:58:12.638519] [BG] scanning blocks 921272 -> 921273
[2025-10-29 02:58:20.205787] [BG] scanning blocks 921272 -> 921273
[2025-10-29 02:58:27.662082] [BG] scanning blocks 921272 -> 921273
[2025-10-29 02:58:31.160928] [BG] scanning blocks 921272 -> 921273
[2025-10-29 02:58:31.683449] [BG] scanning blocks 921272 -> 921273
[2025-10-29 02:58:36.193047] [BG] scanning blocks 921272 -> 921273
[2025-10-29 02:59:00.886308] [BG] scanning blocks 921272 -> 921273
[2025-10-29 03:03:15.920821] [BG] scanning blocks 921273 -> 921273
[2025-10-29 03:03:23.319018] [BG] scanning blocks 921273 -> 921273
[2025-10-29 03:03:30.432132] [BG] scanning blocks 921273 -> 921274
[2025-10-29 03:03:39.165283] [BG] scanning blocks 921273 -> 921274
[2025-10-29 03:03:42.167420] [BG] scanning blocks 921273 -> 921274
[2025-10-29 03:03:43.239089] [BG] scanning blocks 921273 -> 921274
[2025-10-29 03:03:47.939294] [BG] scanning blocks 921273 -> 921274
[2025-10-29 03:04:14.307825] [BG] scanning blocks 921273 -> 921274
[2025-10-29 03:08:31.963364] [BG] scanning blocks 921273 -> 921274
[2025-10-29 03:08:38.746251] [BG] scanning blocks 921273 -> 921274
[2025-10-29 03:08:40.582311] [BG] scanning blocks 921273 -> 921274
[2025-10-29 03:08:48.650138] [BG] scanning blocks 921273 -> 921274
[2025-10-29 03:08:50.946712] [BG] scanning blocks 921273 -> 921274
[2025-10-29 03:08:53.074226] [BG] scanning blocks 921273 -> 921274
[2025-10-29 03:08:58.472798] [BG] scanning blocks 921273 -> 921274
[2025-10-29 03:09:25.403452] [BG] scanning blocks 921273 -> 921274
[2025-10-29 03:13:42.299068] [BG] scanning blocks 921273 -> 921274
[2025-10-29 03:13:50.581316] [BG] scanning blocks 921273 -> 921274
[2025-10-29 03:13:51.157849] [BG] scanning blocks 921273 -> 921274
[2025-10-29 03:13:59.502650] [BG] scanning blocks 921273 -> 921274
[2025-10-29 03:14:02.045252] [BG] scanning blocks 921273 -> 921274
[2025-10-29 03:14:06.899503] [BG] scanning blocks 921273 -> 921274
[2025-10-29 03:14:10.478390] [BG] scanning blocks 921273 -> 921274
[2025-10-29 03:14:39.697713] [BG] scanning blocks 921273 -> 921274
[2025-10-29 03:18:56.942046] [BG] scanning blocks 921274 -> 921274
[2025-10-29 03:19:03.529834] [BG] scanning blocks 921274 -> 921274
[2025-10-29 03:19:06.364350] [BG] scanning blocks 921274 -> 921274
[2025-10-29 03:19:17.281979] [BG] scanning blocks 921274 -> 921275
[2025-10-29 03:19:19.730584] [BG] scanning blocks 921274 -> 921275
[2025-10-29 03:19:25.013449] [BG] scanning blocks 921274 -> 921275
[2025-10-29 03:19:26.239890] [BG] scanning blocks 921274 -> 921275
[2025-10-29 03:19:52.584044] [BG] scanning blocks 921274 -> 921275
[2025-10-29 03:24:12.256861] [BG] scanning blocks 921274 -> 921275
[2025-10-29 03:24:22.806482] [BG] scanning blocks 921274 -> 921275
[2025-10-29 03:24:29.315920] [BG] scanning blocks 921274 -> 921275
[2025-10-29 03:24:29.462922] [BG] scanning blocks 921274 -> 921275
[2025-10-29 03:24:30.753954] [BG] scanning blocks 921274 -> 921275
[2025-10-29 03:24:37.098019] [BG] scanning blocks 921274 -> 921275
[2025-10-29 03:24:38.153316] [BG] scanning blocks 921274 -> 921275
[2025-10-29 03:25:04.853666] [BG] scanning blocks 921274 -> 921275
[2025-10-29 03:29:23.228299] [BG] scanning blocks 921274 -> 921275
[2025-10-29 03:29:34.928882] [BG] scanning blocks 921274 -> 921275
[2025-10-29 03:29:41.231773] [BG] scanning blocks 921274 -> 921275
[2025-10-29 03:29:42.724507] [BG] scanning blocks 921274 -> 921275
[2025-10-29 03:29:43.739534] [BG] scanning blocks 921274 -> 921275
[2025-10-29 03:29:50.499409] [BG] scanning blocks 921274 -> 921275
[2025-10-29 03:29:52.485002] [BG] scanning blocks 921274 -> 921275
[2025-10-29 03:30:17.529871] [BG] scanning blocks 921274 -> 921275
[2025-10-29 03:34:33.984907] [BG] scanning blocks 921275 -> 921275
[2025-10-29 03:34:47.678178] [BG] scanning blocks 921275 -> 921275
[2025-10-29 03:34:53.623033] [BG] scanning blocks 921275 -> 921276
[2025-10-29 03:34:55.643116] [BG] scanning blocks 921275 -> 921276
[2025-10-29 03:34:57.900741] [BG] scanning blocks 921275 -> 921276
[2025-10-29 03:35:03.440297] [BG] scanning blocks 921275 -> 921276
[2025-10-29 03:35:06.543118] [BG] scanning blocks 921275 -> 921276
[2025-10-29 03:35:29.068874] [BG] scanning blocks 921275 -> 921276
[2025-10-29 03:39:50.632800] [BG] scanning blocks 921275 -> 921276
[2025-10-29 03:40:17.697230] [BG] scanning blocks 921275 -> 921276
[2025-10-29 03:40:19.667823] [BG] scanning blocks 921275 -> 921276
[2025-10-29 03:40:19.770825] [BG] scanning blocks 921275 -> 921276
[2025-10-29 03:40:20.817842] [BG] scanning blocks 921275 -> 921276
[2025-10-29 03:40:23.103725] [BG] scanning blocks 921275 -> 921276
[2025-10-29 03:40:23.772402] [BG] scanning blocks 921275 -> 921276
[2025-10-29 03:40:41.417734] [BG] scanning blocks 921275 -> 921276
[2025-10-29 03:45:01.749866] [BG] scanning blocks 921275 -> 921276
[2025-10-29 03:45:29.438513] [BG] scanning blocks 921275 -> 921276
[2025-10-29 03:45:33.379137] [BG] scanning blocks 921275 -> 921276
[2025-10-29 03:45:33.519147] [BG] scanning blocks 921275 -> 921276
[2025-10-29 03:45:34.752167] [BG] scanning blocks 921275 -> 921276
[2025-10-29 03:45:36.528381] [BG] scanning blocks 921275 -> 921276
[2025-10-29 03:45:37.025841] [BG] scanning blocks 921275 -> 921276
[2025-10-29 03:45:54.164715] [BG] scanning blocks 921275 -> 921276
[2025-10-29 03:50:13.018569] [BG] scanning blocks 921275 -> 921276
[2025-10-29 03:50:49.818451] [BG] scanning blocks 921275 -> 921276
[2025-10-29 03:50:56.955387] [BG] scanning blocks 921275 -> 921276
[2025-10-29 03:50:57.847910] [BG] scanning blocks 921275 -> 921276
[2025-10-29 03:50:57.919862] [BG] scanning blocks 921275 -> 921276
[2025-10-29 03:51:00.015229] [BG] scanning blocks 921275 -> 921276
[2025-10-29 03:51:00.209229] [BG] scanning blocks 921275 -> 921276
[2025-10-29 03:51:09.250048] [BG] scanning blocks 921275 -> 921276
[2025-10-29 03:55:23.573790] [BG] scanning blocks 921276 -> 921276
[2025-10-29 03:56:00.411279] [BG] scanning blocks 921276 -> 921277
[2025-10-29 03:56:09.367857] [BG] scanning blocks 921276 -> 921277
[2025-10-29 03:56:10.471360] [BG] scanning blocks 921276 -> 921277
[2025-10-29 03:56:10.653958] [BG] scanning blocks 921276 -> 921277
[2025-10-29 03:56:14.055554] [BG] scanning blocks 921276 -> 921277
[2025-10-29 03:56:14.362561] [BG] scanning blocks 921276 -> 921277
[2025-10-29 03:56:21.394787] [BG] scanning blocks 921276 -> 921277
[2025-10-29 04:00:40.089127] [BG] scanning blocks 921276 -> 921277
[2025-10-29 04:01:13.734699] [BG] scanning blocks 921276 -> 921277
[2025-10-29 04:01:22.858663] [BG] scanning blocks 921276 -> 921277
[2025-10-29 04:01:23.768381] [BG] scanning blocks 921276 -> 921277
[2025-10-29 04:01:24.925397] [BG] scanning blocks 921276 -> 921277
[2025-10-29 04:01:27.595315] [BG] scanning blocks 921276 -> 921277
[2025-10-29 04:01:28.698882] [BG] scanning blocks 921276 -> 921277
[2025-10-29 04:01:34.754933] [BG] scanning blocks 921276 -> 921277
[2025-10-29 04:05:50.901054] [BG] scanning blocks 921277 -> 921277
[2025-10-29 04:06:23.668091] [BG] scanning blocks 921277 -> 921278
[2025-10-29 04:06:34.185860] [BG] scanning blocks 921277 -> 921278
[2025-10-29 04:06:36.212210] [BG] scanning blocks 921277 -> 921278
[2025-10-29 04:06:37.907227] [BG] scanning blocks 921277 -> 921278
[2025-10-29 04:06:39.667969] [BG] scanning blocks 921277 -> 921278
[2025-10-29 04:06:40.314614] [BG] scanning blocks 921277 -> 921278
[2025-10-29 04:06:46.369899] [BG] scanning blocks 921277 -> 921278
[2025-10-29 04:11:06.485987] [BG] scanning blocks 921277 -> 921278
[2025-10-29 04:11:34.027908] [BG] scanning blocks 921277 -> 921278
[2025-10-29 04:11:45.704782] [BG] scanning blocks 921277 -> 921278
[2025-10-29 04:11:48.669137] [BG] scanning blocks 921277 -> 921278
[2025-10-29 04:11:51.063152] [BG] scanning blocks 921277 -> 921278
[2025-10-29 04:11:51.626577] [BG] scanning blocks 921277 -> 921278
[2025-10-29 04:11:52.589312] [BG] scanning blocks 921277 -> 921278
[2025-10-29 04:11:59.573601] [BG] scanning blocks 921277 -> 921278
[2025-10-29 04:16:17.125036] [BG] scanning blocks 921277 -> 921278
[2025-10-29 04:16:44.659338] [BG] scanning blocks 921277 -> 921278
[2025-10-29 04:16:59.010196] [BG] scanning blocks 921277 -> 921278
[2025-10-29 04:16:59.631201] [BG] scanning blocks 921277 -> 921278
[2025-10-29 04:17:03.340305] [BG] scanning blocks 921277 -> 921278
[2025-10-29 04:17:04.819835] [BG] scanning blocks 921277 -> 921278
[2025-10-29 04:17:05.681102] [BG] scanning blocks 921277 -> 921278
[2025-10-29 04:17:11.289726] [BG] scanning blocks 921277 -> 921278
[2025-10-29 04:21:27.078414] [BG] scanning blocks 921277 -> 921278
[2025-10-29 04:21:56.191189] [BG] scanning blocks 921277 -> 921278
[2025-10-29 04:22:10.697067] [BG] scanning blocks 921277 -> 921278
[2025-10-29 04:22:12.564499] [BG] scanning blocks 921277 -> 921278
[2025-10-29 04:22:16.474791] [BG] scanning blocks 921277 -> 921278
[2025-10-29 04:22:18.416798] [BG] scanning blocks 921277 -> 921278
[2025-10-29 04:22:19.856333] [BG] scanning blocks 921277 -> 921278
[2025-10-29 04:22:24.400718] [BG] scanning blocks 921277 -> 921278
[2025-10-29 04:26:37.611360] [BG] scanning blocks 921277 -> 921278
[2025-10-29 04:27:08.597153] [BG] scanning blocks 921277 -> 921278
[2025-10-29 04:27:21.082359] [BG] scanning blocks 921277 -> 921278
[2025-10-29 04:27:23.609902] [BG] scanning blocks 921277 -> 921278
[2025-10-29 04:27:28.891886] [BG] scanning blocks 921277 -> 921278
[2025-10-29 04:27:30.135619] [BG] scanning blocks 921277 -> 921278
[2025-10-29 04:27:33.166510] [BG] scanning blocks 921277 -> 921278
[2025-10-29 04:27:36.569567] [BG] scanning blocks 921277 -> 921278
[2025-10-29 04:31:48.021383] [BG] scanning blocks 921277 -> 921278
[2025-10-29 04:32:19.852417] [BG] scanning blocks 921277 -> 921278
[2025-10-29 04:32:31.178114] [BG] scanning blocks 921277 -> 921278
[2025-10-29 04:32:36.062409] [BG] scanning blocks 921277 -> 921278
[2025-10-29 04:32:40.044151] [BG] scanning blocks 921277 -> 921278
[2025-10-29 04:32:41.610161] [BG] scanning blocks 921277 -> 921278
[2025-10-29 04:32:45.743245] [BG] scanning blocks 921277 -> 921278
[2025-10-29 04:32:49.548990] [BG] scanning blocks 921277 -> 921278
[2025-10-29 04:37:01.180790] [BG] scanning blocks 921277 -> 921278
[2025-10-29 04:37:30.800786] [BG] scanning blocks 921277 -> 921278
[2025-10-29 04:37:41.392252] [BG] scanning blocks 921277 -> 921278
[2025-10-29 04:37:47.208761] [BG] scanning blocks 921277 -> 921278
[2025-10-29 04:37:51.694776] [BG] scanning blocks 921277 -> 921278
[2025-10-29 04:37:52.225398] [BG] scanning blocks 921277 -> 921278
[2025-10-29 04:37:58.483145] [BG] scanning blocks 921277 -> 921278
[2025-10-29 04:38:03.787771] [BG] scanning blocks 921277 -> 921278
[2025-10-29 04:42:13.945698] [BG] scanning blocks 921277 -> 921278
[2025-10-29 04:42:41.651551] [BG] scanning blocks 921277 -> 921278
[2025-10-29 04:42:51.651663] [BG] scanning blocks 921277 -> 921278
[2025-10-29 04:42:57.949102] [BG] scanning blocks 921277 -> 921278
[2025-10-29 04:43:02.377128] [BG] scanning blocks 921277 -> 921278
[2025-10-29 04:43:02.876129] [BG] scanning blocks 921277 -> 921278
[2025-10-29 04:43:09.020714] [BG] scanning blocks 921277 -> 921278
[2025-10-29 04:43:14.346914] [BG] scanning blocks 921277 -> 921278
[2025-10-29 04:47:30.758267] [BG] scanning blocks 921277 -> 921278
[2025-10-29 04:47:54.591534] [BG] scanning blocks 921277 -> 921278
[2025-10-29 04:48:03.527258] [BG] scanning blocks 921277 -> 921278
[2025-10-29 04:48:09.910452] [BG] scanning blocks 921277 -> 921278
[2025-10-29 04:48:14.117680] [BG] scanning blocks 921277 -> 921278
[2025-10-29 04:48:15.955709] [BG] scanning blocks 921277 -> 921278
[2025-10-29 04:48:19.294250] [BG] scanning blocks 921277 -> 921278
[2025-10-29 04:48:25.024026] [BG] scanning blocks 921277 -> 921278
[2025-10-29 04:52:42.049842] [BG] scanning blocks 921278 -> 921278
[2025-10-29 04:53:10.106706] [BG] scanning blocks 921278 -> 921279
[2025-10-29 04:53:17.793421] [BG] scanning blocks 921278 -> 921279
[2025-10-29 04:53:23.620716] [BG] scanning blocks 921278 -> 921279
[2025-10-29 04:53:28.019014] [BG] scanning blocks 921278 -> 921279
[2025-10-29 04:53:28.094012] [BG] scanning blocks 921278 -> 921279
[2025-10-29 04:53:32.063441] [BG] scanning blocks 921278 -> 921279
[2025-10-29 04:53:37.771134] [BG] scanning blocks 921278 -> 921279
[2025-10-29 04:57:58.049466] [BG] scanning blocks 921279 -> 921279
[2025-10-29 04:58:21.049915] [BG] scanning blocks 921280 -> 921280
[2025-10-29 04:58:31.518918] [BG] scanning blocks 921280 -> 921280
[2025-10-29 04:58:33.264272] [BG] scanning blocks 921280 -> 921281
[2025-10-29 04:58:39.924205] [BG] scanning blocks 921280 -> 921281
[2025-10-29 04:58:41.134273] [BG] scanning blocks 921280 -> 921281
[2025-10-29 04:58:44.502233] [BG] scanning blocks 921280 -> 921281
[2025-10-29 04:58:49.395900] [BG] scanning blocks 921280 -> 921281
[2025-10-29 05:03:15.501541] [BG] scanning blocks 921280 -> 921281
[2025-10-29 05:03:37.511831] [BG] scanning blocks 921280 -> 921281
[2025-10-29 05:03:43.831238] [BG] scanning blocks 921280 -> 921281
[2025-10-29 05:03:47.734731] [BG] scanning blocks 921280 -> 921281
[2025-10-29 05:03:51.295564] [BG] scanning blocks 921280 -> 921281
[2025-10-29 05:03:53.290627] [BG] scanning blocks 921280 -> 921281
[2025-10-29 05:03:55.335800] [BG] scanning blocks 921280 -> 921281
[2025-10-29 05:04:00.793436] [BG] scanning blocks 921280 -> 921281
[2025-10-29 05:08:28.082983] [BG] scanning blocks 921280 -> 921281
[2025-10-29 05:08:53.337754] [BG] scanning blocks 921281 -> 921281
[2025-10-29 05:09:09.573504] [BG] scanning blocks 921281 -> 921281
[2025-10-29 05:09:13.348554] [BG] scanning blocks 921281 -> 921281
[2025-10-29 05:09:14.838559] [BG] scanning blocks 921281 -> 921281
[2025-10-29 05:09:18.984723] [BG] scanning blocks 921281 -> 921282
[2025-10-29 05:09:19.138727] [BG] scanning blocks 921281 -> 921282
[2025-10-29 05:09:20.062286] [BG] scanning blocks 921281 -> 921282
[2025-10-29 05:13:39.831928] [BG] scanning blocks 921281 -> 921282
[2025-10-29 05:14:20.304629] [BG] scanning blocks 921282 -> 921282
[2025-10-29 05:14:30.304673] [BG] scanning blocks 921282 -> 921282
[2025-10-29 05:14:31.889222] [BG] scanning blocks 921282 -> 921282
[2025-10-29 05:14:32.829231] [BG] scanning blocks 921282 -> 921282
[2025-10-29 05:14:33.837747] [BG] scanning blocks 921282 -> 921282
[2025-10-29 05:14:34.941952] [BG] scanning blocks 921282 -> 921283
[2025-10-29 05:14:36.411436] [BG] scanning blocks 921282 -> 921283
[2025-10-29 05:19:01.222753] [BG] scanning blocks 921283 -> 921283
[2025-10-29 05:19:36.765764] [BG] scanning blocks 921283 -> 921284
[2025-10-29 05:19:46.332873] [BG] scanning blocks 921283 -> 921284
[2025-10-29 05:19:47.892880] [BG] scanning blocks 921283 -> 921284
[2025-10-29 05:19:48.894880] [BG] scanning blocks 921283 -> 921284
[2025-10-29 05:19:52.252436] [BG] scanning blocks 921283 -> 921284
[2025-10-29 05:19:52.512435] [BG] scanning blocks 921283 -> 921284
[2025-10-29 05:19:55.174045] [BG] scanning blocks 921283 -> 921284
[2025-10-29 05:21:38.375190] [BG] scanning blocks 921283 -> 921284
[2025-10-29 05:24:35.065894] [BG] scanning blocks 921283 -> 921284
[2025-10-29 05:25:01.851156] [BG] scanning blocks 921283 -> 921284
[2025-10-29 05:25:02.322588] [BG] scanning blocks 921283 -> 921284
[2025-10-29 05:25:04.725743] [BG] scanning blocks 921283 -> 921284
[2025-10-29 05:25:05.064261] [BG] scanning blocks 921283 -> 921284
[2025-10-29 05:25:08.554224] [BG] scanning blocks 921283 -> 921284
[2025-10-29 05:25:08.620470] [BG] scanning blocks 921283 -> 921284
[2025-10-29 05:25:12.119991] [BG] scanning blocks 921283 -> 921284
[2025-10-29 05:26:55.724509] [BG] scanning blocks 921283 -> 921284
[2025-10-29 05:32:03.109028] [BG] scanning blocks 921284 -> 921284
[2025-10-29 05:37:15.307386] [BG] scanning blocks 921284 -> 921285
[2025-10-29 05:42:22.365101] [BG] scanning blocks 921284 -> 921285
[2025-10-29 05:47:30.707492] [BG] scanning blocks 921284 -> 921285
[2025-10-29 05:52:38.616373] [BG] scanning blocks 921284 -> 921285
[2025-10-29 05:57:49.304609] [BG] scanning blocks 921284 -> 921285
[2025-10-29 06:02:56.449963] [BG] scanning blocks 921286 -> 921286
[2025-10-29 06:08:06.444343] [BG] scanning blocks 921286 -> 921287
[2025-10-29 06:13:14.563433] [BG] scanning blocks 921286 -> 921287
[2025-10-29 06:18:21.641626] [BG] scanning blocks 921288 -> 921288
[2025-10-29 06:23:30.045018] [BG] scanning blocks 921290 -> 921290
[2025-10-29 06:28:41.036935] [BG] scanning blocks 921290 -> 921291
[2025-10-29 06:33:48.002876] [BG] scanning blocks 921291 -> 921292
[2025-10-29 06:38:55.016419] [BG] scanning blocks 921291 -> 921292
[2025-10-29 06:44:02.014591] [BG] scanning blocks 921291 -> 921292
[2025-10-29 06:49:11.064515] [BG] scanning blocks 921292 -> 921292
[2025-10-29 06:54:21.790698] [BG] scanning blocks 921292 -> 921293
[2025-10-29 06:59:31.308867] [BG] scanning blocks 921292 -> 921293
[2025-10-29 07:04:40.530628] [BG] scanning blocks 921292 -> 921293
[2025-10-29 07:09:49.701726] [BG] scanning blocks 921294 -> 921293
[2025-10-29 07:13:58.882517] [BG] scanning blocks 921294 -> 921295
[2025-10-29 07:15:04.605050] [BG] scanning blocks 921294 -> 921295
[2025-10-29 07:19:07.340248] [BG] scanning blocks 921294 -> 921295
[2025-10-29 07:20:13.407323] [BG] scanning blocks 921295 -> 921295
[2025-10-29 07:24:15.822040] [BG] scanning blocks 921295 -> 921296
[2025-10-29 07:25:25.611453] [BG] scanning blocks 921295 -> 921296
[2025-10-29 07:29:24.955947] [BG] scanning blocks 921295 -> 921296
[2025-10-29 07:30:35.115901] [BG] scanning blocks 921295 -> 921296
[2025-10-29 07:34:34.212240] [BG] scanning blocks 921295 -> 921296
[2025-10-29 07:35:44.599671] [BG] scanning blocks 921295 -> 921296
[2025-10-29 07:36:07.691420] [BG] scanning blocks 921295 -> 921296
[2025-10-29 07:39:42.867580] [BG] scanning blocks 921295 -> 921296
[2025-10-29 07:40:55.539008] [BG] scanning blocks 921295 -> 921296
[2025-10-29 07:41:15.972343] [BG] scanning blocks 921295 -> 921296
[2025-10-29 07:44:52.515287] [BG] scanning blocks 921295 -> 921296
[2025-10-29 07:46:06.057714] [BG] scanning blocks 921295 -> 921296
[2025-10-29 07:46:24.186210] [BG] scanning blocks 921295 -> 921296
[2025-10-29 07:50:04.647016] [BG] scanning blocks 921295 -> 921296
[2025-10-29 07:51:15.139087] [BG] scanning blocks 921295 -> 921296
[2025-10-29 07:51:32.601683] [BG] scanning blocks 921295 -> 921296
[2025-10-29 07:55:13.302754] [BG] scanning blocks 921295 -> 921296
[2025-10-29 07:56:22.893265] [BG] scanning blocks 921295 -> 921296
[2025-10-29 07:56:40.769424] [BG] scanning blocks 921295 -> 921296
[2025-10-29 08:00:21.034710] [BG] scanning blocks 921296 -> 921296
[2025-10-29 08:01:32.045196] [BG] scanning blocks 921297 -> 921297
[2025-10-29 08:01:48.420434] [BG] scanning blocks 921297 -> 921298
[2025-10-29 08:05:33.420452] [BG] scanning blocks 921297 -> 921298
[2025-10-29 08:06:56.026803] [BG] scanning blocks 921297 -> 921298
[2025-10-29 08:07:59.071613] [BG] scanning blocks 921297 -> 921298
[2025-10-29 08:10:42.977662] [BG] scanning blocks 921297 -> 921298
[2025-10-29 08:12:08.757775] [BG] scanning blocks 921297 -> 921298
[2025-10-29 08:12:14.991671] [BG] scanning blocks 921297 -> 921298
[2025-10-29 08:13:08.841559] [BG] scanning blocks 921297 -> 921298
[2025-10-29 08:15:54.151647] [BG] scanning blocks 921297 -> 921298
[2025-10-29 08:17:16.817733] [BG] scanning blocks 921298 -> 921298
[2025-10-29 08:17:23.847488] [BG] scanning blocks 921298 -> 921298
[2025-10-29 08:18:17.231997] [BG] scanning blocks 921298 -> 921299
[2025-10-29 08:21:02.690344] [BG] scanning blocks 921299 -> 921299
[2025-10-29 08:22:29.132027] [BG] scanning blocks 921299 -> 921300
[2025-10-29 08:22:41.362820] [BG] scanning blocks 921299 -> 921300
[2025-10-29 08:23:26.584587] [BG] scanning blocks 921299 -> 921300
[2025-10-29 08:26:15.441280] [BG] scanning blocks 921299 -> 921300
[2025-10-29 08:27:38.791534] [BG] scanning blocks 921300 -> 921300
[2025-10-29 08:27:50.172968] [BG] scanning blocks 921300 -> 921301
[2025-10-29 08:28:35.342000] [BG] scanning blocks 921300 -> 921301
[2025-10-29 08:31:23.666290] [BG] scanning blocks 921300 -> 921301
[2025-10-29 08:32:51.547547] [BG] scanning blocks 921300 -> 921301
[2025-10-29 08:32:59.264954] [BG] scanning blocks 921300 -> 921301
[2025-10-29 08:33:45.713677] [BG] scanning blocks 921300 -> 921301
[2025-10-29 08:36:32.115516] [BG] scanning blocks 921300 -> 921301
[2025-10-29 08:38:00.931053] [BG] scanning blocks 921302 -> 921301
[2025-10-29 08:38:10.163457] [BG] scanning blocks 921302 -> 921301
[2025-10-29 08:38:55.287495] [BG] scanning blocks 921302 -> 921303
[2025-10-29 08:41:40.770480] [BG] scanning blocks 921302 -> 921303
[2025-10-29 08:43:20.726401] [BG] scanning blocks 921303 -> 921303
[2025-10-29 08:43:30.538776] [BG] scanning blocks 921303 -> 921303
[2025-10-29 08:44:03.719713] [BG] scanning blocks 921303 -> 921304
[2025-10-29 08:46:49.759454] [BG] scanning blocks 921303 -> 921304
[2025-10-29 08:48:33.690911] [BG] scanning blocks 921303 -> 921304
[2025-10-29 08:48:44.502487] [BG] scanning blocks 921303 -> 921304
[2025-10-29 08:49:13.503166] [BG] scanning blocks 921303 -> 921304
[2025-10-29 08:51:58.179001] [BG] scanning blocks 921303 -> 921304
[2025-10-29 08:53:41.457816] [BG] scanning blocks 921303 -> 921304
[2025-10-29 08:53:52.264227] [BG] scanning blocks 921303 -> 921304
[2025-10-29 08:54:23.664213] [BG] scanning blocks 921303 -> 921304
[2025-10-29 08:56:09.665598] [BG] scanning blocks 921303 -> 921304
[2025-10-29 08:57:07.822551] [BG] scanning blocks 921303 -> 921304
[2025-10-29 08:58:51.016560] [BG] scanning blocks 921303 -> 921304
[2025-10-29 08:59:02.423267] [BG] scanning blocks 921303 -> 921304
[2025-10-29 08:59:32.175399] [BG] scanning blocks 921303 -> 921304
[2025-10-29 09:01:19.969284] [BG] scanning blocks 921303 -> 921304
[2025-10-29 09:02:18.621925] [BG] scanning blocks 921303 -> 921304
[2025-10-29 09:03:59.218936] [BG] scanning blocks 921304 -> 921304
[2025-10-29 09:04:12.671955] [BG] scanning blocks 921304 -> 921305
[2025-10-29 09:04:40.713496] [BG] scanning blocks 921304 -> 921305
[2025-10-29 09:06:30.257732] [BG] scanning blocks 921304 -> 921305
[2025-10-29 09:07:29.011275] [BG] scanning blocks 921304 -> 921305
[2025-10-29 09:09:14.742097] [BG] scanning blocks 921304 -> 921305
[2025-10-29 09:09:22.216745] [BG] scanning blocks 921304 -> 921305
[2025-10-29 09:09:49.759992] [BG] scanning blocks 921304 -> 921305
[2025-10-29 09:11:39.448506] [BG] scanning blocks 921304 -> 921305
[2025-10-29 09:12:37.644263] [BG] scanning blocks 921305 -> 921305
[2025-10-29 09:14:23.483648] [BG] scanning blocks 921305 -> 921306
[2025-10-29 09:14:31.752520] [BG] scanning blocks 921305 -> 921306
[2025-10-29 09:14:59.374226] [BG] scanning blocks 921305 -> 921306
[2025-10-29 09:16:47.833849] [BG] scanning blocks 921305 -> 921306
[2025-10-29 09:17:52.173815] [BG] scanning blocks 921305 -> 921306
[2025-10-29 09:19:34.456809] [BG] scanning blocks 921306 -> 921306
[2025-10-29 09:19:43.179032] [BG] scanning blocks 921306 -> 921306
[2025-10-29 09:20:08.855363] [BG] scanning blocks 921306 -> 921307
[2025-10-29 09:21:57.650956] [BG] scanning blocks 921307 -> 921307
[2025-10-29 09:23:01.601602] [BG] scanning blocks 921307 -> 921308
[2025-10-29 09:24:47.696204] [BG] scanning blocks 921307 -> 921308
[2025-10-29 09:24:58.874834] [BG] scanning blocks 921307 -> 921308
[2025-10-29 09:25:17.643403] [BG] scanning blocks 921307 -> 921308
[2025-10-29 09:27:16.626188] [BG] scanning blocks 921307 -> 921308
[2025-10-29 09:28:11.502570] [BG] scanning blocks 921307 -> 921308
[2025-10-29 09:29:57.160913] [BG] scanning blocks 921308 -> 921308
[2025-10-29 09:30:09.160802] [BG] scanning blocks 921308 -> 921309
[2025-10-29 09:30:25.939976] [BG] scanning blocks 921308 -> 921309
[2025-10-29 09:32:26.669911] [BG] scanning blocks 921308 -> 921309
[2025-10-29 09:33:20.421700] [BG] scanning blocks 921308 -> 921309
[2025-10-29 09:35:11.830074] [BG] scanning blocks 921308 -> 921309
[2025-10-29 09:35:19.877317] [BG] scanning blocks 921308 -> 921309
[2025-10-29 09:35:35.551494] [BG] scanning blocks 921308 -> 921309
[2025-10-29 09:37:37.265934] [BG] scanning blocks 921309 -> 921309
[2025-10-29 09:38:32.677847] [BG] scanning blocks 921309 -> 921310
[2025-10-29 09:40:22.027114] [BG] scanning blocks 921309 -> 921310
[2025-10-29 09:40:40.510797] [BG] scanning blocks 921309 -> 921310
[2025-10-29 09:40:45.642064] [BG] scanning blocks 921309 -> 921310
[2025-10-29 09:43:03.028245] [BG] scanning blocks 921309 -> 921310
[2025-10-29 09:43:38.212634] [BG] error: ('Connection aborted.', ConnectionResetError(10054, 'An existing connection was forcibly closed by the remote host', None, 10054, None))
[2025-10-29 09:45:33.135615] [BG] scanning blocks 921309 -> 921310
[2025-10-29 09:45:50.014334] [BG] scanning blocks 921309 -> 921310
[2025-10-29 09:45:55.405367] [BG] scanning blocks 921309 -> 921310
[2025-10-29 09:48:15.235406] [BG] scanning blocks 921309 -> 921310
[2025-10-29 09:48:47.329529] [BG] scanning blocks 921309 -> 921310
[2025-10-29 09:50:43.107708] [BG] scanning blocks 921309 -> 921310
[2025-10-29 09:51:00.845996] [BG] scanning blocks 921309 -> 921310
[2025-10-29 09:51:05.200217] [BG] scanning blocks 921309 -> 921310
[2025-10-29 09:53:26.501646] [BG] scanning blocks 921309 -> 921310
[2025-10-29 09:53:55.511854] [BG] scanning blocks 921309 -> 921310
[2025-10-29 09:55:53.019780] [BG] scanning blocks 921309 -> 921310
[2025-10-29 09:56:11.320037] [BG] scanning blocks 921309 -> 921310
[2025-10-29 09:56:13.968066] [BG] scanning blocks 921309 -> 921310
[2025-10-29 09:58:35.998522] [BG] scanning blocks 921310 -> 921310
[2025-10-29 09:59:05.283975] [BG] scanning blocks 921310 -> 921311
[2025-10-29 10:01:03.353757] [BG] scanning blocks 921310 -> 921311
[2025-10-29 10:01:21.490779] [BG] scanning blocks 921310 -> 921311
[2025-10-29 10:01:24.150386] [BG] scanning blocks 921310 -> 921311
[2025-10-29 10:03:50.822949] [BG] scanning blocks 921310 -> 921311
[2025-10-29 10:04:15.441748] [BG] scanning blocks 921310 -> 921311
[2025-10-29 10:06:13.908452] [BG] scanning blocks 921310 -> 921311
[2025-10-29 10:06:30.848940] [BG] scanning blocks 921310 -> 921311
[2025-10-29 10:06:32.442547] [BG] scanning blocks 921310 -> 921311
[2025-10-29 10:09:02.101841] [BG] scanning blocks 921310 -> 921311
[2025-10-29 10:09:25.022587] [BG] scanning blocks 921310 -> 921311
[2025-10-29 10:11:31.909880] [BG] scanning blocks 921311 -> 921311
[2025-10-29 10:11:49.860164] [BG] scanning blocks 921311 -> 921311
[2025-10-29 10:11:52.137724] [BG] scanning blocks 921311 -> 921311
[2025-10-29 10:11:56.951801] [BG] scanning blocks 921311 -> 921312
[2025-10-29 10:14:15.055109] [BG] scanning blocks 921311 -> 921312
[2025-10-29 10:14:50.188642] [BG] scanning blocks 921311 -> 921312
[2025-10-29 10:15:17.081134] [BG] scanning blocks 921311 -> 921312
[2025-10-29 10:16:51.476125] [BG] scanning blocks 921312 -> 921312
[2025-10-29 10:17:08.195339] [BG] scanning blocks 921312 -> 921313
[2025-10-29 10:17:10.730485] [BG] scanning blocks 921312 -> 921313
[2025-10-29 10:17:15.720563] [BG] scanning blocks 921312 -> 921313
[2025-10-29 10:19:33.766617] [BG] scanning blocks 921312 -> 921313
[2025-10-29 10:20:06.039779] [BG] scanning blocks 921312 -> 921313
[2025-10-29 10:20:37.501683] [BG] scanning blocks 921312 -> 921313
[2025-10-29 10:22:31.615847] [BG] scanning blocks 921312 -> 921313
[2025-10-29 10:22:32.289351] [BG] scanning blocks 921312 -> 921313
[2025-10-29 10:22:32.457869] [BG] scanning blocks 921312 -> 921313
[2025-10-29 10:23:02.820663] [BG] scanning blocks 921312 -> 921313
[2025-10-29 10:24:51.248815] [BG] scanning blocks 921312 -> 921313
[2025-10-29 10:25:20.288725] [BG] scanning blocks 921312 -> 921313
[2025-10-29 10:25:51.396663] [BG] scanning blocks 921312 -> 921313
[2025-10-29 10:27:47.021593] [BG] scanning blocks 921312 -> 921313
[2025-10-29 10:27:47.295123] [BG] scanning blocks 921312 -> 921313
[2025-10-29 10:27:47.770171] [BG] scanning blocks 921312 -> 921313
[2025-10-29 10:28:15.789456] [BG] scanning blocks 921312 -> 921313
[2025-10-29 10:30:15.348691] [BG] scanning blocks 921312 -> 921313
[2025-10-29 10:30:34.695538] [BG] scanning blocks 921312 -> 921313
[2025-10-29 10:31:04.353219] [BG] scanning blocks 921312 -> 921313
[2025-10-29 10:33:05.803234] [BG] scanning blocks 921312 -> 921313
[2025-10-29 10:33:06.598339] [BG] scanning blocks 921312 -> 921313
[2025-10-29 10:33:07.257838] [BG] scanning blocks 921312 -> 921313
[2025-10-29 10:33:27.564950] [BG] scanning blocks 921312 -> 921313
[2025-10-29 10:35:38.159880] [BG] scanning blocks 921312 -> 921313
[2025-10-29 10:35:53.680888] [BG] scanning blocks 921312 -> 921313
[2025-10-29 10:36:35.433140] [BG] scanning blocks 921312 -> 921313
[2025-10-29 10:38:26.669050] [BG] scanning blocks 921312 -> 921313
[2025-10-29 10:38:27.454684] [BG] scanning blocks 921312 -> 921313
[2025-10-29 10:38:28.732702] [BG] scanning blocks 921312 -> 921313
[2025-10-29 10:38:51.631550] [BG] scanning blocks 921312 -> 921313
[2025-10-29 10:41:04.268538] [BG] scanning blocks 921313 -> 921313
[2025-10-29 10:41:26.910846] [BG] scanning blocks 921313 -> 921313
[2025-10-29 10:42:00.207544] [BG] scanning blocks 921313 -> 921314
[2025-10-29 10:43:48.605039] [BG] scanning blocks 921313 -> 921314
[2025-10-29 10:43:50.623558] [BG] scanning blocks 921313 -> 921314
[2025-10-29 10:43:53.987864] [BG] scanning blocks 921313 -> 921314
[2025-10-29 10:44:12.548302] [BG] scanning blocks 921313 -> 921314
[2025-10-29 10:46:40.829644] [BG] scanning blocks 921313 -> 921314
[2025-10-29 10:46:56.478982] [BG] scanning blocks 921313 -> 921314
[2025-10-29 10:47:14.228902] [BG] scanning blocks 921313 -> 921314
[2025-10-29 10:49:03.733181] [BG] scanning blocks 921313 -> 921314
[2025-10-29 10:49:06.319183] [BG] scanning blocks 921313 -> 921314
[2025-10-29 10:49:09.272568] [BG] scanning blocks 921313 -> 921314
[2025-10-29 10:49:25.932332] [BG] scanning blocks 921313 -> 921314
[2025-10-29 10:51:25.353329] [BG] scanning blocks 921313 -> 921314
[2025-10-29 10:51:58.270923] [BG] scanning blocks 921313 -> 921314
[2025-10-29 10:52:24.538134] [BG] scanning blocks 921313 -> 921314
[2025-10-29 10:52:37.391581] [BG] scanning blocks 921313 -> 921314
[2025-10-29 10:54:21.753144] [BG] scanning blocks 921313 -> 921314
[2025-10-29 10:54:24.524429] [BG] scanning blocks 921313 -> 921314
[2025-10-29 10:54:30.716357] [BG] scanning blocks 921313 -> 921314
[2025-10-29 10:54:43.502773] [BG] scanning blocks 921313 -> 921314
[2025-10-29 10:56:43.284598] [BG] scanning blocks 921313 -> 921314
[2025-10-29 10:57:14.959265] [BG] scanning blocks 921313 -> 921314
[2025-10-29 10:57:46.529517] [BG] scanning blocks 921313 -> 921314
[2025-10-29 10:57:56.214475] [BG] scanning blocks 921313 -> 921314
[2025-10-29 10:59:42.480853] [BG] scanning blocks 921314 -> 921314
[2025-10-29 10:59:42.817012] [BG] scanning blocks 921314 -> 921314
[2025-10-29 10:59:47.539257] [BG] scanning blocks 921314 -> 921314
[2025-10-29 11:00:00.463282] [BG] scanning blocks 921314 -> 921314
[2025-10-29 11:01:56.087305] [BG] scanning blocks 921314 -> 921315
[2025-10-29 11:02:30.909732] [BG] scanning blocks 921314 -> 921315
[2025-10-29 11:03:00.887541] [BG] scanning blocks 921314 -> 921315
[2025-10-29 11:03:08.465731] [BG] scanning blocks 921314 -> 921315
[2025-10-29 11:05:04.106859] [BG] scanning blocks 921314 -> 921315
[2025-10-29 11:05:04.336056] [BG] scanning blocks 921314 -> 921315
[2025-10-29 11:05:09.033983] [BG] scanning blocks 921314 -> 921315
[2025-10-29 11:05:26.311233] [BG] scanning blocks 921314 -> 921315
[2025-10-29 11:07:07.451082] [BG] scanning blocks 921314 -> 921315
[2025-10-29 11:07:42.895487] [BG] scanning blocks 921314 -> 921315
[2025-10-29 11:08:13.221952] [BG] scanning blocks 921314 -> 921315
[2025-10-29 11:08:19.155821] [BG] scanning blocks 921314 -> 921315
[2025-10-29 11:10:17.014852] [BG] scanning blocks 921315 -> 921315
[2025-10-29 11:10:17.448894] [BG] scanning blocks 921315 -> 921315
[2025-10-29 11:10:20.710096] [BG] scanning blocks 921315 -> 921315
[2025-10-29 11:10:42.211884] [BG] scanning blocks 921316 -> 921316
[2025-10-29 11:12:18.674198] [BG] scanning blocks 921316 -> 921317
[2025-10-29 11:12:54.886398] [BG] scanning blocks 921316 -> 921317
[2025-10-29 11:13:25.697621] [BG] scanning blocks 921316 -> 921317
[2025-10-29 11:13:31.329103] [BG] scanning blocks 921316 -> 921317
[2025-10-29 11:15:45.185988] [BG] scanning blocks 921316 -> 921317
[2025-10-29 11:15:46.314581] [BG] scanning blocks 921316 -> 921317
[2025-10-29 11:15:46.461713] [BG] scanning blocks 921316 -> 921317
[2025-10-29 11:16:00.186563] [BG] scanning blocks 921316 -> 921317
[2025-10-29 11:17:37.055502] [BG] scanning blocks 921316 -> 921317
[2025-10-29 11:18:08.132128] [BG] scanning blocks 921317 -> 921317
[2025-10-29 11:18:38.243664] [BG] scanning blocks 921317 -> 921318
[2025-10-29 11:18:44.348856] [BG] scanning blocks 921317 -> 921318
[2025-10-29 11:20:57.022310] [BG] scanning blocks 921317 -> 921318
[2025-10-29 11:20:58.201391] [BG] scanning blocks 921317 -> 921318
[2025-10-29 11:20:59.352429] [BG] scanning blocks 921317 -> 921318
[2025-10-29 11:21:12.557869] [BG] scanning blocks 921317 -> 921318
[2025-10-29 11:22:49.654875] [BG] scanning blocks 921317 -> 921318
[2025-10-29 11:23:29.109484] [BG] scanning blocks 921317 -> 921318
[2025-10-29 11:23:49.888323] [BG] scanning blocks 921317 -> 921318
[2025-10-29 11:23:55.892649] [BG] scanning blocks 921317 -> 921318
[2025-10-29 11:26:15.179417] [BG] scanning blocks 921317 -> 921318
[2025-10-29 11:26:17.228921] [BG] scanning blocks 921317 -> 921318
[2025-10-29 11:26:19.158658] [BG] scanning blocks 921317 -> 921318
[2025-10-29 11:26:28.142210] [BG] scanning blocks 921317 -> 921318
[2025-10-29 11:28:14.392599] [BG] scanning blocks 921317 -> 921318
[2025-10-29 11:28:49.579043] [BG] scanning blocks 921317 -> 921318
[2025-10-29 11:29:08.711229] [BG] scanning blocks 921317 -> 921318
[2025-10-29 11:29:13.059650] [BG] scanning blocks 921317 -> 921318
[2025-10-29 11:31:30.602836] [BG] scanning blocks 921317 -> 921318
[2025-10-29 11:31:32.864190] [BG] scanning blocks 921317 -> 921318
[2025-10-29 11:31:33.624403] [BG] scanning blocks 921317 -> 921318
[2025-10-29 11:31:40.570702] [BG] scanning blocks 921317 -> 921318
[2025-10-29 11:33:31.315839] [BG] scanning blocks 921317 -> 921318
[2025-10-29 11:34:03.437329] [BG] scanning blocks 921317 -> 921318
[2025-10-29 11:34:22.938215] [BG] scanning blocks 921317 -> 921318
[2025-10-29 11:34:27.055385] [BG] scanning blocks 921317 -> 921318
[2025-10-29 11:36:43.349601] [BG] scanning blocks 921317 -> 921318
[2025-10-29 11:36:46.293579] [BG] scanning blocks 921317 -> 921318
[2025-10-29 11:36:46.910133] [BG] scanning blocks 921317 -> 921318
[2025-10-29 11:36:52.023144] [BG] scanning blocks 921317 -> 921318
[2025-10-29 11:38:45.170048] [BG] scanning blocks 921317 -> 921318
[2025-10-29 11:39:14.609792] [BG] scanning blocks 921317 -> 921318
[2025-10-29 11:39:33.780454] [BG] scanning blocks 921317 -> 921318
[2025-10-29 11:39:38.039488] [BG] scanning blocks 921317 -> 921318
[2025-10-29 11:41:56.888185] [BG] scanning blocks 921317 -> 921318
[2025-10-29 11:41:59.706531] [BG] scanning blocks 921317 -> 921318
[2025-10-29 11:41:59.905545] [BG] scanning blocks 921317 -> 921318
[2025-10-29 11:42:05.668657] [BG] scanning blocks 921317 -> 921318
[2025-10-29 11:44:03.684129] [BG] scanning blocks 921317 -> 921318
[2025-10-29 11:44:31.848873] [BG] scanning blocks 921317 -> 921318
[2025-10-29 11:44:50.888722] [BG] scanning blocks 921318 -> 921318
[2025-10-29 11:44:55.926273] [BG] scanning blocks 921318 -> 921318
[2025-10-29 11:47:09.744637] [BG] scanning blocks 921318 -> 921319
[2025-10-29 11:47:11.812099] [BG] scanning blocks 921318 -> 921319
[2025-10-29 11:47:12.404505] [BG] scanning blocks 921318 -> 921319
[2025-10-29 11:47:17.036574] [BG] scanning blocks 921318 -> 921319
[2025-10-29 11:49:15.844053] [BG] scanning blocks 921318 -> 921319
[2025-10-29 11:49:48.458480] [BG] scanning blocks 921318 -> 921319
[2025-10-29 11:50:13.723052] [BG] scanning blocks 921318 -> 921319
[2025-10-29 11:50:17.965817] [BG] scanning blocks 921318 -> 921319
[2025-10-29 11:52:21.831530] [BG] scanning blocks 921318 -> 921319
[2025-10-29 11:52:23.588597] [BG] scanning blocks 921318 -> 921319
[2025-10-29 11:52:24.781306] [BG] scanning blocks 921318 -> 921319
[2025-10-29 11:52:29.367232] [BG] scanning blocks 921318 -> 921319
[2025-10-29 11:54:26.427337] [BG] scanning blocks 921318 -> 921319
[2025-10-29 11:54:57.352962] [BG] scanning blocks 921318 -> 921319
[2025-10-29 11:55:24.979282] [BG] scanning blocks 921318 -> 921319
[2025-10-29 11:55:29.564414] [BG] scanning blocks 921318 -> 921319
[2025-10-29 11:57:38.192137] [BG] scanning blocks 921318 -> 921319
[2025-10-29 11:57:38.840682] [BG] scanning blocks 921318 -> 921319
[2025-10-29 11:57:40.595995] [BG] scanning blocks 921318 -> 921319
[2025-10-29 11:57:44.778087] [BG] scanning blocks 921318 -> 921319
[2025-10-29 11:59:39.246120] [BG] scanning blocks 921318 -> 921319
[2025-10-29 12:00:08.758584] [BG] scanning blocks 921318 -> 921319
[2025-10-29 12:00:35.262147] [BG] scanning blocks 921318 -> 921319
[2025-10-29 12:00:46.627429] [BG] scanning blocks 921318 -> 921319
[2025-10-29 12:02:53.810884] [BG] scanning blocks 921318 -> 921319
[2025-10-29 12:02:54.607005] [BG] scanning blocks 921318 -> 921319
[2025-10-29 12:02:57.037170] [BG] scanning blocks 921318 -> 921319
[2025-10-29 12:03:00.750693] [BG] scanning blocks 921318 -> 921319
[2025-10-29 12:04:50.708199] [BG] scanning blocks 921318 -> 921319
[2025-10-29 12:05:19.608503] [BG] scanning blocks 921318 -> 921319
[2025-10-29 12:05:46.060393] [BG] scanning blocks 921318 -> 921319
[2025-10-29 12:06:02.332036] [BG] scanning blocks 921318 -> 921319
[2025-10-29 12:08:06.912862] [BG] scanning blocks 921318 -> 921319
[2025-10-29 12:08:07.368880] [BG] scanning blocks 921318 -> 921319
[2025-10-29 12:08:11.499768] [BG] scanning blocks 921318 -> 921319
[2025-10-29 12:08:13.585004] [BG] scanning blocks 921318 -> 921319
[2025-10-29 12:10:02.082044] [BG] scanning blocks 921318 -> 921319
[2025-10-29 12:10:30.285523] [BG] scanning blocks 921318 -> 921319
[2025-10-29 12:10:56.958084] [BG] scanning blocks 921318 -> 921319
[2025-10-29 12:11:13.878455] [BG] scanning blocks 921318 -> 921319
[2025-10-29 12:13:23.012117] [BG] scanning blocks 921318 -> 921319
[2025-10-29 12:13:23.952598] [BG] scanning blocks 921318 -> 921319
[2025-10-29 12:13:27.755511] [BG] scanning blocks 921318 -> 921319
[2025-10-29 12:13:32.936368] [BG] scanning blocks 921318 -> 921319
[2025-10-29 12:15:14.787712] [BG] scanning blocks 921318 -> 921319
[2025-10-29 12:15:42.442970] [BG] scanning blocks 921318 -> 921319
[2025-10-29 12:16:10.348773] [BG] scanning blocks 921318 -> 921319
[2025-10-29 12:16:26.341581] [BG] scanning blocks 921319 -> 921319
[2025-10-29 12:18:35.483094] [BG] scanning blocks 921320 -> 921320
[2025-10-29 12:18:37.303634] [BG] scanning blocks 921320 -> 921320
[2025-10-29 12:18:40.921503] [BG] scanning blocks 921320 -> 921320
[2025-10-29 12:18:45.543244] [BG] scanning blocks 921320 -> 921320
[2025-10-29 12:20:26.894112] [BG] scanning blocks 921320 -> 921321
[2025-10-29 12:20:53.758593] [BG] scanning blocks 921320 -> 921321
[2025-10-29 12:21:21.886203] [BG] scanning blocks 921320 -> 921321
[2025-10-29 12:21:46.008081] [BG] scanning blocks 921320 -> 921321
[2025-10-29 12:23:57.098181] [BG] scanning blocks 921321 -> 921321
[2025-10-29 12:24:04.772849] [BG] scanning blocks 921321 -> 921321
[2025-10-29 12:24:06.136604] [BG] scanning blocks 921321 -> 921321
[2025-10-29 12:24:15.497010] [BG] scanning blocks 921321 -> 921322
[2025-10-29 12:25:37.838358] [BG] scanning blocks 921321 -> 921322
[2025-10-29 12:26:03.396425] [BG] scanning blocks 921321 -> 921322
[2025-10-29 12:26:32.625806] [BG] scanning blocks 921321 -> 921322
[2025-10-29 12:26:57.044347] [BG] scanning blocks 921321 -> 921322
[2025-10-29 12:29:18.806731] [BG] scanning blocks 921321 -> 921322
[2025-10-29 12:29:27.539167] [BG] scanning blocks 921321 -> 921322
[2025-10-29 12:29:30.149474] [BG] scanning blocks 921321 -> 921322
[2025-10-29 12:29:33.674596] [BG] scanning blocks 921321 -> 921322
[2025-10-29 12:30:48.770395] [BG] scanning blocks 921321 -> 921322
[2025-10-29 12:31:15.116161] [BG] scanning blocks 921321 -> 921322
[2025-10-29 12:31:43.563583] [BG] scanning blocks 921321 -> 921322
[2025-10-29 12:32:08.569997] [BG] scanning blocks 921321 -> 921322
[2025-10-29 12:34:36.647719] [BG] scanning blocks 921321 -> 921322
[2025-10-29 12:34:46.595867] [BG] scanning blocks 921321 -> 921322
[2025-10-29 12:34:47.398888] [BG] scanning blocks 921321 -> 921322
[2025-10-29 12:34:51.567664] [BG] scanning blocks 921321 -> 921322
[2025-10-29 12:36:07.812502] [BG] scanning blocks 921322 -> 921322
[2025-10-29 12:36:37.658077] [BG] scanning blocks 921322 -> 921323
[2025-10-29 12:36:59.679967] [BG] scanning blocks 921322 -> 921323
[2025-10-29 12:37:27.798220] [BG] scanning blocks 921322 -> 921323
[2025-10-29 12:39:54.460900] [BG] scanning blocks 921322 -> 921323
[2025-10-29 12:40:05.481644] [BG] scanning blocks 921322 -> 921323
[2025-10-29 12:40:05.718682] [BG] scanning blocks 921322 -> 921323
[2025-10-29 12:40:06.765231] [BG] scanning blocks 921322 -> 921323
[2025-10-29 12:41:57.463138] [BG] scanning blocks 921322 -> 921323
[2025-10-29 12:42:19.693523] [BG] scanning blocks 921322 -> 921323
[2025-10-29 12:42:39.923497] [BG] scanning blocks 921322 -> 921323
[2025-10-29 12:43:19.718601] [BG] scanning blocks 921322 -> 921323
[2025-10-29 12:45:07.657528] [BG] scanning blocks 921322 -> 921323
[2025-10-29 12:45:18.761922] [BG] scanning blocks 921322 -> 921323
[2025-10-29 12:45:19.637936] [BG] scanning blocks 921322 -> 921323
[2025-10-29 12:45:21.658490] [BG] scanning blocks 921322 -> 921323
[2025-10-29 12:47:12.025745] [BG] scanning blocks 921322 -> 921323
[2025-10-29 12:47:31.763211] [BG] scanning blocks 921322 -> 921323
[2025-10-29 12:47:51.329084] [BG] scanning blocks 921322 -> 921323
[2025-10-29 12:48:32.933785] [BG] scanning blocks 921322 -> 921323
[2025-10-29 12:50:33.379712] [BG] scanning blocks 921322 -> 921323
[2025-10-29 12:50:40.541396] [BG] scanning blocks 921322 -> 921323
[2025-10-29 12:50:41.557411] [BG] scanning blocks 921322 -> 921323
[2025-10-29 12:50:42.266457] [BG] scanning blocks 921322 -> 921323
[2025-10-29 12:52:34.798512] [BG] scanning blocks 921322 -> 921323
[2025-10-29 12:52:44.079445] [BG] scanning blocks 921322 -> 921323
[2025-10-29 12:53:06.330668] [BG] scanning blocks 921322 -> 921323
[2025-10-29 12:53:48.237288] [BG] scanning blocks 921322 -> 921323
[2025-10-29 12:55:46.265635] [BG] scanning blocks 921323 -> 921323
[2025-10-29 12:55:54.879251] [BG] scanning blocks 921323 -> 921323
[2025-10-29 12:55:58.215109] [BG] scanning blocks 921323 -> 921323
[2025-10-29 12:55:58.526108] [BG] scanning blocks 921323 -> 921323
[2025-10-29 12:57:48.089894] [BG] error: Expecting property name enclosed in double quotes: line 1 column 171822 (char 171821)
[2025-10-29 12:58:02.886201] [BG] scanning blocks 921323 -> 921324
[2025-10-29 12:58:24.457203] [BG] scanning blocks 921323 -> 921324
[2025-10-29 12:59:11.025525] [BG] scanning blocks 921323 -> 921324
[2025-10-29 12:59:45.350502] [BG] scanning blocks 921323 -> 921324
[2025-10-29 13:03:06.557120] [BG] scanning blocks 921323 -> 921324
[2025-10-29 13:03:06.734123] [BG] scanning blocks 921323 -> 921324
[2025-10-29 13:03:22.268900] [BG] scanning blocks 921323 -> 921324
[2025-10-29 13:03:46.766611] [BG] scanning blocks 921323 -> 921324
[2025-10-29 13:03:52.874355] [BG] scanning blocks 921323 -> 921324
[2025-10-29 13:04:00.660011] [BG] scanning blocks 921323 -> 921324
[2025-10-29 13:04:04.586812] [BG] scanning blocks 921323 -> 921324
[2025-10-29 13:05:06.770973] [BG] scanning blocks 921323 -> 921324
[2025-10-29 13:07:06.896618] [BG] scanning blocks 921323 -> 921324
[2025-10-29 13:07:09.038558] [BG] scanning blocks 921323 -> 921324
[2025-10-29 13:10:15.104176] [BG] scanning blocks 921323 -> 921324
[2025-10-29 13:12:15.329254] [BG] scanning blocks 921323 -> 921324
[2025-10-29 13:12:17.593589] [BG] scanning blocks 921323 -> 921324
[2025-10-29 13:15:23.119723] [BG] scanning blocks 921323 -> 921324
[2025-10-29 13:17:23.184463] [BG] scanning blocks 921323 -> 921324
[2025-10-29 13:17:26.404165] [BG] scanning blocks 921323 -> 921324
[2025-10-29 13:20:30.267588] [BG] scanning blocks 921323 -> 921324
[2025-10-29 13:22:30.300763] [BG] scanning blocks 921323 -> 921324
[2025-10-29 13:22:33.858925] [BG] scanning blocks 921323 -> 921324
[2025-10-29 13:25:37.980475] [BG] scanning blocks 921323 -> 921324
[2025-10-29 13:27:39.103091] [BG] scanning blocks 921324 -> 921324
[2025-10-29 13:27:41.855589] [BG] scanning blocks 921324 -> 921324
[2025-10-29 13:30:45.814621] [BG] scanning blocks 921324 -> 921325
[2025-10-29 13:32:51.707811] [BG] scanning blocks 921324 -> 921325
[2025-10-29 13:32:59.538671] [BG] scanning blocks 921324 -> 921325
[2025-10-29 13:35:49.465055] [BG] scanning blocks 921324 -> 921325
[2025-10-29 13:37:56.792344] [BG] scanning blocks 921324 -> 921325
[2025-10-29 13:38:06.410437] [BG] scanning blocks 921324 -> 921325
[2025-10-29 13:40:53.157642] [BG] scanning blocks 921324 -> 921325
[2025-10-29 13:43:02.360746] [BG] scanning blocks 921325 -> 921325
[2025-10-29 13:43:11.178159] [BG] scanning blocks 921325 -> 921325
[2025-10-29 13:45:58.267585] [BG] scanning blocks 921326 -> 921326
[2025-10-29 13:48:19.481842] [BG] scanning blocks 921326 -> 921327
[2025-10-29 13:48:34.668522] [BG] scanning blocks 921326 -> 921327
[2025-10-29 13:51:24.427156] [BG] scanning blocks 921326 -> 921327
[2025-10-29 13:53:24.329884] [BG] scanning blocks 921326 -> 921327
[2025-10-29 13:53:39.326072] [BG] scanning blocks 921326 -> 921327
[2025-10-29 13:56:29.537548] [BG] scanning blocks 921326 -> 921327
[2025-10-29 13:58:29.368354] [BG] scanning blocks 921327 -> 921327
[2025-10-29 13:58:44.050048] [BG] scanning blocks 921327 -> 921327
[2025-10-29 14:01:35.611560] [BG] scanning blocks 921327 -> 921328
[2025-10-29 14:03:52.161680] [BG] scanning blocks 921327 -> 921328
[2025-10-29 14:04:08.217449] [BG] scanning blocks 921327 -> 921328
[2025-10-29 14:06:40.894451] [BG] scanning blocks 921327 -> 921328
[2025-10-29 14:08:58.761324] [BG] scanning blocks 921327 -> 921328
[2025-10-29 14:09:14.795147] [BG] scanning blocks 921327 -> 921328
[2025-10-29 14:11:45.608859] [BG] scanning blocks 921327 -> 921328
[2025-10-29 14:13:46.091243] [BG] scanning blocks 921327 -> 921328
[2025-10-29 14:14:04.520849] [BG] scanning blocks 921327 -> 921328
[2025-10-29 14:14:19.678890] [BG] scanning blocks 921327 -> 921328
[2025-10-29 14:16:49.301142] [BG] scanning blocks 921327 -> 921328
[2025-10-29 14:18:51.408720] [BG] scanning blocks 921327 -> 921328
[2025-10-29 14:19:10.254712] [BG] scanning blocks 921327 -> 921328
[2025-10-29 14:19:25.448846] [BG] scanning blocks 921327 -> 921328
[2025-10-29 14:21:56.418792] [BG] scanning blocks 921328 -> 921328
[2025-10-29 14:23:56.212336] [BG] scanning blocks 921328 -> 921329
[2025-10-29 14:24:14.899737] [BG] scanning blocks 921328 -> 921329
[2025-10-29 14:24:29.825819] [BG] scanning blocks 921328 -> 921329
[2025-10-29 14:27:44.226953] [BG] scanning blocks 921328 -> 921329
[2025-10-29 14:29:01.514925] [BG] scanning blocks 921328 -> 921329
[2025-10-29 14:29:20.814677] [BG] scanning blocks 921328 -> 921329
[2025-10-29 14:29:36.080578] [BG] scanning blocks 921328 -> 921329
[2025-10-29 14:30:19.513036] [BG] scanning blocks 921328 -> 921329
[2025-10-29 14:32:49.096180] [BG] scanning blocks 921328 -> 921329
[2025-10-29 14:34:06.973937] [BG] scanning blocks 921328 -> 921329
[2025-10-29 14:34:26.301071] [BG] scanning blocks 921328 -> 921329
[2025-10-29 14:34:47.242480] [BG] scanning blocks 921328 -> 921329
[2025-10-29 14:35:26.059951] [BG] scanning blocks 921328 -> 921329
[2025-10-29 14:37:55.645603] [BG] scanning blocks 921329 -> 921329
[2025-10-29 14:39:18.709505] [BG] error: HTTPSConnectionPool(host='blockchain.info', port=443): Read timed out. (read timeout=10)
[2025-10-29 14:39:33.171966] [BG] scanning blocks 921329 -> 921330
[2025-10-29 14:39:53.606752] [BG] scanning blocks 921329 -> 921330
[2025-10-29 14:40:32.865088] [BG] scanning blocks 921329 -> 921330
[2025-10-29 14:43:07.106883] [BG] scanning blocks 921329 -> 921330
[2025-10-29 14:44:26.015720] [BG] scanning blocks 921329 -> 921330
[2025-10-29 14:44:39.577018] [BG] scanning blocks 921329 -> 921330
[2025-10-29 14:44:59.816908] [BG] scanning blocks 921329 -> 921330
[2025-10-29 14:45:39.441358] [BG] scanning blocks 921329 -> 921330
[2025-10-29 14:48:15.056838] [BG] scanning blocks 921329 -> 921330
[2025-10-29 14:49:33.629682] [BG] scanning blocks 921329 -> 921330
[2025-10-29 14:49:48.373930] [BG] scanning blocks 921329 -> 921330
[2025-10-29 14:50:05.676936] [BG] scanning blocks 921329 -> 921330
[2025-10-29 14:50:29.042797] [BG] scanning blocks 921329 -> 921330
[2025-10-29 14:50:56.078369] [BG] scanning blocks 921329 -> 921330
[2025-10-29 14:53:24.236432] [BG] scanning blocks 921329 -> 921330
[2025-10-29 14:54:43.235806] [BG] scanning blocks 921329 -> 921330
[2025-10-29 14:54:55.613989] [BG] scanning blocks 921329 -> 921330
[2025-10-29 14:55:15.289550] [BG] scanning blocks 921329 -> 921330
[2025-10-29 14:55:38.282944] [BG] scanning blocks 921329 -> 921330
[2025-10-29 14:56:05.204746] [BG] scanning blocks 921329 -> 921330
[2025-10-29 14:58:30.173928] [BG] scanning blocks 921329 -> 921330
[2025-10-29 14:59:49.221616] [BG] scanning blocks 921329 -> 921330
[2025-10-29 15:00:02.497196] [BG] scanning blocks 921329 -> 921330
[2025-10-29 15:00:22.371966] [BG] scanning blocks 921329 -> 921330
[2025-10-29 15:00:47.739318] [BG] scanning blocks 921329 -> 921330
[2025-10-29 15:01:14.125003] [BG] scanning blocks 921330 -> 921330
[2025-10-29 15:03:37.051968] [BG] scanning blocks 921331 -> 921331
[2025-10-29 15:04:57.236476] [BG] scanning blocks 921332 -> 921332
[2025-10-29 15:05:09.893192] [BG] scanning blocks 921332 -> 921333
[2025-10-29 15:05:29.115590] [BG] scanning blocks 921332 -> 921333
[2025-10-29 15:05:54.457814] [BG] scanning blocks 921333 -> 921333
[2025-10-29 15:07:44.696595] [BG] scanning blocks 921333 -> 921334
[2025-10-29 15:08:50.998506] [BG] scanning blocks 921333 -> 921334
[2025-10-29 15:10:12.797937] [BG] scanning blocks 921333 -> 921334
[2025-10-29 15:10:21.826559] [BG] scanning blocks 921333 -> 921334
[2025-10-29 15:10:40.199748] [BG] scanning blocks 921333 -> 921334
[2025-10-29 15:11:04.753374] [BG] scanning blocks 921333 -> 921334
[2025-10-29 15:12:52.192910] [BG] scanning blocks 921333 -> 921334
[2025-10-29 15:13:56.316560] [BG] scanning blocks 921333 -> 921334
[2025-10-29 15:15:19.453337] [BG] scanning blocks 921333 -> 921334
[2025-10-29 15:15:29.381780] [BG] scanning blocks 921333 -> 921334
[2025-10-29 15:15:46.155427] [BG] scanning blocks 921333 -> 921334
[2025-10-29 15:16:11.871448] [BG] scanning blocks 921333 -> 921334
[2025-10-29 15:18:00.009662] [BG] scanning blocks 921334 -> 921334
[2025-10-29 15:19:02.500326] [BG] scanning blocks 921335 -> 921335
[2025-10-29 15:20:26.616143] [BG] scanning blocks 921337 -> 921336
[2025-10-29 15:20:35.599100] [BG] scanning blocks 921337 -> 921336
[2025-10-29 15:20:53.890431] [BG] scanning blocks 921335 -> 921338
[2025-10-29 15:21:17.506907] [BG] scanning blocks 921337 -> 921336
[2025-10-29 15:23:12.436241] [BG] scanning blocks 921337 -> 921338
[2025-10-29 15:24:14.375623] [BG] scanning blocks 921337 -> 921338
[2025-10-29 15:25:38.157963] [BG] scanning blocks 921337 -> 921338
[2025-10-29 15:25:45.655508] [BG] scanning blocks 921337 -> 921338
[2025-10-29 15:25:59.275794] [BG] scanning blocks 921337 -> 921338
[2025-10-29 15:26:31.034039] [BG] scanning blocks 921337 -> 921338
[2025-10-29 15:28:18.513631] [BG] scanning blocks 921337 -> 921338
[2025-10-29 15:29:19.314833] [BG] scanning blocks 921337 -> 921338
[2025-10-29 15:30:43.792206] [BG] scanning blocks 921337 -> 921338
[2025-10-29 15:30:52.301739] [BG] scanning blocks 921337 -> 921338
[2025-10-29 15:31:04.675229] [BG] scanning blocks 921337 -> 921338
[2025-10-29 15:31:36.711468] [BG] scanning blocks 921337 -> 921338
[2025-10-29 15:33:24.673354] [BG] scanning blocks 921337 -> 921338
[2025-10-29 15:34:23.920073] [BG] scanning blocks 921337 -> 921338
[2025-10-29 15:35:49.313488] [BG] scanning blocks 921337 -> 921338
[2025-10-29 15:35:58.321362] [BG] scanning blocks 921337 -> 921338
[2025-10-29 15:36:11.142742] [BG] scanning blocks 921337 -> 921338
[2025-10-29 15:36:42.236890] [BG] scanning blocks 921337 -> 921338
[2025-10-29 15:38:30.599297] [BG] scanning blocks 921337 -> 921338
[2025-10-29 15:39:28.288945] [BG] scanning blocks 921337 -> 921338
[2025-10-29 15:40:55.146960] [BG] scanning blocks 921338 -> 921338
[2025-10-29 15:41:04.274342] [BG] scanning blocks 921338 -> 921339
[2025-10-29 15:41:17.184245] [BG] scanning blocks 921338 -> 921339
[2025-10-29 15:41:48.430383] [BG] scanning blocks 921338 -> 921339
[2025-10-29 15:43:37.849894] [BG] scanning blocks 921338 -> 921339
[2025-10-29 15:44:34.437183] [BG] scanning blocks 921338 -> 921339
[2025-10-29 15:46:04.954282] [BG] scanning blocks 921339 -> 921339
[2025-10-29 15:46:10.178430] [BG] scanning blocks 921339 -> 921339
[2025-10-29 15:46:22.387934] [BG] scanning blocks 921339 -> 921340
[2025-10-29 16:02:28.502969] [BG] scanning blocks 921341 -> 921340
[2025-10-29 16:08:06.650183] [BG] scanning blocks 921342 -> 921342
[2025-10-29 16:13:31.147105] [BG] scanning blocks 921342 -> 921343
[2025-10-29 16:18:37.794921] [BG] scanning blocks 921342 -> 921343
[2025-10-29 16:23:45.540956] [BG] scanning blocks 921342 -> 921343
[2025-10-29 16:27:09.072624] [BG] scanning blocks 921343 -> 921343
[2025-10-29 16:28:51.679746] [BG] scanning blocks 921343 -> 921344
[2025-10-29 16:33:21.715552] [BG] scanning blocks 921343 -> 921344
[2025-10-29 16:34:00.322649] [BG] scanning blocks 921343 -> 921344
[2025-10-29 16:38:27.876426] [BG] scanning blocks 921343 -> 921344
[2025-10-29 16:38:28.921833] [BG] scanning blocks 921343 -> 921344
[2025-10-29 16:39:07.358233] [BG] scanning blocks 921343 -> 921344
[2025-10-29 16:43:35.030681] [BG] scanning blocks 921343 -> 921344
[2025-10-29 16:43:37.780552] [BG] scanning blocks 921343 -> 921344
[2025-10-29 16:44:15.721506] [BG] scanning blocks 921343 -> 921344
[2025-10-29 16:48:41.451614] [BG] scanning blocks 921343 -> 921344
[2025-10-29 16:48:49.524532] [BG] scanning blocks 921343 -> 921344
[2025-10-29 16:49:24.009014] [BG] scanning blocks 921343 -> 921344
[2025-10-29 16:53:53.351110] [BG] scanning blocks 921343 -> 921344
[2025-10-29 16:53:59.606834] [BG] scanning blocks 921343 -> 921344
[2025-10-29 16:54:32.738044] [BG] scanning blocks 921344 -> 921344
[2025-10-29 16:59:02.287595] [BG] scanning blocks 921345 -> 921345
[2025-10-29 16:59:10.290650] [BG] scanning blocks 921345 -> 921345
[2025-10-29 16:59:44.103868] [BG] scanning blocks 921345 -> 921346
[2025-10-29 17:01:53.797495] [BG] scanning blocks 921345 -> 921346
[2025-10-29 17:04:19.742151] [BG] scanning blocks 921345 -> 921346
[2025-10-29 17:04:27.179278] [BG] scanning blocks 921345 -> 921346
[2025-10-29 17:04:50.625634] [BG] scanning blocks 921345 -> 921346
[2025-10-29 17:05:43.676499] [BG] scanning blocks 921345 -> 921346
[2025-10-29 17:05:45.188541] [BG] scanning blocks 921345 -> 921346
[2025-10-29 17:05:46.758001] [BG] scanning blocks 921345 -> 921346
[2025-10-29 17:07:08.589619] [BG] scanning blocks 921345 -> 921346
[2025-10-29 17:09:29.358559] [BG] scanning blocks 921345 -> 921346
[2025-10-29 17:09:37.199360] [BG] scanning blocks 921345 -> 921346
[2025-10-29 17:09:59.165575] [BG] scanning blocks 921346 -> 921346
[2025-10-29 17:10:51.784501] [BG] scanning blocks 921346 -> 921347
[2025-10-29 17:10:54.636678] [BG] scanning blocks 921346 -> 921347
[2025-10-29 17:10:54.780676] [BG] scanning blocks 921346 -> 921347
[2025-10-29 17:12:16.664747] [BG] scanning blocks 921346 -> 921347
[2025-10-29 17:14:42.298617] [BG] scanning blocks 921346 -> 921347
[2025-10-29 17:14:47.179083] [BG] scanning blocks 921346 -> 921347
[2025-10-29 17:15:13.221412] [BG] scanning blocks 921346 -> 921347
[2025-10-29 17:16:00.630776] [BG] scanning blocks 921346 -> 921347
[2025-10-29 17:16:00.952352] [BG] scanning blocks 921346 -> 921347
[2025-10-29 17:16:03.801277] [BG] scanning blocks 921346 -> 921347
[2025-10-29 17:17:27.050501] [BG] scanning blocks 921347 -> 921347
[2025-10-29 17:19:59.140851] [BG] scanning blocks 921347 -> 921348
[2025-10-29 17:20:01.109393] [BG] scanning blocks 921347 -> 921348
[2025-10-29 17:20:23.662447] [BG] scanning blocks 921347 -> 921348
[2025-10-29 17:21:10.974731] [BG] scanning blocks 921347 -> 921348
[2025-10-29 17:21:12.051182] [BG] scanning blocks 921347 -> 921348
[2025-10-29 17:21:15.567906] [BG] scanning blocks 921347 -> 921348
[2025-10-29 17:22:45.156258] [BG] scanning blocks 921347 -> 921348
[2025-10-29 17:25:13.624028] [BG] scanning blocks 921347 -> 921348
[2025-10-29 17:25:18.080191] [BG] scanning blocks 921347 -> 921348
[2025-10-29 17:25:31.647114] [BG] scanning blocks 921347 -> 921348
[2025-10-29 17:26:25.240102] [BG] scanning blocks 921347 -> 921348
[2025-10-29 17:26:25.649105] [BG] scanning blocks 921347 -> 921348
[2025-10-29 17:26:28.787639] [BG] scanning blocks 921347 -> 921348
[2025-10-29 17:27:53.257388] [BG] scanning blocks 921347 -> 921348
[2025-10-29 17:30:24.949571] [BG] scanning blocks 921348 -> 921348
[2025-10-29 17:30:29.087453] [BG] scanning blocks 921348 -> 921348
[2025-10-29 17:30:50.397670] [BG] scanning blocks 921348 -> 921349
[2025-10-29 17:31:36.790432] [BG] scanning blocks 921348 -> 921349
[2025-10-29 17:31:39.011036] [BG] scanning blocks 921348 -> 921349
[2025-10-29 17:31:39.371098] [BG] scanning blocks 921348 -> 921349
[2025-10-29 17:33:03.531406] [BG] scanning blocks 921348 -> 921349
[2025-10-29 17:34:21.512108] [BG] scanning blocks 921348 -> 921349
[2025-10-29 17:35:45.611949] [BG] scanning blocks 921348 -> 921349
[2025-10-29 17:35:48.700731] [BG] scanning blocks 921348 -> 921349
[2025-10-29 17:35:59.429002] [BG] scanning blocks 921348 -> 921349
[2025-10-29 17:36:54.778660] [BG] scanning blocks 921348 -> 921349
[2025-10-29 17:36:55.050859] [BG] scanning blocks 921348 -> 921349
[2025-10-29 17:36:55.872302] [BG] scanning blocks 921348 -> 921349
[2025-10-29 17:38:17.052046] [BG] scanning blocks 921348 -> 921349
[2025-10-29 17:39:29.507140] [BG] scanning blocks 921348 -> 921349
[2025-10-29 17:40:53.949731] [BG] scanning blocks 921348 -> 921349
[2025-10-29 17:40:58.215272] [BG] scanning blocks 921348 -> 921349
[2025-10-29 17:41:07.699484] [BG] scanning blocks 921348 -> 921349
[2025-10-29 17:42:03.938267] [BG] scanning blocks 921348 -> 921349
[2025-10-29 17:42:04.683688] [BG] scanning blocks 921348 -> 921349
[2025-10-29 17:42:06.392145] [BG] scanning blocks 921348 -> 921349
[2025-10-29 17:43:24.471394] [BG] scanning blocks 921348 -> 921349
[2025-10-29 17:44:37.535443] [BG] scanning blocks 921348 -> 921349
[2025-10-29 17:46:01.215061] [BG] scanning blocks 921348 -> 921349
[2025-10-29 17:46:05.565718] [BG] scanning blocks 921348 -> 921349
[2025-10-29 17:46:16.767503] [BG] scanning blocks 921348 -> 921349
[2025-10-29 17:47:11.713828] [BG] scanning blocks 921348 -> 921349
[2025-10-29 17:47:12.572340] [BG] scanning blocks 921348 -> 921349
[2025-10-29 17:47:13.728871] [BG] scanning blocks 921348 -> 921349
[2025-10-29 17:48:31.692741] [BG] scanning blocks 921348 -> 921349
[2025-10-29 17:49:45.662613] [BG] scanning blocks 921348 -> 921349
[2025-10-29 17:51:08.177192] [BG] scanning blocks 921348 -> 921349
[2025-10-29 17:51:12.195845] [BG] scanning blocks 921348 -> 921349
[2025-10-29 17:51:24.201166] [BG] scanning blocks 921348 -> 921349
[2025-10-29 17:52:17.467034] [BG] scanning blocks 921348 -> 921349
[2025-10-29 17:52:20.003949] [BG] scanning blocks 921348 -> 921349
[2025-10-29 17:52:20.716498] [BG] scanning blocks 921348 -> 921349
[2025-10-29 17:53:43.561866] [BG] scanning blocks 921348 -> 921349
[2025-10-29 17:54:52.176771] [BG] scanning blocks 921348 -> 921349
[2025-10-29 17:56:19.632342] [BG] scanning blocks 921348 -> 921349
[2025-10-29 17:56:23.510915] [BG] scanning blocks 921348 -> 921349
[2025-10-29 17:56:35.279734] [BG] scanning blocks 921348 -> 921349
[2025-10-29 17:57:24.629782] [BG] scanning blocks 921348 -> 921349
[2025-10-29 17:57:28.876548] [BG] scanning blocks 921348 -> 921349
[2025-10-29 17:57:29.006548] [BG] scanning blocks 921348 -> 921349
[2025-10-29 17:58:50.860715] [BG] scanning blocks 921348 -> 921349
[2025-10-29 17:59:59.164495] [BG] scanning blocks 921348 -> 921349
[2025-10-29 18:01:27.070874] [BG] scanning blocks 921348 -> 921349
[2025-10-29 18:01:30.083675] [BG] scanning blocks 921348 -> 921349
[2025-10-29 18:01:49.023512] [BG] scanning blocks 921348 -> 921349
[2025-10-29 18:02:33.203203] [BG] scanning blocks 921348 -> 921349
[2025-10-29 18:02:35.979351] [BG] scanning blocks 921348 -> 921349
[2025-10-29 18:02:38.250790] [BG] scanning blocks 921348 -> 921349
[2025-10-29 18:03:57.674628] [BG] scanning blocks 921348 -> 921349
[2025-10-29 18:05:05.052707] [BG] scanning blocks 921348 -> 921349
[2025-10-29 18:06:35.748326] [BG] scanning blocks 921349 -> 921349
[2025-10-29 18:06:37.913973] [BG] scanning blocks 921349 -> 921349
[2025-10-29 18:06:58.368016] [BG] scanning blocks 921349 -> 921350
[2025-10-29 18:07:49.451957] [BG] scanning blocks 921349 -> 921350
[2025-10-29 18:07:50.710433] [BG] scanning blocks 921349 -> 921350
[2025-10-29 18:07:51.355773] [BG] scanning blocks 921349 -> 921350
[2025-10-29 18:09:12.195430] [BG] scanning blocks 921349 -> 921350
[2025-10-29 18:10:15.112409] [BG] scanning blocks 921349 -> 921350
[2025-10-29 18:11:51.131839] [BG] scanning blocks 921349 -> 921350
[2025-10-29 18:11:53.804582] [BG] scanning blocks 921349 -> 921350
[2025-10-29 18:12:21.570135] [BG] scanning blocks 921349 -> 921350
[2025-10-29 18:13:02.721930] [BG] scanning blocks 921349 -> 921350
[2025-10-29 18:13:09.580846] [BG] scanning blocks 921349 -> 921350
[2025-10-29 18:13:09.884852] [BG] scanning blocks 921349 -> 921350
[2025-10-29 18:14:27.643297] [BG] scanning blocks 921349 -> 921350
[2025-10-29 18:15:26.474468] [BG] scanning blocks 921349 -> 921350
[2025-10-29 18:16:58.537938] [BG] scanning blocks 921349 -> 921350
[2025-10-29 18:17:00.431107] [BG] scanning blocks 921349 -> 921350
[2025-10-29 18:17:32.807549] [BG] scanning blocks 921349 -> 921350
[2025-10-29 18:18:08.770512] [BG] scanning blocks 921349 -> 921350
[2025-10-29 18:18:17.468217] [BG] scanning blocks 921349 -> 921350
[2025-10-29 18:18:18.607218] [BG] scanning blocks 921350 -> 921350
[2025-10-29 18:19:38.111355] [BG] scanning blocks 921350 -> 921351
[2025-10-29 18:20:31.927249] [BG] scanning blocks 921350 -> 921351
[2025-10-29 18:22:11.074928] [BG] scanning blocks 921350 -> 921351
[2025-10-29 18:22:14.301665] [BG] scanning blocks 921350 -> 921351
[2025-10-29 18:22:45.003052] [BG] scanning blocks 921350 -> 921351
[2025-10-29 18:23:19.501448] [BG] scanning blocks 921350 -> 921351
[2025-10-29 18:23:26.176998] [BG] scanning blocks 921350 -> 921351
[2025-10-29 18:23:31.330897] [BG] scanning blocks 921350 -> 921351
[2025-10-29 18:24:50.309076] [BG] scanning blocks 921350 -> 921351
[2025-10-29 18:25:40.428397] [BG] scanning blocks 921350 -> 921351
[2025-10-29 18:27:20.952882] [BG] scanning blocks 921350 -> 921351
[2025-10-29 18:27:24.671281] [BG] scanning blocks 921350 -> 921351
[2025-10-29 18:28:04.935613] [BG] scanning blocks 921350 -> 921351
[2025-10-29 18:28:39.205880] [BG] scanning blocks 921350 -> 921351
[2025-10-29 18:28:44.633456] [BG] scanning blocks 921350 -> 921351
[2025-10-29 18:28:47.008623] [BG] scanning blocks 921350 -> 921351
[2025-10-29 18:29:49.668532] [BG] scanning blocks 921350 -> 921351
[2025-10-29 18:30:09.785349] [BG] scanning blocks 921350 -> 921351
[2025-10-29 18:30:54.862554] [BG] scanning blocks 921351 -> 921351
[2025-10-29 18:32:37.670333] [BG] scanning blocks 921351 -> 921352
[2025-10-29 18:32:38.434333] [BG] scanning blocks 921351 -> 921352
[2025-10-29 18:33:19.198938] [BG] scanning blocks 921351 -> 921352
[2025-10-29 18:35:19.927864] [BG] scanning blocks 921351 -> 921352
[2025-10-29 18:40:26.205847] [BG] scanning blocks 921353 -> 921352
[2025-10-29 18:45:37.217532] [BG] scanning blocks 921353 -> 921354
[2025-10-29 18:50:42.489248] [BG] scanning blocks 921354 -> 921354
[2025-10-29 18:55:50.050038] [BG] scanning blocks 921354 -> 921355
[2025-10-29 19:00:53.952727] [BG] scanning blocks 921356 -> 921356
[2025-10-29 19:06:01.760974] [BG] scanning blocks 921356 -> 921357
[2025-10-29 19:11:06.027630] [BG] scanning blocks 921356 -> 921357
[2025-10-29 19:16:10.116898] [BG] scanning blocks 921358 -> 921357
[2025-10-29 19:21:57.038343] [BG] scanning blocks 921358 -> 921359
[2025-10-29 19:27:01.091694] [BG] scanning blocks 921358 -> 921359
[2025-10-29 19:32:05.074775] [BG] scanning blocks 921358 -> 921359
[2025-10-29 19:37:09.315909] [BG] scanning blocks 921358 -> 921359
[2025-10-29 19:42:13.631381] [BG] scanning blocks 921359 -> 921359
[2025-10-29 19:47:20.142638] [BG] scanning blocks 921360 -> 921360
[2025-10-29 19:52:27.528201] [BG] scanning blocks 921361 -> 921361
[2025-10-29 19:57:34.285990] [BG] scanning blocks 921361 -> 921362
[2025-10-29 20:02:39.468324] [BG] scanning blocks 921361 -> 921362
[2025-10-29 20:07:44.604122] [BG] scanning blocks 921361 -> 921362
[2025-10-29 20:12:48.546886] [BG] scanning blocks 921363 -> 921362
[2025-10-29 20:17:57.830252] [BG] scanning blocks 921363 -> 921364
[2025-10-29 20:23:01.610504] [BG] scanning blocks 921365 -> 921364
[2025-10-29 20:28:47.498650] [BG] scanning blocks 921365 -> 921366
[2025-10-29 20:33:51.613108] [BG] scanning blocks 921365 -> 921366
[2025-10-29 20:38:55.615419] [BG] scanning blocks 921366 -> 921366
[2025-10-29 20:44:02.849354] [BG] scanning blocks 921366 -> 921367
[2025-10-29 20:49:06.907195] [BG] scanning blocks 921366 -> 921367
[2025-10-29 20:54:10.935550] [BG] scanning blocks 921366 -> 921367
[2025-10-29 20:59:14.877252] [BG] scanning blocks 921367 -> 921367
[2025-10-29 21:04:22.685835] [BG] scanning blocks 921369 -> 921368
[2025-10-29 21:09:32.535294] [BG] scanning blocks 921369 -> 921370
[2025-10-29 21:14:36.868523] [BG] scanning blocks 921369 -> 921370
[2025-10-29 21:19:40.826441] [BG] scanning blocks 921370 -> 921370
[2025-10-29 21:24:47.549254] [BG] scanning blocks 921372 -> 921371
[2025-10-29 21:29:54.349201] [BG] scanning blocks 921373 -> 921373
[2025-10-29 21:35:01.031482] [BG] scanning blocks 921373 -> 921374
[2025-10-29 21:40:05.000745] [BG] scanning blocks 921373 -> 921374
[2025-10-29 21:45:08.970814] [BG] scanning blocks 921373 -> 921374
[2025-10-29 21:50:12.964603] [BG] scanning blocks 921373 -> 921374
[2025-10-29 21:55:17.316472] [BG] scanning blocks 921373 -> 921374
[2025-10-29 22:00:21.387044] [BG] scanning blocks 921373 -> 921374
[2025-10-29 22:05:25.326343] [BG] scanning blocks 921373 -> 921374
[2025-10-29 22:10:29.640748] [BG] scanning blocks 921373 -> 921374
[2025-10-29 22:15:33.801114] [BG] scanning blocks 921374 -> 921374
[2025-10-29 22:20:41.202426] [BG] scanning blocks 921376 -> 921375
[2025-10-29 22:25:51.008998] [BG] scanning blocks 921376 -> 921377
[2025-10-29 22:30:54.921750] [BG] scanning blocks 921376 -> 921377
[2025-10-29 22:35:58.867117] [BG] scanning blocks 921377 -> 921377
[2025-10-29 22:41:07.180793] [BG] scanning blocks 921377 -> 921378
[2025-10-29 22:46:11.329568] [BG] scanning blocks 921377 -> 921378
[2025-10-29 22:51:15.215452] [BG] scanning blocks 921377 -> 921378
[2025-10-29 22:56:19.088291] [BG] scanning blocks 921377 -> 921378
[2025-10-29 23:01:23.623989] [BG] scanning blocks 921378 -> 921378
[2025-10-29 23:06:32.025131] [BG] scanning blocks 921379 -> 921379
[2025-10-29 23:11:38.678073] [BG] scanning blocks 921380 -> 921380
[2025-10-29 23:16:45.403092] [BG] scanning blocks 921380 -> 921381
[2025-10-29 23:21:49.356929] [BG] scanning blocks 921380 -> 921381
[2025-10-29 23:26:53.267567] [BG] scanning blocks 921380 -> 921381
[2025-10-29 23:31:57.279410] [BG] scanning blocks 921380 -> 921381
[2025-10-29 23:37:01.390167] [BG] scanning blocks 921381 -> 921381
[2025-10-29 23:42:08.420643] [BG] scanning blocks 921381 -> 921382
[2025-10-29 23:47:12.451763] [BG] scanning blocks 921381 -> 921382
[2025-10-29 23:52:16.774956] [BG] scanning blocks 921382 -> 921382
[2025-10-29 23:57:23.067298] [BG] scanning blocks 921382 -> 921383
[2025-10-30 00:02:27.600304] [BG] scanning blocks 921382 -> 921383
[2025-10-30 00:07:31.727348] [BG] scanning blocks 921382 -> 921383
[2025-10-30 00:12:35.755709] [BG] scanning blocks 921382 -> 921383
[2025-10-30 00:17:39.954907] [BG] scanning blocks 921383 -> 921383
[2025-10-30 00:23:27.642611] [BG] scanning blocks 921383 -> 921384
[2025-10-30 00:28:31.863967] [BG] scanning blocks 921385 -> 921384
[2025-10-30 00:33:42.646133] [BG] scanning blocks 921386 -> 921386
[2025-10-30 00:38:50.882929] [BG] scanning blocks 921386 -> 921387
[2025-10-30 00:43:55.324566] [BG] scanning blocks 921387 -> 921387
[2025-10-30 00:49:02.951250] [BG] scanning blocks 921387 -> 921388
[2025-10-30 00:54:06.856092] [BG] scanning blocks 921388 -> 921388
[2025-10-30 00:59:15.747922] [BG] scanning blocks 921390 -> 921389
[2025-10-30 01:04:23.173446] [BG] scanning blocks 921391 -> 921391
[2025-10-30 01:09:29.634532] [BG] scanning blocks 921391 -> 921392
[2025-10-30 01:14:33.715499] [BG] scanning blocks 921392 -> 921392
[2025-10-30 01:19:41.469586] [BG] scanning blocks 921392 -> 921393
[2025-10-30 01:24:45.389338] [BG] scanning blocks 921393 -> 921393
[2025-10-30 01:29:52.254907] [BG] scanning blocks 921393 -> 921394
[2025-10-30 01:34:57.358442] [BG] scanning blocks 921393 -> 921394
[2025-10-30 01:40:02.411731] [BG] scanning blocks 921393 -> 921394
[2025-10-30 01:45:07.371150] [BG] scanning blocks 921393 -> 921394
[2025-10-30 01:50:12.467453] [BG] scanning blocks 921393 -> 921394
[2025-10-30 01:55:19.915718] [BG] scanning blocks 921393 -> 921394
[2025-10-30 02:00:24.774211] [BG] scanning blocks 921393 -> 921394
[2025-10-30 02:05:29.726085] [BG] scanning blocks 921393 -> 921394
[2025-10-30 02:10:36.394792] [BG] scanning blocks 921394 -> 921394
[2025-10-30 02:15:45.017725] [BG] scanning blocks 921394 -> 921395
[2025-10-30 02:20:53.110906] [BG] scanning blocks 921396 -> 921395
[2025-10-30 02:26:06.850641] [BG] scanning blocks 921396 -> 921397
[2025-10-30 02:31:16.914853] [BG] scanning blocks 921396 -> 921397
[2025-10-30 02:36:26.662550] [BG] scanning blocks 921397 -> 921397
[2025-10-30 02:41:38.300931] [BG] scanning blocks 921398 -> 921398
[2025-10-30 02:46:54.887732] [BG] scanning blocks 921399 -> 921399
[2025-10-30 02:52:07.767953] [BG] scanning blocks 921400 -> 921400
[2025-10-30 02:57:27.985639] [BG] scanning blocks 921401 -> 921401
[2025-10-30 03:02:46.011484] [BG] scanning blocks 921401 -> 921402
[2025-10-30 03:08:02.151960] [BG] scanning blocks 921401 -> 921402
[2025-10-30 03:13:22.013378] [BG] scanning blocks 921403 -> 921402
[2025-10-30 03:18:48.352926] [BG] scanning blocks 921404 -> 921404
[2025-10-30 03:24:07.455048] [BG] scanning blocks 921404 -> 921405
[2025-10-30 03:29:36.893558] [BG] scanning blocks 921404 -> 921405
[2025-10-30 03:34:54.582245] [BG] scanning blocks 921404 -> 921405
[2025-10-30 03:40:15.813285] [BG] scanning blocks 921405 -> 921405
[2025-10-30 03:45:42.931148] [BG] scanning blocks 921406 -> 921406
[2025-10-30 03:51:12.368443] [BG] scanning blocks 921406 -> 921407
[2025-10-30 03:56:42.990080] [BG] scanning blocks 921406 -> 921407
[2025-10-30 04:02:24.349907] [BG] scanning blocks 921407 -> 921407
[2025-10-30 04:08:09.973775] [BG] scanning blocks 921407 -> 921408
[2025-10-30 04:13:14.473497] [BG] scanning blocks 921407 -> 921408
[2025-10-30 04:18:18.973288] [BG] scanning blocks 921407 -> 921408
[2025-10-30 04:23:23.879853] [BG] scanning blocks 921408 -> 921408
[2025-10-30 04:28:31.546889] [BG] scanning blocks 921410 -> 921409
[2025-10-30 04:33:42.229758] [BG] scanning blocks 921410 -> 921411
[2025-10-30 04:38:46.356481] [BG] scanning blocks 921410 -> 921411
[2025-10-30 04:43:51.732483] [BG] scanning blocks 921410 -> 921411
[2025-10-30 04:48:55.801269] [BG] scanning blocks 921410 -> 921411
[2025-10-30 04:53:59.829788] [BG] scanning blocks 921411 -> 921411
[2025-10-30 04:59:07.586571] [BG] scanning blocks 921413 -> 921412
[2025-10-30 05:04:15.449549] [BG] scanning blocks 921413 -> 921414
[2025-10-30 05:09:19.530719] [BG] scanning blocks 921413 -> 921414
[2025-10-30 05:14:23.566604] [BG] scanning blocks 921413 -> 921414
[2025-10-30 05:19:27.576992] [BG] scanning blocks 921413 -> 921414
[2025-10-30 05:24:31.713609] [BG] scanning blocks 921414 -> 921414
[2025-10-30 05:29:39.465727] [BG] scanning blocks 921414 -> 921415
[2025-10-30 05:34:43.446066] [BG] scanning blocks 921415 -> 921415
[2025-10-30 05:39:49.148669] [BG] scanning blocks 921415 -> 921416
[2025-10-30 05:44:53.534857] [BG] scanning blocks 921416 -> 921416
[2025-10-30 05:50:02.274134] [BG] scanning blocks 921417 -> 921417
[2025-10-30 05:55:12.920313] [BG] scanning blocks 921418 -> 921418
[2025-10-30 06:00:19.818157] [BG] scanning blocks 921418 -> 921419
[2025-10-30 06:05:24.262032] [BG] scanning blocks 921418 -> 921419
[2025-10-30 06:10:28.259780] [BG] scanning blocks 921419 -> 921419
[2025-10-30 06:15:35.942668] [BG] scanning blocks 921420 -> 921420
[2025-10-30 06:20:41.198703] [BG] scanning blocks 921420 -> 921421
[2025-10-30 06:25:46.024742] [BG] scanning blocks 921421 -> 921422
[2025-10-30 06:30:52.082023] [BG] scanning blocks 921421 -> 921422
[2025-10-30 06:35:56.479216] [BG] scanning blocks 921421 -> 921422
[2025-10-30 06:41:00.888404] [BG] scanning blocks 921424 -> 921424
[2025-10-30 06:46:05.938266] [BG] scanning blocks 921424 -> 921425
[2025-10-30 06:51:10.097362] [BG] scanning blocks 921425 -> 921425
[2025-10-30 06:56:16.455804] [BG] scanning blocks 921425 -> 921426
[2025-10-30 07:01:20.849408] [BG] scanning blocks 921425 -> 921426
[2025-10-30 07:06:25.165855] [BG] scanning blocks 921425 -> 921426
[2025-10-30 07:11:29.210252] [BG] scanning blocks 921425 -> 921426
[2025-10-30 07:16:33.419400] [BG] scanning blocks 921425 -> 921426
[2025-10-30 07:21:37.917135] [BG] scanning blocks 921428 -> 921429
[2025-10-30 07:26:42.203147] [BG] scanning blocks 921429 -> 921430
[2025-10-30 07:31:46.282983] [BG] scanning blocks 921430 -> 921430
[2025-10-30 07:36:54.368381] [BG] scanning blocks 921430 -> 921431
[2025-10-30 07:41:58.559187] [BG] scanning blocks 921430 -> 921431
[2025-10-30 07:47:02.541193] [BG] scanning blocks 921430 -> 921431
[2025-10-30 07:52:06.520373] [BG] scanning blocks 921430 -> 921431
[2025-10-30 07:57:11.144324] [BG] scanning blocks 921432 -> 921431
[2025-10-30 08:02:21.756634] [BG] scanning blocks 921433 -> 921433
[2025-10-30 08:07:27.376216] [BG] scanning blocks 921434 -> 921434
[2025-10-30 08:12:34.856320] [BG] scanning blocks 921435 -> 921435
[2025-10-30 08:17:41.311398] [BG] scanning blocks 921436 -> 921436
[2025-10-30 08:22:47.523276] [BG] scanning blocks 921436 -> 921437
[2025-10-30 08:27:51.346483] [BG] scanning blocks 921436 -> 921437
[2025-10-30 08:32:55.191377] [BG] scanning blocks 921436 -> 921437
[2025-10-30 08:37:59.323067] [BG] scanning blocks 921437 -> 921437
[2025-10-30 08:43:43.695151] [BG] scanning blocks 921438 -> 921438
[2025-10-30 08:48:48.838584] [BG] scanning blocks 921440 -> 921439
[2025-10-30 08:53:57.928526] [BG] scanning blocks 921440 -> 921441
[2025-10-30 08:59:02.223679] [BG] scanning blocks 921440 -> 921441
[2025-10-30 09:04:06.125418] [BG] scanning blocks 921441 -> 921441
[2025-10-30 09:09:54.716573] [BG] scanning blocks 921442 -> 921442
[2025-10-30 09:15:01.943223] [BG] scanning blocks 921442 -> 921443
[2025-10-30 09:20:06.036595] [BG] scanning blocks 921442 -> 921443
[2025-10-30 09:25:10.083987] [BG] scanning blocks 921442 -> 921443
[2025-10-30 09:30:14.329246] [BG] scanning blocks 921443 -> 921443
[2025-10-30 09:35:21.679010] [BG] scanning blocks 921444 -> 921444
[2025-10-30 09:40:27.806143] [BG] scanning blocks 921444 -> 921445
[2025-10-30 09:45:31.683861] [BG] scanning blocks 921446 -> 921445
[2025-10-30 09:50:39.114364] [BG] scanning blocks 921447 -> 921447
[2025-10-30 09:55:46.389153] [BG] scanning blocks 921447 -> 921448
[2025-10-30 10:00:50.525592] [BG] scanning blocks 921447 -> 921448
[2025-10-30 10:05:54.415385] [BG] scanning blocks 921447 -> 921448
[2025-10-30 10:10:58.451575] [BG] scanning blocks 921448 -> 921448
[2025-10-30 10:16:05.057452] [BG] scanning blocks 921448 -> 921449
[2025-10-30 10:21:09.024982] [BG] scanning blocks 921448 -> 921449
[2025-10-30 10:26:13.014812] [BG] scanning blocks 921449 -> 921449
[2025-10-30 10:31:20.820015] [BG] scanning blocks 921449 -> 921450
[2025-10-30 10:36:24.793244] [BG] scanning blocks 921449 -> 921450
[2025-10-30 10:41:30.392775] [BG] scanning blocks 921449 -> 921450
[2025-10-30 10:46:34.536413] [BG] scanning blocks 921450 -> 921450
[2025-10-30 10:51:42.266074] [BG] scanning blocks 921450 -> 921451
[2025-10-30 10:56:46.249035] [BG] scanning blocks 921451 -> 921451
[2025-10-30 11:01:52.726124] [BG] scanning blocks 921452 -> 921452
[2025-10-30 11:06:59.687399] [BG] scanning blocks 921452 -> 921453
[2025-10-30 11:12:03.913497] [BG] scanning blocks 921452 -> 921453
[2025-10-30 11:17:07.753064] [BG] scanning blocks 921453 -> 921453
[2025-10-30 11:22:13.704288] [BG] scanning blocks 921453 -> 921454
[2025-10-30 11:27:17.490136] [BG] scanning blocks 921454 -> 921454
[2025-10-30 11:32:32.702541] [BG] scanning blocks 921455 -> 921455
[2025-10-30 11:37:39.393691] [BG] scanning blocks 921455 -> 921456
[2025-10-30 11:42:43.822005] [BG] scanning blocks 921455 -> 921456
[2025-10-30 11:47:47.816491] [BG] scanning blocks 921455 -> 921456
[2025-10-30 11:52:51.934421] [BG] scanning blocks 921455 -> 921456
[2025-10-30 11:57:55.927738] [BG] scanning blocks 921455 -> 921456
[2025-10-30 12:03:09.106807] [BG] scanning blocks 921456 -> 921456
[2025-10-30 12:08:19.801239] [BG] scanning blocks 921456 -> 921457
[2025-10-30 12:13:33.411239] [BG] scanning blocks 921457 -> 921457
[2025-10-30 12:18:47.615176] [BG] scanning blocks 921457 -> 921458
[2025-10-30 12:23:57.975401] [BG] scanning blocks 921458 -> 921458
[2025-10-30 12:29:12.175410] [BG] scanning blocks 921458 -> 921459
[2025-10-30 12:34:25.489464] [BG] scanning blocks 921459 -> 921459
[2025-10-30 12:39:43.882543] [BG] scanning blocks 921460 -> 921460
[2025-10-30 12:44:50.943805] [BG] scanning blocks 921461 -> 921461
[2025-10-30 12:49:58.449731] [BG] scanning blocks 921461 -> 921462
[2025-10-30 12:55:02.928526] [BG] scanning blocks 921462 -> 921462
[2025-10-30 13:00:18.008121] [BG] scanning blocks 921462 -> 921463
[2025-10-30 13:05:27.594799] [BG] scanning blocks 921462 -> 921463
[2025-10-30 13:10:32.910479] [BG] scanning blocks 921464 -> 921463
[2025-10-30 13:15:44.033826] [BG] scanning blocks 921464 -> 921465
[2025-10-30 13:20:48.776189] [BG] scanning blocks 921466 -> 921465
[2025-10-30 13:25:58.415223] [BG] scanning blocks 921467 -> 921467
[2025-10-30 13:31:09.056839] [BG] scanning blocks 921468 -> 921468
[2025-10-30 13:36:18.523914] [BG] scanning blocks 921469 -> 921469
[2025-10-30 13:41:28.380095] [BG] scanning blocks 921471 -> 921470
[2025-10-30 13:46:54.154512] [BG] scanning blocks 921471 -> 921472
[2025-10-30 13:51:58.691955] [BG] scanning blocks 921471 -> 921472
[2025-10-30 13:57:03.128892] [BG] scanning blocks 921471 -> 921472
[2025-10-30 14:02:07.195884] [BG] scanning blocks 921472 -> 921472
[2025-10-30 14:07:20.825024] [BG] scanning blocks 921473 -> 921473
[2025-10-30 14:12:34.557135] [BG] scanning blocks 921474 -> 921474
[2025-10-30 14:17:50.303891] [BG] scanning blocks 921474 -> 921475
[2025-10-30 14:22:55.957149] [BG] scanning blocks 921476 -> 921475
[2025-10-30 14:28:55.084954] [BG] scanning blocks 921477 -> 921477
[2025-10-30 14:34:03.545803] [BG] scanning blocks 921477 -> 921478
[2025-10-30 14:39:07.654402] [BG] scanning blocks 921477 -> 921478
[2025-10-30 14:44:16.442202] [BG] scanning blocks 921477 -> 921478
[2025-10-30 14:49:22.292592] [BG] scanning blocks 921477 -> 921478
[2025-10-30 14:54:26.626062] [BG] scanning blocks 921477 -> 921478
[2025-10-30 14:59:36.715968] [BG] scanning blocks 921477 -> 921478
[2025-10-30 15:04:41.693747] [BG] scanning blocks 921477 -> 921478
[2025-10-30 15:09:49.716710] [BG] scanning blocks 921478 -> 921478
[2025-10-30 15:14:59.931243] [BG] scanning blocks 921478 -> 921479
[2025-10-30 15:20:04.317796] [BG] scanning blocks 921478 -> 921479
[2025-10-30 15:25:08.516187] [BG] scanning blocks 921479 -> 921479
[2025-10-30 15:30:19.367362] [BG] scanning blocks 921479 -> 921480
[2025-10-30 15:35:23.564502] [BG] scanning blocks 921479 -> 921480
[2025-10-30 15:43:25.200955] [BG] scanning blocks 921479 -> 921480
[2025-10-30 15:48:30.304698] [BG] scanning blocks 921479 -> 921480
[2025-10-30 15:53:35.267895] [BG] scanning blocks 921479 -> 921480
[2025-10-30 15:58:39.882284] [BG] scanning blocks 921479 -> 921480
[2025-10-30 16:03:44.547139] [BG] scanning blocks 921480 -> 921480
[2025-10-30 16:08:52.083814] [BG] scanning blocks 921481 -> 921481
[2025-10-30 16:13:59.452725] [BG] scanning blocks 921481 -> 921482
[2025-10-30 16:30:52.609716] [BG] scanning blocks 921484 -> 921482
[2025-10-30 16:36:42.213414] [BG] scanning blocks 921485 -> 921485
[2025-10-30 16:42:07.775889] [BG] scanning blocks 921485 -> 921486
[2025-10-30 16:47:14.263434] [BG] scanning blocks 921486 -> 921486
[2025-10-30 16:52:24.961852] [BG] scanning blocks 921487 -> 921487
[2025-10-30 16:57:03.345704] [BG] scanning blocks 921487 -> 921488
[2025-10-30 16:57:32.706719] [BG] scanning blocks 921487 -> 921488
[2025-10-30 17:02:08.315131] [BG] scanning blocks 921487 -> 921488
[2025-10-30 17:02:38.868671] [BG] scanning blocks 921487 -> 921488
[2025-10-30 17:07:12.856573] [BG] scanning blocks 921487 -> 921488
[2025-10-30 17:07:45.690739] [BG] scanning blocks 921487 -> 921488
[2025-10-30 17:12:17.266204] [BG] scanning blocks 921487 -> 921488
[2025-10-30 17:12:52.159465] [BG] scanning blocks 921488 -> 921488
[2025-10-30 17:17:22.129545] [BG] scanning blocks 921488 -> 921489
[2025-10-30 17:18:02.779351] [BG] scanning blocks 921488 -> 921489
[2025-10-30 17:22:27.276704] [BG] scanning blocks 921489 -> 921489
[2025-10-30 17:23:09.087372] [BG] scanning blocks 921489 -> 921490
[2025-10-30 17:27:36.930511] [BG] scanning blocks 921490 -> 921490
[2025-10-30 17:28:16.424746] [BG] scanning blocks 921490 -> 921491
[2025-10-30 17:32:49.492203] [BG] scanning blocks 921490 -> 921491
[2025-10-30 17:33:23.807951] [BG] scanning blocks 921490 -> 921491
[2025-10-30 17:37:55.794016] [BG] scanning blocks 921490 -> 921491
[2025-10-30 17:38:30.516936] [BG] scanning blocks 921490 -> 921491
[2025-10-30 17:43:02.656014] [BG] scanning blocks 921490 -> 921491
[2025-10-30 17:43:37.067674] [BG] scanning blocks 921490 -> 921491
[2025-10-30 17:48:07.419019] [BG] scanning blocks 921490 -> 921491
[2025-10-30 17:48:43.803308] [BG] scanning blocks 921490 -> 921491
[2025-10-30 17:53:13.392149] [BG] scanning blocks 921490 -> 921491
[2025-10-30 17:53:50.084535] [BG] scanning blocks 921491 -> 921491
[2025-10-30 17:58:20.239783] [BG] scanning blocks 921491 -> 921492
[2025-10-30 17:59:01.529269] [BG] scanning blocks 921491 -> 921492
[2025-10-30 18:03:30.773838] [BG] scanning blocks 921493 -> 921492
[2025-10-30 18:04:06.082456] [BG] scanning blocks 921493 -> 921494
[2025-10-30 18:08:45.936982] [BG] scanning blocks 921494 -> 921494
[2025-10-30 18:09:13.145749] [BG] scanning blocks 921494 -> 921495
[2025-10-30 18:13:53.783830] [BG] scanning blocks 921494 -> 921495
[2025-10-30 18:14:18.066344] [BG] scanning blocks 921494 -> 921495
[2025-10-30 18:18:58.103455] [BG] scanning blocks 921496 -> 921495
[2025-10-30 18:19:21.937367] [BG] scanning blocks 921496 -> 921497
[2025-10-30 18:24:09.724325] [BG] scanning blocks 921497 -> 921497
[2025-10-30 18:24:26.455095] [BG] scanning blocks 921497 -> 921498
[2025-10-30 18:29:17.876101] [BG] scanning blocks 921497 -> 921498
[2025-10-30 18:29:30.502831] [BG] scanning blocks 921497 -> 921498
[2025-10-30 18:34:22.425632] [BG] scanning blocks 921498 -> 921498
[2025-10-30 18:34:34.852128] [BG] scanning blocks 921498 -> 921499
[2025-10-30 18:39:29.965907] [BG] scanning blocks 921499 -> 921499
[2025-10-30 18:39:38.836715] [BG] scanning blocks 921499 -> 921500
[2025-10-30 18:44:38.398658] [BG] scanning blocks 921501 -> 921500
[2025-10-30 18:44:45.825595] [BG] scanning blocks 921501 -> 921500
[2025-10-30 18:49:49.624112] [BG] scanning blocks 921501 -> 921502
[2025-10-30 18:49:59.159282] [BG] scanning blocks 921501 -> 921502
[2025-10-30 18:54:53.969659] [BG] scanning blocks 921501 -> 921502
[2025-10-30 18:55:05.718910] [BG] scanning blocks 921501 -> 921502
[2025-10-30 18:59:58.244257] [BG] scanning blocks 921503 -> 921502
[2025-10-30 19:00:12.523916] [BG] scanning blocks 921503 -> 921504
[2025-10-30 19:05:09.093092] [BG] scanning blocks 921505 -> 921504
[2025-10-30 19:05:16.887538] [BG] scanning blocks 921505 -> 921504
[2025-10-30 19:10:18.702776] [BG] scanning blocks 921506 -> 921506
[2025-10-30 19:10:29.242782] [BG] scanning blocks 921506 -> 921507
[2025-10-30 19:15:26.001319] [BG] scanning blocks 921509 -> 921507
[2025-10-30 19:15:36.261078] [BG] scanning blocks 921509 -> 921507
[2025-10-30 19:20:38.915683] [BG] scanning blocks 921510 -> 921510
[2025-10-30 19:20:52.692761] [BG] scanning blocks 921510 -> 921511
[2025-10-30 19:25:46.917461] [BG] scanning blocks 921512 -> 921511
[2025-10-30 19:25:58.956725] [BG] scanning blocks 921512 -> 921513
[2025-10-30 19:30:55.736521] [BG] scanning blocks 921512 -> 921513
[2025-10-30 19:31:05.378550] [BG] scanning blocks 921512 -> 921513
[2025-10-30 19:36:00.017562] [BG] scanning blocks 921512 -> 921513
[2025-10-30 19:36:09.560095] [BG] scanning blocks 921512 -> 921513
[2025-10-30 19:41:04.630002] [BG] scanning blocks 921512 -> 921513
[2025-10-30 19:41:13.530735] [BG] scanning blocks 921512 -> 921513
[2025-10-30 19:46:09.384147] [BG] scanning blocks 921513 -> 921513
[2025-10-30 19:46:17.727373] [BG] scanning blocks 921513 -> 921514
[2025-10-30 19:51:17.405239] [BG] scanning blocks 921513 -> 921514
[2025-10-30 19:51:22.066251] [BG] scanning blocks 921513 -> 921514
[2025-10-30 19:56:21.872644] [BG] scanning blocks 921513 -> 921514
[2025-10-30 19:56:26.311138] [BG] scanning blocks 921513 -> 921514
[2025-10-30 20:01:26.362986] [BG] scanning blocks 921513 -> 921514
[2025-10-30 20:01:30.685377] [BG] scanning blocks 921513 -> 921514
[2025-10-30 20:06:30.592378] [BG] scanning blocks 921515 -> 921514
[2025-10-30 20:06:34.873400] [BG] scanning blocks 921515 -> 921514
[2025-10-30 20:11:40.096263] [BG] scanning blocks 921515 -> 921516
[2025-10-30 20:11:43.639351] [BG] scanning blocks 921516 -> 921516
[2025-10-30 20:16:44.394285] [BG] scanning blocks 921518 -> 921517
[2025-10-30 20:16:51.215478] [BG] scanning blocks 921518 -> 921519
[2025-10-30 20:21:55.508238] [BG] scanning blocks 921519 -> 921519
[2025-10-30 20:22:33.090634] [BG] scanning blocks 921519 -> 921520
[2025-10-30 20:27:01.884277] [BG] scanning blocks 921520 -> 921520
[2025-10-30 20:27:37.610327] [BG] scanning blocks 921520 -> 921521
[2025-10-30 20:32:08.566217] [BG] scanning blocks 921520 -> 921521
[2025-10-30 20:32:42.111817] [BG] scanning blocks 921520 -> 921521
[2025-10-30 20:37:12.818715] [BG] scanning blocks 921521 -> 921521
[2025-10-30 20:37:46.850021] [BG] scanning blocks 921521 -> 921522
[2025-10-30 20:42:21.002540] [BG] scanning blocks 921521 -> 921522
[2025-10-30 20:42:51.485016] [BG] scanning blocks 921521 -> 921522
[2025-10-30 20:47:25.206233] [BG] scanning blocks 921521 -> 921522
[2025-10-30 20:47:55.966330] [BG] scanning blocks 921521 -> 921522
[2025-10-30 20:52:29.185496] [BG] scanning blocks 921521 -> 921522
[2025-10-30 20:53:00.507028] [BG] scanning blocks 921521 -> 921522
[2025-10-30 20:57:34.190741] [BG] scanning blocks 921522 -> 921522
[2025-10-30 20:58:05.070265] [BG] scanning blocks 921522 -> 921523
[2025-10-30 21:02:40.672360] [BG] scanning blocks 921522 -> 921523
[2025-10-30 21:03:09.827767] [BG] scanning blocks 921522 -> 921523
[2025-10-30 21:07:44.804143] [BG] scanning blocks 921522 -> 921523
[2025-10-30 21:08:14.211295] [BG] scanning blocks 921522 -> 921523
[2025-10-30 21:12:48.804510] [BG] scanning blocks 921522 -> 921523
[2025-10-30 21:13:18.551356] [BG] scanning blocks 921522 -> 921523
[2025-10-30 21:17:53.637000] [BG] scanning blocks 921523 -> 921523
[2025-10-30 21:18:23.389200] [BG] scanning blocks 921523 -> 921524
[2025-10-30 21:23:01.132616] [BG] scanning blocks 921523 -> 921524
[2025-10-30 21:23:27.725538] [BG] scanning blocks 921523 -> 921524
[2025-10-30 21:28:05.078523] [BG] scanning blocks 921524 -> 921524
[2025-10-30 21:28:32.120994] [BG] scanning blocks 921524 -> 921525
[2025-10-30 21:33:14.237501] [BG] scanning blocks 921524 -> 921525
[2025-10-30 21:33:36.733021] [BG] scanning blocks 921524 -> 921525
[2025-10-30 21:38:18.435420] [BG] scanning blocks 921524 -> 921525
[2025-10-30 21:38:41.205910] [BG] scanning blocks 921524 -> 921525
[2025-10-30 21:43:22.786007] [BG] scanning blocks 921524 -> 921525
[2025-10-30 21:43:45.627454] [BG] scanning blocks 921524 -> 921525
[2025-10-30 21:48:27.039782] [BG] scanning blocks 921524 -> 921525
[2025-10-30 21:48:50.147402] [BG] scanning blocks 921524 -> 921525
[2025-10-30 21:53:31.154278] [BG] scanning blocks 921525 -> 921525
[2025-10-30 21:53:54.553726] [BG] scanning blocks 921525 -> 921526
[2025-10-30 21:58:38.113527] [BG] scanning blocks 921525 -> 921526
[2025-10-30 21:58:59.622919] [BG] scanning blocks 921525 -> 921526
[2025-10-30 22:03:42.335272] [BG] scanning blocks 921526 -> 921526
[2025-10-30 22:04:05.853226] [BG] scanning blocks 921526 -> 921527
[2025-10-30 22:08:48.925348] [BG] scanning blocks 921526 -> 921527
[2025-10-30 22:09:10.146395] [BG] scanning blocks 921526 -> 921527
[2025-10-30 22:13:53.101625] [BG] scanning blocks 921527 -> 921527
[2025-10-30 22:14:14.946159] [BG] scanning blocks 921527 -> 921528
[2025-10-30 22:18:59.882824] [BG] scanning blocks 921528 -> 921528
[2025-10-30 22:19:19.292675] [BG] scanning blocks 921528 -> 921529
[2025-10-30 22:24:08.018539] [BG] scanning blocks 921529 -> 921529
[2025-10-30 22:24:24.128165] [BG] scanning blocks 921529 -> 921530
[2025-10-30 22:29:14.047281] [BG] scanning blocks 921530 -> 921530
[2025-10-30 22:29:28.441493] [BG] scanning blocks 921530 -> 921531
[2025-10-30 22:34:19.870426] [BG] scanning blocks 921531 -> 921531
[2025-10-30 22:34:32.532717] [BG] scanning blocks 921531 -> 921532
[2025-10-30 22:39:26.869552] [BG] scanning blocks 921531 -> 921532
[2025-10-30 22:39:36.674319] [BG] scanning blocks 921531 -> 921532
[2025-10-30 22:44:31.226099] [BG] scanning blocks 921534 -> 921532
[2025-10-30 22:44:41.519875] [BG] scanning blocks 921534 -> 921532
[2025-10-30 22:49:45.040645] [BG] scanning blocks 921534 -> 921535
[2025-10-30 22:49:57.230028] [BG] scanning blocks 921534 -> 921535
[2025-10-30 22:54:49.071629] [BG] scanning blocks 921534 -> 921535
[2025-10-30 22:55:02.119530] [BG] scanning blocks 921534 -> 921535
[2025-10-30 22:59:53.442920] [BG] scanning blocks 921534 -> 921535
[2025-10-30 23:00:06.699081] [BG] scanning blocks 921534 -> 921535
[2025-10-30 23:04:57.440046] [BG] scanning blocks 921535 -> 921535
[2025-10-30 23:05:11.015179] [BG] scanning blocks 921535 -> 921536
[2025-10-30 23:10:05.439914] [BG] scanning blocks 921537 -> 921536
[2025-10-30 23:10:15.353616] [BG] scanning blocks 921537 -> 921538
[2025-10-30 23:15:17.037341] [BG] scanning blocks 921538 -> 921538
[2025-10-30 23:15:20.492663] [BG] scanning blocks 921537 -> 921538
[2025-10-30 23:20:25.323660] [BG] scanning blocks 921540 -> 921539
[2025-10-30 23:20:26.027660] [BG] scanning blocks 921540 -> 921539
[2025-10-30 23:25:35.498287] [BG] scanning blocks 921540 -> 921541
[2025-10-30 23:25:37.417442] [BG] scanning blocks 921540 -> 921541
[2025-10-30 23:30:40.265507] [BG] scanning blocks 921540 -> 921541
[2025-10-30 23:30:42.237444] [BG] scanning blocks 921540 -> 921541
[2025-10-30 23:35:44.963962] [BG] scanning blocks 921541 -> 921541
[2025-10-30 23:35:46.672511] [BG] scanning blocks 921541 -> 921541
[2025-10-30 23:40:52.606656] [BG] scanning blocks 921541 -> 921542
[2025-10-30 23:40:54.458669] [BG] scanning blocks 921541 -> 921542
[2025-10-30 23:45:57.390572] [BG] scanning blocks 921541 -> 921542
[2025-10-30 23:45:59.452065] [BG] scanning blocks 921541 -> 921542
[2025-10-30 23:51:01.796087] [BG] scanning blocks 921541 -> 921542
[2025-10-30 23:51:04.184579] [BG] scanning blocks 921541 -> 921542
[2025-10-30 23:56:08.414782] [BG] scanning blocks 921541 -> 921542
[2025-10-30 23:56:09.745758] [BG] scanning blocks 921541 -> 921542
[2025-10-31 00:01:15.028307] [BG] scanning blocks 921542 -> 921542
[2025-10-31 00:01:16.868313] [BG] scanning blocks 921542 -> 921542
[2025-10-31 00:06:24.098868] [BG] scanning blocks 921543 -> 921543
[2025-10-31 00:06:26.769712] [BG] scanning blocks 921543 -> 921543
[2025-10-31 00:11:32.948768] [BG] scanning blocks 921543 -> 921544
[2025-10-31 00:11:36.213542] [BG] scanning blocks 921544 -> 921544
[2025-10-31 00:16:38.020736] [BG] scanning blocks 921544 -> 921545
[2025-10-31 00:16:42.236719] [BG] scanning blocks 921544 -> 921545
[2025-10-31 00:21:42.835187] [BG] scanning blocks 921545 -> 921545
[2025-10-31 00:21:47.620206] [BG] scanning blocks 921545 -> 921545
[2025-10-31 00:27:35.891252] [BG] scanning blocks 921546 -> 921546
[2025-10-31 00:27:36.326181] [BG] scanning blocks 921546 -> 921546
[2025-10-31 00:32:43.756394] [BG] scanning blocks 921546 -> 921547
[2025-10-31 00:32:45.089160] [BG] scanning blocks 921546 -> 921547
[2025-10-31 00:37:47.916908] [BG] scanning blocks 921546 -> 921547
[2025-10-31 00:37:49.487683] [BG] scanning blocks 921546 -> 921547
[2025-10-31 00:42:53.398927] [BG] scanning blocks 921546 -> 921547
[2025-10-31 00:42:55.581084] [BG] scanning blocks 921546 -> 921547
[2025-10-31 00:47:58.979732] [BG] scanning blocks 921547 -> 921547
[2025-10-31 00:48:00.525477] [BG] scanning blocks 921547 -> 921547
[2025-10-31 00:53:07.219183] [BG] scanning blocks 921548 -> 921548
[2025-10-31 00:53:10.400176] [BG] scanning blocks 921548 -> 921548
[2025-10-31 00:58:14.162885] [BG] error: Expecting value: line 1 column 1 (char 0)
[2025-10-31 00:58:15.361283] [BG] scanning blocks 921549 -> 921549
[2025-10-31 01:03:20.665349] [BG] scanning blocks 921550 -> 921550
[2025-10-31 01:03:25.246897] [BG] scanning blocks 921550 -> 921550
[2025-10-31 01:08:28.715877] [BG] scanning blocks 921551 -> 921551
[2025-10-31 01:08:33.380483] [BG] scanning blocks 921551 -> 921551
[2025-10-31 01:13:36.399990] [BG] scanning blocks 921551 -> 921552
[2025-10-31 01:13:41.277634] [BG] scanning blocks 921551 -> 921552
[2025-10-31 01:18:40.609000] [BG] scanning blocks 921552 -> 921552
[2025-10-31 01:18:46.009774] [BG] scanning blocks 921552 -> 921552
[2025-10-31 01:23:48.260449] [BG] scanning blocks 921552 -> 921553
[2025-10-31 01:23:52.988664] [BG] scanning blocks 921552 -> 921553
[2025-10-31 01:28:52.826472] [BG] scanning blocks 921553 -> 921553
[2025-10-31 01:28:58.467995] [BG] scanning blocks 921553 -> 921553
[2025-10-31 01:34:01.733671] [BG] scanning blocks 921553 -> 921554
[2025-10-31 01:34:07.333812] [BG] scanning blocks 921553 -> 921554
[2025-10-31 01:39:06.363849] [BG] scanning blocks 921553 -> 921554
[2025-10-31 01:39:11.793015] [BG] scanning blocks 921553 -> 921554
[2025-10-31 01:44:11.263315] [BG] scanning blocks 921553 -> 921554
[2025-10-31 01:44:16.601881] [BG] scanning blocks 921553 -> 921554
[2025-10-31 01:49:15.797374] [BG] scanning blocks 921554 -> 921554
[2025-10-31 01:49:20.809246] [BG] scanning blocks 921554 -> 921554
[2025-10-31 01:54:25.025654] [BG] scanning blocks 921554 -> 921555
[2025-10-31 01:54:30.030998] [BG] scanning blocks 921554 -> 921555
[2025-10-31 01:59:31.167360] [BG] scanning blocks 921554 -> 921555
[2025-10-31 01:59:34.273409] [BG] scanning blocks 921554 -> 921555
[2025-10-31 02:04:38.935481] [BG] scanning blocks 921554 -> 921555
[2025-10-31 02:04:41.002458] [BG] scanning blocks 921554 -> 921555
[2025-10-31 02:09:45.289977] [BG] scanning blocks 921554 -> 921555
[2025-10-31 02:09:47.808704] [BG] scanning blocks 921554 -> 921555
[2025-10-31 02:14:50.082545] [BG] scanning blocks 921554 -> 921555
[2025-10-31 02:14:53.391017] [BG] scanning blocks 921554 -> 921555
[2025-10-31 02:19:55.128801] [BG] scanning blocks 921554 -> 921555
[2025-10-31 02:20:03.063300] [BG] scanning blocks 921554 -> 921555
[2025-10-31 02:24:59.797237] [BG] scanning blocks 921555 -> 921555
[2025-10-31 02:25:08.203383] [BG] scanning blocks 921555 -> 921556
[2025-10-31 02:30:07.703364] [BG] scanning blocks 921555 -> 921556
[2025-10-31 02:30:12.817661] [BG] scanning blocks 921555 -> 921556
[2025-10-31 02:35:13.839363] [BG] scanning blocks 921556 -> 921556
[2025-10-31 02:35:19.186055] [BG] scanning blocks 921556 -> 921556
[2025-10-31 02:40:20.676606] [BG] scanning blocks 921556 -> 921557
[2025-10-31 02:40:25.765667] [BG] scanning blocks 921556 -> 921557
[2025-10-31 02:45:24.935230] [BG] scanning blocks 921556 -> 921557
[2025-10-31 02:45:30.071491] [BG] scanning blocks 921556 -> 921557
[2025-10-31 02:50:29.665051] [BG] scanning blocks 921556 -> 921557
[2025-10-31 02:50:35.117629] [BG] scanning blocks 921556 -> 921557
[2025-10-31 02:55:34.281462] [BG] scanning blocks 921557 -> 921557
[2025-10-31 02:55:43.991805] [BG] scanning blocks 921557 -> 921557
[2025-10-31 03:00:43.231620] [BG] scanning blocks 921558 -> 921558
[2025-10-31 03:00:53.366374] [BG] scanning blocks 921558 -> 921559
[2025-10-31 03:05:52.498206] [BG] scanning blocks 921558 -> 921559
[2025-10-31 03:05:57.451576] [BG] scanning blocks 921558 -> 921559
[2025-10-31 03:10:58.690466] [BG] scanning blocks 921560 -> 921559
[2025-10-31 03:11:03.697804] [BG] scanning blocks 921560 -> 921559
[2025-10-31 03:16:10.657089] [BG] scanning blocks 921562 -> 921561
[2025-10-31 03:16:15.229056] [BG] scanning blocks 921562 -> 921561
[2025-10-31 03:21:17.435117] [BG] scanning blocks 921564 -> 921563
[2025-10-31 03:21:23.582239] [BG] scanning blocks 921564 -> 921563
[2025-10-31 03:26:25.867134] [BG] scanning blocks 921564 -> 921565
[2025-10-31 03:26:31.620915] [BG] scanning blocks 921564 -> 921565
[2025-10-31 03:31:30.116487] [BG] scanning blocks 921564 -> 921565
[2025-10-31 03:31:39.541797] [BG] scanning blocks 921564 -> 921565
[2025-10-31 03:36:34.413988] [BG] scanning blocks 921564 -> 921565
[2025-10-31 03:36:44.782213] [BG] scanning blocks 921564 -> 921565
[2025-10-31 03:41:38.654656] [BG] scanning blocks 921564 -> 921565
[2025-10-31 03:41:49.137761] [BG] scanning blocks 921564 -> 921565
[2025-10-31 03:46:43.010350] [BG] scanning blocks 921564 -> 921565
[2025-10-31 03:46:53.601467] [BG] scanning blocks 921564 -> 921565
[2025-10-31 03:51:46.953284] [BG] scanning blocks 921564 -> 921565
[2025-10-31 03:51:57.721214] [BG] scanning blocks 921564 -> 921565
[2025-10-31 03:56:52.651852] [BG] scanning blocks 921565 -> 921565
[2025-10-31 03:57:01.692183] [BG] scanning blocks 921566 -> 921566
[2025-10-31 04:02:00.766954] [BG] scanning blocks 921566 -> 921567
[2025-10-31 04:02:09.549290] [BG] scanning blocks 921566 -> 921567
[2025-10-31 04:07:05.664533] [BG] scanning blocks 921566 -> 921567
[2025-10-31 04:07:15.296364] [BG] scanning blocks 921566 -> 921567
[2025-10-31 04:12:10.139929] [BG] scanning blocks 921567 -> 921567
[2025-10-31 04:12:20.901758] [BG] scanning blocks 921567 -> 921568
[2025-10-31 04:17:25.471401] [BG] scanning blocks 921567 -> 921568
[2025-10-31 04:17:54.529808] [BG] scanning blocks 921567 -> 921568
[2025-10-31 04:22:30.518395] [BG] scanning blocks 921567 -> 921568
[2025-10-31 04:22:58.924345] [BG] scanning blocks 921567 -> 921568
[2025-10-31 04:27:37.397673] [BG] scanning blocks 921567 -> 921568
[2025-10-31 04:28:03.415727] [BG] scanning blocks 921567 -> 921568
[2025-10-31 04:32:41.629215] [BG] scanning blocks 921567 -> 921568
[2025-10-31 04:33:07.812693] [BG] scanning blocks 921567 -> 921568
[2025-10-31 04:37:49.053049] [BG] scanning blocks 921568 -> 921568
[2025-10-31 04:38:11.931912] [BG] scanning blocks 921568 -> 921569
[2025-10-31 04:42:59.264275] [BG] scanning blocks 921568 -> 921569
[2025-10-31 04:43:15.891102] [BG] scanning blocks 921568 -> 921569
[2025-10-31 04:48:05.760726] [BG] scanning blocks 921568 -> 921569
[2025-10-31 04:48:20.271873] [BG] scanning blocks 921568 -> 921569
[2025-10-31 04:53:13.781674] [BG] scanning blocks 921568 -> 921569
[2025-10-31 04:53:28.618142] [BG] scanning blocks 921568 -> 921569
[2025-10-31 04:58:21.850577] [BG] scanning blocks 921568 -> 921569
[2025-10-31 04:58:33.512608] [BG] scanning blocks 921568 -> 921569
[2025-10-31 05:03:31.443932] [BG] scanning blocks 921568 -> 921569
[2025-10-31 05:03:39.955335] [BG] scanning blocks 921568 -> 921569
[2025-10-31 05:08:36.001270] [BG] scanning blocks 921568 -> 921569
[2025-10-31 05:08:44.700263] [BG] scanning blocks 921568 -> 921569
[2025-10-31 05:13:40.183746] [BG] scanning blocks 921568 -> 921569
[2025-10-31 05:13:48.762521] [BG] scanning blocks 921568 -> 921569
[2025-10-31 05:18:46.386488] [BG] scanning blocks 921569 -> 921569
[2025-10-31 05:18:53.044342] [BG] scanning blocks 921569 -> 921570
[2025-10-31 05:23:57.219367] [BG] scanning blocks 921570 -> 921570
[2025-10-31 05:23:57.459367] [BG] scanning blocks 921570 -> 921570
[2025-10-31 05:29:04.660590] [BG] scanning blocks 921570 -> 921571
[2025-10-31 05:29:08.478860] [BG] scanning blocks 921570 -> 921571
[2025-10-31 05:34:09.248324] [BG] scanning blocks 921570 -> 921571
[2025-10-31 05:34:13.516598] [BG] scanning blocks 921570 -> 921571
[2025-10-31 05:39:13.801362] [BG] scanning blocks 921572 -> 921571
[2025-10-31 05:39:19.573519] [BG] scanning blocks 921572 -> 921571
[2025-10-31 05:44:22.223078] [BG] scanning blocks 921574 -> 921573
[2025-10-31 05:44:29.015820] [BG] scanning blocks 921574 -> 921573
[2025-10-31 05:49:34.141235] [BG] scanning blocks 921574 -> 921575
[2025-10-31 05:49:40.130762] [BG] scanning blocks 921574 -> 921575
[2025-10-31 05:54:38.155330] [BG] scanning blocks 921575 -> 921575
[2025-10-31 05:54:44.669149] [BG] scanning blocks 921575 -> 921576
[2025-10-31 05:59:44.882153] [BG] scanning blocks 921576 -> 921576
[2025-10-31 05:59:51.293315] [BG] scanning blocks 921576 -> 921576
[2025-10-31 06:04:53.043236] [BG] scanning blocks 921576 -> 921577
[2025-10-31 06:04:58.944785] [BG] scanning blocks 921576 -> 921577
[2025-10-31 06:09:58.126323] [BG] scanning blocks 921576 -> 921577
[2025-10-31 06:10:06.165034] [BG] scanning blocks 921576 -> 921577
[2025-10-31 06:15:06.459481] [BG] scanning blocks 921576 -> 921577
[2025-10-31 06:15:11.000065] [BG] scanning blocks 921576 -> 921577
[2025-10-31 06:20:11.462598] [BG] scanning blocks 921576 -> 921577
[2025-10-31 06:20:15.889993] [BG] scanning blocks 921576 -> 921577
[2025-10-31 06:25:16.467512] [BG] scanning blocks 921577 -> 921577
[2025-10-31 06:25:22.814638] [BG] scanning blocks 921577 -> 921577
[2025-10-31 06:31:05.999156] [BG] scanning blocks 921577 -> 921578
[2025-10-31 06:31:36.414297] [BG] scanning blocks 921577 -> 921578
[2025-10-31 06:36:10.230341] [BG] scanning blocks 921578 -> 921578
[2025-10-31 06:36:42.810710] [BG] scanning blocks 921578 -> 921579
[2025-10-31 06:41:16.820410] [BG] scanning blocks 921578 -> 921579
[2025-10-31 06:41:49.241646] [BG] scanning blocks 921578 -> 921579
[2025-10-31 06:46:21.229680] [BG] scanning blocks 921578 -> 921579
[2025-10-31 06:46:55.173868] [BG] scanning blocks 921578 -> 921579
[2025-10-31 06:51:50.162068] [BG] scanning blocks 921578 -> 921579
[2025-10-31 06:52:01.543770] [BG] scanning blocks 921578 -> 921579
[2025-10-31 06:56:54.425149] [BG] scanning blocks 921579 -> 921579
[2025-10-31 06:57:06.640850] [BG] scanning blocks 921579 -> 921580
[2025-10-31 07:02:02.462623] [BG] scanning blocks 921579 -> 921580
[2025-10-31 07:02:14.062267] [BG] scanning blocks 921579 -> 921580
[2025-10-31 07:07:07.383123] [BG] scanning blocks 921580 -> 921580
[2025-10-31 07:07:18.744986] [BG] scanning blocks 921580 -> 921581
[2025-10-31 07:12:14.131940] [BG] scanning blocks 921582 -> 921581
[2025-10-31 07:12:22.800553] [BG] scanning blocks 921582 -> 921583
[2025-10-31 07:17:21.934421] [BG] scanning blocks 921582 -> 921583
[2025-10-31 07:17:33.766081] [BG] scanning blocks 921582 -> 921583
[2025-10-31 07:22:26.424555] [BG] scanning blocks 921582 -> 921583
[2025-10-31 07:22:38.517454] [BG] scanning blocks 921582 -> 921583
[2025-10-31 07:27:30.850393] [BG] scanning blocks 921584 -> 921583
[2025-10-31 07:27:43.200271] [BG] scanning blocks 921584 -> 921585
[2025-10-31 07:32:42.055254] [BG] scanning blocks 921585 -> 921585
[2025-10-31 07:32:48.919799] [BG] scanning blocks 921585 -> 921586
[2025-10-31 07:37:49.628636] [BG] scanning blocks 921587 -> 921586
[2025-10-31 07:37:53.872148] [BG] scanning blocks 921587 -> 921586
[2025-10-31 07:42:57.727679] [BG] scanning blocks 921587 -> 921588
[2025-10-31 07:43:05.037548] [BG] scanning blocks 921587 -> 921588
[2025-10-31 07:48:02.315783] [BG] scanning blocks 921587 -> 921588
[2025-10-31 07:48:10.012843] [BG] scanning blocks 921587 -> 921588
[2025-10-31 07:53:06.380533] [BG] scanning blocks 921587 -> 921588
[2025-10-31 07:53:14.978957] [BG] scanning blocks 921587 -> 921588
[2025-10-31 07:58:10.625802] [BG] scanning blocks 921587 -> 921588
[2025-10-31 07:58:19.793520] [BG] scanning blocks 921587 -> 921588
[2025-10-31 08:03:15.016351] [BG] scanning blocks 921587 -> 921588
[2025-10-31 08:03:24.480542] [BG] scanning blocks 921587 -> 921588
[2025-10-31 08:08:19.381638] [BG] scanning blocks 921587 -> 921588
[2025-10-31 08:08:31.521550] [BG] scanning blocks 921587 -> 921588
[2025-10-31 08:13:23.810003] [BG] scanning blocks 921587 -> 921588
[2025-10-31 08:13:37.940292] [BG] scanning blocks 921587 -> 921588
[2025-10-31 08:18:30.443751] [BG] scanning blocks 921587 -> 921588
[2025-10-31 08:18:42.281911] [BG] scanning blocks 921587 -> 921588
[2025-10-31 08:23:38.379488] [BG] scanning blocks 921587 -> 921588
[2025-10-31 08:23:46.651632] [BG] scanning blocks 921587 -> 921588
[2025-10-31 08:28:42.454721] [BG] scanning blocks 921588 -> 921588
[2025-10-31 08:28:52.794478] [BG] scanning blocks 921588 -> 921589
[2025-10-31 08:33:49.677137] [BG] scanning blocks 921588 -> 921589
[2025-10-31 08:33:58.930314] [BG] scanning blocks 921588 -> 921589
[2025-10-31 08:38:51.126819] [BG] error: Expecting value: line 1 column 1 (char 0)
[2025-10-31 08:39:00.562999] [BG] error: Expecting value: line 1 column 1 (char 0)
[2025-10-31 08:43:52.571776] [BG] error: Expecting value: line 1 column 1 (char 0)
[2025-10-31 08:44:02.444470] [BG] error: Expecting value: line 1 column 1 (char 0)
[2025-10-31 08:48:53.839640] [BG] error: Expecting value: line 1 column 1 (char 0)
[2025-10-31 08:49:03.756354] [BG] error: Expecting value: line 1 column 1 (char 0)
[2025-10-31 08:53:54.867836] [BG] error: Expecting value: line 1 column 1 (char 0)
[2025-10-31 08:54:05.038838] [BG] error: Expecting value: line 1 column 1 (char 0)
[2025-10-31 08:58:56.804495] [BG] error: Expecting value: line 1 column 1 (char 0)
[2025-10-31 08:59:06.350721] [BG] error: Expecting value: line 1 column 1 (char 0)
[2025-10-31 09:03:57.870682] [BG] error: Expecting value: line 1 column 1 (char 0)
[2025-10-31 09:04:07.816291] [BG] error: Expecting value: line 1 column 1 (char 0)
[2025-10-31 09:08:59.060876] [BG] error: Expecting value: line 1 column 1 (char 0)
[2025-10-31 09:09:08.851239] [BG] error: Expecting value: line 1 column 1 (char 0)
[2025-10-31 09:14:10.634113] [BG] scanning blocks 921589 -> 921589
[2025-10-31 09:14:14.495460] [BG] scanning blocks 921589 -> 921589
[2025-10-31 09:14:25.150355] [BG] error: HTTPSConnectionPool(host='blockchain.info', port=443): Read timed out. (read timeout=10)
[2025-10-31 09:19:29.931692] [BG] scanning blocks 921589 -> 921590
[2025-10-31 09:20:11.077257] [BG] scanning blocks 921589 -> 921590
[2025-10-31 09:24:38.025761] [BG] scanning blocks 921589 -> 921590
[2025-10-31 09:25:16.186021] [BG] scanning blocks 921589 -> 921590
[2025-10-31 09:29:42.876112] [BG] scanning blocks 921593 -> 921590
[2025-10-31 09:30:01.802015] [BG] error: HTTPSConnectionPool(host='blockchain.info', port=443): Read timed out. (read timeout=10)
[2025-10-31 09:30:20.552337] [BG] scanning blocks 921593 -> 921590
[2025-10-31 09:30:31.320374] [BG] error: HTTPSConnectionPool(host='blockchain.info', port=443): Read timed out. (read timeout=10)
[2025-10-31 09:35:07.023274] [BG] scanning blocks 921593 -> 921590
[2025-10-31 09:35:25.104199] [BG] error: HTTPSConnectionPool(host='blockchain.info', port=443): Read timed out. (read timeout=10)
[2025-10-31 09:35:36.121533] [BG] scanning blocks 921594 -> 921590
[2025-10-31 09:35:50.347946] [BG] error: HTTPSConnectionPool(host='blockchain.info', port=443): Read timed out. (read timeout=10)
[2025-10-31 09:40:29.489595] [BG] scanning blocks 921594 -> 921590
[2025-10-31 09:40:55.470281] [BG] scanning blocks 921594 -> 921590
[2025-10-31 09:41:09.844266] [BG] error: HTTPSConnectionPool(host='blockchain.info', port=443): Read timed out. (read timeout=10)
[2025-10-31 09:45:58.436808] [BG] scanning blocks 921595 -> 921595
[2025-10-31 09:46:09.596763] [BG] error: HTTPSConnectionPool(host='blockchain.info', port=443): Read timed out. (read timeout=10)
[2025-10-31 09:46:14.396440] [BG] scanning blocks 921595 -> 921595
[2025-10-31 09:46:25.233159] [BG] error: HTTPSConnectionPool(host='blockchain.info', port=443): Read timed out. (read timeout=10)
[2025-10-31 09:51:14.182182] [BG] scanning blocks 921597 -> 921595
[2025-10-31 09:51:29.588524] [BG] scanning blocks 921597 -> 921595
[2025-10-31 09:51:36.866201] [BG] error: Expecting value: line 1 column 1 (char 0)
[2025-10-31 09:56:39.612861] [BG] scanning blocks 921597 -> 921598
[2025-10-31 09:56:41.316850] [BG] scanning blocks 921597 -> 921598
[2025-10-31 10:01:44.554650] [BG] scanning blocks 921598 -> 921598
[2025-10-31 10:01:45.876877] [BG] scanning blocks 921598 -> 921598
[2025-10-31 10:06:54.052447] [BG] scanning blocks 921598 -> 921599
[2025-10-31 10:06:59.680108] [BG] scanning blocks 921598 -> 921599
[2025-10-31 10:11:59.143202] [BG] scanning blocks 921598 -> 921599
[2025-10-31 10:12:04.942487] [BG] scanning blocks 921598 -> 921599
[2025-10-31 10:17:03.899624] [BG] scanning blocks 921598 -> 921599
[2025-10-31 10:17:10.478675] [BG] scanning blocks 921598 -> 921599
[2025-10-31 10:22:08.593844] [BG] scanning blocks 921599 -> 921599
[2025-10-31 10:22:15.749932] [BG] scanning blocks 921599 -> 921599
[2025-10-31 10:27:19.083404] [BG] scanning blocks 921600 -> 921600
[2025-10-31 10:27:26.238418] [BG] scanning blocks 921600 -> 921601
[2025-10-31 10:32:26.653516] [BG] scanning blocks 921601 -> 921601
[2025-10-31 10:32:31.005809] [BG] scanning blocks 921601 -> 921601
[2025-10-31 10:37:33.940075] [BG] scanning blocks 921601 -> 921602
[2025-10-31 10:37:48.364586] [BG] scanning blocks 921601 -> 921602
[2025-10-31 10:42:40.204179] [BG] scanning blocks 921601 -> 921602
[2025-10-31 10:42:56.226103] [BG] scanning blocks 921601 -> 921602
[2025-10-31 10:47:45.221528] [BG] scanning blocks 921601 -> 921602
[2025-10-31 10:48:01.265413] [BG] scanning blocks 921601 -> 921602
[2025-10-31 10:52:49.906726] [BG] scanning blocks 921602 -> 921602
[2025-10-31 10:53:07.967304] [BG] scanning blocks 921602 -> 921603
[2025-10-31 10:58:13.026836] [BG] scanning blocks 921602 -> 921603
[2025-10-31 10:58:49.744828] [BG] scanning blocks 921602 -> 921603
[2025-10-31 11:03:18.565777] [BG] scanning blocks 921602 -> 921603
[2025-10-31 11:03:54.944705] [BG] scanning blocks 921602 -> 921603
[2025-10-31 11:08:25.311480] [BG] scanning blocks 921602 -> 921603
[2025-10-31 11:09:01.342661] [BG] scanning blocks 921602 -> 921603
[2025-10-31 11:13:31.465056] [BG] scanning blocks 921602 -> 921603
[2025-10-31 11:14:05.481789] [BG] scanning blocks 921602 -> 921603
[2025-10-31 11:18:40.149975] [BG] scanning blocks 921602 -> 921603
[2025-10-31 11:19:10.417565] [BG] scanning blocks 921602 -> 921603
[2025-10-31 11:23:45.651590] [BG] scanning blocks 921603 -> 921603
[2025-10-31 11:24:14.758446] [BG] scanning blocks 921603 -> 921604
[2025-10-31 11:28:56.267355] [BG] scanning blocks 921603 -> 921604
[2025-10-31 11:29:20.961069] [BG] scanning blocks 921603 -> 921604
[2025-10-31 11:34:05.611093] [BG] scanning blocks 921604 -> 921604
[2025-10-31 11:34:25.590016] [BG] scanning blocks 921604 -> 921605
[2025-10-31 11:39:15.773689] [BG] scanning blocks 921605 -> 921605
[2025-10-31 11:39:30.300645] [BG] scanning blocks 921605 -> 921606
[2025-10-31 11:44:25.933286] [BG] scanning blocks 921605 -> 921606
[2025-10-31 11:44:34.729330] [BG] scanning blocks 921605 -> 921606
[2025-10-31 11:49:30.046796] [BG] scanning blocks 921606 -> 921606
[2025-10-31 11:49:39.417350] [BG] scanning blocks 921606 -> 921607
[2025-10-31 11:54:37.981395] [BG] scanning blocks 921607 -> 921607
[2025-10-31 11:54:44.061754] [BG] scanning blocks 921607 -> 921607
[2025-10-31 11:59:46.730676] [BG] scanning blocks 921608 -> 921608
[2025-10-31 11:59:52.382941] [BG] scanning blocks 921608 -> 921609
[2025-10-31 12:04:53.452497] [BG] scanning blocks 921608 -> 921609
[2025-10-31 12:04:57.067970] [BG] scanning blocks 921608 -> 921609
[2025-10-31 12:09:58.116771] [BG] scanning blocks 921608 -> 921609
[2025-10-31 12:10:01.861777] [BG] scanning blocks 921608 -> 921609
[2025-10-31 12:15:02.776008] [BG] scanning blocks 921608 -> 921609
[2025-10-31 12:15:06.714340] [BG] scanning blocks 921608 -> 921609
[2025-10-31 12:20:07.724362] [BG] scanning blocks 921609 -> 921609
[2025-10-31 12:20:11.925178] [BG] scanning blocks 921609 -> 921609
[2025-10-31 12:25:18.515920] [BG] scanning blocks 921609 -> 921610
[2025-10-31 12:25:20.433742] [BG] scanning blocks 921609 -> 921610
[2025-10-31 12:30:30.474181] [BG] scanning blocks 921609 -> 921610
[2025-10-31 12:30:33.755690] [BG] scanning blocks 921609 -> 921610
[2025-10-31 12:35:37.563997] [BG] scanning blocks 921612 -> 921610
[2025-10-31 12:35:41.511868] [BG] scanning blocks 921612 -> 921610
[2025-10-31 12:40:59.414080] [BG] scanning blocks 921613 -> 921613
[2025-10-31 12:40:59.827934] [BG] scanning blocks 921613 -> 921613
[2025-10-31 12:46:09.558917] [BG] scanning blocks 921613 -> 921614
[2025-10-31 12:46:11.210937] [BG] scanning blocks 921613 -> 921614
[2025-10-31 12:51:15.326617] [BG] scanning blocks 921614 -> 921614
[2025-10-31 12:51:16.889279] [BG] scanning blocks 921614 -> 921614
[2025-10-31 12:56:27.987241] [BG] scanning blocks 921615 -> 921615
[2025-10-31 12:56:28.446243] [BG] scanning blocks 921615 -> 921615
[2025-10-31 13:01:37.317393] [BG] scanning blocks 921615 -> 921616
[2025-10-31 13:01:38.833501] [BG] scanning blocks 921615 -> 921616
[2025-10-31 13:06:43.548453] [BG] scanning blocks 921615 -> 921616
[2025-10-31 13:06:44.719707] [BG] scanning blocks 921615 -> 921616
[2025-10-31 13:11:50.446239] [BG] scanning blocks 921616 -> 921616
[2025-10-31 13:11:51.034246] [BG] scanning blocks 921616 -> 921616
[2025-10-31 13:17:05.864009] [BG] scanning blocks 921616 -> 921617
[2025-10-31 13:17:11.831162] [BG] scanning blocks 921616 -> 921617
[2025-10-31 13:22:12.709565] [BG] scanning blocks 921617 -> 921617
[2025-10-31 13:22:20.293938] [BG] scanning blocks 921617 -> 921617
[2025-10-31 13:27:22.212287] [BG] scanning blocks 921618 -> 921618
[2025-10-31 13:27:38.760135] [BG] scanning blocks 921618 -> 921619
[2025-10-31 13:32:36.944519] [BG] scanning blocks 921619 -> 921619
[2025-10-31 13:32:46.496802] [BG] scanning blocks 921619 -> 921620
[2025-10-31 13:37:47.400291] [BG] scanning blocks 921619 -> 921620
[2025-10-31 13:37:53.833497] [BG] scanning blocks 921619 -> 921620
[2025-10-31 13:42:53.033716] [BG] scanning blocks 921619 -> 921620
[2025-10-31 13:43:01.609125] [BG] scanning blocks 921619 -> 921620
[2025-10-31 13:45:59.767191] [BG] scanning blocks 921619 -> 921620
[2025-10-31 13:48:00.301220] [BG] scanning blocks 921619 -> 921620
[2025-10-31 13:48:09.324297] [BG] scanning blocks 921619 -> 921620
[2025-10-31 13:51:07.114081] [BG] scanning blocks 921619 -> 921620
[2025-10-31 14:05:11.336050] [BG] scanning blocks 921620 -> 921620
[2025-10-31 14:10:24.905223] [BG] scanning blocks 921622 -> 921621
[2025-10-31 14:16:15.327973] [BG] scanning blocks 921622 -> 921623
[2025-10-31 14:21:25.385416] [BG] scanning blocks 921622 -> 921623
[2025-10-31 14:26:48.218464] [BG] scanning blocks 921622 -> 921623
[2025-10-31 14:31:56.676302] [BG] scanning blocks 921623 -> 921623
[2025-10-31 14:37:15.028636] [BG] scanning blocks 921623 -> 921624
[2025-10-31 14:40:10.625145] [BG] scanning blocks 921623 -> 921624
[2025-10-31 14:42:26.094624] [BG] scanning blocks 921623 -> 921624
[2025-10-31 14:45:24.871346] [BG] scanning blocks 921623 -> 921624
[2025-10-31 14:46:12.933227] [BG] scanning blocks 921623 -> 921624
[2025-10-31 14:47:36.370284] [BG] scanning blocks 921623 -> 921624
[2025-10-31 14:50:32.123165] [BG] scanning blocks 921623 -> 921624
[2025-10-31 14:52:33.878649] [BG] scanning blocks 921623 -> 921624
[2025-10-31 14:57:38.827161] [BG] scanning blocks 921624 -> 921624
[2025-10-31 15:02:47.424195] [BG] scanning blocks 921624 -> 921625
[2025-10-31 15:07:54.168767] [BG] scanning blocks 921624 -> 921625
[2025-10-31 15:13:00.580902] [BG] scanning blocks 921624 -> 921625
[2025-10-31 15:18:06.887575] [BG] scanning blocks 921624 -> 921625
[2025-10-31 15:23:15.550171] [BG] scanning blocks 921624 -> 921625
[2025-10-31 15:28:22.692333] [BG] scanning blocks 921624 -> 921625
[2025-10-31 15:30:13.663163] [BG] scanning blocks 921624 -> 921625
[2025-10-31 15:33:28.012593] [BG] scanning blocks 921624 -> 921625
[2025-10-31 15:35:18.668481] [BG] scanning blocks 921624 -> 921625
[2025-10-31 15:38:32.621074] [BG] scanning blocks 921624 -> 921625
[2025-10-31 15:40:25.479572] [BG] scanning blocks 921624 -> 921625
[2025-10-31 15:43:37.181158] [BG] scanning blocks 921624 -> 921625
[2025-10-31 15:45:34.519423] [BG] scanning blocks 921624 -> 921625
[2025-10-31 15:48:44.274762] [BG] scanning blocks 921624 -> 921625
[2025-10-31 15:49:12.587629] [BG] scanning blocks 921624 -> 921625
[2025-10-31 15:50:42.261364] [BG] scanning blocks 921624 -> 921625
[2025-10-31 15:53:53.594061] [BG] scanning blocks 921625 -> 921625
[2025-10-31 15:54:36.097220] [BG] scanning blocks 921627 -> 921626
[2025-10-31 15:55:14.870485] [BG] scanning blocks 921627 -> 921628
[2025-10-31 15:55:50.710558] [BG] scanning blocks 921627 -> 921628
[2025-10-31 15:59:06.388350] [BG] scanning blocks 921627 -> 921628
[2025-10-31 15:59:55.679874] [BG] scanning blocks 921627 -> 921628
[2025-10-31 16:00:21.565225] [BG] scanning blocks 921627 -> 921628
[2025-10-31 16:00:58.785670] [BG] scanning blocks 921627 -> 921628
[2025-10-31 16:04:11.810232] [BG] scanning blocks 921627 -> 921628
[2025-10-31 16:05:02.492656] [BG] scanning blocks 921627 -> 921628
[2025-10-31 16:05:30.988079] [BG] scanning blocks 921627 -> 921628
[2025-10-31 16:06:07.692566] [BG] scanning blocks 921627 -> 921628
[2025-10-31 16:06:53.028876] [BG] scanning blocks 921627 -> 921628
[2025-10-31 16:09:17.398785] [BG] scanning blocks 921627 -> 921628
[2025-10-31 16:10:09.358415] [BG] scanning blocks 921628 -> 921628
[2025-10-31 16:10:41.315903] [BG] scanning blocks 921628 -> 921629
[2025-10-31 16:11:17.708476] [BG] scanning blocks 921628 -> 921629
[2025-10-31 16:12:02.020660] [BG] scanning blocks 921628 -> 921629
[2025-10-31 16:13:14.853657] [BG] scanning blocks 921628 -> 921629
[2025-10-31 16:14:26.442299] [BG] scanning blocks 921628 -> 921629
[2025-10-31 16:15:35.605154] [BG] scanning blocks 921628 -> 921629
[2025-10-31 16:15:52.872238] [BG] scanning blocks 921628 -> 921629
[2025-10-31 16:16:26.276941] [BG] scanning blocks 921628 -> 921629
[2025-10-31 16:17:09.885580] [BG] scanning blocks 921628 -> 921629
[2025-10-31 16:18:21.214908] [BG] scanning blocks 921628 -> 921629
[2025-10-31 16:19:37.253025] [BG] scanning blocks 921628 -> 921629
[2025-10-31 16:20:02.700979] [BG] scanning blocks 921628 -> 921629
[2025-10-31 16:20:45.541331] [BG] scanning blocks 921628 -> 921629
[2025-10-31 16:21:05.136185] [BG] scanning blocks 921628 -> 921629
[2025-10-31 16:21:37.868140] [BG] scanning blocks 921628 -> 921629
[2025-10-31 16:22:18.450801] [BG] scanning blocks 921628 -> 921629
[2025-10-31 16:23:29.290130] [BG] scanning blocks 921628 -> 921629
[2025-10-31 16:24:44.088976] [BG] scanning blocks 921628 -> 921629
[2025-10-31 16:25:09.368189] [BG] scanning blocks 921628 -> 921629
[2025-10-31 16:25:56.043064] [BG] scanning blocks 921628 -> 921629
[2025-10-31 16:26:19.164284] [BG] scanning blocks 921628 -> 921629
[2025-10-31 16:27:01.197829] [BG] scanning blocks 921628 -> 921629
[2025-10-31 16:27:38.690314] [BG] scanning blocks 921628 -> 921629
[2025-10-31 16:27:39.352999] [BG] scanning blocks 921628 -> 921629
[2025-10-31 16:28:45.225644] [BG] scanning blocks 921628 -> 921629
[2025-10-31 16:30:00.487907] [BG] scanning blocks 921628 -> 921629
[2025-10-31 16:30:30.158764] [BG] scanning blocks 921629 -> 921629
[2025-10-31 16:31:14.456601] [BG] scanning blocks 921629 -> 921630
[2025-10-31 16:31:48.892462] [BG] scanning blocks 921629 -> 921630
[2025-10-31 16:32:19.006864] [BG] scanning blocks 921629 -> 921630
[2025-10-31 16:32:55.384537] [BG] scanning blocks 921630 -> 921630
[2025-10-31 16:32:55.826536] [BG] scanning blocks 921630 -> 921630
[2025-10-31 16:34:17.689616] [BG] scanning blocks 921630 -> 921631
[2025-10-31 16:34:17.806591] [BG] scanning blocks 921630 -> 921631
[2025-10-31 16:35:24.388929] [BG] scanning blocks 921630 -> 921631
[2025-10-31 16:36:06.400793] [BG] scanning blocks 921630 -> 921631
[2025-10-31 16:36:33.738007] [BG] scanning blocks 921630 -> 921631
[2025-10-31 16:37:22.914661] [BG] scanning blocks 921630 -> 921631
[2025-10-31 16:39:28.108237] [BG] scanning blocks 921630 -> 921631
[2025-10-31 16:42:34.100323] [BG] scanning blocks 921630 -> 921631
[2025-10-31 16:44:45.704652] [BG] scanning blocks 921630 -> 921631
[2025-10-31 16:47:51.713434] [BG] scanning blocks 921631 -> 921631
[2025-10-31 16:49:36.336916] [BG] scanning blocks 921631 -> 921632
[2025-10-31 16:54:51.810427] [BG] scanning blocks 921631 -> 921632
[2025-10-31 17:00:08.144672] [BG] scanning blocks 921631 -> 921632
[2025-10-31 17:13:08.091106] [BG] scanning blocks 921633 -> 921632
[2025-10-31 17:18:31.503615] [BG] scanning blocks 921633 -> 921634
[2025-10-31 17:23:38.532183] [BG] scanning blocks 921635 -> 921634
[2025-10-31 17:28:55.380199] [BG] scanning blocks 921636 -> 921636
[2025-10-31 17:32:10.116906] [BG] scanning blocks 921636 -> 921637
[2025-10-31 17:34:06.955920] [BG] scanning blocks 921636 -> 921637
[2025-10-31 17:37:16.651754] [BG] scanning blocks 921636 -> 921637
[2025-10-31 17:39:13.622520] [BG] scanning blocks 921637 -> 921637
[2025-10-31 17:42:23.160553] [BG] scanning blocks 921637 -> 921638
[2025-10-31 17:42:42.099519] [BG] scanning blocks 921637 -> 921638
[2025-10-31 17:44:34.724928] [BG] scanning blocks 921637 -> 921638
[2025-10-31 17:47:30.331715] [BG] scanning blocks 921638 -> 921638
[2025-10-31 17:47:49.038138] [BG] scanning blocks 921638 -> 921639
[2025-10-31 17:49:41.824947] [BG] scanning blocks 921638 -> 921639
[2025-10-31 17:52:49.060896] [BG] scanning blocks 921638 -> 921639
[2025-10-31 17:52:54.839088] [BG] scanning blocks 921638 -> 921639
