timestamp,BTC,ETH,Others
2025-09-27 17:13:57,56.41024129101283,12.487809592858548,31.101949116128623
2025-09-27 17:14:58,56.41024129101283,12.487809592858548,31.101949116128623
2025-09-27 17:15:12,56.41024129101283,12.487809592858548,31.101949116128623
2025-09-27 17:15:41,56.41024129101283,12.487809592858548,31.101949116128623
2025-09-27 17:15:58,56.41024129101283,12.487809592858548,31.101949116128623
2025-09-27 17:16:13,56.41024129101283,12.487809592858548,31.101949116128623
2025-09-27 17:16:42,56.41024129101283,12.487809592858548,31.101949116128623
2025-09-27 17:16:47,56.41024129101283,12.487809592858548,31.101949116128623
2025-09-27 17:16:59,56.41024129101283,12.487809592858548,31.101949116128623
2025-09-27 17:17:14,56.41024129101283,12.487809592858548,31.101949116128623
2025-09-27 17:17:43,56.41024129101283,12.487809592858548,31.101949116128623
2025-09-27 17:18:00,56.41024129101283,12.487809592858548,31.101949116128623
2025-09-27 17:18:15,56.41024129101283,12.487809592858548,31.101949116128623
2025-09-27 17:18:43,56.41024129101283,12.487809592858548,31.101949116128623
2025-09-27 17:18:53,56.41024129101283,12.487809592858548,31.101949116128623
2025-09-27 17:20:01,56.41667690680551,12.48301448820808,31.100308604986417
2025-09-27 17:20:16,56.41667690680551,12.48301448820808,31.100308604986417
2025-09-27 17:20:45,56.41667690680551,12.48301448820808,31.100308604986417
2025-09-27 17:21:02,56.41667690680551,12.48301448820808,31.100308604986417
2025-09-27 17:21:17,56.41667690680551,12.48301448820808,31.100308604986417
2025-09-27 17:21:45,56.41667690680551,12.48301448820808,31.100308604986417
2025-09-27 17:22:03,56.41667690680551,12.48301448820808,31.100308604986417
2025-09-27 17:22:17,56.41667690680551,12.48301448820808,31.100308604986417
2025-09-27 17:22:31,56.41667690680551,12.48301448820808,31.100308604986417
2025-09-27 17:22:46,56.41667690680551,12.48301448820808,31.100308604986417
2025-09-27 17:23:03,56.41667690680551,12.48301448820808,31.100308604986417
2025-09-27 17:23:18,56.41667690680551,12.48301448820808,31.100308604986417
2025-09-27 17:23:47,56.41667690680551,12.48301448820808,31.100308604986417
2025-09-27 17:23:49,56.41667690680551,12.48301448820808,31.100308604986417
2025-09-27 17:24:04,56.41667690680551,12.48301448820808,31.100308604986417
2025-09-27 17:24:19,56.41667690680551,12.48301448820808,31.100308604986417
2025-09-27 17:24:48,56.41667690680551,12.48301448820808,31.100308604986417
2025-09-27 17:25:05,56.41667690680551,12.48301448820808,31.100308604986417
2025-09-27 17:25:19,56.41667690680551,12.48301448820808,31.100308604986417
2025-09-27 17:25:48,56.41667690680551,12.48301448820808,31.100308604986417
2025-09-27 17:26:05,56.41667690680551,12.48301448820808,31.100308604986417
2025-09-27 17:26:15,56.41667690680551,12.48301448820808,31.100308604986417
2025-09-27 17:27:21,56.41667690680551,12.48301448820808,31.100308604986417
2025-09-27 17:27:49,56.41667690680551,12.48301448820808,31.100308604986417
2025-09-27 17:28:07,56.41667690680551,12.48301448820808,31.100308604986417
2025-09-27 17:28:21,56.41667690680551,12.48301448820808,31.100308604986417
2025-09-27 17:28:49,56.41667690680551,12.48301448820808,31.100308604986417
2025-09-27 17:28:50,56.41667690680551,12.48301448820808,31.100308604986417
2025-09-27 17:29:07,56.41667690680551,12.48301448820808,31.100308604986417
2025-09-27 17:29:22,56.41667690680551,12.48301448820808,31.100308604986417
2025-09-27 17:29:51,56.42780211417263,12.480620178767923,31.091577707059447
2025-09-27 17:30:08,56.42780211417263,12.480620178767923,31.091577707059447
2025-09-27 17:30:23,56.42780211417263,12.480620178767923,31.091577707059447
2025-09-27 17:30:52,56.42780211417263,12.480620178767923,31.091577707059447
2025-09-27 17:31:09,56.42780211417263,12.480620178767923,31.091577707059447
2025-09-27 17:31:23,56.42780211417263,12.480620178767923,31.091577707059447
2025-09-27 17:31:52,56.42780211417263,12.480620178767923,31.091577707059447
2025-09-27 17:32:09,56.42780211417263,12.480620178767923,31.091577707059447
2025-09-27 17:32:24,56.42780211417263,12.480620178767923,31.091577707059447
2025-09-27 17:32:53,56.42780211417263,12.480620178767923,31.091577707059447
2025-09-27 17:33:10,56.42780211417263,12.480620178767923,31.091577707059447
2025-09-27 17:33:15,56.42780211417263,12.480620178767923,31.091577707059447
2025-09-27 17:33:25,56.42780211417263,12.480620178767923,31.091577707059447
2025-09-27 17:33:54,56.42780211417263,12.480620178767923,31.091577707059447
2025-09-27 17:34:11,56.42780211417263,12.480620178767923,31.091577707059447
2025-09-27 17:34:26,56.42780211417263,12.480620178767923,31.091577707059447
2025-09-27 17:34:54,56.42780211417263,12.480620178767923,31.091577707059447
2025-09-27 17:35:12,56.42780211417263,12.480620178767923,31.091577707059447
2025-09-27 17:35:26,56.42780211417263,12.480620178767923,31.091577707059447
2025-09-27 17:35:55,56.42780211417263,12.480620178767923,31.091577707059447
2025-09-27 17:36:12,56.42780211417263,12.480620178767923,31.091577707059447
2025-09-27 17:36:27,56.42780211417263,12.480620178767923,31.091577707059447
2025-09-27 17:36:56,56.42780211417263,12.480620178767923,31.091577707059447
2025-09-27 17:37:13,56.42780211417263,12.480620178767923,31.091577707059447
2025-09-27 17:37:28,56.42780211417263,12.480620178767923,31.091577707059447
2025-09-27 17:37:57,56.42780211417263,12.480620178767923,31.091577707059447
2025-09-27 17:38:14,56.42780211417263,12.480620178767923,31.091577707059447
2025-09-27 17:38:29,56.42780211417263,12.480620178767923,31.091577707059447
2025-09-27 17:38:31,56.42780211417263,12.480620178767923,31.091577707059447
2025-09-27 17:38:57,56.42780211417263,12.480620178767923,31.091577707059447
2025-09-27 17:39:15,56.42780211417263,12.480620178767923,31.091577707059447
2025-09-27 17:39:29,56.4049115847408,12.509583441969449,31.08550497328975
2025-09-27 17:39:58,56.4049115847408,12.509583441969449,31.08550497328975
2025-09-27 17:40:15,56.4049115847408,12.509583441969449,31.08550497328975
2025-09-27 17:40:30,56.4049115847408,12.509583441969449,31.08550497328975
2025-09-27 17:40:59,56.4049115847408,12.509583441969449,31.08550497328975
2025-09-27 17:41:16,56.4049115847408,12.509583441969449,31.08550497328975
2025-09-27 17:41:31,56.4049115847408,12.509583441969449,31.08550497328975
2025-09-27 17:41:59,56.4049115847408,12.509583441969449,31.08550497328975
2025-09-27 17:42:17,56.4049115847408,12.509583441969449,31.08550497328975
2025-09-27 17:42:31,56.4049115847408,12.509583441969449,31.08550497328975
2025-09-27 17:43:00,56.4049115847408,12.509583441969449,31.08550497328975
2025-09-27 17:43:17,56.4049115847408,12.509583441969449,31.08550497328975
2025-09-27 17:43:32,56.4049115847408,12.509583441969449,31.08550497328975
2025-09-27 17:44:01,56.4049115847408,12.509583441969449,31.08550497328975
2025-09-27 17:44:18,56.4049115847408,12.509583441969449,31.08550497328975
2025-09-27 17:44:33,56.4049115847408,12.509583441969449,31.08550497328975
2025-09-27 17:45:02,56.4049115847408,12.509583441969449,31.08550497328975
2025-09-27 17:45:19,56.4049115847408,12.509583441969449,31.08550497328975
2025-09-27 17:45:34,56.4049115847408,12.509583441969449,31.08550497328975
2025-09-27 17:46:02,56.4049115847408,12.509583441969449,31.08550497328975
2025-09-27 17:46:20,56.4049115847408,12.509583441969449,31.08550497328975
2025-09-27 17:46:34,56.4049115847408,12.509583441969449,31.08550497328975
2025-09-27 17:47:03,56.4049115847408,12.509583441969449,31.08550497328975
2025-09-27 17:47:20,56.4049115847408,12.509583441969449,31.08550497328975
2025-09-27 17:47:35,56.4049115847408,12.509583441969449,31.08550497328975
2025-09-27 17:48:04,56.4049115847408,12.509583441969449,31.08550497328975
2025-09-27 17:48:21,56.4049115847408,12.509583441969449,31.08550497328975
2025-09-27 17:48:36,56.4049115847408,12.509583441969449,31.08550497328975
2025-09-27 17:49:05,56.4049115847408,12.509583441969449,31.08550497328975
2025-09-27 17:49:22,56.4049115847408,12.509583441969449,31.08550497328975
2025-09-27 17:49:37,56.37021575559202,12.521522995929546,31.108261248478435
2025-09-27 17:50:05,56.37021575559202,12.521522995929546,31.108261248478435
2025-09-27 17:50:22,56.37021575559202,12.521522995929546,31.108261248478435
2025-09-27 17:50:37,56.37021575559202,12.521522995929546,31.108261248478435
2025-09-27 17:51:06,56.37021575559202,12.521522995929546,31.108261248478435
2025-09-27 17:51:23,56.37021575559202,12.521522995929546,31.108261248478435
2025-09-27 17:51:38,56.37021575559202,12.521522995929546,31.108261248478435
2025-09-27 17:52:07,56.37021575559202,12.521522995929546,31.108261248478435
2025-09-27 17:52:24,56.37021575559202,12.521522995929546,31.108261248478435
2025-09-27 17:52:39,56.37021575559202,12.521522995929546,31.108261248478435
2025-09-27 17:53:07,56.37021575559202,12.521522995929546,31.108261248478435
2025-09-27 17:53:25,56.37021575559202,12.521522995929546,31.108261248478435
2025-09-27 17:53:39,56.37021575559202,12.521522995929546,31.108261248478435
2025-09-27 17:54:08,56.37021575559202,12.521522995929546,31.108261248478435
2025-09-27 17:54:25,56.37021575559202,12.521522995929546,31.108261248478435
2025-09-27 17:54:40,56.37021575559202,12.521522995929546,31.108261248478435
2025-09-27 17:55:09,56.37021575559202,12.521522995929546,31.108261248478435
2025-09-27 17:55:25,56.37021575559202,12.521522995929546,31.108261248478435
2025-09-27 17:55:26,56.37021575559202,12.521522995929546,31.108261248478435
2025-09-27 17:55:41,56.37021575559202,12.521522995929546,31.108261248478435
2025-09-27 17:56:10,56.37021575559202,12.521522995929546,31.108261248478435
2025-09-27 17:56:27,56.37021575559202,12.521522995929546,31.108261248478435
2025-09-27 17:56:42,56.37021575559202,12.521522995929546,31.108261248478435
2025-09-27 17:57:10,56.37021575559202,12.521522995929546,31.108261248478435
2025-09-27 17:57:28,56.37021575559202,12.521522995929546,31.108261248478435
2025-09-27 17:57:42,56.37021575559202,12.521522995929546,31.108261248478435
2025-09-27 17:58:11,56.37021575559202,12.521522995929546,31.108261248478435
2025-09-27 17:58:28,56.37021575559202,12.521522995929546,31.108261248478435
2025-09-27 17:58:43,56.37021575559202,12.521522995929546,31.108261248478435
2025-09-27 17:59:12,56.37021575559202,12.521522995929546,31.108261248478435
2025-09-27 17:59:29,56.37368827995045,12.514071545872492,31.112240174177057
2025-09-27 17:59:44,56.37368827995045,12.514071545872492,31.112240174177057
2025-09-27 18:00:12,56.37368827995045,12.514071545872492,31.112240174177057
2025-09-27 18:00:30,56.37368827995045,12.514071545872492,31.112240174177057
2025-09-27 18:00:44,56.37368827995045,12.514071545872492,31.112240174177057
2025-09-27 18:01:13,56.37368827995045,12.514071545872492,31.112240174177057
2025-09-27 18:01:30,56.37368827995045,12.514071545872492,31.112240174177057
2025-09-27 18:01:45,56.37368827995045,12.514071545872492,31.112240174177057
2025-09-27 18:02:14,56.37368827995045,12.514071545872492,31.112240174177057
2025-09-27 18:02:31,56.37368827995045,12.514071545872492,31.112240174177057
2025-09-27 18:02:46,56.37368827995045,12.514071545872492,31.112240174177057
2025-09-27 18:03:15,56.37368827995045,12.514071545872492,31.112240174177057
2025-09-27 18:03:32,56.37368827995045,12.514071545872492,31.112240174177057
2025-09-27 18:03:41,56.37368827995045,12.514071545872492,31.112240174177057
2025-09-27 18:03:47,56.37368827995045,12.514071545872492,31.112240174177057
2025-09-27 18:04:15,56.37368827995045,12.514071545872492,31.112240174177057
2025-09-27 18:04:33,56.37368827995045,12.514071545872492,31.112240174177057
2025-09-27 18:04:33,56.37368827995045,12.514071545872492,31.112240174177057
2025-09-27 18:04:47,56.37368827995045,12.514071545872492,31.112240174177057
2025-09-27 18:05:16,56.37368827995045,12.514071545872492,31.112240174177057
2025-09-27 18:05:33,56.37368827995045,12.514071545872492,31.112240174177057
2025-09-27 18:05:48,56.37368827995045,12.514071545872492,31.112240174177057
2025-09-27 18:06:17,56.37368827995045,12.514071545872492,31.112240174177057
2025-09-27 18:06:34,56.37368827995045,12.514071545872492,31.112240174177057
2025-09-27 18:06:44,56.37368827995045,12.514071545872492,31.112240174177057
2025-09-27 18:06:48,56.37368827995045,12.514071545872492,31.112240174177057
2025-09-27 18:07:49,56.37368827995045,12.514071545872492,31.112240174177057
2025-09-27 18:08:18,56.37368827995045,12.514071545872492,31.112240174177057
2025-09-27 18:08:26,56.37368827995045,12.514071545872492,31.112240174177057
2025-09-27 18:08:35,56.37368827995045,12.514071545872492,31.112240174177057
2025-09-27 18:08:42,56.37368827995045,12.514071545872492,31.112240174177057
2025-09-27 18:09:51,56.38055482366361,12.513261917720136,31.10618325861625
2025-09-27 18:09:55,56.38055482366361,12.513261917720136,31.10618325861625
2025-09-27 18:10:19,56.38055482366361,12.513261917720136,31.10618325861625
2025-09-27 18:10:36,56.38055482366361,12.513261917720136,31.10618325861625
2025-09-27 18:10:51,56.38055482366361,12.513261917720136,31.10618325861625
2025-09-27 18:11:20,56.38055482366361,12.513261917720136,31.10618325861625
2025-09-27 18:11:37,56.38055482366361,12.513261917720136,31.10618325861625
2025-09-27 18:11:45,56.38055482366361,12.513261917720136,31.10618325861625
2025-09-27 18:11:52,56.38055482366361,12.513261917720136,31.10618325861625
2025-09-27 18:12:21,56.38055482366361,12.513261917720136,31.10618325861625
2025-09-27 18:12:32,56.38055482366361,12.513261917720136,31.10618325861625
2025-09-27 18:12:38,56.38055482366361,12.513261917720136,31.10618325861625
2025-09-27 18:12:53,56.38055482366361,12.513261917720136,31.10618325861625
2025-09-27 18:13:21,56.38055482366361,12.513261917720136,31.10618325861625
2025-09-27 18:13:27,56.38055482366361,12.513261917720136,31.10618325861625
2025-09-27 18:13:39,56.38055482366361,12.513261917720136,31.10618325861625
2025-09-27 18:13:42,56.38055482366361,12.513261917720136,31.10618325861625
2025-09-27 18:13:50,56.38055482366361,12.513261917720136,31.10618325861625
2025-09-27 18:14:54,56.38055482366361,12.513261917720136,31.10618325861625
2025-09-27 18:14:56,56.38055482366361,12.513261917720136,31.10618325861625
2025-09-27 18:15:22,56.38055482366361,12.513261917720136,31.10618325861625
2025-09-27 18:15:40,56.38055482366361,12.513261917720136,31.10618325861625
2025-09-27 18:15:55,56.38055482366361,12.513261917720136,31.10618325861625
2025-09-27 18:16:16,56.38055482366361,12.513261917720136,31.10618325861625
2025-09-27 18:16:23,56.38055482366361,12.513261917720136,31.10618325861625
2025-09-27 18:16:41,56.38055482366361,12.513261917720136,31.10618325861625
2025-09-27 18:16:46,56.38055482366361,12.513261917720136,31.10618325861625
2025-09-27 18:16:55,56.38055482366361,12.513261917720136,31.10618325861625
2025-09-27 18:17:24,56.38055482366361,12.513261917720136,31.10618325861625
2025-09-27 18:17:41,56.38055482366361,12.513261917720136,31.10618325861625
2025-09-27 18:17:56,56.38055482366361,12.513261917720136,31.10618325861625
2025-09-27 18:18:25,56.38055482366361,12.513261917720136,31.10618325861625
2025-09-27 18:18:28,56.38055482366361,12.513261917720136,31.10618325861625
2025-09-27 18:18:42,56.38055482366361,12.513261917720136,31.10618325861625
2025-09-27 18:18:43,56.38055482366361,12.513261917720136,31.10618325861625
2025-09-27 18:18:50,56.38055482366361,12.513261917720136,31.10618325861625
2025-09-27 18:19:57,56.38061850428077,12.515293251272894,31.10408824444633
2025-09-27 18:20:26,56.38061850428077,12.515293251272894,31.10408824444633
2025-09-27 18:20:43,56.38061850428077,12.515293251272894,31.10408824444633
2025-09-27 18:20:52,56.38061850428077,12.515293251272894,31.10408824444633
2025-09-27 18:20:58,56.38061850428077,12.515293251272894,31.10408824444633
2025-09-27 18:21:18,56.38061850428077,12.515293251272894,31.10408824444633
2025-09-27 18:21:27,56.38061850428077,12.515293251272894,31.10408824444633
2025-09-27 18:21:44,56.38061850428077,12.515293251272894,31.10408824444633
2025-09-27 18:22:51,56.38061850428077,12.515293251272894,31.10408824444633
2025-09-27 18:22:59,56.38061850428077,12.515293251272894,31.10408824444633
2025-09-27 18:23:16,56.38061850428077,12.515293251272894,31.10408824444633
2025-09-27 18:23:26,56.38061850428077,12.515293251272894,31.10408824444633
2025-09-27 18:23:28,56.38061850428077,12.515293251272894,31.10408824444633
2025-09-27 18:23:28,56.38061850428077,12.515293251272894,31.10408824444633
2025-09-27 18:23:44,56.38061850428077,12.515293251272894,31.10408824444633
2025-09-27 18:24:46,56.38061850428077,12.515293251272894,31.10408824444633
2025-09-27 18:24:55,56.38061850428077,12.515293251272894,31.10408824444633
2025-09-27 18:27:24,56.38061850428077,12.515293251272894,31.10408824444633
2025-09-27 18:29:56,56.36661920141584,12.521956481919954,31.11142431666421
2025-09-27 18:30:24,56.36661920141584,12.521956481919954,31.11142431666421
2025-09-27 18:32:09,56.36661920141584,12.521956481919954,31.11142431666421
2025-09-27 18:32:14,56.36661920141584,12.521956481919954,31.11142431666421
2025-09-27 18:32:25,56.36661920141584,12.521956481919954,31.11142431666421
2025-09-27 18:34:03,56.36661920141584,12.521956481919954,31.11142431666421
2025-09-27 18:34:56,56.36661920141584,12.521956481919954,31.11142431666421
2025-09-27 18:35:25,56.36661920141584,12.521956481919954,31.11142431666421
2025-09-27 18:37:15,56.36661920141584,12.521956481919954,31.11142431666421
2025-09-27 18:37:26,56.36661920141584,12.521956481919954,31.11142431666421
2025-09-27 18:38:20,56.36661920141584,12.521956481919954,31.11142431666421
2025-09-27 18:39:04,56.36661920141584,12.521956481919954,31.11142431666421
2025-09-27 18:39:57,56.36570372306308,12.521228175013214,31.11306810192371
2025-09-27 18:40:25,56.36570372306308,12.521228175013214,31.11306810192371
2025-09-27 18:42:16,56.36570372306308,12.521228175013214,31.11306810192371
2025-09-27 18:42:24,56.36570372306308,12.521228175013214,31.11306810192371
2025-09-27 18:42:26,56.36570372306308,12.521228175013214,31.11306810192371
2025-09-27 18:43:20,56.36570372306308,12.521228175013214,31.11306810192371
2025-09-27 18:43:33,56.36570372306308,12.521228175013214,31.11306810192371
2025-09-27 18:44:05,56.36570372306308,12.521228175013214,31.11306810192371
2025-09-27 18:44:58,56.36570372306308,12.521228175013214,31.11306810192371
2025-09-27 18:45:26,56.36570372306308,12.521228175013214,31.11306810192371
2025-09-27 18:47:16,56.36570372306308,12.521228175013214,31.11306810192371
2025-09-27 18:47:24,56.36570372306308,12.521228175013214,31.11306810192371
2025-09-27 18:47:27,56.36570372306308,12.521228175013214,31.11306810192371
2025-09-27 18:48:21,56.36570372306308,12.521228175013214,31.11306810192371
2025-09-27 18:48:34,56.36570372306308,12.521228175013214,31.11306810192371
2025-09-27 18:49:05,56.36570372306308,12.521228175013214,31.11306810192371
2025-09-27 18:49:59,56.3827859338314,12.51012299211409,31.10709107405451
2025-09-27 18:50:27,56.3827859338314,12.51012299211409,31.10709107405451
2025-09-27 18:50:40,56.3827859338314,12.51012299211409,31.10709107405451
2025-09-27 18:51:22,56.3827859338314,12.51012299211409,31.10709107405451
2025-09-27 18:52:17,56.3827859338314,12.51012299211409,31.10709107405451
2025-09-27 18:52:25,56.3827859338314,12.51012299211409,31.10709107405451
2025-09-27 18:52:28,56.3827859338314,12.51012299211409,31.10709107405451
2025-09-27 18:53:22,56.3827859338314,12.51012299211409,31.10709107405451
2025-09-27 18:53:35,56.3827859338314,12.51012299211409,31.10709107405451
2025-09-27 18:54:06,56.3827859338314,12.51012299211409,31.10709107405451
2025-09-27 18:54:10,56.3827859338314,12.51012299211409,31.10709107405451
2025-09-27 18:54:59,56.3827859338314,12.51012299211409,31.10709107405451
2025-09-27 18:55:28,56.3827859338314,12.51012299211409,31.10709107405451
2025-09-27 18:55:40,56.3827859338314,12.51012299211409,31.10709107405451
2025-09-27 18:56:23,56.3827859338314,12.51012299211409,31.10709107405451
2025-09-27 18:57:18,56.3827859338314,12.51012299211409,31.10709107405451
2025-09-27 18:57:26,56.3827859338314,12.51012299211409,31.10709107405451
2025-09-27 18:57:29,56.3827859338314,12.51012299211409,31.10709107405451
2025-09-27 18:58:23,56.3827859338314,12.51012299211409,31.10709107405451
2025-09-27 18:58:36,56.3827859338314,12.51012299211409,31.10709107405451
2025-09-27 18:59:07,56.3827859338314,12.51012299211409,31.10709107405451
2025-09-27 18:59:10,56.3827859338314,12.51012299211409,31.10709107405451
2025-09-27 18:59:54,56.38918585375772,12.504402508837414,31.106411637404868
2025-09-27 19:00:00,56.38918585375772,12.504402508837414,31.106411637404868
2025-09-27 19:00:29,56.38918585375772,12.504402508837414,31.106411637404868
2025-09-27 19:00:41,56.38918585375772,12.504402508837414,31.106411637404868
2025-09-27 19:01:24,56.38918585375772,12.504402508837414,31.106411637404868
2025-09-27 19:02:19,56.38918585375772,12.504402508837414,31.106411637404868
2025-09-27 19:02:27,56.38918585375772,12.504402508837414,31.106411637404868
2025-09-27 19:02:29,56.38918585375772,12.504402508837414,31.106411637404868
2025-09-27 19:03:23,56.38918585375772,12.504402508837414,31.106411637404868
2025-09-27 19:03:37,56.38918585375772,12.504402508837414,31.106411637404868
2025-09-27 19:04:08,56.38918585375772,12.504402508837414,31.106411637404868
2025-09-27 19:04:11,56.38918585375772,12.504402508837414,31.106411637404868
2025-09-27 19:04:54,56.38918585375772,12.504402508837414,31.106411637404868
2025-09-27 19:05:01,56.38918585375772,12.504402508837414,31.106411637404868
2025-09-27 19:05:29,56.38918585375772,12.504402508837414,31.106411637404868
2025-09-27 19:05:30,56.38918585375772,12.504402508837414,31.106411637404868
2025-09-27 19:05:42,56.38918585375772,12.504402508837414,31.106411637404868
2025-09-27 19:06:24,56.38918585375772,12.504402508837414,31.106411637404868
2025-09-27 19:07:19,56.38918585375772,12.504402508837414,31.106411637404868
2025-09-27 19:07:28,56.38918585375772,12.504402508837414,31.106411637404868
2025-09-27 19:07:30,56.38918585375772,12.504402508837414,31.106411637404868
2025-09-27 19:08:24,56.38918585375772,12.504402508837414,31.106411637404868
2025-09-27 19:08:37,56.38918585375772,12.504402508837414,31.106411637404868
2025-09-27 19:09:08,56.38918585375772,12.504402508837414,31.106411637404868
2025-09-27 19:09:12,56.38918585375772,12.504402508837414,31.106411637404868
2025-09-27 19:09:55,56.39224136251131,12.502640362594766,31.105118274893925
2025-09-27 19:10:02,56.39224136251131,12.502640362594766,31.105118274893925
2025-09-27 19:10:30,56.39224136251131,12.502640362594766,31.105118274893925
2025-09-27 19:10:31,56.39224136251131,12.502640362594766,31.105118274893925
2025-09-27 19:10:43,56.39224136251131,12.502640362594766,31.105118274893925
2025-09-27 19:11:25,56.39224136251131,12.502640362594766,31.105118274893925
2025-09-27 19:11:37,56.39224136251131,12.502640362594766,31.105118274893925
2025-09-27 19:12:20,56.39224136251131,12.502640362594766,31.105118274893925
2025-09-27 19:12:28,56.39224136251131,12.502640362594766,31.105118274893925
2025-09-27 19:12:31,56.39224136251131,12.502640362594766,31.105118274893925
2025-09-27 19:13:25,56.39224136251131,12.502640362594766,31.105118274893925
2025-09-27 19:13:38,56.39224136251131,12.502640362594766,31.105118274893925
2025-09-27 19:14:09,56.39224136251131,12.502640362594766,31.105118274893925
2025-09-27 19:14:13,56.39224136251131,12.502640362594766,31.105118274893925
2025-09-27 19:14:56,56.39224136251131,12.502640362594766,31.105118274893925
2025-09-27 19:15:02,56.39224136251131,12.502640362594766,31.105118274893925
2025-09-27 19:15:12,56.39224136251131,12.502640362594766,31.105118274893925
2025-09-27 19:15:31,56.39224136251131,12.502640362594766,31.105118274893925
2025-09-27 19:16:31,56.39224136251131,12.502640362594766,31.105118274893925
2025-09-27 19:16:38,56.39224136251131,12.502640362594766,31.105118274893925
2025-09-27 19:17:21,56.39224136251131,12.502640362594766,31.105118274893925
2025-09-27 19:17:29,56.39224136251131,12.502640362594766,31.105118274893925
2025-09-27 19:17:32,56.39224136251131,12.502640362594766,31.105118274893925
2025-09-27 19:17:45,56.39224136251131,12.502640362594766,31.105118274893925
2025-09-27 19:22:45,56.4010812799129,12.493640576019816,31.105278144067285
2025-09-27 19:26:13,56.4010812799129,12.493640576019816,31.105278144067285
2025-09-27 19:27:46,56.4010812799129,12.493640576019816,31.105278144067285
2025-09-27 19:31:14,56.401033803852044,12.49693453197537,31.102031664172586
2025-09-27 19:32:47,56.401033803852044,12.49693453197537,31.102031664172586
2025-09-27 19:36:14,56.401033803852044,12.49693453197537,31.102031664172586
2025-09-27 19:37:48,56.401033803852044,12.49693453197537,31.102031664172586
2025-09-27 19:41:15,56.40100897003995,12.49932259366233,31.09966843629772
2025-09-27 19:42:49,56.40100897003995,12.49932259366233,31.09966843629772
2025-09-27 19:46:17,56.40100897003995,12.49932259366233,31.09966843629772
2025-09-27 19:47:51,56.40100897003995,12.49932259366233,31.09966843629772
2025-09-27 19:51:17,56.39026936198154,12.50993038862056,31.0998002493979
2025-09-27 19:52:51,56.39026936198154,12.50993038862056,31.0998002493979
2025-09-27 19:56:18,56.39026936198154,12.50993038862056,31.0998002493979
2025-09-27 19:57:52,56.39026936198154,12.50993038862056,31.0998002493979
2025-09-27 20:01:19,56.34510053511004,12.543642457807,31.111257007082965
2025-09-27 20:02:53,56.34510053511004,12.543642457807,31.111257007082965
2025-09-27 20:06:20,56.34510053511004,12.543642457807,31.111257007082965
2025-09-27 20:07:54,56.34510053511004,12.543642457807,31.111257007082965
2025-09-27 20:11:21,56.33056925878908,12.555824677134042,31.113606064076883
2025-09-27 20:12:55,56.33056925878908,12.555824677134042,31.113606064076883
2025-09-27 20:16:21,56.33056925878908,12.555824677134042,31.113606064076883
2025-09-27 20:17:58,56.33056925878908,12.555824677134042,31.113606064076883
2025-09-27 20:21:23,56.33709870747536,12.541449396140637,31.12145189638401
2025-09-27 20:22:59,56.33709870747536,12.541449396140637,31.12145189638401
2025-09-27 20:26:25,56.33709870747536,12.541449396140637,31.12145189638401
2025-09-27 20:27:59,56.33709870747536,12.541449396140637,31.12145189638401
2025-09-27 20:31:26,56.334843666001866,12.536168262873664,31.128988071124468
2025-09-27 20:32:05,56.334843666001866,12.536168262873664,31.128988071124468
2025-09-27 20:33:02,56.334843666001866,12.536168262873664,31.128988071124468
2025-09-27 20:36:29,56.334843666001866,12.536168262873664,31.128988071124468
2025-09-27 20:37:06,56.334843666001866,12.536168262873664,31.128988071124468
2025-09-27 20:38:03,56.334843666001866,12.536168262873664,31.128988071124468
2025-09-27 20:41:30,56.32735141892677,12.541347253505858,31.131301327567368
2025-09-27 20:42:09,56.32735141892677,12.541347253505858,31.131301327567368
2025-09-27 20:43:06,56.32735141892677,12.541347253505858,31.131301327567368
2025-09-27 20:46:32,56.32735141892677,12.541347253505858,31.131301327567368
2025-09-27 20:47:10,56.32735141892677,12.541347253505858,31.131301327567368
2025-09-27 20:48:08,56.32735141892677,12.541347253505858,31.131301327567368
2025-09-27 20:48:36,56.32735141892677,12.541347253505858,31.131301327567368
2025-09-27 20:51:33,56.30930833234841,12.554354347355057,31.136337320296533
2025-09-27 20:52:11,56.30930833234841,12.554354347355057,31.136337320296533
2025-09-27 20:53:10,56.30930833234841,12.554354347355057,31.136337320296533
2025-09-27 20:53:39,56.30930833234841,12.554354347355057,31.136337320296533
2025-09-27 20:56:34,56.30930833234841,12.554354347355057,31.136337320296533
2025-09-27 20:57:12,56.30930833234841,12.554354347355057,31.136337320296533
2025-09-27 20:58:04,56.30930833234841,12.554354347355057,31.136337320296533
2025-09-27 20:58:11,56.30930833234841,12.554354347355057,31.136337320296533
2025-09-27 20:58:40,56.30930833234841,12.554354347355057,31.136337320296533
2025-09-27 21:01:36,56.3097249686974,12.539548728528707,31.15072630277389
2025-09-27 21:02:13,56.3097249686974,12.539548728528707,31.15072630277389
2025-09-27 21:03:05,56.3097249686974,12.539548728528707,31.15072630277389
2025-09-27 21:03:12,56.3097249686974,12.539548728528707,31.15072630277389
2025-09-27 21:03:41,56.3097249686974,12.539548728528707,31.15072630277389
2025-09-27 21:06:37,56.3097249686974,12.539548728528707,31.15072630277389
2025-09-27 21:07:14,56.3097249686974,12.539548728528707,31.15072630277389
2025-09-27 21:08:05,56.3097249686974,12.539548728528707,31.15072630277389
2025-09-27 21:08:14,56.3097249686974,12.539548728528707,31.15072630277389
2025-09-27 21:08:42,56.3097249686974,12.539548728528707,31.15072630277389
2025-09-27 21:11:38,56.31536771806383,12.536399333884946,31.148232948051223
2025-09-27 21:12:16,56.31536771806383,12.536399333884946,31.148232948051223
2025-09-27 21:13:06,56.31536771806383,12.536399333884946,31.148232948051223
2025-09-27 21:13:15,56.31536771806383,12.536399333884946,31.148232948051223
2025-09-27 21:13:43,56.31536771806383,12.536399333884946,31.148232948051223
2025-09-27 21:16:39,56.31536771806383,12.536399333884946,31.148232948051223
2025-09-27 21:17:17,56.31536771806383,12.536399333884946,31.148232948051223
2025-09-27 21:18:08,56.31536771806383,12.536399333884946,31.148232948051223
2025-09-27 21:18:10,56.31536771806383,12.536399333884946,31.148232948051223
2025-09-27 21:18:16,56.31536771806383,12.536399333884946,31.148232948051223
2025-09-27 21:18:45,56.31536771806383,12.536399333884946,31.148232948051223
2025-09-27 21:21:42,56.29731978791632,12.545346272095204,31.15733393998848
2025-09-27 21:22:18,56.29731978791632,12.545346272095204,31.15733393998848
2025-09-27 21:23:11,56.29731978791632,12.545346272095204,31.15733393998848
2025-09-27 21:23:11,56.29731978791632,12.545346272095204,31.15733393998848
2025-09-27 21:23:18,56.29731978791632,12.545346272095204,31.15733393998848
2025-09-27 21:23:48,56.29731978791632,12.545346272095204,31.15733393998848
2025-09-27 21:26:43,56.29731978791632,12.545346272095204,31.15733393998848
2025-09-27 21:27:05,56.29731978791632,12.545346272095204,31.15733393998848
2025-09-27 21:27:19,56.29731978791632,12.545346272095204,31.15733393998848
2025-09-27 21:28:12,56.29731978791632,12.545346272095204,31.15733393998848
2025-09-27 21:28:13,56.29731978791632,12.545346272095204,31.15733393998848
2025-09-27 21:28:19,56.29731978791632,12.545346272095204,31.15733393998848
2025-09-27 21:28:50,56.29731978791632,12.545346272095204,31.15733393998848
2025-09-27 21:31:44,56.30327931412916,12.53440220849616,31.16231847737468
2025-09-27 21:32:07,56.30327931412916,12.53440220849616,31.16231847737468
2025-09-27 21:32:20,56.30327931412916,12.53440220849616,31.16231847737468
2025-09-27 21:33:14,56.30327931412916,12.53440220849616,31.16231847737468
2025-09-27 21:33:14,56.30327931412916,12.53440220849616,31.16231847737468
2025-09-27 21:33:21,56.30327931412916,12.53440220849616,31.16231847737468
2025-09-27 21:33:51,56.30327931412916,12.53440220849616,31.16231847737468
2025-09-27 21:36:47,56.30327931412916,12.53440220849616,31.16231847737468
2025-09-27 21:37:08,56.30327931412916,12.53440220849616,31.16231847737468
2025-09-27 21:37:22,56.30327931412916,12.53440220849616,31.16231847737468
2025-09-27 21:38:15,56.30327931412916,12.53440220849616,31.16231847737468
2025-09-27 21:38:16,56.30327931412916,12.53440220849616,31.16231847737468
2025-09-27 21:38:22,56.30327931412916,12.53440220849616,31.16231847737468
2025-09-27 21:38:52,56.30327931412916,12.53440220849616,31.16231847737468
2025-09-27 21:41:48,56.296184319026224,12.534785154469198,31.16903052650457
2025-09-27 21:42:09,56.296184319026224,12.534785154469198,31.16903052650457
2025-09-27 21:42:23,56.296184319026224,12.534785154469198,31.16903052650457
2025-09-27 21:43:17,56.296184319026224,12.534785154469198,31.16903052650457
2025-09-27 21:43:18,56.296184319026224,12.534785154469198,31.16903052650457
2025-09-27 21:43:24,56.296184319026224,12.534785154469198,31.16903052650457
2025-09-27 21:43:53,56.296184319026224,12.534785154469198,31.16903052650457
2025-09-27 21:45:28,56.296184319026224,12.534785154469198,31.16903052650457
2025-09-27 21:46:49,56.296184319026224,12.534785154469198,31.16903052650457
2025-09-27 21:47:10,56.296184319026224,12.534785154469198,31.16903052650457
2025-09-27 21:47:25,56.296184319026224,12.534785154469198,31.16903052650457
2025-09-27 21:48:19,56.296184319026224,12.534785154469198,31.16903052650457
2025-09-27 21:48:19,56.296184319026224,12.534785154469198,31.16903052650457
2025-09-27 21:48:27,56.296184319026224,12.534785154469198,31.16903052650457
2025-09-27 21:49:01,56.296184319026224,12.534785154469198,31.16903052650457
2025-09-27 21:50:29,56.28835738259215,12.530213518664562,31.18142909874329
2025-09-27 21:51:50,56.28835738259215,12.530213518664562,31.18142909874329
2025-09-27 21:52:11,56.28835738259215,12.530213518664562,31.18142909874329
2025-09-27 21:52:26,56.28835738259215,12.530213518664562,31.18142909874329
2025-09-27 21:53:20,56.28835738259215,12.530213518664562,31.18142909874329
2025-09-27 21:53:21,56.28835738259215,12.530213518664562,31.18142909874329
2025-09-27 21:53:29,56.28835738259215,12.530213518664562,31.18142909874329
2025-09-27 21:54:02,56.28835738259215,12.530213518664562,31.18142909874329
2025-09-27 21:55:30,56.28835738259215,12.530213518664562,31.18142909874329
2025-09-27 21:56:51,56.28835738259215,12.530213518664562,31.18142909874329
2025-09-27 21:57:13,56.28835738259215,12.530213518664562,31.18142909874329
2025-09-27 21:57:27,56.28835738259215,12.530213518664562,31.18142909874329
2025-09-27 21:58:21,56.28835738259215,12.530213518664562,31.18142909874329
2025-09-27 21:58:23,56.28835738259215,12.530213518664562,31.18142909874329
2025-09-27 21:58:31,56.28835738259215,12.530213518664562,31.18142909874329
2025-09-27 21:59:07,56.28835738259215,12.530213518664562,31.18142909874329
2025-09-27 22:00:31,56.31076271803652,12.527009677523992,31.162227604439487
2025-09-27 22:01:53,56.31076271803652,12.527009677523992,31.162227604439487
2025-09-27 22:02:14,56.31076271803652,12.527009677523992,31.162227604439487
2025-09-27 22:02:28,56.31076271803652,12.527009677523992,31.162227604439487
2025-09-27 22:03:24,56.31076271803652,12.527009677523992,31.162227604439487
2025-09-27 22:03:24,56.31076271803652,12.527009677523992,31.162227604439487
2025-09-27 22:03:33,56.31076271803652,12.527009677523992,31.162227604439487
2025-09-27 22:04:10,56.31076271803652,12.527009677523992,31.162227604439487
2025-09-27 22:05:33,56.31076271803652,12.527009677523992,31.162227604439487
2025-09-27 22:06:54,56.31076271803652,12.527009677523992,31.162227604439487
2025-09-27 22:07:17,56.31076271803652,12.527009677523992,31.162227604439487
2025-09-27 22:07:30,56.31076271803652,12.527009677523992,31.162227604439487
2025-09-27 22:08:25,56.31076271803652,12.527009677523992,31.162227604439487
2025-09-27 22:08:31,56.31076271803652,12.527009677523992,31.162227604439487
2025-09-27 22:08:35,56.31076271803652,12.527009677523992,31.162227604439487
2025-09-27 22:09:12,56.31076271803652,12.527009677523992,31.162227604439487
2025-09-27 22:10:34,56.33503278487457,12.51549378176388,31.14947343336155
2025-09-27 22:11:55,56.33503278487457,12.51549378176388,31.14947343336155
2025-09-27 22:12:18,56.33503278487457,12.51549378176388,31.14947343336155
2025-09-27 22:12:31,56.33503278487457,12.51549378176388,31.14947343336155
2025-09-27 22:13:26,56.33503278487457,12.51549378176388,31.14947343336155
2025-09-27 22:13:34,56.33503278487457,12.51549378176388,31.14947343336155
2025-09-27 22:14:18,56.33503278487457,12.51549378176388,31.14947343336155
2025-09-27 22:15:35,56.33503278487457,12.51549378176388,31.14947343336155
2025-09-27 22:16:57,56.33503278487457,12.51549378176388,31.14947343336155
2025-09-27 22:17:19,56.33503278487457,12.51549378176388,31.14947343336155
2025-09-27 22:17:33,56.33503278487457,12.51549378176388,31.14947343336155
2025-09-27 22:18:28,56.33503278487457,12.51549378176388,31.14947343336155
2025-09-27 22:18:36,56.33503278487457,12.51549378176388,31.14947343336155
2025-09-27 22:18:48,56.33503278487457,12.51549378176388,31.14947343336155
2025-09-27 22:19:19,56.33503278487457,12.51549378176388,31.14947343336155
2025-09-27 22:20:37,56.348142945063,12.51291901635616,31.13893803858084
2025-09-27 22:21:58,56.348142945063,12.51291901635616,31.13893803858084
2025-09-27 22:22:20,56.348142945063,12.51291901635616,31.13893803858084
2025-09-27 22:22:34,56.348142945063,12.51291901635616,31.13893803858084
2025-09-27 22:23:29,56.348142945063,12.51291901635616,31.13893803858084
2025-09-27 22:23:36,56.348142945063,12.51291901635616,31.13893803858084
2025-09-27 22:23:49,56.348142945063,12.51291901635616,31.13893803858084
2025-09-27 22:24:21,56.348142945063,12.51291901635616,31.13893803858084
2025-09-27 22:25:38,56.348142945063,12.51291901635616,31.13893803858084
2025-09-27 22:26:59,56.348142945063,12.51291901635616,31.13893803858084
2025-09-27 22:27:23,56.348142945063,12.51291901635616,31.13893803858084
2025-09-27 22:27:37,56.348142945063,12.51291901635616,31.13893803858084
2025-09-27 22:28:32,56.348142945063,12.51291901635616,31.13893803858084
2025-09-27 22:28:38,56.348142945063,12.51291901635616,31.13893803858084
2025-09-27 22:28:50,56.348142945063,12.51291901635616,31.13893803858084
2025-09-27 22:29:21,56.348142945063,12.51291901635616,31.13893803858084
2025-09-27 22:30:39,56.32993418014416,12.519300587497105,31.15076523235874
2025-09-27 22:32:00,56.32993418014416,12.519300587497105,31.15076523235874
2025-09-27 22:32:23,56.32993418014416,12.519300587497105,31.15076523235874
2025-09-27 22:32:37,56.32993418014416,12.519300587497105,31.15076523235874
2025-09-27 22:33:33,56.32993418014416,12.519300587497105,31.15076523235874
2025-09-27 22:33:39,56.32993418014416,12.519300587497105,31.15076523235874
2025-09-27 22:33:51,56.32993418014416,12.519300587497105,31.15076523235874
2025-09-27 22:34:22,56.32993418014416,12.519300587497105,31.15076523235874
2025-09-27 22:35:40,56.32993418014416,12.519300587497105,31.15076523235874
2025-09-27 22:37:01,56.32993418014416,12.519300587497105,31.15076523235874
2025-09-27 22:37:24,56.32993418014416,12.519300587497105,31.15076523235874
2025-09-27 22:37:38,56.32993418014416,12.519300587497105,31.15076523235874
2025-09-27 22:38:34,56.32993418014416,12.519300587497105,31.15076523235874
2025-09-27 22:38:40,56.32993418014416,12.519300587497105,31.15076523235874
2025-09-27 22:38:52,56.32993418014416,12.519300587497105,31.15076523235874
2025-09-27 22:40:41,56.32346375135378,12.531158025587294,31.145378223058927
2025-09-27 22:42:02,56.32346375135378,12.531158025587294,31.145378223058927
2025-09-27 22:42:25,56.32346375135378,12.531158025587294,31.145378223058927
2025-09-27 22:42:39,56.32346375135378,12.531158025587294,31.145378223058927
2025-09-27 22:43:34,56.32346375135378,12.531158025587294,31.145378223058927
2025-09-27 22:43:41,56.32346375135378,12.531158025587294,31.145378223058927
2025-09-27 22:43:53,56.32346375135378,12.531158025587294,31.145378223058927
2025-09-27 22:44:33,56.32346375135378,12.531158025587294,31.145378223058927
2025-09-27 22:45:44,56.32346375135378,12.531158025587294,31.145378223058927
2025-09-27 22:47:03,56.32346375135378,12.531158025587294,31.145378223058927
2025-09-27 22:47:26,56.32346375135378,12.531158025587294,31.145378223058927
2025-09-27 22:47:40,56.32346375135378,12.531158025587294,31.145378223058927
2025-09-27 22:48:36,56.32346375135378,12.531158025587294,31.145378223058927
2025-09-27 22:48:43,56.32346375135378,12.531158025587294,31.145378223058927
2025-09-27 22:48:54,56.32346375135378,12.531158025587294,31.145378223058927
2025-09-27 22:49:36,56.32346375135378,12.531158025587294,31.145378223058927
2025-09-27 22:50:48,56.323067830479744,12.530739556999162,31.14619261252109
2025-09-27 22:52:06,56.323067830479744,12.530739556999162,31.14619261252109
2025-09-27 22:52:29,56.323067830479744,12.530739556999162,31.14619261252109
2025-09-27 22:52:42,56.323067830479744,12.530739556999162,31.14619261252109
2025-09-27 22:53:38,56.323067830479744,12.530739556999162,31.14619261252109
2025-09-27 22:53:43,56.323067830479744,12.530739556999162,31.14619261252109
2025-09-27 22:53:55,56.323067830479744,12.530739556999162,31.14619261252109
2025-09-27 22:54:38,56.323067830479744,12.530739556999162,31.14619261252109
2025-09-27 22:55:49,56.323067830479744,12.530739556999162,31.14619261252109
2025-09-27 22:57:08,56.323067830479744,12.530739556999162,31.14619261252109
2025-09-27 22:57:30,56.323067830479744,12.530739556999162,31.14619261252109
2025-09-27 22:57:43,56.323067830479744,12.530739556999162,31.14619261252109
2025-09-27 22:58:39,56.323067830479744,12.530739556999162,31.14619261252109
2025-09-27 22:58:45,56.323067830479744,12.530739556999162,31.14619261252109
2025-09-27 22:58:57,56.323067830479744,12.530739556999162,31.14619261252109
2025-09-27 22:59:39,56.323067830479744,12.530739556999162,31.14619261252109
2025-09-27 23:00:53,56.30913805843766,12.530980101545111,31.159881840017228
2025-09-27 23:02:09,56.30913805843766,12.530980101545111,31.159881840017228
2025-09-27 23:02:31,56.30913805843766,12.530980101545111,31.159881840017228
2025-09-27 23:02:45,56.30913805843766,12.530980101545111,31.159881840017228
2025-09-27 23:03:42,56.30913805843766,12.530980101545111,31.159881840017228
2025-09-27 23:03:47,56.30913805843766,12.530980101545111,31.159881840017228
2025-09-27 23:03:58,56.30913805843766,12.530980101545111,31.159881840017228
2025-09-27 23:04:41,56.30913805843766,12.530980101545111,31.159881840017228
2025-09-27 23:05:54,56.30913805843766,12.530980101545111,31.159881840017228
2025-09-27 23:07:10,56.30913805843766,12.530980101545111,31.159881840017228
2025-09-27 23:07:33,56.30913805843766,12.530980101545111,31.159881840017228
2025-09-27 23:07:48,56.30913805843766,12.530980101545111,31.159881840017228
2025-09-27 23:08:50,56.30913805843766,12.530980101545111,31.159881840017228
2025-09-27 23:08:51,56.30913805843766,12.530980101545111,31.159881840017228
2025-09-27 23:09:00,56.30913805843766,12.530980101545111,31.159881840017228
2025-09-27 23:09:42,56.30913805843766,12.530980101545111,31.159881840017228
2025-09-27 23:10:55,56.317972392520986,12.518891753407784,31.16313585407123
2025-09-27 23:12:15,56.317972392520986,12.518891753407784,31.16313585407123
2025-09-27 23:12:38,56.317972392520986,12.518891753407784,31.16313585407123
2025-09-27 23:12:49,56.317972392520986,12.518891753407784,31.16313585407123
2025-09-27 23:13:51,56.317972392520986,12.518891753407784,31.16313585407123
2025-09-27 23:13:52,56.317972392520986,12.518891753407784,31.16313585407123
2025-09-27 23:14:02,56.317972392520986,12.518891753407784,31.16313585407123
2025-09-27 23:14:43,56.317972392520986,12.518891753407784,31.16313585407123
2025-09-27 23:15:33,56.317972392520986,12.518891753407784,31.16313585407123
2025-09-27 23:15:56,56.317972392520986,12.518891753407784,31.16313585407123
2025-09-27 23:17:16,56.317972392520986,12.518891753407784,31.16313585407123
2025-09-27 23:17:39,56.317972392520986,12.518891753407784,31.16313585407123
2025-09-27 23:17:50,56.317972392520986,12.518891753407784,31.16313585407123
2025-09-27 23:18:52,56.317972392520986,12.518891753407784,31.16313585407123
2025-09-27 23:18:56,56.317972392520986,12.518891753407784,31.16313585407123
2025-09-27 23:19:03,56.317972392520986,12.518891753407784,31.16313585407123
2025-09-27 23:19:46,56.317972392520986,12.518891753407784,31.16313585407123
2025-09-27 23:20:37,56.32740865081816,12.513059226041005,31.15953212314083
2025-09-27 23:20:57,56.32740865081816,12.513059226041005,31.15953212314083
2025-09-27 23:22:17,56.32740865081816,12.513059226041005,31.15953212314083
2025-09-27 23:22:40,56.32740865081816,12.513059226041005,31.15953212314083
2025-09-27 23:22:51,56.32740865081816,12.513059226041005,31.15953212314083
2025-09-27 23:23:54,56.32740865081816,12.513059226041005,31.15953212314083
2025-09-27 23:23:59,56.32740865081816,12.513059226041005,31.15953212314083
2025-09-27 23:24:04,56.32740865081816,12.513059226041005,31.15953212314083
2025-09-27 23:24:47,56.32740865081816,12.513059226041005,31.15953212314083
2025-09-27 23:25:38,56.32740865081816,12.513059226041005,31.15953212314083
2025-09-27 23:25:59,56.32740865081816,12.513059226041005,31.15953212314083
2025-09-27 23:27:19,56.32740865081816,12.513059226041005,31.15953212314083
2025-09-27 23:27:44,56.32740865081816,12.513059226041005,31.15953212314083
2025-09-27 23:27:53,56.32740865081816,12.513059226041005,31.15953212314083
2025-09-27 23:28:56,56.32740865081816,12.513059226041005,31.15953212314083
2025-09-27 23:29:01,56.32740865081816,12.513059226041005,31.15953212314083
2025-09-27 23:29:06,56.32740865081816,12.513059226041005,31.15953212314083
2025-09-27 23:29:48,56.32740865081816,12.513059226041005,31.15953212314083
2025-09-27 23:30:39,56.32946817608373,12.521127357319616,31.149404466596653
2025-09-27 23:31:00,56.32946817608373,12.521127357319616,31.149404466596653
2025-09-27 23:32:21,56.32946817608373,12.521127357319616,31.149404466596653
2025-09-27 23:32:45,56.32946817608373,12.521127357319616,31.149404466596653
2025-09-27 23:32:54,56.32946817608373,12.521127357319616,31.149404466596653
2025-09-27 23:33:57,56.32946817608373,12.521127357319616,31.149404466596653
2025-09-27 23:34:02,56.32946817608373,12.521127357319616,31.149404466596653
2025-09-27 23:34:08,56.32946817608373,12.521127357319616,31.149404466596653
2025-09-27 23:34:49,56.32946817608373,12.521127357319616,31.149404466596653
2025-09-27 23:35:40,56.32946817608373,12.521127357319616,31.149404466596653
2025-09-27 23:36:01,56.32946817608373,12.521127357319616,31.149404466596653
2025-09-27 23:37:22,56.32946817608373,12.521127357319616,31.149404466596653
2025-09-27 23:37:46,56.32946817608373,12.521127357319616,31.149404466596653
2025-09-27 23:37:55,56.32946817608373,12.521127357319616,31.149404466596653
2025-09-27 23:38:58,56.32946817608373,12.521127357319616,31.149404466596653
2025-09-27 23:39:03,56.32946817608373,12.521127357319616,31.149404466596653
2025-09-27 23:39:09,56.32946817608373,12.521127357319616,31.149404466596653
2025-09-27 23:39:50,56.32946817608373,12.521127357319616,31.149404466596653
2025-09-27 23:39:50,56.32946817608373,12.521127357319616,31.149404466596653
2025-09-27 23:40:41,56.33787147090037,12.514542977853132,31.1475855512465
2025-09-27 23:40:52,56.33787147090037,12.514542977853132,31.1475855512465
2025-09-27 23:41:02,56.33787147090037,12.514542977853132,31.1475855512465
2025-09-27 23:41:30,56.33787147090037,12.514542977853132,31.1475855512465
2025-09-27 23:42:23,56.33787147090037,12.514542977853132,31.1475855512465
2025-09-27 23:42:47,56.33787147090037,12.514542977853132,31.1475855512465
2025-09-27 23:42:55,56.33787147090037,12.514542977853132,31.1475855512465
2025-09-27 23:43:59,56.33787147090037,12.514542977853132,31.1475855512465
2025-09-27 23:44:04,56.33787147090037,12.514542977853132,31.1475855512465
2025-09-27 23:44:10,56.33787147090037,12.514542977853132,31.1475855512465
2025-09-27 23:44:35,56.33787147090037,12.514542977853132,31.1475855512465
2025-09-27 23:45:42,56.33787147090037,12.514542977853132,31.1475855512465
2025-09-27 23:45:53,56.33787147090037,12.514542977853132,31.1475855512465
2025-09-27 23:48:26,56.33787147090037,12.514542977853132,31.1475855512465
2025-09-27 23:53:27,56.33250205860519,12.514394000126067,31.15310394126874
2025-09-27 23:58:27,56.33250205860519,12.514394000126067,31.15310394126874
2025-09-28 00:03:27,56.36112523789436,12.505939630829769,31.132935131275868
2025-09-28 00:03:28,56.36112523789436,12.505939630829769,31.132935131275868
2025-09-28 00:06:56,56.36112523789436,12.505939630829769,31.132935131275868
2025-09-28 00:08:28,56.36112523789436,12.505939630829769,31.132935131275868
2025-09-28 00:08:30,56.36112523789436,12.505939630829769,31.132935131275868
2025-09-28 00:11:57,56.39158700579608,12.488951054355304,31.119461939848613
2025-09-28 00:13:29,56.39158700579608,12.488951054355304,31.119461939848613
2025-09-28 00:13:33,56.39158700579608,12.488951054355304,31.119461939848613
2025-09-28 00:16:58,56.39158700579608,12.488951054355304,31.119461939848613
2025-09-28 00:18:25,56.39158700579608,12.488951054355304,31.119461939848613
2025-09-28 00:18:30,56.39158700579608,12.488951054355304,31.119461939848613
2025-09-28 00:18:35,56.39158700579608,12.488951054355304,31.119461939848613
2025-09-28 00:21:59,56.42769186449669,12.472765549918616,31.0995425855847
2025-09-28 00:23:26,56.42769186449669,12.472765549918616,31.0995425855847
2025-09-28 00:23:31,56.42769186449669,12.472765549918616,31.0995425855847
2025-09-28 00:23:35,56.42769186449669,12.472765549918616,31.0995425855847
2025-09-28 00:26:41,56.42769186449669,12.472765549918616,31.0995425855847
2025-09-28 00:26:54,56.42769186449669,12.472765549918616,31.0995425855847
2025-09-28 00:27:00,56.42769186449669,12.472765549918616,31.0995425855847
2025-09-28 00:28:26,56.42769186449669,12.472765549918616,31.0995425855847
2025-09-28 00:28:32,56.42769186449669,12.472765549918616,31.0995425855847
2025-09-28 00:28:36,56.42769186449669,12.472765549918616,31.0995425855847
2025-09-28 00:28:37,56.42769186449669,12.472765549918616,31.0995425855847
2025-09-28 00:31:05,56.45015782478332,12.46695551212214,31.08288666309454
2025-09-28 00:31:50,56.45015782478332,12.46695551212214,31.08288666309454
2025-09-28 00:31:55,56.45015782478332,12.46695551212214,31.08288666309454
2025-09-28 00:32:01,56.45015782478332,12.46695551212214,31.08288666309454
2025-09-28 00:33:27,56.45015782478332,12.46695551212214,31.08288666309454
2025-09-28 00:33:32,56.45015782478332,12.46695551212214,31.08288666309454
2025-09-28 00:33:37,56.45015782478332,12.46695551212214,31.08288666309454
2025-09-28 00:33:38,56.45015782478332,12.46695551212214,31.08288666309454
2025-09-28 00:35:16,56.45015782478332,12.46695551212214,31.08288666309454
2025-09-28 00:36:05,56.45015782478332,12.46695551212214,31.08288666309454
2025-09-28 00:36:50,56.45015782478332,12.46695551212214,31.08288666309454
2025-09-28 00:36:56,56.45015782478332,12.46695551212214,31.08288666309454
2025-09-28 00:37:02,56.45015782478332,12.46695551212214,31.08288666309454
2025-09-28 00:37:49,56.45015782478332,12.46695551212214,31.08288666309454
2025-09-28 00:38:28,56.45015782478332,12.46695551212214,31.08288666309454
2025-09-28 00:38:33,56.45015782478332,12.46695551212214,31.08288666309454
2025-09-28 00:38:38,56.45015782478332,12.46695551212214,31.08288666309454
2025-09-28 00:38:39,56.45015782478332,12.46695551212214,31.08288666309454
2025-09-28 00:39:31,56.45015782478332,12.46695551212214,31.08288666309454
2025-09-28 00:40:16,56.41211671365198,12.490732810769035,31.09715047557898
2025-09-28 00:41:06,56.41211671365198,12.490732810769035,31.09715047557898
2025-09-28 00:41:36,56.41211671365198,12.490732810769035,31.09715047557898
2025-09-28 00:41:51,56.41211671365198,12.490732810769035,31.09715047557898
2025-09-28 00:41:57,56.41211671365198,12.490732810769035,31.09715047557898
2025-09-28 00:42:03,56.41211671365198,12.490732810769035,31.09715047557898
2025-09-28 00:42:50,56.41211671365198,12.490732810769035,31.09715047557898
2025-09-28 00:43:29,56.41211671365198,12.490732810769035,31.09715047557898
2025-09-28 00:43:34,56.41211671365198,12.490732810769035,31.09715047557898
2025-09-28 00:43:39,56.41211671365198,12.490732810769035,31.09715047557898
2025-09-28 00:43:40,56.41211671365198,12.490732810769035,31.09715047557898
2025-09-28 00:43:52,56.41211671365198,12.490732810769035,31.09715047557898
2025-09-28 00:44:16,56.41211671365198,12.490732810769035,31.09715047557898
2025-09-28 00:44:32,56.41211671365198,12.490732810769035,31.09715047557898
2025-09-28 00:44:51,56.41211671365198,12.490732810769035,31.09715047557898
2025-09-28 00:45:34,56.41211671365198,12.490732810769035,31.09715047557898
2025-09-28 00:48:00,56.41211671365198,12.490732810769035,31.09715047557898
2025-09-28 00:50:35,56.41625392723838,12.48278575668004,31.100960316081583
2025-09-28 00:53:01,56.41625392723838,12.48278575668004,31.100960316081583
2025-09-28 00:55:36,56.41625392723838,12.48278575668004,31.100960316081583
2025-09-28 00:58:02,56.41625392723838,12.48278575668004,31.100960316081583
2025-09-28 01:00:37,56.40167736144935,12.495180516132546,31.10314212241811
2025-09-28 01:03:02,56.40167736144935,12.495180516132546,31.10314212241811
2025-09-28 01:05:38,56.40167736144935,12.495180516132546,31.10314212241811
2025-09-28 01:08:03,56.40167736144935,12.495180516132546,31.10314212241811
2025-09-28 01:10:38,56.39726857596887,12.494999814870743,31.107731609160385
2025-09-28 01:13:04,56.39726857596887,12.494999814870743,31.107731609160385
2025-09-28 01:15:39,56.39726857596887,12.494999814870743,31.107731609160385
2025-09-28 01:18:05,56.39726857596887,12.494999814870743,31.107731609160385
2025-09-28 01:20:40,56.39726857596887,12.494999814870743,31.107731609160385
2025-09-28 01:23:06,56.40232563594349,12.496120223093374,31.10155414096314
2025-09-28 01:25:41,56.40232563594349,12.496120223093374,31.10155414096314
2025-09-28 01:26:04,56.40232563594349,12.496120223093374,31.10155414096314
2025-09-28 01:27:21,56.40232563594349,12.496120223093374,31.10155414096314
2025-09-28 01:27:33,56.40232563594349,12.496120223093374,31.10155414096314
2025-09-28 01:28:07,56.40232563594349,12.496120223093374,31.10155414096314
2025-09-28 01:28:15,56.40232563594349,12.496120223093374,31.10155414096314
2025-09-28 01:29:17,56.40232563594349,12.496120223093374,31.10155414096314
2025-09-28 01:30:42,56.40232563594349,12.496120223093374,31.10155414096314
2025-09-28 01:31:05,56.41623994984134,12.47939609246758,31.10436395769108
2025-09-28 01:32:21,56.41623994984134,12.47939609246758,31.10436395769108
2025-09-28 01:32:34,56.41623994984134,12.47939609246758,31.10436395769108
2025-09-28 01:33:07,56.41623994984134,12.47939609246758,31.10436395769108
2025-09-28 01:33:16,56.41623994984134,12.47939609246758,31.10436395769108
2025-09-28 01:34:18,56.41623994984134,12.47939609246758,31.10436395769108
2025-09-28 01:35:42,56.41623994984134,12.47939609246758,31.10436395769108
2025-09-28 01:36:06,56.41623994984134,12.47939609246758,31.10436395769108
2025-09-28 01:37:22,56.41623994984134,12.47939609246758,31.10436395769108
2025-09-28 01:37:35,56.41623994984134,12.47939609246758,31.10436395769108
2025-09-28 01:38:08,56.41623994984134,12.47939609246758,31.10436395769108
2025-09-28 01:38:17,56.41623994984134,12.47939609246758,31.10436395769108
2025-09-28 01:39:18,56.41623994984134,12.47939609246758,31.10436395769108
2025-09-28 01:40:43,56.41623994984134,12.47939609246758,31.10436395769108
2025-09-28 01:41:07,56.42684882558871,12.468738167427714,31.104413006983577
2025-09-28 01:42:23,56.42684882558871,12.468738167427714,31.104413006983577
2025-09-28 01:42:36,56.42684882558871,12.468738167427714,31.104413006983577
2025-09-28 01:43:09,56.42684882558871,12.468738167427714,31.104413006983577
2025-09-28 01:43:18,56.42684882558871,12.468738167427714,31.104413006983577
2025-09-28 01:44:19,56.42684882558871,12.468738167427714,31.104413006983577
2025-09-28 01:44:22,56.42684882558871,12.468738167427714,31.104413006983577
2025-09-28 01:45:44,56.42684882558871,12.468738167427714,31.104413006983577
2025-09-28 01:46:07,56.42684882558871,12.468738167427714,31.104413006983577
2025-09-28 01:46:27,56.42684882558871,12.468738167427714,31.104413006983577
2025-09-28 01:46:39,56.42684882558871,12.468738167427714,31.104413006983577
2025-09-28 01:47:23,56.42684882558871,12.468738167427714,31.104413006983577
2025-09-28 01:47:37,56.42684882558871,12.468738167427714,31.104413006983577
2025-09-28 01:47:54,56.42684882558871,12.468738167427714,31.104413006983577
2025-09-28 01:48:10,56.42684882558871,12.468738167427714,31.104413006983577
2025-09-28 01:48:18,56.42684882558871,12.468738167427714,31.104413006983577
2025-09-28 01:49:20,56.42684882558871,12.468738167427714,31.104413006983577
2025-09-28 01:49:22,56.42684882558871,12.468738167427714,31.104413006983577
2025-09-28 01:50:45,56.42684882558871,12.468738167427714,31.104413006983577
2025-09-28 01:50:50,56.43711105858387,12.464332219084431,31.0985567223317
2025-09-28 01:51:08,56.43711105858387,12.464332219084431,31.0985567223317
2025-09-28 01:51:28,56.43711105858387,12.464332219084431,31.0985567223317
2025-09-28 01:51:40,56.43711105858387,12.464332219084431,31.0985567223317
2025-09-28 01:52:24,56.43711105858387,12.464332219084431,31.0985567223317
2025-09-28 01:52:37,56.43711105858387,12.464332219084431,31.0985567223317
2025-09-28 01:52:54,56.43711105858387,12.464332219084431,31.0985567223317
2025-09-28 01:53:11,56.43711105858387,12.464332219084431,31.0985567223317
2025-09-28 01:53:19,56.43711105858387,12.464332219084431,31.0985567223317
2025-09-28 01:54:01,56.43711105858387,12.464332219084431,31.0985567223317
2025-09-28 01:54:21,56.43711105858387,12.464332219084431,31.0985567223317
2025-09-28 01:54:23,56.43711105858387,12.464332219084431,31.0985567223317
2025-09-28 01:55:46,56.43711105858387,12.464332219084431,31.0985567223317
2025-09-28 01:55:51,56.43711105858387,12.464332219084431,31.0985567223317
2025-09-28 01:56:09,56.43711105858387,12.464332219084431,31.0985567223317
2025-09-28 01:56:29,56.43711105858387,12.464332219084431,31.0985567223317
2025-09-28 01:56:40,56.43711105858387,12.464332219084431,31.0985567223317
2025-09-28 01:57:25,56.43711105858387,12.464332219084431,31.0985567223317
2025-09-28 01:57:38,56.43711105858387,12.464332219084431,31.0985567223317
2025-09-28 01:57:55,56.43711105858387,12.464332219084431,31.0985567223317
2025-09-28 01:58:01,56.43711105858387,12.464332219084431,31.0985567223317
2025-09-28 01:58:11,56.43711105858387,12.464332219084431,31.0985567223317
2025-09-28 01:59:21,56.43711105858387,12.464332219084431,31.0985567223317
2025-09-28 01:59:24,56.43711105858387,12.464332219084431,31.0985567223317
2025-09-28 02:00:46,56.43711105858387,12.464332219084431,31.0985567223317
2025-09-28 02:00:52,56.42522781883507,12.472704462993525,31.102067718171405
2025-09-28 02:01:10,56.42522781883507,12.472704462993525,31.102067718171405
2025-09-28 02:01:30,56.42522781883507,12.472704462993525,31.102067718171405
2025-09-28 02:01:41,56.42522781883507,12.472704462993525,31.102067718171405
2025-09-28 02:02:26,56.42522781883507,12.472704462993525,31.102067718171405
2025-09-28 02:02:39,56.42522781883507,12.472704462993525,31.102067718171405
2025-09-28 02:02:56,56.42522781883507,12.472704462993525,31.102067718171405
2025-09-28 02:03:02,56.42522781883507,12.472704462993525,31.102067718171405
2025-09-28 02:03:12,56.42522781883507,12.472704462993525,31.102067718171405
2025-09-28 02:03:20,56.42522781883507,12.472704462993525,31.102067718171405
2025-09-28 02:04:02,56.42522781883507,12.472704462993525,31.102067718171405
2025-09-28 02:04:22,56.42522781883507,12.472704462993525,31.102067718171405
2025-09-28 02:04:25,56.42522781883507,12.472704462993525,31.102067718171405
2025-09-28 02:05:47,56.42522781883507,12.472704462993525,31.102067718171405
2025-09-28 02:05:53,56.42522781883507,12.472704462993525,31.102067718171405
2025-09-28 02:06:10,56.42522781883507,12.472704462993525,31.102067718171405
2025-09-28 02:06:27,56.42522781883507,12.472704462993525,31.102067718171405
2025-09-28 02:06:30,56.42522781883507,12.472704462993525,31.102067718171405
2025-09-28 02:06:42,56.42522781883507,12.472704462993525,31.102067718171405
2025-09-28 02:07:26,56.42522781883507,12.472704462993525,31.102067718171405
2025-09-28 02:07:40,56.42522781883507,12.472704462993525,31.102067718171405
2025-09-28 02:07:57,56.42522781883507,12.472704462993525,31.102067718171405
2025-09-28 02:08:03,56.42522781883507,12.472704462993525,31.102067718171405
2025-09-28 02:08:13,56.42522781883507,12.472704462993525,31.102067718171405
2025-09-28 02:08:21,56.42522781883507,12.472704462993525,31.102067718171405
2025-09-28 02:08:34,56.42522781883507,12.472704462993525,31.102067718171405
2025-09-28 02:09:03,56.42522781883507,12.472704462993525,31.102067718171405
2025-09-28 02:09:23,56.42522781883507,12.472704462993525,31.102067718171405
2025-09-28 02:09:25,56.42522781883507,12.472704462993525,31.102067718171405
2025-09-28 02:10:48,56.42522781883507,12.472704462993525,31.102067718171405
2025-09-28 02:10:54,56.42619617301994,12.475863860852272,31.09793996612779
2025-09-28 02:11:11,56.42619617301994,12.475863860852272,31.09793996612779
2025-09-28 02:11:28,56.42619617301994,12.475863860852272,31.09793996612779
2025-09-28 02:11:31,56.42619617301994,12.475863860852272,31.09793996612779
2025-09-28 02:11:43,56.42619617301994,12.475863860852272,31.09793996612779
2025-09-28 02:12:27,56.42619617301994,12.475863860852272,31.09793996612779
2025-09-28 02:12:40,56.42619617301994,12.475863860852272,31.09793996612779
2025-09-28 02:12:58,56.42619617301994,12.475863860852272,31.09793996612779
2025-09-28 02:13:04,56.42619617301994,12.475863860852272,31.09793996612779
2025-09-28 02:13:14,56.42619617301994,12.475863860852272,31.09793996612779
2025-09-28 02:13:22,56.42619617301994,12.475863860852272,31.09793996612779
2025-09-28 02:13:34,56.42619617301994,12.475863860852272,31.09793996612779
2025-09-28 02:14:04,56.42619617301994,12.475863860852272,31.09793996612779
2025-09-28 02:14:24,56.42619617301994,12.475863860852272,31.09793996612779
2025-09-28 02:14:26,56.42619617301994,12.475863860852272,31.09793996612779
2025-09-28 02:15:49,56.42619617301994,12.475863860852272,31.09793996612779
2025-09-28 02:15:54,56.42619617301994,12.475863860852272,31.09793996612779
2025-09-28 02:16:12,56.42619617301994,12.475863860852272,31.09793996612779
2025-09-28 02:16:29,56.42619617301994,12.475863860852272,31.09793996612779
2025-09-28 02:16:32,56.42619617301994,12.475863860852272,31.09793996612779
2025-09-28 02:16:44,56.42619617301994,12.475863860852272,31.09793996612779
2025-09-28 02:17:28,56.42619617301994,12.475863860852272,31.09793996612779
2025-09-28 02:17:41,56.42619617301994,12.475863860852272,31.09793996612779
2025-09-28 02:17:58,56.42619617301994,12.475863860852272,31.09793996612779
2025-09-28 02:18:04,56.42619617301994,12.475863860852272,31.09793996612779
2025-09-28 02:18:14,56.42619617301994,12.475863860852272,31.09793996612779
2025-09-28 02:18:23,56.42619617301994,12.475863860852272,31.09793996612779
2025-09-28 02:18:35,56.42619617301994,12.475863860852272,31.09793996612779
2025-09-28 02:19:05,56.42619617301994,12.475863860852272,31.09793996612779
2025-09-28 02:19:24,56.42619617301994,12.475863860852272,31.09793996612779
2025-09-28 02:19:27,56.42619617301994,12.475863860852272,31.09793996612779
2025-09-28 02:20:49,56.42619617301994,12.475863860852272,31.09793996612779
2025-09-28 02:20:55,56.42901661625207,12.474313807350333,31.096669576397595
2025-09-28 02:21:13,56.42901661625207,12.474313807350333,31.096669576397595
2025-09-28 02:21:29,56.42901661625207,12.474313807350333,31.096669576397595
2025-09-28 02:21:33,56.42901661625207,12.474313807350333,31.096669576397595
2025-09-28 02:21:44,56.42901661625207,12.474313807350333,31.096669576397595
2025-09-28 02:22:29,56.42901661625207,12.474313807350333,31.096669576397595
2025-09-28 02:22:42,56.42901661625207,12.474313807350333,31.096669576397595
2025-09-28 02:22:59,56.42901661625207,12.474313807350333,31.096669576397595
2025-09-28 02:23:05,56.42901661625207,12.474313807350333,31.096669576397595
2025-09-28 02:23:15,56.42901661625207,12.474313807350333,31.096669576397595
2025-09-28 02:23:23,56.42901661625207,12.474313807350333,31.096669576397595
2025-09-28 02:23:36,56.42901661625207,12.474313807350333,31.096669576397595
2025-09-28 02:24:05,56.42901661625207,12.474313807350333,31.096669576397595
2025-09-28 02:24:21,56.42901661625207,12.474313807350333,31.096669576397595
2025-09-28 02:25:50,56.42901661625207,12.474313807350333,31.096669576397595
2025-09-28 02:25:56,56.42901661625207,12.474313807350333,31.096669576397595
2025-09-28 02:26:13,56.42901661625207,12.474313807350333,31.096669576397595
2025-09-28 02:26:30,56.42901661625207,12.474313807350333,31.096669576397595
2025-09-28 02:26:33,56.42901661625207,12.474313807350333,31.096669576397595
2025-09-28 02:26:45,56.42901661625207,12.474313807350333,31.096669576397595
2025-09-28 02:27:18,56.42901661625207,12.474313807350333,31.096669576397595
2025-09-28 02:27:29,56.42901661625207,12.474313807350333,31.096669576397595
2025-09-28 02:27:43,56.42901661625207,12.474313807350333,31.096669576397595
2025-09-28 02:28:00,56.42901661625207,12.474313807350333,31.096669576397595
2025-09-28 02:28:06,56.42901661625207,12.474313807350333,31.096669576397595
2025-09-28 02:28:16,56.42901661625207,12.474313807350333,31.096669576397595
2025-09-28 02:29:26,56.42901661625207,12.474313807350333,31.096669576397595
2025-09-28 02:29:28,56.42901661625207,12.474313807350333,31.096669576397595
2025-09-28 02:30:51,56.42901661625207,12.474313807350333,31.096669576397595
2025-09-28 02:30:57,56.40615986905308,12.483179011249636,31.110661119697287
2025-09-28 02:31:09,56.40615986905308,12.483179011249636,31.110661119697287
2025-09-28 02:31:14,56.40615986905308,12.483179011249636,31.110661119697287
2025-09-28 02:31:31,56.40615986905308,12.483179011249636,31.110661119697287
2025-09-28 02:31:34,56.40615986905308,12.483179011249636,31.110661119697287
2025-09-28 02:32:47,56.40615986905308,12.483179011249636,31.110661119697287
2025-09-28 02:33:01,56.40615986905308,12.483179011249636,31.110661119697287
2025-09-28 02:33:07,56.40615986905308,12.483179011249636,31.110661119697287
2025-09-28 02:33:17,56.40615986905308,12.483179011249636,31.110661119697287
2025-09-28 02:33:25,56.40615986905308,12.483179011249636,31.110661119697287
2025-09-28 02:33:37,56.40615986905308,12.483179011249636,31.110661119697287
2025-09-28 02:34:07,56.40615986905308,12.483179011249636,31.110661119697287
2025-09-28 02:34:23,56.40615986905308,12.483179011249636,31.110661119697287
2025-09-28 02:34:26,56.40615986905308,12.483179011249636,31.110661119697287
2025-09-28 02:35:52,56.40615986905308,12.483179011249636,31.110661119697287
2025-09-28 02:35:57,56.40615986905308,12.483179011249636,31.110661119697287
2025-09-28 02:36:10,56.40615986905308,12.483179011249636,31.110661119697287
2025-09-28 02:36:15,56.40615986905308,12.483179011249636,31.110661119697287
2025-09-28 02:36:18,56.40615986905308,12.483179011249636,31.110661119697287
2025-09-28 02:36:32,56.40615986905308,12.483179011249636,31.110661119697287
2025-09-28 02:37:44,56.40615986905308,12.483179011249636,31.110661119697287
2025-09-28 02:37:48,56.40615986905308,12.483179011249636,31.110661119697287
2025-09-28 02:38:01,56.40615986905308,12.483179011249636,31.110661119697287
2025-09-28 02:38:07,56.40615986905308,12.483179011249636,31.110661119697287
2025-09-28 02:38:17,56.40615986905308,12.483179011249636,31.110661119697287
2025-09-28 02:38:25,56.40615986905308,12.483179011249636,31.110661119697287
2025-09-28 02:38:38,56.40615986905308,12.483179011249636,31.110661119697287
2025-09-28 02:39:07,56.40615986905308,12.483179011249636,31.110661119697287
2025-09-28 02:39:23,56.40615986905308,12.483179011249636,31.110661119697287
2025-09-28 02:39:27,56.40615986905308,12.483179011249636,31.110661119697287
2025-09-28 02:40:52,56.40615986905308,12.483179011249636,31.110661119697287
2025-09-28 02:40:58,56.40510855373557,12.480585652529328,31.1143057937351
2025-09-28 02:41:11,56.40510855373557,12.480585652529328,31.1143057937351
2025-09-28 02:41:16,56.40510855373557,12.480585652529328,31.1143057937351
2025-09-28 02:41:19,56.40510855373557,12.480585652529328,31.1143057937351
2025-09-28 02:41:33,56.40510855373557,12.480585652529328,31.1143057937351
2025-09-28 02:41:35,56.40510855373557,12.480585652529328,31.1143057937351
2025-09-28 02:42:48,56.40510855373557,12.480585652529328,31.1143057937351
2025-09-28 02:43:02,56.40510855373557,12.480585652529328,31.1143057937351
2025-09-28 02:43:08,56.40510855373557,12.480585652529328,31.1143057937351
2025-09-28 02:43:18,56.40510855373557,12.480585652529328,31.1143057937351
2025-09-28 02:43:26,56.40510855373557,12.480585652529328,31.1143057937351
2025-09-28 02:43:39,56.40510855373557,12.480585652529328,31.1143057937351
2025-09-28 02:44:08,56.40510855373557,12.480585652529328,31.1143057937351
2025-09-28 02:44:24,56.40510855373557,12.480585652529328,31.1143057937351
2025-09-28 02:44:28,56.40510855373557,12.480585652529328,31.1143057937351
2025-09-28 02:45:53,56.40510855373557,12.480585652529328,31.1143057937351
2025-09-28 02:45:59,56.40510855373557,12.480585652529328,31.1143057937351
2025-09-28 02:46:11,56.40510855373557,12.480585652529328,31.1143057937351
2025-09-28 02:46:16,56.40510855373557,12.480585652529328,31.1143057937351
2025-09-28 02:46:17,56.40510855373557,12.480585652529328,31.1143057937351
2025-09-28 02:47:20,56.40510855373557,12.480585652529328,31.1143057937351
2025-09-28 02:47:32,56.40510855373557,12.480585652529328,31.1143057937351
2025-09-28 02:47:36,56.40510855373557,12.480585652529328,31.1143057937351
2025-09-28 02:49:09,56.40510855373557,12.480585652529328,31.1143057937351
2025-09-28 02:49:25,56.40510855373557,12.480585652529328,31.1143057937351
2025-09-28 02:49:29,56.40510855373557,12.480585652529328,31.1143057937351
2025-09-28 02:49:30,56.40510855373557,12.480585652529328,31.1143057937351
2025-09-28 02:49:41,56.40510855373557,12.480585652529328,31.1143057937351
2025-09-28 02:54:42,56.41483121508416,12.485657505958986,31.09951127895685
2025-09-28 02:54:43,56.41483121508416,12.485657505958986,31.09951127895685
2025-09-28 02:55:18,56.41483121508416,12.485657505958986,31.09951127895685
2025-09-28 02:56:52,56.41483121508416,12.485657505958986,31.09951127895685
2025-09-28 02:58:32,56.41483121508416,12.485657505958986,31.09951127895685
2025-09-28 02:59:33,56.41483121508416,12.485657505958986,31.09951127895685
2025-09-28 03:00:02,56.41483121508416,12.485657505958986,31.09951127895685
2025-09-28 03:00:44,56.41483121508416,12.485657505958986,31.09951127895685
2025-09-28 03:00:57,56.39898147074957,12.495083855068984,31.105934674181448
2025-09-28 03:02:09,56.39898147074957,12.495083855068984,31.105934674181448
2025-09-28 03:03:49,56.39898147074957,12.495083855068984,31.105934674181448
2025-09-28 03:04:55,56.39898147074957,12.495083855068984,31.105934674181448
2025-09-28 03:05:10,56.39898147074957,12.495083855068984,31.105934674181448
2025-09-28 03:05:53,56.39898147074957,12.495083855068984,31.105934674181448
2025-09-28 03:05:58,56.39898147074957,12.495083855068984,31.105934674181448
2025-09-28 03:07:09,56.39898147074957,12.495083855068984,31.105934674181448
2025-09-28 03:08:50,56.39898147074957,12.495083855068984,31.105934674181448
2025-09-28 03:09:51,56.39898147074957,12.495083855068984,31.105934674181448
2025-09-28 03:09:55,56.39898147074957,12.495083855068984,31.105934674181448
2025-09-28 03:10:11,56.39898147074957,12.495083855068984,31.105934674181448
2025-09-28 03:10:53,56.39898147074957,12.495083855068984,31.105934674181448
2025-09-28 03:10:59,56.38661023951966,12.498253990012875,31.11513577046746
2025-09-28 03:12:10,56.38661023951966,12.498253990012875,31.11513577046746
2025-09-28 03:13:51,56.38661023951966,12.498253990012875,31.11513577046746
2025-09-28 03:14:52,56.38661023951966,12.498253990012875,31.11513577046746
2025-09-28 03:14:56,56.38661023951966,12.498253990012875,31.11513577046746
2025-09-28 03:15:12,56.38661023951966,12.498253990012875,31.11513577046746
2025-09-28 03:15:54,56.38661023951966,12.498253990012875,31.11513577046746
2025-09-28 03:15:59,56.38661023951966,12.498253990012875,31.11513577046746
2025-09-28 03:16:25,56.38661023951966,12.498253990012875,31.11513577046746
2025-09-28 03:17:11,56.38661023951966,12.498253990012875,31.11513577046746
2025-09-28 03:18:52,56.38661023951966,12.498253990012875,31.11513577046746
2025-09-28 03:18:59,56.38661023951966,12.498253990012875,31.11513577046746
2025-09-28 03:19:52,56.38661023951966,12.498253990012875,31.11513577046746
2025-09-28 03:19:57,56.38661023951966,12.498253990012875,31.11513577046746
2025-09-28 03:20:12,56.38661023951966,12.498253990012875,31.11513577046746
2025-09-28 03:20:55,56.38661023951966,12.498253990012875,31.11513577046746
2025-09-28 03:21:00,56.387592219554,12.49730562303971,31.11510215740629
2025-09-28 03:21:25,56.387592219554,12.49730562303971,31.11510215740629
2025-09-28 03:22:12,56.387592219554,12.49730562303971,31.11510215740629
2025-09-28 03:23:53,56.387592219554,12.49730562303971,31.11510215740629
2025-09-28 03:23:59,56.387592219554,12.49730562303971,31.11510215740629
2025-09-28 03:24:53,56.387592219554,12.49730562303971,31.11510215740629
2025-09-28 03:24:58,56.387592219554,12.49730562303971,31.11510215740629
2025-09-28 03:25:13,56.387592219554,12.49730562303971,31.11510215740629
2025-09-28 03:25:56,56.387592219554,12.49730562303971,31.11510215740629
2025-09-28 03:26:01,56.387592219554,12.49730562303971,31.11510215740629
2025-09-28 03:26:26,56.387592219554,12.49730562303971,31.11510215740629
2025-09-28 03:27:13,56.387592219554,12.49730562303971,31.11510215740629
2025-09-28 03:28:53,56.387592219554,12.49730562303971,31.11510215740629
2025-09-28 03:29:00,56.387592219554,12.49730562303971,31.11510215740629
2025-09-28 03:29:54,56.387592219554,12.49730562303971,31.11510215740629
2025-09-28 03:29:58,56.387592219554,12.49730562303971,31.11510215740629
2025-09-28 03:30:14,56.387592219554,12.49730562303971,31.11510215740629
2025-09-28 03:30:56,56.387592219554,12.49730562303971,31.11510215740629
2025-09-28 03:31:02,56.38984462204936,12.496017092688334,31.114138285262307
2025-09-28 03:31:27,56.38984462204936,12.496017092688334,31.114138285262307
2025-09-28 03:32:13,56.38984462204936,12.496017092688334,31.114138285262307
2025-09-28 03:33:54,56.38984462204936,12.496017092688334,31.114138285262307
2025-09-28 03:34:01,56.38984462204936,12.496017092688334,31.114138285262307
2025-09-28 03:34:55,56.38984462204936,12.496017092688334,31.114138285262307
2025-09-28 03:34:59,56.38984462204936,12.496017092688334,31.114138285262307
2025-09-28 03:35:15,56.38984462204936,12.496017092688334,31.114138285262307
2025-09-28 03:35:57,56.38984462204936,12.496017092688334,31.114138285262307
2025-09-28 03:36:02,56.38984462204936,12.496017092688334,31.114138285262307
2025-09-28 03:36:28,56.38984462204936,12.496017092688334,31.114138285262307
2025-09-28 03:37:14,56.38984462204936,12.496017092688334,31.114138285262307
2025-09-28 03:38:55,56.38984462204936,12.496017092688334,31.114138285262307
2025-09-28 03:39:02,56.38984462204936,12.496017092688334,31.114138285262307
2025-09-28 03:39:56,56.38984462204936,12.496017092688334,31.114138285262307
2025-09-28 03:40:00,56.38984462204936,12.496017092688334,31.114138285262307
2025-09-28 03:40:15,56.38984462204936,12.496017092688334,31.114138285262307
2025-09-28 03:40:58,56.38984462204936,12.496017092688334,31.114138285262307
2025-09-28 03:41:03,56.38156982164424,12.498106519000906,31.12032365935485
2025-09-28 03:41:28,56.38156982164424,12.498106519000906,31.12032365935485
2025-09-28 03:42:15,56.38156982164424,12.498106519000906,31.12032365935485
2025-09-28 03:43:56,56.38156982164424,12.498106519000906,31.12032365935485
2025-09-28 03:44:02,56.38156982164424,12.498106519000906,31.12032365935485
2025-09-28 03:44:56,56.38156982164424,12.498106519000906,31.12032365935485
2025-09-28 03:45:01,56.38156982164424,12.498106519000906,31.12032365935485
2025-09-28 03:45:16,56.38156982164424,12.498106519000906,31.12032365935485
2025-09-28 03:45:59,56.38156982164424,12.498106519000906,31.12032365935485
2025-09-28 03:46:04,56.38156982164424,12.498106519000906,31.12032365935485
2025-09-28 03:46:29,56.38156982164424,12.498106519000906,31.12032365935485
2025-09-28 03:47:16,56.38156982164424,12.498106519000906,31.12032365935485
2025-09-28 03:48:56,56.38156982164424,12.498106519000906,31.12032365935485
2025-09-28 03:49:03,56.38156982164424,12.498106519000906,31.12032365935485
2025-09-28 03:49:57,56.38156982164424,12.498106519000906,31.12032365935485
2025-09-28 03:50:01,56.38156982164424,12.498106519000906,31.12032365935485
2025-09-28 03:50:17,56.38156982164424,12.498106519000906,31.12032365935485
2025-09-28 03:50:59,56.38156982164424,12.498106519000906,31.12032365935485
2025-09-28 03:51:05,56.37957038774897,12.494759867452377,31.125669744798657
2025-09-28 03:51:30,56.37957038774897,12.494759867452377,31.125669744798657
2025-09-28 03:52:16,56.37957038774897,12.494759867452377,31.125669744798657
2025-09-28 03:53:57,56.37957038774897,12.494759867452377,31.125669744798657
2025-09-28 03:54:04,56.37957038774897,12.494759867452377,31.125669744798657
2025-09-28 03:54:58,56.37957038774897,12.494759867452377,31.125669744798657
2025-09-28 03:55:02,56.37957038774897,12.494759867452377,31.125669744798657
2025-09-28 03:55:18,56.37957038774897,12.494759867452377,31.125669744798657
2025-09-28 03:56:00,56.37957038774897,12.494759867452377,31.125669744798657
2025-09-28 03:56:05,56.37957038774897,12.494759867452377,31.125669744798657
2025-09-28 03:56:31,56.37957038774897,12.494759867452377,31.125669744798657
2025-09-28 03:57:17,56.37957038774897,12.494759867452377,31.125669744798657
2025-09-28 03:58:58,56.37957038774897,12.494759867452377,31.125669744798657
2025-09-28 03:59:05,56.37957038774897,12.494759867452377,31.125669744798657
2025-09-28 03:59:59,56.37957038774897,12.494759867452377,31.125669744798657
2025-09-28 04:00:03,56.37957038774897,12.494759867452377,31.125669744798657
2025-09-28 04:00:18,56.37957038774897,12.494759867452377,31.125669744798657
2025-09-28 04:01:01,56.37957038774897,12.494759867452377,31.125669744798657
2025-09-28 04:01:06,56.39064006266964,12.50088165286938,31.10847828446098
2025-09-28 04:01:31,56.39064006266964,12.50088165286938,31.10847828446098
2025-09-28 04:02:18,56.39064006266964,12.50088165286938,31.10847828446098
2025-09-28 04:03:59,56.39064006266964,12.50088165286938,31.10847828446098
2025-09-28 04:04:05,56.39064006266964,12.50088165286938,31.10847828446098
2025-09-28 04:04:59,56.39064006266964,12.50088165286938,31.10847828446098
2025-09-28 04:05:04,56.39064006266964,12.50088165286938,31.10847828446098
2025-09-28 04:05:19,56.39064006266964,12.50088165286938,31.10847828446098
2025-09-28 04:06:02,56.39064006266964,12.50088165286938,31.10847828446098
2025-09-28 04:06:07,56.39064006266964,12.50088165286938,31.10847828446098
2025-09-28 04:06:32,56.39064006266964,12.50088165286938,31.10847828446098
2025-09-28 04:07:19,56.39064006266964,12.50088165286938,31.10847828446098
2025-09-28 04:08:59,56.39064006266964,12.50088165286938,31.10847828446098
2025-09-28 04:09:06,56.39064006266964,12.50088165286938,31.10847828446098
2025-09-28 04:10:00,56.39064006266964,12.50088165286938,31.10847828446098
2025-09-28 04:10:04,56.39064006266964,12.50088165286938,31.10847828446098
2025-09-28 04:10:20,56.39064006266964,12.50088165286938,31.10847828446098
2025-09-28 04:11:02,56.38387128083507,12.511563130270773,31.10456558889416
2025-09-28 04:11:08,56.38387128083507,12.511563130270773,31.10456558889416
2025-09-28 04:11:33,56.38387128083507,12.511563130270773,31.10456558889416
2025-09-28 04:12:19,56.38387128083507,12.511563130270773,31.10456558889416
2025-09-28 04:14:00,56.38387128083507,12.511563130270773,31.10456558889416
2025-09-28 04:14:07,56.38387128083507,12.511563130270773,31.10456558889416
2025-09-28 04:15:01,56.38387128083507,12.511563130270773,31.10456558889416
2025-09-28 04:15:06,56.38387128083507,12.511563130270773,31.10456558889416
2025-09-28 04:15:21,56.38387128083507,12.511563130270773,31.10456558889416
2025-09-28 04:16:03,56.38387128083507,12.511563130270773,31.10456558889416
2025-09-28 04:16:08,56.38387128083507,12.511563130270773,31.10456558889416
2025-09-28 04:16:34,56.38387128083507,12.511563130270773,31.10456558889416
2025-09-28 04:17:20,56.38387128083507,12.511563130270773,31.10456558889416
2025-09-28 04:19:01,56.38387128083507,12.511563130270773,31.10456558889416
2025-09-28 04:19:08,56.38387128083507,12.511563130270773,31.10456558889416
2025-09-28 04:20:02,56.38387128083507,12.511563130270773,31.10456558889416
2025-09-28 04:20:06,56.38387128083507,12.511563130270773,31.10456558889416
2025-09-28 04:20:21,56.38387128083507,12.511563130270773,31.10456558889416
2025-09-28 04:21:04,56.37719436901356,12.52152675054896,31.10127888043748
2025-09-28 04:21:09,56.37719436901356,12.52152675054896,31.10127888043748
2025-09-28 04:21:34,56.37719436901356,12.52152675054896,31.10127888043748
2025-09-28 04:22:21,56.37719436901356,12.52152675054896,31.10127888043748
2025-09-28 04:24:02,56.37719436901356,12.52152675054896,31.10127888043748
2025-09-28 04:24:08,56.37719436901356,12.52152675054896,31.10127888043748
2025-09-28 04:25:02,56.37719436901356,12.52152675054896,31.10127888043748
2025-09-28 04:25:07,56.37719436901356,12.52152675054896,31.10127888043748
2025-09-28 04:25:22,56.37719436901356,12.52152675054896,31.10127888043748
2025-09-28 04:26:05,56.37719436901356,12.52152675054896,31.10127888043748
2025-09-28 04:26:10,56.37719436901356,12.52152675054896,31.10127888043748
2025-09-28 04:26:35,56.37719436901356,12.52152675054896,31.10127888043748
2025-09-28 04:27:22,56.37719436901356,12.52152675054896,31.10127888043748
2025-09-28 04:29:03,56.37719436901356,12.52152675054896,31.10127888043748
2025-09-28 04:29:09,56.37719436901356,12.52152675054896,31.10127888043748
2025-09-28 04:30:03,56.37719436901356,12.52152675054896,31.10127888043748
2025-09-28 04:30:08,56.37719436901356,12.52152675054896,31.10127888043748
2025-09-28 04:30:23,56.37719436901356,12.52152675054896,31.10127888043748
2025-09-28 04:31:05,56.3782665042054,12.516713834035595,31.105019661759
2025-09-28 04:31:11,56.3782665042054,12.516713834035595,31.105019661759
2025-09-28 04:31:36,56.3782665042054,12.516713834035595,31.105019661759
2025-09-28 04:32:22,56.3782665042054,12.516713834035595,31.105019661759
2025-09-28 04:34:03,56.3782665042054,12.516713834035595,31.105019661759
2025-09-28 04:34:10,56.3782665042054,12.516713834035595,31.105019661759
2025-09-28 04:35:04,56.3782665042054,12.516713834035595,31.105019661759
2025-09-28 04:35:09,56.3782665042054,12.516713834035595,31.105019661759
2025-09-28 04:35:24,56.3782665042054,12.516713834035595,31.105019661759
2025-09-28 04:36:06,56.3782665042054,12.516713834035595,31.105019661759
2025-09-28 04:36:11,56.3782665042054,12.516713834035595,31.105019661759
2025-09-28 04:36:37,56.3782665042054,12.516713834035595,31.105019661759
2025-09-28 04:37:23,56.3782665042054,12.516713834035595,31.105019661759
2025-09-28 04:39:04,56.3782665042054,12.516713834035595,31.105019661759
2025-09-28 04:39:11,56.3782665042054,12.516713834035595,31.105019661759
2025-09-28 04:40:05,56.3782665042054,12.516713834035595,31.105019661759
2025-09-28 04:40:10,56.3782665042054,12.516713834035595,31.105019661759
2025-09-28 04:40:24,56.3782665042054,12.516713834035595,31.105019661759
2025-09-28 04:41:07,56.36986013507804,12.515674137228856,31.1144657276931
2025-09-28 04:41:12,56.36986013507804,12.515674137228856,31.1144657276931
2025-09-28 04:41:38,56.36986013507804,12.515674137228856,31.1144657276931
2025-09-28 04:42:24,56.36986013507804,12.515674137228856,31.1144657276931
2025-09-28 04:44:05,56.36986013507804,12.515674137228856,31.1144657276931
2025-09-28 04:44:11,56.36986013507804,12.515674137228856,31.1144657276931
2025-09-28 04:45:05,56.36986013507804,12.515674137228856,31.1144657276931
2025-09-28 04:45:10,56.36986013507804,12.515674137228856,31.1144657276931
2025-09-28 04:45:25,56.36986013507804,12.515674137228856,31.1144657276931
2025-09-28 04:46:08,56.36986013507804,12.515674137228856,31.1144657276931
2025-09-28 04:46:13,56.36986013507804,12.515674137228856,31.1144657276931
2025-09-28 04:46:38,56.36986013507804,12.515674137228856,31.1144657276931
2025-09-28 04:47:25,56.36986013507804,12.515674137228856,31.1144657276931
2025-09-28 04:49:06,56.36986013507804,12.515674137228856,31.1144657276931
2025-09-28 04:49:12,56.36986013507804,12.515674137228856,31.1144657276931
2025-09-28 04:50:06,56.36986013507804,12.515674137228856,31.1144657276931
2025-09-28 04:50:11,56.36986013507804,12.515674137228856,31.1144657276931
2025-09-28 04:50:26,56.36986013507804,12.515674137228856,31.1144657276931
2025-09-28 04:51:08,56.34579677439867,12.522867476434476,31.13133574916685
2025-09-28 04:51:14,56.34579677439867,12.522867476434476,31.13133574916685
2025-09-28 04:51:39,56.34579677439867,12.522867476434476,31.13133574916685
2025-09-28 04:52:25,56.34579677439867,12.522867476434476,31.13133574916685
2025-09-28 04:54:06,56.34579677439867,12.522867476434476,31.13133574916685
2025-09-28 04:54:13,56.34579677439867,12.522867476434476,31.13133574916685
2025-09-28 04:55:07,56.34579677439867,12.522867476434476,31.13133574916685
2025-09-28 04:55:12,56.34579677439867,12.522867476434476,31.13133574916685
2025-09-28 04:55:27,56.34579677439867,12.522867476434476,31.13133574916685
2025-09-28 04:56:09,56.34579677439867,12.522867476434476,31.13133574916685
2025-09-28 04:56:14,56.34579677439867,12.522867476434476,31.13133574916685
2025-09-28 04:56:40,56.34579677439867,12.522867476434476,31.13133574916685
2025-09-28 04:57:26,56.34579677439867,12.522867476434476,31.13133574916685
2025-09-28 04:59:07,56.34579677439867,12.522867476434476,31.13133574916685
2025-09-28 04:59:14,56.34579677439867,12.522867476434476,31.13133574916685
2025-09-28 05:00:08,56.34579677439867,12.522867476434476,31.13133574916685
2025-09-28 05:00:13,56.34579677439867,12.522867476434476,31.13133574916685
2025-09-28 05:00:28,56.34579677439867,12.522867476434476,31.13133574916685
2025-09-28 05:01:10,56.33254118087623,12.523521576799704,31.14393724232407
2025-09-28 05:01:15,56.33254118087623,12.523521576799704,31.14393724232407
2025-09-28 05:01:41,56.33254118087623,12.523521576799704,31.14393724232407
2025-09-28 05:02:27,56.33254118087623,12.523521576799704,31.14393724232407
2025-09-28 05:04:08,56.33254118087623,12.523521576799704,31.14393724232407
2025-09-28 05:04:14,56.33254118087623,12.523521576799704,31.14393724232407
2025-09-28 05:05:08,56.33254118087623,12.523521576799704,31.14393724232407
2025-09-28 05:05:13,56.33254118087623,12.523521576799704,31.14393724232407
2025-09-28 05:05:28,56.33254118087623,12.523521576799704,31.14393724232407
2025-09-28 05:06:11,56.33254118087623,12.523521576799704,31.14393724232407
2025-09-28 05:06:16,56.33254118087623,12.523521576799704,31.14393724232407
2025-09-28 05:06:41,56.33254118087623,12.523521576799704,31.14393724232407
2025-09-28 05:07:28,56.33254118087623,12.523521576799704,31.14393724232407
2025-09-28 05:09:09,56.33254118087623,12.523521576799704,31.14393724232407
2025-09-28 05:09:15,56.33254118087623,12.523521576799704,31.14393724232407
2025-09-28 05:10:09,56.33254118087623,12.523521576799704,31.14393724232407
2025-09-28 05:10:14,56.33254118087623,12.523521576799704,31.14393724232407
2025-09-28 05:10:29,56.33254118087623,12.523521576799704,31.14393724232407
2025-09-28 05:11:11,56.34039307361871,12.517206141476503,31.14240078490478
2025-09-28 05:11:17,56.34039307361871,12.517206141476503,31.14240078490478
2025-09-28 05:11:42,56.34039307361871,12.517206141476503,31.14240078490478
2025-09-28 05:12:28,56.34039307361871,12.517206141476503,31.14240078490478
2025-09-28 05:14:10,56.34039307361871,12.517206141476503,31.14240078490478
2025-09-28 05:14:16,56.34039307361871,12.517206141476503,31.14240078490478
2025-09-28 05:15:10,56.34039307361871,12.517206141476503,31.14240078490478
2025-09-28 05:15:15,56.34039307361871,12.517206141476503,31.14240078490478
2025-09-28 05:15:30,56.34039307361871,12.517206141476503,31.14240078490478
2025-09-28 05:16:12,56.34039307361871,12.517206141476503,31.14240078490478
2025-09-28 05:16:18,56.34039307361871,12.517206141476503,31.14240078490478
2025-09-28 05:16:43,56.34039307361871,12.517206141476503,31.14240078490478
2025-09-28 05:17:29,56.34039307361871,12.517206141476503,31.14240078490478
2025-09-28 05:19:11,56.34039307361871,12.517206141476503,31.14240078490478
2025-09-28 05:19:17,56.34039307361871,12.517206141476503,31.14240078490478
2025-09-28 05:20:11,56.34039307361871,12.517206141476503,31.14240078490478
2025-09-28 05:20:16,56.34039307361871,12.517206141476503,31.14240078490478
2025-09-28 05:20:31,56.34039307361871,12.517206141476503,31.14240078490478
2025-09-28 05:21:13,56.32802035153272,12.522506775377844,31.14947287308944
2025-09-28 05:21:18,56.32802035153272,12.522506775377844,31.14947287308944
2025-09-28 05:21:44,56.32802035153272,12.522506775377844,31.14947287308944
2025-09-28 05:22:30,56.32802035153272,12.522506775377844,31.14947287308944
2025-09-28 05:24:11,56.32802035153272,12.522506775377844,31.14947287308944
2025-09-28 05:24:17,56.32802035153272,12.522506775377844,31.14947287308944
2025-09-28 05:25:12,56.32802035153272,12.522506775377844,31.14947287308944
2025-09-28 05:25:16,56.32802035153272,12.522506775377844,31.14947287308944
2025-09-28 05:25:31,56.32802035153272,12.522506775377844,31.14947287308944
2025-09-28 05:26:14,56.32802035153272,12.522506775377844,31.14947287308944
2025-09-28 05:26:19,56.32802035153272,12.522506775377844,31.14947287308944
2025-09-28 05:26:44,56.32802035153272,12.522506775377844,31.14947287308944
2025-09-28 05:27:31,56.32802035153272,12.522506775377844,31.14947287308944
2025-09-28 05:29:12,56.32802035153272,12.522506775377844,31.14947287308944
2025-09-28 05:29:18,56.32802035153272,12.522506775377844,31.14947287308944
2025-09-28 05:30:12,56.32802035153272,12.522506775377844,31.14947287308944
2025-09-28 05:30:17,56.32802035153272,12.522506775377844,31.14947287308944
2025-09-28 05:30:32,56.32802035153272,12.522506775377844,31.14947287308944
2025-09-28 05:31:14,56.31136837554129,12.531638969713368,31.15699265474534
2025-09-28 05:31:20,56.31136837554129,12.531638969713368,31.15699265474534
2025-09-28 05:31:45,56.31136837554129,12.531638969713368,31.15699265474534
2025-09-28 05:32:31,56.31136837554129,12.531638969713368,31.15699265474534
2025-09-28 05:34:13,56.31136837554129,12.531638969713368,31.15699265474534
2025-09-28 05:34:19,56.31136837554129,12.531638969713368,31.15699265474534
2025-09-28 05:35:13,56.31136837554129,12.531638969713368,31.15699265474534
2025-09-28 05:35:18,56.31136837554129,12.531638969713368,31.15699265474534
2025-09-28 05:35:33,56.31136837554129,12.531638969713368,31.15699265474534
2025-09-28 05:36:15,56.31136837554129,12.531638969713368,31.15699265474534
2025-09-28 05:36:21,56.31136837554129,12.531638969713368,31.15699265474534
2025-09-28 05:36:46,56.31136837554129,12.531638969713368,31.15699265474534
2025-09-28 05:37:32,56.31136837554129,12.531638969713368,31.15699265474534
2025-09-28 05:39:14,56.31136837554129,12.531638969713368,31.15699265474534
2025-09-28 05:39:20,56.31136837554129,12.531638969713368,31.15699265474534
2025-09-28 05:40:14,56.31136837554129,12.531638969713368,31.15699265474534
2025-09-28 05:40:19,56.31136837554129,12.531638969713368,31.15699265474534
2025-09-28 05:40:34,56.31136837554129,12.531638969713368,31.15699265474534
2025-09-28 05:41:16,56.30976996226119,12.52393385748796,31.166296180250846
2025-09-28 05:41:21,56.30976996226119,12.52393385748796,31.166296180250846
2025-09-28 05:41:47,56.30976996226119,12.52393385748796,31.166296180250846
2025-09-28 05:42:33,56.30976996226119,12.52393385748796,31.166296180250846
2025-09-28 05:44:14,56.30976996226119,12.52393385748796,31.166296180250846
2025-09-28 05:44:21,56.30976996226119,12.52393385748796,31.166296180250846
2025-09-28 05:45:15,56.30976996226119,12.52393385748796,31.166296180250846
2025-09-28 05:45:20,56.30976996226119,12.52393385748796,31.166296180250846
2025-09-28 05:45:34,56.30976996226119,12.52393385748796,31.166296180250846
2025-09-28 05:46:17,56.30976996226119,12.52393385748796,31.166296180250846
2025-09-28 05:46:22,56.30976996226119,12.52393385748796,31.166296180250846
2025-09-28 05:46:47,56.30976996226119,12.52393385748796,31.166296180250846
2025-09-28 05:47:34,56.30976996226119,12.52393385748796,31.166296180250846
2025-09-28 05:49:15,56.30976996226119,12.52393385748796,31.166296180250846
2025-09-28 05:49:21,56.30976996226119,12.52393385748796,31.166296180250846
2025-09-28 05:50:15,56.30976996226119,12.52393385748796,31.166296180250846
2025-09-28 05:50:20,56.30976996226119,12.52393385748796,31.166296180250846
2025-09-28 05:50:35,56.30976996226119,12.52393385748796,31.166296180250846
2025-09-28 05:51:18,56.32568071269816,12.511719921471434,31.16259936583041
2025-09-28 05:51:23,56.32568071269816,12.511719921471434,31.16259936583041
2025-09-28 05:51:48,56.32568071269816,12.511719921471434,31.16259936583041
2025-09-28 05:52:34,56.32568071269816,12.511719921471434,31.16259936583041
2025-09-28 05:54:16,56.32568071269816,12.511719921471434,31.16259936583041
2025-09-28 05:54:22,56.32568071269816,12.511719921471434,31.16259936583041
2025-09-28 05:55:16,56.32568071269816,12.511719921471434,31.16259936583041
2025-09-28 05:55:21,56.32568071269816,12.511719921471434,31.16259936583041
2025-09-28 05:55:36,56.32568071269816,12.511719921471434,31.16259936583041
2025-09-28 05:56:18,56.32568071269816,12.511719921471434,31.16259936583041
2025-09-28 05:56:24,56.32568071269816,12.511719921471434,31.16259936583041
2025-09-28 05:56:49,56.32568071269816,12.511719921471434,31.16259936583041
2025-09-28 05:57:35,56.32568071269816,12.511719921471434,31.16259936583041
2025-09-28 05:59:17,56.32568071269816,12.511719921471434,31.16259936583041
2025-09-28 05:59:23,56.32568071269816,12.511719921471434,31.16259936583041
2025-09-28 06:00:17,56.32568071269816,12.511719921471434,31.16259936583041
2025-09-28 06:00:22,56.32568071269816,12.511719921471434,31.16259936583041
2025-09-28 06:00:37,56.32568071269816,12.511719921471434,31.16259936583041
2025-09-28 06:01:19,56.32562795368894,12.518474433125151,31.15589761318592
2025-09-28 06:01:25,56.32562795368894,12.518474433125151,31.15589761318592
2025-09-28 06:01:50,56.32562795368894,12.518474433125151,31.15589761318592
2025-09-28 06:02:36,56.32562795368894,12.518474433125151,31.15589761318592
2025-09-28 06:04:18,56.32562795368894,12.518474433125151,31.15589761318592
2025-09-28 06:04:24,56.32562795368894,12.518474433125151,31.15589761318592
2025-09-28 06:05:18,56.32562795368894,12.518474433125151,31.15589761318592
2025-09-28 06:05:23,56.32562795368894,12.518474433125151,31.15589761318592
2025-09-28 06:05:38,56.32562795368894,12.518474433125151,31.15589761318592
2025-09-28 06:06:20,56.32562795368894,12.518474433125151,31.15589761318592
2025-09-28 06:06:25,56.32562795368894,12.518474433125151,31.15589761318592
2025-09-28 06:06:50,56.32562795368894,12.518474433125151,31.15589761318592
2025-09-28 06:07:37,56.32562795368894,12.518474433125151,31.15589761318592
2025-09-28 06:09:18,56.32562795368894,12.518474433125151,31.15589761318592
2025-09-28 06:09:24,56.32562795368894,12.518474433125151,31.15589761318592
2025-09-28 06:10:18,56.32562795368894,12.518474433125151,31.15589761318592
2025-09-28 06:10:23,56.32562795368894,12.518474433125151,31.15589761318592
2025-09-28 06:10:38,56.32562795368894,12.518474433125151,31.15589761318592
2025-09-28 06:11:21,56.329093527958754,12.524359068743482,31.146547403297763
2025-09-28 06:11:26,56.329093527958754,12.524359068743482,31.146547403297763
2025-09-28 06:11:51,56.329093527958754,12.524359068743482,31.146547403297763
2025-09-28 06:12:38,56.329093527958754,12.524359068743482,31.146547403297763
2025-09-28 06:14:19,56.329093527958754,12.524359068743482,31.146547403297763
2025-09-28 06:14:25,56.329093527958754,12.524359068743482,31.146547403297763
2025-09-28 06:15:19,56.329093527958754,12.524359068743482,31.146547403297763
2025-09-28 06:15:24,56.329093527958754,12.524359068743482,31.146547403297763
2025-09-28 06:15:39,56.329093527958754,12.524359068743482,31.146547403297763
2025-09-28 06:16:21,56.329093527958754,12.524359068743482,31.146547403297763
2025-09-28 06:16:27,56.329093527958754,12.524359068743482,31.146547403297763
2025-09-28 06:16:52,56.329093527958754,12.524359068743482,31.146547403297763
2025-09-28 06:17:38,56.329093527958754,12.524359068743482,31.146547403297763
2025-09-28 06:19:20,56.329093527958754,12.524359068743482,31.146547403297763
2025-09-28 06:19:26,56.329093527958754,12.524359068743482,31.146547403297763
2025-09-28 06:20:20,56.329093527958754,12.524359068743482,31.146547403297763
2025-09-28 06:20:25,56.329093527958754,12.524359068743482,31.146547403297763
2025-09-28 06:20:40,56.329093527958754,12.524359068743482,31.146547403297763
2025-09-28 06:21:22,56.34209043645623,12.528173232507129,31.129736331036646
2025-09-28 06:21:28,56.34209043645623,12.528173232507129,31.129736331036646
2025-09-28 06:21:53,56.34209043645623,12.528173232507129,31.129736331036646
2025-09-28 06:22:39,56.34209043645623,12.528173232507129,31.129736331036646
2025-09-28 06:24:21,56.34209043645623,12.528173232507129,31.129736331036646
2025-09-28 06:24:27,56.34209043645623,12.528173232507129,31.129736331036646
2025-09-28 06:25:21,56.34209043645623,12.528173232507129,31.129736331036646
2025-09-28 06:25:26,56.34209043645623,12.528173232507129,31.129736331036646
2025-09-28 06:25:41,56.34209043645623,12.528173232507129,31.129736331036646
2025-09-28 06:26:23,56.34209043645623,12.528173232507129,31.129736331036646
2025-09-28 06:26:28,56.34209043645623,12.528173232507129,31.129736331036646
2025-09-28 06:26:54,56.34209043645623,12.528173232507129,31.129736331036646
2025-09-28 06:27:40,56.34209043645623,12.528173232507129,31.129736331036646
2025-09-28 06:29:22,56.34209043645623,12.528173232507129,31.129736331036646
2025-09-28 06:29:27,56.34209043645623,12.528173232507129,31.129736331036646
2025-09-28 06:30:22,56.34209043645623,12.528173232507129,31.129736331036646
2025-09-28 06:30:28,56.34209043645623,12.528173232507129,31.129736331036646
2025-09-28 06:30:41,56.34209043645623,12.528173232507129,31.129736331036646
2025-09-28 06:31:24,56.358892047036925,12.526063397437886,31.115044555525188
2025-09-28 06:31:29,56.358892047036925,12.526063397437886,31.115044555525188
2025-09-28 06:31:54,56.358892047036925,12.526063397437886,31.115044555525188
2025-09-28 06:32:41,56.358892047036925,12.526063397437886,31.115044555525188
2025-09-28 06:34:23,56.358892047036925,12.526063397437886,31.115044555525188
2025-09-28 06:34:28,56.358892047036925,12.526063397437886,31.115044555525188
2025-09-28 06:35:22,56.358892047036925,12.526063397437886,31.115044555525188
2025-09-28 06:35:28,56.358892047036925,12.526063397437886,31.115044555525188
2025-09-28 06:35:42,56.358892047036925,12.526063397437886,31.115044555525188
2025-09-28 06:36:24,56.358892047036925,12.526063397437886,31.115044555525188
2025-09-28 06:36:30,56.358892047036925,12.526063397437886,31.115044555525188
2025-09-28 06:36:55,56.358892047036925,12.526063397437886,31.115044555525188
2025-09-28 06:37:41,56.358892047036925,12.526063397437886,31.115044555525188
2025-09-28 06:39:23,56.358892047036925,12.526063397437886,31.115044555525188
2025-09-28 06:39:29,56.358892047036925,12.526063397437886,31.115044555525188
2025-09-28 06:40:23,56.358892047036925,12.526063397437886,31.115044555525188
2025-09-28 06:40:29,56.358892047036925,12.526063397437886,31.115044555525188
2025-09-28 06:40:43,56.358892047036925,12.526063397437886,31.115044555525188
2025-09-28 06:41:25,56.36644642825706,12.52298907278526,31.110564498957675
2025-09-28 06:41:31,56.36644642825706,12.52298907278526,31.110564498957675
2025-09-28 06:41:56,56.36644642825706,12.52298907278526,31.110564498957675
2025-09-28 06:42:42,56.36644642825706,12.52298907278526,31.110564498957675
2025-09-28 06:44:24,56.36644642825706,12.52298907278526,31.110564498957675
2025-09-28 06:44:30,56.36644642825706,12.52298907278526,31.110564498957675
2025-09-28 06:45:24,56.36644642825706,12.52298907278526,31.110564498957675
2025-09-28 06:45:30,56.36644642825706,12.52298907278526,31.110564498957675
2025-09-28 06:45:44,56.36644642825706,12.52298907278526,31.110564498957675
2025-09-28 06:46:26,56.36644642825706,12.52298907278526,31.110564498957675
2025-09-28 06:46:31,56.36644642825706,12.52298907278526,31.110564498957675
2025-09-28 06:46:57,56.36644642825706,12.52298907278526,31.110564498957675
2025-09-28 06:47:43,56.36644642825706,12.52298907278526,31.110564498957675
2025-09-28 06:49:25,56.36644642825706,12.52298907278526,31.110564498957675
2025-09-28 06:49:30,56.36644642825706,12.52298907278526,31.110564498957675
2025-09-28 06:50:25,56.36644642825706,12.52298907278526,31.110564498957675
2025-09-28 06:50:31,56.36644642825706,12.52298907278526,31.110564498957675
2025-09-28 06:50:44,56.36644642825706,12.52298907278526,31.110564498957675
2025-09-28 06:51:27,56.37916433010178,12.516772997907246,31.10406267199097
2025-09-28 06:51:32,56.37916433010178,12.516772997907246,31.10406267199097
2025-09-28 06:51:57,56.37916433010178,12.516772997907246,31.10406267199097
2025-09-28 06:52:44,56.37916433010178,12.516772997907246,31.10406267199097
2025-09-28 06:54:26,56.37916433010178,12.516772997907246,31.10406267199097
2025-09-28 06:54:31,56.37916433010178,12.516772997907246,31.10406267199097
2025-09-28 06:55:25,56.37916433010178,12.516772997907246,31.10406267199097
2025-09-28 06:55:31,56.37916433010178,12.516772997907246,31.10406267199097
2025-09-28 06:55:45,56.37916433010178,12.516772997907246,31.10406267199097
2025-09-28 06:56:27,56.37916433010178,12.516772997907246,31.10406267199097
2025-09-28 06:56:33,56.37916433010178,12.516772997907246,31.10406267199097
2025-09-28 06:56:58,56.37916433010178,12.516772997907246,31.10406267199097
2025-09-28 06:57:44,56.37916433010178,12.516772997907246,31.10406267199097
2025-09-28 06:59:26,56.37916433010178,12.516772997907246,31.10406267199097
2025-09-28 06:59:32,56.37916433010178,12.516772997907246,31.10406267199097
2025-09-28 07:00:26,56.37916433010178,12.516772997907246,31.10406267199097
2025-09-28 07:00:32,56.37916433010178,12.516772997907246,31.10406267199097
2025-09-28 07:00:46,56.37916433010178,12.516772997907246,31.10406267199097
2025-09-28 07:01:28,56.386074993405686,12.511100498444726,31.102824508149588
2025-09-28 07:01:34,56.386074993405686,12.511100498444726,31.102824508149588
2025-09-28 07:01:59,56.386074993405686,12.511100498444726,31.102824508149588
2025-09-28 07:02:45,56.386074993405686,12.511100498444726,31.102824508149588
2025-09-28 07:04:27,56.386074993405686,12.511100498444726,31.102824508149588
2025-09-28 07:04:33,56.386074993405686,12.511100498444726,31.102824508149588
2025-09-28 07:05:27,56.386074993405686,12.511100498444726,31.102824508149588
2025-09-28 07:05:33,56.386074993405686,12.511100498444726,31.102824508149588
2025-09-28 07:05:47,56.386074993405686,12.511100498444726,31.102824508149588
2025-09-28 07:06:29,56.386074993405686,12.511100498444726,31.102824508149588
2025-09-28 07:06:34,56.386074993405686,12.511100498444726,31.102824508149588
2025-09-28 07:07:00,56.386074993405686,12.511100498444726,31.102824508149588
2025-09-28 07:07:46,56.386074993405686,12.511100498444726,31.102824508149588
2025-09-28 07:09:28,56.386074993405686,12.511100498444726,31.102824508149588
2025-09-28 07:09:33,56.386074993405686,12.511100498444726,31.102824508149588
2025-09-28 07:10:28,56.386074993405686,12.511100498444726,31.102824508149588
2025-09-28 07:10:34,56.386074993405686,12.511100498444726,31.102824508149588
2025-09-28 07:10:47,56.386074993405686,12.511100498444726,31.102824508149588
2025-09-28 07:11:30,56.39271284318456,12.51497360540962,31.092313551405823
2025-09-28 07:11:35,56.39271284318456,12.51497360540962,31.092313551405823
2025-09-28 07:12:00,56.39271284318456,12.51497360540962,31.092313551405823
2025-09-28 07:12:47,56.39271284318456,12.51497360540962,31.092313551405823
2025-09-28 07:14:29,56.39271284318456,12.51497360540962,31.092313551405823
2025-09-28 07:14:34,56.39271284318456,12.51497360540962,31.092313551405823
2025-09-28 07:15:28,56.39271284318456,12.51497360540962,31.092313551405823
2025-09-28 07:15:34,56.39271284318456,12.51497360540962,31.092313551405823
2025-09-28 07:15:48,56.39271284318456,12.51497360540962,31.092313551405823
2025-09-28 07:16:30,56.39271284318456,12.51497360540962,31.092313551405823
2025-09-28 07:16:36,56.39271284318456,12.51497360540962,31.092313551405823
2025-09-28 07:17:01,56.39271284318456,12.51497360540962,31.092313551405823
2025-09-28 07:17:48,56.39271284318456,12.51497360540962,31.092313551405823
2025-09-28 07:19:30,56.39271284318456,12.51497360540962,31.092313551405823
2025-09-28 07:19:35,56.39271284318456,12.51497360540962,31.092313551405823
2025-09-28 07:20:29,56.39271284318456,12.51497360540962,31.092313551405823
2025-09-28 07:20:35,56.39271284318456,12.51497360540962,31.092313551405823
2025-09-28 07:20:49,56.39271284318456,12.51497360540962,31.092313551405823
2025-09-28 07:21:31,56.4188464698841,12.522318516134476,31.058835013981422
2025-09-28 07:21:37,56.4188464698841,12.522318516134476,31.058835013981422
2025-09-28 07:22:02,56.4188464698841,12.522318516134476,31.058835013981422
2025-09-28 07:22:48,56.4188464698841,12.522318516134476,31.058835013981422
2025-09-28 07:24:30,56.4188464698841,12.522318516134476,31.058835013981422
2025-09-28 07:24:36,56.4188464698841,12.522318516134476,31.058835013981422
2025-09-28 07:25:30,56.4188464698841,12.522318516134476,31.058835013981422
2025-09-28 07:25:36,56.4188464698841,12.522318516134476,31.058835013981422
2025-09-28 07:25:50,56.4188464698841,12.522318516134476,31.058835013981422
2025-09-28 07:26:32,56.4188464698841,12.522318516134476,31.058835013981422
2025-09-28 07:26:38,56.4188464698841,12.522318516134476,31.058835013981422
2025-09-28 07:27:03,56.4188464698841,12.522318516134476,31.058835013981422
2025-09-28 07:27:49,56.4188464698841,12.522318516134476,31.058835013981422
2025-09-28 07:29:31,56.4188464698841,12.522318516134476,31.058835013981422
2025-09-28 07:29:36,56.4188464698841,12.522318516134476,31.058835013981422
2025-09-28 07:30:31,56.4188464698841,12.522318516134476,31.058835013981422
2025-09-28 07:30:37,56.4188464698841,12.522318516134476,31.058835013981422
2025-09-28 07:30:51,56.4188464698841,12.522318516134476,31.058835013981422
2025-09-28 07:31:33,56.4171543521684,12.542702789061355,31.04014285877025
2025-09-28 07:31:38,56.4171543521684,12.542702789061355,31.04014285877025
2025-09-28 07:32:03,56.4171543521684,12.542702789061355,31.04014285877025
2025-09-28 07:32:50,56.4171543521684,12.542702789061355,31.04014285877025
2025-09-28 07:34:32,56.4171543521684,12.542702789061355,31.04014285877025
2025-09-28 07:34:37,56.4171543521684,12.542702789061355,31.04014285877025
2025-09-28 07:35:32,56.4171543521684,12.542702789061355,31.04014285877025
2025-09-28 07:35:37,56.4171543521684,12.542702789061355,31.04014285877025
2025-09-28 07:35:51,56.4171543521684,12.542702789061355,31.04014285877025
2025-09-28 07:36:34,56.4171543521684,12.542702789061355,31.04014285877025
2025-09-28 07:36:39,56.4171543521684,12.542702789061355,31.04014285877025
2025-09-28 07:37:04,56.4171543521684,12.542702789061355,31.04014285877025
2025-09-28 07:37:51,56.4171543521684,12.542702789061355,31.04014285877025
2025-09-28 07:39:33,56.4171543521684,12.542702789061355,31.04014285877025
2025-09-28 07:39:38,56.4171543521684,12.542702789061355,31.04014285877025
2025-09-28 07:40:33,56.4171543521684,12.542702789061355,31.04014285877025
2025-09-28 07:40:38,56.4171543521684,12.542702789061355,31.04014285877025
2025-09-28 07:40:52,56.4171543521684,12.542702789061355,31.04014285877025
2025-09-28 07:41:34,56.395532194720985,12.522560041704455,31.08190776357456
2025-09-28 07:41:40,56.395532194720985,12.522560041704455,31.08190776357456
2025-09-28 07:42:05,56.395532194720985,12.522560041704455,31.08190776357456
2025-09-28 07:42:51,56.395532194720985,12.522560041704455,31.08190776357456
2025-09-28 07:44:33,56.395532194720985,12.522560041704455,31.08190776357456
2025-09-28 07:44:39,56.395532194720985,12.522560041704455,31.08190776357456
2025-09-28 07:45:34,56.395532194720985,12.522560041704455,31.08190776357456
2025-09-28 07:45:39,56.395532194720985,12.522560041704455,31.08190776357456
2025-09-28 07:45:53,56.395532194720985,12.522560041704455,31.08190776357456
2025-09-28 07:46:35,56.395532194720985,12.522560041704455,31.08190776357456
2025-09-28 07:46:41,56.395532194720985,12.522560041704455,31.08190776357456
2025-09-28 07:47:06,56.395532194720985,12.522560041704455,31.08190776357456
2025-09-28 07:47:52,56.395532194720985,12.522560041704455,31.08190776357456
2025-09-28 07:49:34,56.395532194720985,12.522560041704455,31.08190776357456
2025-09-28 07:49:39,56.395532194720985,12.522560041704455,31.08190776357456
2025-09-28 07:50:34,56.395532194720985,12.522560041704455,31.08190776357456
2025-09-28 07:50:40,56.395532194720985,12.522560041704455,31.08190776357456
2025-09-28 07:50:54,56.395532194720985,12.522560041704455,31.08190776357456
2025-09-28 07:51:36,56.39564637947154,12.53276455711616,31.071589063412297
2025-09-28 07:51:41,56.39564637947154,12.53276455711616,31.071589063412297
2025-09-28 07:52:07,56.39564637947154,12.53276455711616,31.071589063412297
2025-09-28 07:52:53,56.39564637947154,12.53276455711616,31.071589063412297
2025-09-28 07:54:35,56.39564637947154,12.53276455711616,31.071589063412297
2025-09-28 07:54:40,56.39564637947154,12.53276455711616,31.071589063412297
2025-09-28 07:55:35,56.39564637947154,12.53276455711616,31.071589063412297
2025-09-28 07:55:41,56.39564637947154,12.53276455711616,31.071589063412297
2025-09-28 07:55:55,56.39564637947154,12.53276455711616,31.071589063412297
2025-09-28 07:56:37,56.39564637947154,12.53276455711616,31.071589063412297
2025-09-28 07:56:42,56.39564637947154,12.53276455711616,31.071589063412297
2025-09-28 07:57:07,56.39564637947154,12.53276455711616,31.071589063412297
2025-09-28 07:57:54,56.39564637947154,12.53276455711616,31.071589063412297
2025-09-28 07:59:36,56.39564637947154,12.53276455711616,31.071589063412297
2025-09-28 07:59:41,56.39564637947154,12.53276455711616,31.071589063412297
2025-09-28 08:00:36,56.39564637947154,12.53276455711616,31.071589063412297
2025-09-28 08:00:41,56.39564637947154,12.53276455711616,31.071589063412297
2025-09-28 08:00:55,56.39564637947154,12.53276455711616,31.071589063412297
2025-09-28 08:01:37,56.415603393423886,12.524425040511836,31.05997156606428
2025-09-28 08:01:43,56.415603393423886,12.524425040511836,31.05997156606428
2025-09-28 08:02:08,56.415603393423886,12.524425040511836,31.05997156606428
2025-09-28 08:02:54,56.415603393423886,12.524425040511836,31.05997156606428
2025-09-28 08:04:37,56.415603393423886,12.524425040511836,31.05997156606428
2025-09-28 08:04:42,56.415603393423886,12.524425040511836,31.05997156606428
2025-09-28 08:05:37,56.415603393423886,12.524425040511836,31.05997156606428
2025-09-28 08:05:42,56.415603393423886,12.524425040511836,31.05997156606428
2025-09-28 08:05:56,56.415603393423886,12.524425040511836,31.05997156606428
2025-09-28 08:06:38,56.415603393423886,12.524425040511836,31.05997156606428
2025-09-28 08:06:44,56.415603393423886,12.524425040511836,31.05997156606428
2025-09-28 08:07:09,56.415603393423886,12.524425040511836,31.05997156606428
2025-09-28 08:07:55,56.415603393423886,12.524425040511836,31.05997156606428
2025-09-28 08:09:37,56.415603393423886,12.524425040511836,31.05997156606428
2025-09-28 08:09:43,56.415603393423886,12.524425040511836,31.05997156606428
2025-09-28 08:10:37,56.415603393423886,12.524425040511836,31.05997156606428
2025-09-28 08:10:43,56.415603393423886,12.524425040511836,31.05997156606428
2025-09-28 08:10:57,56.415603393423886,12.524425040511836,31.05997156606428
2025-09-28 08:11:39,56.4189285885769,12.51309153353878,31.067979877884323
2025-09-28 08:11:44,56.4189285885769,12.51309153353878,31.067979877884323
2025-09-28 08:12:10,56.4189285885769,12.51309153353878,31.067979877884323
2025-09-28 08:12:56,56.4189285885769,12.51309153353878,31.067979877884323
2025-09-28 08:14:38,56.4189285885769,12.51309153353878,31.067979877884323
2025-09-28 08:14:43,56.4189285885769,12.51309153353878,31.067979877884323
2025-09-28 08:15:38,56.4189285885769,12.51309153353878,31.067979877884323
2025-09-28 08:15:44,56.4189285885769,12.51309153353878,31.067979877884323
2025-09-28 08:15:58,56.4189285885769,12.51309153353878,31.067979877884323
2025-09-28 08:16:40,56.4189285885769,12.51309153353878,31.067979877884323
2025-09-28 08:16:45,56.4189285885769,12.51309153353878,31.067979877884323
2025-09-28 08:17:10,56.4189285885769,12.51309153353878,31.067979877884323
2025-09-28 08:17:57,56.4189285885769,12.51309153353878,31.067979877884323
2025-09-28 08:19:39,56.4189285885769,12.51309153353878,31.067979877884323
2025-09-28 08:19:44,56.4189285885769,12.51309153353878,31.067979877884323
2025-09-28 08:20:39,56.4189285885769,12.51309153353878,31.067979877884323
2025-09-28 08:20:44,56.4189285885769,12.51309153353878,31.067979877884323
2025-09-28 08:20:58,56.4189285885769,12.51309153353878,31.067979877884323
2025-09-28 08:21:40,56.43429481597777,12.507465651839237,31.05823953218299
2025-09-28 08:21:46,56.43429481597777,12.507465651839237,31.05823953218299
2025-09-28 08:22:11,56.43429481597777,12.507465651839237,31.05823953218299
2025-09-28 08:22:57,56.43429481597777,12.507465651839237,31.05823953218299
2025-09-28 08:24:40,56.43429481597777,12.507465651839237,31.05823953218299
2025-09-28 08:24:45,56.43429481597777,12.507465651839237,31.05823953218299
2025-09-28 08:25:40,56.43429481597777,12.507465651839237,31.05823953218299
2025-09-28 08:25:45,56.43429481597777,12.507465651839237,31.05823953218299
2025-09-28 08:26:00,56.43429481597777,12.507465651839237,31.05823953218299
2025-09-28 08:26:41,56.43429481597777,12.507465651839237,31.05823953218299
2025-09-28 08:26:47,56.43429481597777,12.507465651839237,31.05823953218299
2025-09-28 08:27:12,56.43429481597777,12.507465651839237,31.05823953218299
2025-09-28 08:27:58,56.43429481597777,12.507465651839237,31.05823953218299
2025-09-28 08:29:40,56.43429481597777,12.507465651839237,31.05823953218299
2025-09-28 08:29:46,56.43429481597777,12.507465651839237,31.05823953218299
2025-09-28 08:30:40,56.43429481597777,12.507465651839237,31.05823953218299
2025-09-28 08:30:46,56.43429481597777,12.507465651839237,31.05823953218299
2025-09-28 08:31:01,56.43429481597777,12.507465651839237,31.05823953218299
2025-09-28 08:31:42,56.4198549702632,12.515421844660738,31.06472318507607
2025-09-28 08:31:47,56.4198549702632,12.515421844660738,31.06472318507607
2025-09-28 08:32:13,56.4198549702632,12.515421844660738,31.06472318507607
2025-09-28 08:32:59,56.4198549702632,12.515421844660738,31.06472318507607
2025-09-28 08:34:41,56.4198549702632,12.515421844660738,31.06472318507607
2025-09-28 08:34:46,56.4198549702632,12.515421844660738,31.06472318507607
2025-09-28 08:35:41,56.4198549702632,12.515421844660738,31.06472318507607
2025-09-28 08:35:47,56.4198549702632,12.515421844660738,31.06472318507607
2025-09-28 08:36:01,56.4198549702632,12.515421844660738,31.06472318507607
2025-09-28 08:36:43,56.4198549702632,12.515421844660738,31.06472318507607
2025-09-28 08:36:48,56.4198549702632,12.515421844660738,31.06472318507607
2025-09-28 08:37:14,56.4198549702632,12.515421844660738,31.06472318507607
2025-09-28 08:38:00,56.4198549702632,12.515421844660738,31.06472318507607
2025-09-28 08:39:42,56.4198549702632,12.515421844660738,31.06472318507607
2025-09-28 08:39:47,56.4198549702632,12.515421844660738,31.06472318507607
2025-09-28 08:40:42,56.4198549702632,12.515421844660738,31.06472318507607
2025-09-28 08:40:47,56.4198549702632,12.515421844660738,31.06472318507607
2025-09-28 08:41:02,56.4198549702632,12.515421844660738,31.06472318507607
2025-09-28 08:41:44,56.44694809651233,12.51231033090869,31.04074157257898
2025-09-28 08:41:49,56.44694809651233,12.51231033090869,31.04074157257898
2025-09-28 08:42:14,56.44694809651233,12.51231033090869,31.04074157257898
2025-09-28 08:43:01,56.44694809651233,12.51231033090869,31.04074157257898
2025-09-28 08:44:43,56.44694809651233,12.51231033090869,31.04074157257898
2025-09-28 08:44:48,56.44694809651233,12.51231033090869,31.04074157257898
2025-09-28 08:45:43,56.44694809651233,12.51231033090869,31.04074157257898
2025-09-28 08:45:48,56.44694809651233,12.51231033090869,31.04074157257898
2025-09-28 08:46:03,56.44694809651233,12.51231033090869,31.04074157257898
2025-09-28 08:46:44,56.44694809651233,12.51231033090869,31.04074157257898
2025-09-28 08:46:50,56.44694809651233,12.51231033090869,31.04074157257898
2025-09-28 08:47:15,56.44694809651233,12.51231033090869,31.04074157257898
2025-09-28 08:48:01,56.44694809651233,12.51231033090869,31.04074157257898
2025-09-28 08:49:44,56.44694809651233,12.51231033090869,31.04074157257898
2025-09-28 08:49:49,56.44694809651233,12.51231033090869,31.04074157257898
2025-09-28 08:50:43,56.44694809651233,12.51231033090869,31.04074157257898
2025-09-28 08:50:49,56.44694809651233,12.51231033090869,31.04074157257898
2025-09-28 08:51:04,56.44694809651233,12.51231033090869,31.04074157257898
2025-09-28 08:51:45,56.47095160149546,12.494747608341578,31.03430079016297
2025-09-28 08:51:51,56.47095160149546,12.494747608341578,31.03430079016297
2025-09-28 08:52:16,56.47095160149546,12.494747608341578,31.03430079016297
2025-09-28 08:53:03,56.47095160149546,12.494747608341578,31.03430079016297
2025-09-28 08:54:44,56.47095160149546,12.494747608341578,31.03430079016297
2025-09-28 08:54:49,56.47095160149546,12.494747608341578,31.03430079016297
2025-09-28 08:55:44,56.47095160149546,12.494747608341578,31.03430079016297
2025-09-28 08:55:50,56.47095160149546,12.494747608341578,31.03430079016297
2025-09-28 08:56:04,56.47095160149546,12.494747608341578,31.03430079016297
2025-09-28 08:56:46,56.47095160149546,12.494747608341578,31.03430079016297
2025-09-28 08:56:51,56.47095160149546,12.494747608341578,31.03430079016297
2025-09-28 08:57:17,56.47095160149546,12.494747608341578,31.03430079016297
2025-09-28 08:58:03,56.47095160149546,12.494747608341578,31.03430079016297
2025-09-28 08:59:45,56.47095160149546,12.494747608341578,31.03430079016297
2025-09-28 08:59:50,56.47095160149546,12.494747608341578,31.03430079016297
2025-09-28 09:00:45,56.47095160149546,12.494747608341578,31.03430079016297
2025-09-28 09:00:51,56.47095160149546,12.494747608341578,31.03430079016297
2025-09-28 09:01:05,56.47095160149546,12.494747608341578,31.03430079016297
2025-09-28 09:01:47,56.45743122394523,12.500116404435566,31.04245237161921
2025-09-28 09:01:52,56.45743122394523,12.500116404435566,31.04245237161921
2025-09-28 09:02:17,56.45743122394523,12.500116404435566,31.04245237161921
2025-09-28 09:03:04,56.45743122394523,12.500116404435566,31.04245237161921
2025-09-28 09:04:46,56.45743122394523,12.500116404435566,31.04245237161921
2025-09-28 09:04:51,56.45743122394523,12.500116404435566,31.04245237161921
2025-09-28 09:05:46,56.45743122394523,12.500116404435566,31.04245237161921
2025-09-28 09:05:51,56.45743122394523,12.500116404435566,31.04245237161921
2025-09-28 09:06:06,56.45743122394523,12.500116404435566,31.04245237161921
2025-09-28 09:06:47,56.45743122394523,12.500116404435566,31.04245237161921
2025-09-28 09:06:53,56.45743122394523,12.500116404435566,31.04245237161921
2025-09-28 09:07:18,56.45743122394523,12.500116404435566,31.04245237161921
2025-09-28 09:08:05,56.45743122394523,12.500116404435566,31.04245237161921
2025-09-28 09:09:47,56.45743122394523,12.500116404435566,31.04245237161921
2025-09-28 09:09:52,56.45743122394523,12.500116404435566,31.04245237161921
2025-09-28 09:10:47,56.45743122394523,12.500116404435566,31.04245237161921
2025-09-28 09:10:52,56.45743122394523,12.500116404435566,31.04245237161921
2025-09-28 09:11:07,56.45743122394523,12.500116404435566,31.04245237161921
2025-09-28 09:11:48,56.4558823258414,12.509786858044494,31.034330816114107
2025-09-28 09:11:54,56.4558823258414,12.509786858044494,31.034330816114107
2025-09-28 09:12:19,56.4558823258414,12.509786858044494,31.034330816114107
2025-09-28 09:13:06,56.4558823258414,12.509786858044494,31.034330816114107
2025-09-28 09:14:48,56.4558823258414,12.509786858044494,31.034330816114107
2025-09-28 09:14:52,56.4558823258414,12.509786858044494,31.034330816114107
2025-09-28 09:15:47,56.4558823258414,12.509786858044494,31.034330816114107
2025-09-28 09:15:53,56.4558823258414,12.509786858044494,31.034330816114107
2025-09-28 09:16:08,56.4558823258414,12.509786858044494,31.034330816114107
2025-09-28 09:16:49,56.4558823258414,12.509786858044494,31.034330816114107
2025-09-28 09:16:54,56.4558823258414,12.509786858044494,31.034330816114107
2025-09-28 09:17:20,56.4558823258414,12.509786858044494,31.034330816114107
2025-09-28 09:18:06,56.4558823258414,12.509786858044494,31.034330816114107
2025-09-28 09:19:48,56.4558823258414,12.509786858044494,31.034330816114107
2025-09-28 09:19:53,56.4558823258414,12.509786858044494,31.034330816114107
2025-09-28 09:20:48,56.4558823258414,12.509786858044494,31.034330816114107
2025-09-28 09:20:54,56.4558823258414,12.509786858044494,31.034330816114107
2025-09-28 09:21:08,56.4558823258414,12.509786858044494,31.034330816114107
2025-09-28 09:21:50,56.45402846877195,12.497314276539036,31.04865725468901
2025-09-28 09:21:55,56.45402846877195,12.497314276539036,31.04865725468901
2025-09-28 09:22:21,56.45402846877195,12.497314276539036,31.04865725468901
2025-09-28 09:23:07,56.45402846877195,12.497314276539036,31.04865725468901
2025-09-28 09:24:49,56.45402846877195,12.497314276539036,31.04865725468901
2025-09-28 09:24:54,56.45402846877195,12.497314276539036,31.04865725468901
2025-09-28 09:25:49,56.45402846877195,12.497314276539036,31.04865725468901
2025-09-28 09:25:54,56.45402846877195,12.497314276539036,31.04865725468901
2025-09-28 09:26:09,56.45402846877195,12.497314276539036,31.04865725468901
2025-09-28 09:26:50,56.45402846877195,12.497314276539036,31.04865725468901
2025-09-28 09:26:56,56.45402846877195,12.497314276539036,31.04865725468901
2025-09-28 09:27:21,56.45402846877195,12.497314276539036,31.04865725468901
2025-09-28 09:28:08,56.45402846877195,12.497314276539036,31.04865725468901
2025-09-28 09:29:50,56.45402846877195,12.497314276539036,31.04865725468901
2025-09-28 09:29:55,56.45402846877195,12.497314276539036,31.04865725468901
2025-09-28 09:30:50,56.45402846877195,12.497314276539036,31.04865725468901
2025-09-28 09:30:55,56.45402846877195,12.497314276539036,31.04865725468901
2025-09-28 09:31:10,56.45402846877195,12.497314276539036,31.04865725468901
2025-09-28 09:31:51,56.43998614258891,12.506313845128748,31.053700012282345
2025-09-28 09:31:57,56.43998614258891,12.506313845128748,31.053700012282345
2025-09-28 09:32:22,56.43998614258891,12.506313845128748,31.053700012282345
2025-09-28 09:33:09,56.43998614258891,12.506313845128748,31.053700012282345
2025-09-28 09:34:51,56.43998614258891,12.506313845128748,31.053700012282345
2025-09-28 09:34:55,56.43998614258891,12.506313845128748,31.053700012282345
2025-09-28 09:35:50,56.43998614258891,12.506313845128748,31.053700012282345
2025-09-28 09:35:56,56.43998614258891,12.506313845128748,31.053700012282345
2025-09-28 09:36:11,56.43998614258891,12.506313845128748,31.053700012282345
2025-09-28 09:36:52,56.43998614258891,12.506313845128748,31.053700012282345
2025-09-28 09:36:58,56.43998614258891,12.506313845128748,31.053700012282345
2025-09-28 09:37:23,56.43998614258891,12.506313845128748,31.053700012282345
2025-09-28 09:38:10,56.43998614258891,12.506313845128748,31.053700012282345
2025-09-28 09:39:52,56.43998614258891,12.506313845128748,31.053700012282345
2025-09-28 09:39:56,56.43998614258891,12.506313845128748,31.053700012282345
2025-09-28 09:40:52,56.43998614258891,12.506313845128748,31.053700012282345
2025-09-28 09:40:57,56.43998614258891,12.506313845128748,31.053700012282345
2025-09-28 09:41:12,56.43998614258891,12.506313845128748,31.053700012282345
2025-09-28 09:41:53,56.42988526593441,12.513335592122088,31.0567791419435
2025-09-28 09:41:58,56.42988526593441,12.513335592122088,31.0567791419435
2025-09-28 09:42:24,56.42988526593441,12.513335592122088,31.0567791419435
2025-09-28 09:43:10,56.42988526593441,12.513335592122088,31.0567791419435
2025-09-28 09:44:52,56.42988526593441,12.513335592122088,31.0567791419435
2025-09-28 09:44:57,56.42988526593441,12.513335592122088,31.0567791419435
2025-09-28 09:45:52,56.42988526593441,12.513335592122088,31.0567791419435
2025-09-28 09:45:58,56.42988526593441,12.513335592122088,31.0567791419435
2025-09-28 09:46:13,56.42988526593441,12.513335592122088,31.0567791419435
2025-09-28 09:46:54,56.42988526593441,12.513335592122088,31.0567791419435
2025-09-28 09:46:59,56.42988526593441,12.513335592122088,31.0567791419435
2025-09-28 09:47:24,56.42988526593441,12.513335592122088,31.0567791419435
2025-09-28 09:48:11,56.42988526593441,12.513335592122088,31.0567791419435
2025-09-28 09:49:53,56.42988526593441,12.513335592122088,31.0567791419435
2025-09-28 09:49:58,56.42988526593441,12.513335592122088,31.0567791419435
2025-09-28 09:50:53,56.42988526593441,12.513335592122088,31.0567791419435
2025-09-28 09:50:59,56.42988526593441,12.513335592122088,31.0567791419435
2025-09-28 09:51:13,56.42988526593441,12.513335592122088,31.0567791419435
2025-09-28 09:51:54,56.449600020891424,12.499928054038907,31.05047192506967
2025-09-28 09:52:00,56.449600020891424,12.499928054038907,31.05047192506967
2025-09-28 09:52:25,56.449600020891424,12.499928054038907,31.05047192506967
2025-09-28 09:53:12,56.449600020891424,12.499928054038907,31.05047192506967
2025-09-28 09:54:54,56.449600020891424,12.499928054038907,31.05047192506967
2025-09-28 09:54:59,56.449600020891424,12.499928054038907,31.05047192506967
2025-09-28 09:55:54,56.449600020891424,12.499928054038907,31.05047192506967
2025-09-28 09:55:59,56.449600020891424,12.499928054038907,31.05047192506967
2025-09-28 09:56:14,56.449600020891424,12.499928054038907,31.05047192506967
2025-09-28 09:56:55,56.449600020891424,12.499928054038907,31.05047192506967
2025-09-28 09:57:01,56.449600020891424,12.499928054038907,31.05047192506967
2025-09-28 09:57:26,56.449600020891424,12.499928054038907,31.05047192506967
2025-09-28 09:58:13,56.449600020891424,12.499928054038907,31.05047192506967
2025-09-28 09:59:55,56.449600020891424,12.499928054038907,31.05047192506967
2025-09-28 09:59:59,56.449600020891424,12.499928054038907,31.05047192506967
2025-09-28 10:00:55,56.449600020891424,12.499928054038907,31.05047192506967
2025-09-28 10:01:00,56.449600020891424,12.499928054038907,31.05047192506967
2025-09-28 10:01:15,56.449600020891424,12.499928054038907,31.05047192506967
2025-09-28 10:01:56,56.4542726708924,12.499609356500336,31.046117972607263
2025-09-28 10:02:02,56.4542726708924,12.499609356500336,31.046117972607263
2025-09-28 10:02:27,56.4542726708924,12.499609356500336,31.046117972607263
2025-09-28 10:03:13,56.4542726708924,12.499609356500336,31.046117972607263
2025-09-28 10:04:56,56.4542726708924,12.499609356500336,31.046117972607263
2025-09-28 10:05:00,56.4542726708924,12.499609356500336,31.046117972607263
2025-09-28 10:05:56,56.4542726708924,12.499609356500336,31.046117972607263
2025-09-28 10:06:01,56.4542726708924,12.499609356500336,31.046117972607263
2025-09-28 10:06:16,56.4542726708924,12.499609356500336,31.046117972607263
2025-09-28 10:06:57,56.4542726708924,12.499609356500336,31.046117972607263
2025-09-28 10:07:02,56.4542726708924,12.499609356500336,31.046117972607263
2025-09-28 10:07:28,56.4542726708924,12.499609356500336,31.046117972607263
2025-09-28 10:08:14,56.4542726708924,12.499609356500336,31.046117972607263
2025-09-28 10:09:56,56.4542726708924,12.499609356500336,31.046117972607263
2025-09-28 10:10:01,56.4542726708924,12.499609356500336,31.046117972607263
2025-09-28 10:10:56,56.4542726708924,12.499609356500336,31.046117972607263
2025-09-28 10:11:02,56.4542726708924,12.499609356500336,31.046117972607263
2025-09-28 10:11:17,56.4542726708924,12.499609356500336,31.046117972607263
2025-09-28 10:11:57,56.44003743992614,12.498126485656895,31.061836074416966
2025-09-28 10:12:03,56.44003743992614,12.498126485656895,31.061836074416966
2025-09-28 10:12:28,56.44003743992614,12.498126485656895,31.061836074416966
2025-09-28 10:13:15,56.44003743992614,12.498126485656895,31.061836074416966
2025-09-28 10:14:57,56.44003743992614,12.498126485656895,31.061836074416966
2025-09-28 10:15:02,56.44003743992614,12.498126485656895,31.061836074416966
2025-09-28 10:15:57,56.44003743992614,12.498126485656895,31.061836074416966
2025-09-28 10:16:03,56.44003743992614,12.498126485656895,31.061836074416966
2025-09-28 10:16:17,56.44003743992614,12.498126485656895,31.061836074416966
2025-09-28 10:16:58,56.44003743992614,12.498126485656895,31.061836074416966
2025-09-28 10:17:04,56.44003743992614,12.498126485656895,31.061836074416966
2025-09-28 10:17:29,56.44003743992614,12.498126485656895,31.061836074416966
2025-09-28 10:18:16,56.44003743992614,12.498126485656895,31.061836074416966
2025-09-28 10:19:58,56.44003743992614,12.498126485656895,31.061836074416966
2025-09-28 10:20:02,56.44003743992614,12.498126485656895,31.061836074416966
2025-09-28 10:20:58,56.44003743992614,12.498126485656895,31.061836074416966
2025-09-28 10:21:03,56.44003743992614,12.498126485656895,31.061836074416966
2025-09-28 10:21:18,56.44003743992614,12.498126485656895,31.061836074416966
2025-09-28 10:21:59,56.439171500411,12.507782390790291,31.053046108798707
2025-09-28 10:22:05,56.439171500411,12.507782390790291,31.053046108798707
2025-09-28 10:22:30,56.439171500411,12.507782390790291,31.053046108798707
2025-09-28 10:23:16,56.439171500411,12.507782390790291,31.053046108798707
2025-09-28 10:24:59,56.439171500411,12.507782390790291,31.053046108798707
2025-09-28 10:25:03,56.439171500411,12.507782390790291,31.053046108798707
2025-09-28 10:25:59,56.439171500411,12.507782390790291,31.053046108798707
2025-09-28 10:26:04,56.439171500411,12.507782390790291,31.053046108798707
2025-09-28 10:26:19,56.439171500411,12.507782390790291,31.053046108798707
2025-09-28 11:15:00,56.45290951120824,12.498332427358912,31.04875806143285
2025-09-28 11:15:04,56.45290951120824,12.498332427358912,31.04875806143285
2025-09-28 11:15:39,56.45290951120824,12.498332427358912,31.04875806143285
2025-09-28 11:16:00,56.45290951120824,12.498332427358912,31.04875806143285
2025-09-28 11:16:05,56.45290951120824,12.498332427358912,31.04875806143285
2025-09-28 11:16:20,56.45290951120824,12.498332427358912,31.04875806143285
2025-09-28 11:17:00,56.45290951120824,12.498332427358912,31.04875806143285
2025-09-28 11:17:06,56.45290951120824,12.498332427358912,31.04875806143285
2025-09-28 11:17:31,56.45290951120824,12.498332427358912,31.04875806143285
2025-09-28 11:18:00,56.45290951120824,12.498332427358912,31.04875806143285
2025-09-28 11:18:17,56.45290951120824,12.498332427358912,31.04875806143285
2025-09-28 11:20:01,56.45290951120824,12.498332427358912,31.04875806143285
2025-09-28 11:20:05,56.45290951120824,12.498332427358912,31.04875806143285
2025-09-28 11:20:40,56.45290951120824,12.498332427358912,31.04875806143285
2025-09-28 11:21:01,56.45290951120824,12.498332427358912,31.04875806143285
2025-09-28 11:21:06,56.45290951120824,12.498332427358912,31.04875806143285
2025-09-28 11:21:21,56.45290951120824,12.498332427358912,31.04875806143285
2025-09-28 11:22:01,56.457154920905886,12.497186090594502,31.04565898849961
2025-09-28 11:22:07,56.457154920905886,12.497186090594502,31.04565898849961
2025-09-28 11:22:32,56.457154920905886,12.497186090594502,31.04565898849961
2025-09-28 11:23:01,56.457154920905886,12.497186090594502,31.04565898849961
2025-09-28 11:23:18,56.457154920905886,12.497186090594502,31.04565898849961
2025-09-28 11:25:01,56.457154920905886,12.497186090594502,31.04565898849961
2025-09-28 11:25:06,56.457154920905886,12.497186090594502,31.04565898849961
2025-09-28 11:25:41,56.457154920905886,12.497186090594502,31.04565898849961
2025-09-28 11:26:01,56.457154920905886,12.497186090594502,31.04565898849961
2025-09-28 11:26:07,56.457154920905886,12.497186090594502,31.04565898849961
2025-09-28 11:26:21,56.457154920905886,12.497186090594502,31.04565898849961
2025-09-28 11:27:02,56.457154920905886,12.497186090594502,31.04565898849961
2025-09-28 11:27:07,56.457154920905886,12.497186090594502,31.04565898849961
2025-09-28 11:27:33,56.457154920905886,12.497186090594502,31.04565898849961
2025-09-28 11:28:02,56.457154920905886,12.497186090594502,31.04565898849961
2025-09-28 11:28:19,56.457154920905886,12.497186090594502,31.04565898849961
2025-09-28 11:30:02,56.457154920905886,12.497186090594502,31.04565898849961
2025-09-28 11:30:06,56.457154920905886,12.497186090594502,31.04565898849961
2025-09-28 11:30:42,56.457154920905886,12.497186090594502,31.04565898849961
2025-09-28 11:31:02,56.457154920905886,12.497186090594502,31.04565898849961
2025-09-28 11:31:07,56.457154920905886,12.497186090594502,31.04565898849961
2025-09-28 11:31:22,56.457154920905886,12.497186090594502,31.04565898849961
2025-09-28 11:32:02,56.455645462290335,12.497583902407102,31.046770635302565
2025-09-28 11:32:08,56.455645462290335,12.497583902407102,31.046770635302565
2025-09-28 11:32:33,56.455645462290335,12.497583902407102,31.046770635302565
2025-09-28 11:33:02,56.455645462290335,12.497583902407102,31.046770635302565
2025-09-28 11:33:20,56.455645462290335,12.497583902407102,31.046770635302565
2025-09-28 11:35:03,56.455645462290335,12.497583902407102,31.046770635302565
2025-09-28 11:35:07,56.455645462290335,12.497583902407102,31.046770635302565
2025-09-28 11:35:42,56.455645462290335,12.497583902407102,31.046770635302565
2025-09-28 11:36:03,56.455645462290335,12.497583902407102,31.046770635302565
2025-09-28 11:36:08,56.455645462290335,12.497583902407102,31.046770635302565
2025-09-28 11:36:23,56.455645462290335,12.497583902407102,31.046770635302565
2025-09-28 11:37:03,56.455645462290335,12.497583902407102,31.046770635302565
2025-09-28 11:37:09,56.455645462290335,12.497583902407102,31.046770635302565
2025-09-28 11:37:34,56.455645462290335,12.497583902407102,31.046770635302565
2025-09-28 11:38:03,56.455645462290335,12.497583902407102,31.046770635302565
2025-09-28 11:38:20,56.455645462290335,12.497583902407102,31.046770635302565
2025-09-28 11:40:04,56.455645462290335,12.497583902407102,31.046770635302565
2025-09-28 11:40:08,56.455645462290335,12.497583902407102,31.046770635302565
2025-09-28 11:40:43,56.455645462290335,12.497583902407102,31.046770635302565
2025-09-28 11:41:04,56.455645462290335,12.497583902407102,31.046770635302565
2025-09-28 11:41:09,56.455645462290335,12.497583902407102,31.046770635302565
2025-09-28 11:41:24,56.455645462290335,12.497583902407102,31.046770635302565
2025-09-28 11:42:04,56.44234843671633,12.501237610424212,31.05641395285945
2025-09-28 11:42:10,56.44234843671633,12.501237610424212,31.05641395285945
2025-09-28 11:42:35,56.44234843671633,12.501237610424212,31.05641395285945
2025-09-28 11:43:04,56.44234843671633,12.501237610424212,31.05641395285945
2025-09-28 11:43:21,56.44234843671633,12.501237610424212,31.05641395285945
2025-09-28 11:45:04,56.44234843671633,12.501237610424212,31.05641395285945
2025-09-28 11:45:09,56.44234843671633,12.501237610424212,31.05641395285945
2025-09-28 11:45:44,56.44234843671633,12.501237610424212,31.05641395285945
2025-09-28 11:46:05,56.44234843671633,12.501237610424212,31.05641395285945
2025-09-28 11:46:10,56.44234843671633,12.501237610424212,31.05641395285945
2025-09-28 11:46:24,56.44234843671633,12.501237610424212,31.05641395285945
2025-09-28 11:46:27,56.44234843671633,12.501237610424212,31.05641395285945
2025-09-28 11:47:05,56.44234843671633,12.501237610424212,31.05641395285945
2025-09-28 11:47:10,56.44234843671633,12.501237610424212,31.05641395285945
2025-09-28 11:47:36,56.44234843671633,12.501237610424212,31.05641395285945
2025-09-28 11:48:05,56.44234843671633,12.501237610424212,31.05641395285945
2025-09-28 11:48:22,56.44234843671633,12.501237610424212,31.05641395285945
2025-09-28 11:51:10,56.44234843671633,12.501237610424212,31.05641395285945
2025-09-28 11:56:11,56.426267659115645,12.50920139440404,31.06453094648032
2025-09-28 12:01:11,56.426267659115645,12.50920139440404,31.06453094648032
2025-09-28 12:06:12,56.43200069329114,12.505472863945712,31.06252644276315
2025-09-28 12:11:13,56.43200069329114,12.505472863945712,31.06252644276315
2025-09-28 12:16:14,56.429686236602194,12.51712071059609,31.05319305280172
2025-09-28 12:21:14,56.429686236602194,12.51712071059609,31.05319305280172
2025-09-28 12:26:15,56.44361961567762,12.52068851428124,31.03569187004114
2025-09-28 12:30:04,56.44361961567762,12.52068851428124,31.03569187004114
2025-09-28 12:31:16,56.44361961567762,12.52068851428124,31.03569187004114
2025-09-28 12:35:05,56.42101291281109,12.526632678803598,31.05235440838531
2025-09-28 12:35:44,56.42101291281109,12.526632678803598,31.05235440838531
2025-09-28 12:36:17,56.42101291281109,12.526632678803598,31.05235440838531
2025-09-28 12:37:23,56.42101291281109,12.526632678803598,31.05235440838531
2025-09-28 12:39:13,56.42101291281109,12.526632678803598,31.05235440838531
2025-09-28 12:39:50,56.42101291281109,12.526632678803598,31.05235440838531
2025-09-28 12:40:05,56.42101291281109,12.526632678803598,31.05235440838531
2025-09-28 12:40:44,56.42101291281109,12.526632678803598,31.05235440838531
2025-09-28 12:41:18,56.42101291281109,12.526632678803598,31.05235440838531
2025-09-28 12:41:56,56.41028377164838,12.535155482930204,31.054560745421416
2025-09-28 12:42:23,56.41028377164838,12.535155482930204,31.054560745421416
2025-09-28 12:44:14,56.41028377164838,12.535155482930204,31.054560745421416
2025-09-28 12:44:51,56.41028377164838,12.535155482930204,31.054560745421416
2025-09-28 12:44:59,56.41028377164838,12.535155482930204,31.054560745421416
2025-09-28 12:45:06,56.41028377164838,12.535155482930204,31.054560745421416
2025-09-28 12:45:45,56.41028377164838,12.535155482930204,31.054560745421416
2025-09-28 12:46:19,56.41028377164838,12.535155482930204,31.054560745421416
2025-09-28 12:46:57,56.41028377164838,12.535155482930204,31.054560745421416
2025-09-28 12:47:24,56.41028377164838,12.535155482930204,31.054560745421416
2025-09-28 12:49:15,56.41028377164838,12.535155482930204,31.054560745421416
2025-09-28 12:49:52,56.41028377164838,12.535155482930204,31.054560745421416
2025-09-28 12:49:59,56.41028377164838,12.535155482930204,31.054560745421416
2025-09-28 12:50:07,56.41028377164838,12.535155482930204,31.054560745421416
2025-09-28 12:50:46,56.41028377164838,12.535155482930204,31.054560745421416
2025-09-28 12:51:19,56.41028377164838,12.535155482930204,31.054560745421416
2025-09-28 12:51:54,56.41028377164838,12.535155482930204,31.054560745421416
2025-09-28 12:51:57,56.430527152795904,12.529976385386243,31.03949646181785
2025-09-28 12:52:25,56.430527152795904,12.529976385386243,31.03949646181785
2025-09-28 12:54:16,56.430527152795904,12.529976385386243,31.03949646181785
2025-09-28 12:54:53,56.430527152795904,12.529976385386243,31.03949646181785
2025-09-28 12:55:00,56.430527152795904,12.529976385386243,31.03949646181785
2025-09-28 12:55:08,56.430527152795904,12.529976385386243,31.03949646181785
2025-09-28 12:55:47,56.430527152795904,12.529976385386243,31.03949646181785
2025-09-28 12:56:20,56.430527152795904,12.529976385386243,31.03949646181785
2025-09-28 12:56:54,56.430527152795904,12.529976385386243,31.03949646181785
2025-09-28 12:56:58,56.430527152795904,12.529976385386243,31.03949646181785
2025-09-28 12:57:26,56.430527152795904,12.529976385386243,31.03949646181785
2025-09-28 12:59:16,56.430527152795904,12.529976385386243,31.03949646181785
2025-09-28 12:59:53,56.430527152795904,12.529976385386243,31.03949646181785
2025-09-28 13:00:01,56.430527152795904,12.529976385386243,31.03949646181785
2025-09-28 13:00:09,56.430527152795904,12.529976385386243,31.03949646181785
2025-09-28 13:00:47,56.430527152795904,12.529976385386243,31.03949646181785
2025-09-28 13:01:21,56.430527152795904,12.529976385386243,31.03949646181785
2025-09-28 13:01:55,56.430527152795904,12.529976385386243,31.03949646181785
2025-09-28 13:01:59,56.43516457508385,12.531414093363876,31.03342133155227
2025-09-28 13:02:26,56.43516457508385,12.531414093363876,31.03342133155227
2025-09-28 13:04:17,56.43516457508385,12.531414093363876,31.03342133155227
2025-09-28 13:04:54,56.43516457508385,12.531414093363876,31.03342133155227
2025-09-28 13:05:02,56.43516457508385,12.531414093363876,31.03342133155227
2025-09-28 13:05:09,56.43516457508385,12.531414093363876,31.03342133155227
2025-09-28 13:05:42,56.43516457508385,12.531414093363876,31.03342133155227
2025-09-28 13:05:48,56.43516457508385,12.531414093363876,31.03342133155227
2025-09-28 13:06:22,56.43516457508385,12.531414093363876,31.03342133155227
2025-09-28 13:06:56,56.43516457508385,12.531414093363876,31.03342133155227
2025-09-28 13:07:00,56.43516457508385,12.531414093363876,31.03342133155227
2025-09-28 13:07:27,56.43516457508385,12.531414093363876,31.03342133155227
2025-09-28 13:09:18,56.43516457508385,12.531414093363876,31.03342133155227
2025-09-28 13:09:55,56.43516457508385,12.531414093363876,31.03342133155227
2025-09-28 13:10:02,56.43516457508385,12.531414093363876,31.03342133155227
2025-09-28 13:10:10,56.43516457508385,12.531414093363876,31.03342133155227
2025-09-28 13:10:43,56.43516457508385,12.531414093363876,31.03342133155227
2025-09-28 13:10:49,56.43516457508385,12.531414093363876,31.03342133155227
2025-09-28 13:11:22,56.43516457508385,12.531414093363876,31.03342133155227
2025-09-28 13:11:57,56.43516457508385,12.531414093363876,31.03342133155227
2025-09-28 13:12:00,56.43003940808493,12.53678957979097,31.0331710121241
2025-09-28 13:12:28,56.43003940808493,12.53678957979097,31.0331710121241
2025-09-28 13:14:19,56.43003940808493,12.53678957979097,31.0331710121241
2025-09-28 13:14:56,56.43003940808493,12.53678957979097,31.0331710121241
2025-09-28 13:15:03,56.43003940808493,12.53678957979097,31.0331710121241
2025-09-28 13:15:11,56.43003940808493,12.53678957979097,31.0331710121241
2025-09-28 13:15:43,56.43003940808493,12.53678957979097,31.0331710121241
2025-09-28 13:15:50,56.43003940808493,12.53678957979097,31.0331710121241
2025-09-28 13:16:23,56.43003940808493,12.53678957979097,31.0331710121241
2025-09-28 13:16:57,56.43003940808493,12.53678957979097,31.0331710121241
2025-09-28 13:17:01,56.43003940808493,12.53678957979097,31.0331710121241
2025-09-28 13:17:29,56.43003940808493,12.53678957979097,31.0331710121241
2025-09-28 13:18:22,56.43003940808493,12.53678957979097,31.0331710121241
2025-09-28 13:19:19,56.43003940808493,12.53678957979097,31.0331710121241
2025-09-28 13:19:56,56.43003940808493,12.53678957979097,31.0331710121241
2025-09-28 13:20:04,56.43003940808493,12.53678957979097,31.0331710121241
2025-09-28 13:20:12,56.43003940808493,12.53678957979097,31.0331710121241
2025-09-28 13:20:44,56.43003940808493,12.53678957979097,31.0331710121241
2025-09-28 13:20:50,56.43003940808493,12.53678957979097,31.0331710121241
2025-09-28 13:21:24,56.43003940808493,12.53678957979097,31.0331710121241
2025-09-28 13:21:58,56.43003940808493,12.53678957979097,31.0331710121241
2025-09-28 13:22:03,56.43573050536149,12.536847444708524,31.027422049929992
2025-09-28 13:22:29,56.43573050536149,12.536847444708524,31.027422049929992
2025-09-28 13:23:23,56.43573050536149,12.536847444708524,31.027422049929992
2025-09-28 13:24:20,56.43573050536149,12.536847444708524,31.027422049929992
2025-09-28 13:24:57,56.43573050536149,12.536847444708524,31.027422049929992
2025-09-28 13:25:06,56.43573050536149,12.536847444708524,31.027422049929992
2025-09-28 13:25:13,56.43573050536149,12.536847444708524,31.027422049929992
2025-09-28 13:25:45,56.43573050536149,12.536847444708524,31.027422049929992
2025-09-28 13:25:51,56.43573050536149,12.536847444708524,31.027422049929992
2025-09-28 13:26:25,56.43573050536149,12.536847444708524,31.027422049929992
2025-09-28 13:26:59,56.43573050536149,12.536847444708524,31.027422049929992
2025-09-28 13:27:04,56.43573050536149,12.536847444708524,31.027422049929992
2025-09-28 13:27:30,56.43573050536149,12.536847444708524,31.027422049929992
2025-09-28 13:28:24,56.43573050536149,12.536847444708524,31.027422049929992
2025-09-28 13:29:21,56.43573050536149,12.536847444708524,31.027422049929992
2025-09-28 13:29:58,56.43573050536149,12.536847444708524,31.027422049929992
2025-09-28 13:30:07,56.43573050536149,12.536847444708524,31.027422049929992
2025-09-28 13:30:13,56.43573050536149,12.536847444708524,31.027422049929992
2025-09-28 13:30:46,56.43573050536149,12.536847444708524,31.027422049929992
2025-09-28 13:30:52,56.43573050536149,12.536847444708524,31.027422049929992
2025-09-28 13:31:25,56.43573050536149,12.536847444708524,31.027422049929992
2025-09-28 13:32:00,56.47080952917567,12.51753016717878,31.011660303645552
2025-09-28 13:32:05,56.47080952917567,12.51753016717878,31.011660303645552
2025-09-28 13:32:31,56.47080952917567,12.51753016717878,31.011660303645552
2025-09-28 13:40:17,56.47080952917567,12.51753016717878,31.011660303645552
2025-09-28 13:45:18,56.47205135782926,12.5222638050015,31.00568483716924
2025-09-28 13:50:19,56.47205135782926,12.5222638050015,31.00568483716924
2025-09-28 13:55:20,56.47332203002885,12.510449643923897,31.01622832604725
2025-09-28 14:00:20,56.47332203002885,12.510449643923897,31.01622832604725
2025-09-28 14:05:21,56.46060205201216,12.518049832093196,31.021348115894646
2025-09-28 14:06:20,56.46060205201216,12.518049832093196,31.021348115894646
2025-09-28 14:10:22,56.46060205201216,12.518049832093196,31.021348115894646
2025-09-28 14:11:16,56.46060205201216,12.518049832093196,31.021348115894646
2025-09-28 14:11:21,56.46060205201216,12.518049832093196,31.021348115894646
2025-09-28 14:13:39,56.456482131614,12.523100480790877,31.02041738759513
2025-09-28 14:15:23,56.456482131614,12.523100480790877,31.02041738759513
2025-09-28 14:15:25,56.456482131614,12.523100480790877,31.02041738759513
2025-09-28 14:16:17,56.456482131614,12.523100480790877,31.02041738759513
2025-09-28 14:16:22,56.456482131614,12.523100480790877,31.02041738759513
2025-09-28 14:18:04,56.456482131614,12.523100480790877,31.02041738759513
2025-09-28 14:18:39,56.456482131614,12.523100480790877,31.02041738759513
2025-09-28 14:20:23,56.456482131614,12.523100480790877,31.02041738759513
2025-09-28 14:20:25,56.456482131614,12.523100480790877,31.02041738759513
2025-09-28 14:21:18,56.456482131614,12.523100480790877,31.02041738759513
2025-09-28 14:21:23,56.456482131614,12.523100480790877,31.02041738759513
2025-09-28 14:21:49,56.456482131614,12.523100480790877,31.02041738759513
2025-09-28 14:23:04,56.4491094535604,12.532348913055344,31.01854163338426
2025-09-28 14:23:40,56.4491094535604,12.532348913055344,31.01854163338426
2025-09-28 14:25:24,56.4491094535604,12.532348913055344,31.01854163338426
2025-09-28 14:25:26,56.4491094535604,12.532348913055344,31.01854163338426
2025-09-28 14:26:19,56.4491094535604,12.532348913055344,31.01854163338426
2025-09-28 14:26:24,56.4491094535604,12.532348913055344,31.01854163338426
2025-09-28 14:26:50,56.4491094535604,12.532348913055344,31.01854163338426
2025-09-28 14:28:05,56.4491094535604,12.532348913055344,31.01854163338426
2025-09-28 14:28:41,56.4491094535604,12.532348913055344,31.01854163338426
2025-09-28 14:28:54,56.4491094535604,12.532348913055344,31.01854163338426
2025-09-28 14:30:25,56.4491094535604,12.532348913055344,31.01854163338426
2025-09-28 14:30:27,56.4491094535604,12.532348913055344,31.01854163338426
2025-09-28 14:31:19,56.4491094535604,12.532348913055344,31.01854163338426
2025-09-28 14:31:24,56.4491094535604,12.532348913055344,31.01854163338426
2025-09-28 14:31:51,56.4491094535604,12.532348913055344,31.01854163338426
2025-09-28 14:33:06,56.45307432063567,12.52538066658881,31.02154501277553
2025-09-28 14:33:42,56.45307432063567,12.52538066658881,31.02154501277553
2025-09-28 14:33:56,56.45307432063567,12.52538066658881,31.02154501277553
2025-09-28 14:35:26,56.45307432063567,12.52538066658881,31.02154501277553
2025-09-28 14:35:28,56.45307432063567,12.52538066658881,31.02154501277553
2025-09-28 14:36:20,56.45307432063567,12.52538066658881,31.02154501277553
2025-09-28 14:36:25,56.45307432063567,12.52538066658881,31.02154501277553
2025-09-28 14:36:52,56.45307432063567,12.52538066658881,31.02154501277553
2025-09-28 14:38:07,56.45307432063567,12.52538066658881,31.02154501277553
2025-09-28 14:38:42,56.45307432063567,12.52538066658881,31.02154501277553
2025-09-28 14:38:56,56.45307432063567,12.52538066658881,31.02154501277553
2025-09-28 14:40:26,56.45307432063567,12.52538066658881,31.02154501277553
2025-09-28 14:40:29,56.45307432063567,12.52538066658881,31.02154501277553
2025-09-28 14:41:21,56.45307432063567,12.52538066658881,31.02154501277553
2025-09-28 14:41:26,56.45307432063567,12.52538066658881,31.02154501277553
2025-09-28 14:41:52,56.45307432063567,12.52538066658881,31.02154501277553
2025-09-28 14:43:07,56.45040875496255,12.52720331834489,31.02238792669256
2025-09-28 14:43:43,56.45040875496255,12.52720331834489,31.02238792669256
2025-09-28 14:43:57,56.45040875496255,12.52720331834489,31.02238792669256
2025-09-28 14:45:27,56.45040875496255,12.52720331834489,31.02238792669256
2025-09-28 14:45:29,56.45040875496255,12.52720331834489,31.02238792669256
2025-09-28 14:46:22,56.45040875496255,12.52720331834489,31.02238792669256
2025-09-28 14:46:27,56.45040875496255,12.52720331834489,31.02238792669256
2025-09-28 14:46:53,56.45040875496255,12.52720331834489,31.02238792669256
2025-09-28 14:48:08,56.45040875496255,12.52720331834489,31.02238792669256
2025-09-28 14:48:44,56.45040875496255,12.52720331834489,31.02238792669256
2025-09-28 14:48:58,56.45040875496255,12.52720331834489,31.02238792669256
2025-09-28 14:50:28,56.45040875496255,12.52720331834489,31.02238792669256
2025-09-28 14:50:30,56.45040875496255,12.52720331834489,31.02238792669256
2025-09-28 14:51:22,56.45040875496255,12.52720331834489,31.02238792669256
2025-09-28 14:51:27,56.45040875496255,12.52720331834489,31.02238792669256
2025-09-28 14:51:54,56.45040875496255,12.52720331834489,31.02238792669256
2025-09-28 14:53:09,56.45625431665282,12.531030940180823,31.01271474316636
2025-09-28 14:53:26,56.45625431665282,12.531030940180823,31.01271474316636
2025-09-28 14:53:45,56.45625431665282,12.531030940180823,31.01271474316636
2025-09-28 14:53:59,56.45625431665282,12.531030940180823,31.01271474316636
2025-09-28 14:55:54,56.45625431665282,12.531030940180823,31.01271474316636
2025-09-28 14:56:29,56.45625431665282,12.531030940180823,31.01271474316636
2025-09-28 14:59:50,56.45625431665282,12.531030940180823,31.01271474316636
2025-09-28 15:00:54,56.45625431665282,12.531030940180823,31.01271474316636
2025-09-28 15:01:30,56.45625431665282,12.531030940180823,31.01271474316636
2025-09-28 15:04:50,56.45525622825116,12.533432751512876,31.011311020235965
2025-09-28 15:05:55,56.45525622825116,12.533432751512876,31.011311020235965
2025-09-28 15:06:31,56.45525622825116,12.533432751512876,31.011311020235965
2025-09-28 15:06:33,56.45525622825116,12.533432751512876,31.011311020235965
2025-09-28 15:08:23,56.45525622825116,12.533432751512876,31.011311020235965
2025-09-28 15:09:52,56.45525622825116,12.533432751512876,31.011311020235965
2025-09-28 15:10:22,56.45525622825116,12.533432751512876,31.011311020235965
2025-09-28 15:10:56,56.45525622825116,12.533432751512876,31.011311020235965
2025-09-28 15:11:32,56.45525622825116,12.533432751512876,31.011311020235965
2025-09-28 15:11:34,56.45525622825116,12.533432751512876,31.011311020235965
2025-09-28 15:13:24,56.45910008011186,12.529166938778827,31.01173298110931
2025-09-28 15:14:52,56.45910008011186,12.529166938778827,31.01173298110931
2025-09-28 15:15:23,56.45910008011186,12.529166938778827,31.01173298110931
2025-09-28 15:15:57,56.45910008011186,12.529166938778827,31.01173298110931
2025-09-28 15:16:32,56.45910008011186,12.529166938778827,31.01173298110931
2025-09-28 15:16:35,56.45910008011186,12.529166938778827,31.01173298110931
2025-09-28 15:16:59,56.45910008011186,12.529166938778827,31.01173298110931
2025-09-28 15:18:25,56.45910008011186,12.529166938778827,31.01173298110931
2025-09-28 15:19:53,56.45910008011186,12.529166938778827,31.01173298110931
2025-09-28 15:20:21,56.45910008011186,12.529166938778827,31.01173298110931
2025-09-28 15:20:24,56.45910008011186,12.529166938778827,31.01173298110931
2025-09-28 15:20:57,56.45910008011186,12.529166938778827,31.01173298110931
2025-09-28 15:21:33,56.45910008011186,12.529166938778827,31.01173298110931
2025-09-28 15:21:35,56.45910008011186,12.529166938778827,31.01173298110931
2025-09-28 15:22:00,56.45910008011186,12.529166938778827,31.01173298110931
2025-09-28 15:23:25,56.46884841573182,12.520149644013658,31.011001940254523
2025-09-28 15:24:47,56.46884841573182,12.520149644013658,31.011001940254523
2025-09-28 15:24:54,56.46884841573182,12.520149644013658,31.011001940254523
2025-09-28 15:25:22,56.46884841573182,12.520149644013658,31.011001940254523
2025-09-28 15:25:25,56.46884841573182,12.520149644013658,31.011001940254523
2025-09-28 15:25:58,56.46884841573182,12.520149644013658,31.011001940254523
2025-09-28 15:26:34,56.46884841573182,12.520149644013658,31.011001940254523
2025-09-28 15:26:36,56.46884841573182,12.520149644013658,31.011001940254523
2025-09-28 15:27:01,56.46884841573182,12.520149644013658,31.011001940254523
2025-09-28 15:27:06,56.46884841573182,12.520149644013658,31.011001940254523
2025-09-28 15:28:26,56.46884841573182,12.520149644013658,31.011001940254523
2025-09-28 15:29:47,56.46884841573182,12.520149644013658,31.011001940254523
2025-09-28 15:29:55,56.46884841573182,12.520149644013658,31.011001940254523
2025-09-28 15:30:22,56.46884841573182,12.520149644013658,31.011001940254523
2025-09-28 15:30:25,56.46884841573182,12.520149644013658,31.011001940254523
2025-09-28 15:30:37,56.46884841573182,12.520149644013658,31.011001940254523
2025-09-28 15:30:59,56.46884841573182,12.520149644013658,31.011001940254523
2025-09-28 15:31:35,56.46884841573182,12.520149644013658,31.011001940254523
2025-09-28 15:31:37,56.46884841573182,12.520149644013658,31.011001940254523
2025-09-28 15:32:02,56.46884841573182,12.520149644013658,31.011001940254523
2025-09-28 15:32:06,56.46884841573182,12.520149644013658,31.011001940254523
2025-09-28 15:33:27,56.49384457719574,12.51645208328597,30.989703339518293
2025-09-28 15:34:13,56.49384457719574,12.51645208328597,30.989703339518293
2025-09-28 15:34:48,56.49384457719574,12.51645208328597,30.989703339518293
2025-09-28 15:34:55,56.49384457719574,12.51645208328597,30.989703339518293
2025-09-28 15:35:23,56.49384457719574,12.51645208328597,30.989703339518293
2025-09-28 15:35:26,56.49384457719574,12.51645208328597,30.989703339518293
2025-09-28 15:35:38,56.49384457719574,12.51645208328597,30.989703339518293
2025-09-28 15:36:00,56.49384457719574,12.51645208328597,30.989703339518293
2025-09-28 15:36:35,56.49384457719574,12.51645208328597,30.989703339518293
2025-09-28 15:36:38,56.49384457719574,12.51645208328597,30.989703339518293
2025-09-28 15:37:02,56.49384457719574,12.51645208328597,30.989703339518293
2025-09-28 15:37:07,56.49384457719574,12.51645208328597,30.989703339518293
2025-09-28 15:38:28,56.49384457719574,12.51645208328597,30.989703339518293
2025-09-28 15:39:14,56.49384457719574,12.51645208328597,30.989703339518293
2025-09-28 15:39:40,56.49384457719574,12.51645208328597,30.989703339518293
2025-09-28 15:39:49,56.49384457719574,12.51645208328597,30.989703339518293
2025-09-28 15:39:56,56.49384457719574,12.51645208328597,30.989703339518293
2025-09-28 15:40:24,56.49384457719574,12.51645208328597,30.989703339518293
2025-09-28 15:40:27,56.49384457719574,12.51645208328597,30.989703339518293
2025-09-28 15:40:39,56.49384457719574,12.51645208328597,30.989703339518293
2025-09-28 15:41:01,56.49384457719574,12.51645208328597,30.989703339518293
2025-09-28 15:41:36,56.49384457719574,12.51645208328597,30.989703339518293
2025-09-28 15:41:38,56.49384457719574,12.51645208328597,30.989703339518293
2025-09-28 15:42:03,56.49384457719574,12.51645208328597,30.989703339518293
2025-09-28 15:42:08,56.49384457719574,12.51645208328597,30.989703339518293
2025-09-28 15:43:29,56.51896023553,12.511661016233816,30.96937874823618
2025-09-28 15:44:15,56.51896023553,12.511661016233816,30.96937874823618
2025-09-28 15:44:41,56.51896023553,12.511661016233816,30.96937874823618
2025-09-28 15:44:41,56.51896023553,12.511661016233816,30.96937874823618
2025-09-28 15:44:50,56.51896023553,12.511661016233816,30.96937874823618
2025-09-28 15:44:57,56.51896023553,12.511661016233816,30.96937874823618
2025-09-28 15:45:25,56.51896023553,12.511661016233816,30.96937874823618
2025-09-28 15:45:28,56.51896023553,12.511661016233816,30.96937874823618
2025-09-28 15:45:40,56.51896023553,12.511661016233816,30.96937874823618
2025-09-28 15:46:01,56.51896023553,12.511661016233816,30.96937874823618
2025-09-28 15:46:37,56.51896023553,12.511661016233816,30.96937874823618
2025-09-28 15:46:39,56.51896023553,12.511661016233816,30.96937874823618
2025-09-28 15:47:04,56.51896023553,12.511661016233816,30.96937874823618
2025-09-28 15:47:09,56.51896023553,12.511661016233816,30.96937874823618
2025-09-28 15:48:01,56.51896023553,12.511661016233816,30.96937874823618
2025-09-28 15:48:29,56.51896023553,12.511661016233816,30.96937874823618
2025-09-28 15:48:48,56.51896023553,12.511661016233816,30.96937874823618
2025-09-28 15:49:15,56.51896023553,12.511661016233816,30.96937874823618
2025-09-28 15:49:42,56.51896023553,12.511661016233816,30.96937874823618
2025-09-28 15:49:42,56.51896023553,12.511661016233816,30.96937874823618
2025-09-28 15:49:50,56.51896023553,12.511661016233816,30.96937874823618
2025-09-28 15:49:58,56.51896023553,12.511661016233816,30.96937874823618
2025-09-28 15:50:26,56.51896023553,12.511661016233816,30.96937874823618
2025-09-28 15:50:29,56.51896023553,12.511661016233816,30.96937874823618
2025-09-28 15:50:41,56.51896023553,12.511661016233816,30.96937874823618
2025-09-28 15:51:02,56.51896023553,12.511661016233816,30.96937874823618
2025-09-28 15:51:38,56.51896023553,12.511661016233816,30.96937874823618
2025-09-28 15:51:40,56.51896023553,12.511661016233816,30.96937874823618
2025-09-28 15:52:05,56.51896023553,12.511661016233816,30.96937874823618
2025-09-28 15:52:09,56.51896023553,12.511661016233816,30.96937874823618
2025-09-28 15:53:02,56.50189704672614,12.516941573307566,30.98116137996629
2025-09-28 15:53:14,56.50189704672614,12.516941573307566,30.98116137996629
2025-09-28 15:53:30,56.50189704672614,12.516941573307566,30.98116137996629
2025-09-28 15:53:49,56.50189704672614,12.516941573307566,30.98116137996629
2025-09-28 15:54:16,56.50189704672614,12.516941573307566,30.98116137996629
2025-09-28 15:54:42,56.50189704672614,12.516941573307566,30.98116137996629
2025-09-28 15:54:43,56.50189704672614,12.516941573307566,30.98116137996629
2025-09-28 15:54:51,56.50189704672614,12.516941573307566,30.98116137996629
2025-09-28 15:54:58,56.50189704672614,12.516941573307566,30.98116137996629
2025-09-28 15:55:26,56.50189704672614,12.516941573307566,30.98116137996629
2025-09-28 15:55:30,56.50189704672614,12.516941573307566,30.98116137996629
2025-09-28 15:55:41,56.50189704672614,12.516941573307566,30.98116137996629
2025-09-28 15:56:03,56.50189704672614,12.516941573307566,30.98116137996629
2025-09-28 15:56:38,56.50189704672614,12.516941573307566,30.98116137996629
2025-09-28 15:56:41,56.50189704672614,12.516941573307566,30.98116137996629
2025-09-28 15:56:54,56.50189704672614,12.516941573307566,30.98116137996629
2025-09-28 15:57:05,56.50189704672614,12.516941573307566,30.98116137996629
2025-09-28 15:57:10,56.50189704672614,12.516941573307566,30.98116137996629
2025-09-28 15:58:02,56.50189704672614,12.516941573307566,30.98116137996629
2025-09-28 15:58:15,56.50189704672614,12.516941573307566,30.98116137996629
2025-09-28 15:58:31,56.50189704672614,12.516941573307566,30.98116137996629
2025-09-28 15:58:50,56.50189704672614,12.516941573307566,30.98116137996629
2025-09-28 15:59:17,56.50189704672614,12.516941573307566,30.98116137996629
2025-09-28 15:59:43,56.50189704672614,12.516941573307566,30.98116137996629
2025-09-28 15:59:44,56.50189704672614,12.516941573307566,30.98116137996629
2025-09-28 15:59:52,56.50189704672614,12.516941573307566,30.98116137996629
2025-09-28 15:59:59,56.50189704672614,12.516941573307566,30.98116137996629
2025-09-28 16:00:27,56.50189704672614,12.516941573307566,30.98116137996629
2025-09-28 16:00:30,56.50189704672614,12.516941573307566,30.98116137996629
2025-09-28 16:00:42,56.50189704672614,12.516941573307566,30.98116137996629
2025-09-28 16:01:04,56.50189704672614,12.516941573307566,30.98116137996629
2025-09-28 16:01:39,56.50189704672614,12.516941573307566,30.98116137996629
2025-09-28 16:01:42,56.50189704672614,12.516941573307566,30.98116137996629
2025-09-28 16:01:54,56.50189704672614,12.516941573307566,30.98116137996629
2025-09-28 16:02:06,56.50189704672614,12.516941573307566,30.98116137996629
2025-09-28 16:02:11,56.50189704672614,12.516941573307566,30.98116137996629
2025-09-28 16:03:03,56.504142803611416,12.50620573377223,30.989651462616354
2025-09-28 16:03:16,56.504142803611416,12.50620573377223,30.989651462616354
2025-09-28 16:03:32,56.504142803611416,12.50620573377223,30.989651462616354
2025-09-28 16:03:51,56.504142803611416,12.50620573377223,30.989651462616354
2025-09-28 16:04:18,56.504142803611416,12.50620573377223,30.989651462616354
2025-09-28 16:04:44,56.504142803611416,12.50620573377223,30.989651462616354
2025-09-28 16:04:44,56.504142803611416,12.50620573377223,30.989651462616354
2025-09-28 16:04:53,56.504142803611416,12.50620573377223,30.989651462616354
2025-09-28 16:05:00,56.504142803611416,12.50620573377223,30.989651462616354
2025-09-28 16:05:28,56.504142803611416,12.50620573377223,30.989651462616354
2025-09-28 16:05:31,56.504142803611416,12.50620573377223,30.989651462616354
2025-09-28 16:05:43,56.504142803611416,12.50620573377223,30.989651462616354
2025-09-28 16:06:05,56.504142803611416,12.50620573377223,30.989651462616354
2025-09-28 16:06:40,56.504142803611416,12.50620573377223,30.989651462616354
2025-09-28 16:06:43,56.504142803611416,12.50620573377223,30.989651462616354
2025-09-28 16:06:55,56.504142803611416,12.50620573377223,30.989651462616354
2025-09-28 16:07:07,56.504142803611416,12.50620573377223,30.989651462616354
2025-09-28 16:07:12,56.504142803611416,12.50620573377223,30.989651462616354
2025-09-28 16:07:27,56.504142803611416,12.50620573377223,30.989651462616354
2025-09-28 16:08:04,56.504142803611416,12.50620573377223,30.989651462616354
2025-09-28 16:08:17,56.504142803611416,12.50620573377223,30.989651462616354
2025-09-28 16:08:33,56.504142803611416,12.50620573377223,30.989651462616354
2025-09-28 16:08:51,56.504142803611416,12.50620573377223,30.989651462616354
2025-09-28 16:09:18,56.504142803611416,12.50620573377223,30.989651462616354
2025-09-28 16:09:45,56.504142803611416,12.50620573377223,30.989651462616354
2025-09-28 16:09:45,56.504142803611416,12.50620573377223,30.989651462616354
2025-09-28 16:09:53,56.504142803611416,12.50620573377223,30.989651462616354
2025-09-28 16:10:01,56.504142803611416,12.50620573377223,30.989651462616354
2025-09-28 16:10:20,56.504142803611416,12.50620573377223,30.989651462616354
2025-09-28 16:10:29,56.504142803611416,12.50620573377223,30.989651462616354
2025-09-28 16:10:32,56.504142803611416,12.50620573377223,30.989651462616354
2025-09-28 16:11:56,56.504142803611416,12.50620573377223,30.989651462616354
2025-09-28 16:12:08,56.504142803611416,12.50620573377223,30.989651462616354
2025-09-28 16:12:13,56.504142803611416,12.50620573377223,30.989651462616354
2025-09-28 16:12:20,56.51534140721199,12.497087563844152,30.98757102894385
2025-09-28 16:12:28,56.51534140721199,12.497087563844152,30.98757102894385
2025-09-28 16:13:05,56.51534140721199,12.497087563844152,30.98757102894385
2025-09-28 16:13:18,56.51534140721199,12.497087563844152,30.98757102894385
2025-09-28 16:13:33,56.51534140721199,12.497087563844152,30.98757102894385
2025-09-28 16:13:52,56.51534140721199,12.497087563844152,30.98757102894385
2025-09-28 16:14:19,56.51534140721199,12.497087563844152,30.98757102894385
2025-09-28 16:14:46,56.51534140721199,12.497087563844152,30.98757102894385
2025-09-28 16:14:46,56.51534140721199,12.497087563844152,30.98757102894385
2025-09-28 16:14:54,56.51534140721199,12.497087563844152,30.98757102894385
2025-09-28 16:15:01,56.51534140721199,12.497087563844152,30.98757102894385
2025-09-28 16:15:21,56.51534140721199,12.497087563844152,30.98757102894385
2025-09-28 16:15:29,56.51534140721199,12.497087563844152,30.98757102894385
2025-09-28 16:15:33,56.51534140721199,12.497087563844152,30.98757102894385
2025-09-28 16:16:57,56.51534140721199,12.497087563844152,30.98757102894385
2025-09-28 16:17:09,56.51534140721199,12.497087563844152,30.98757102894385
2025-09-28 16:17:14,56.51534140721199,12.497087563844152,30.98757102894385
2025-09-28 16:17:21,56.51534140721199,12.497087563844152,30.98757102894385
2025-09-28 16:17:29,56.51534140721199,12.497087563844152,30.98757102894385
2025-09-28 16:18:05,56.51534140721199,12.497087563844152,30.98757102894385
2025-09-28 16:18:18,56.51534140721199,12.497087563844152,30.98757102894385
2025-09-28 16:18:34,56.51534140721199,12.497087563844152,30.98757102894385
2025-09-28 16:19:06,56.51534140721199,12.497087563844152,30.98757102894385
2025-09-28 16:24:07,56.52358486192403,12.501655111723055,30.974760026352914
2025-09-28 16:29:08,56.52358486192403,12.501655111723055,30.974760026352914
2025-09-28 16:34:08,56.53465985301096,12.505913768434812,30.95942637855423
2025-09-28 16:39:09,56.53465985301096,12.505913768434812,30.95942637855423
2025-09-28 16:42:28,56.52907337228503,12.504138892692662,30.966787735022304
2025-09-28 16:44:10,56.52907337228503,12.504138892692662,30.966787735022304
2025-09-28 16:47:28,56.52907337228503,12.504138892692662,30.966787735022304
2025-09-28 16:49:11,56.52907337228503,12.504138892692662,30.966787735022304
2025-09-28 16:52:29,56.5368436961435,12.499397800124964,30.963758503731533
2025-09-28 16:54:11,56.5368436961435,12.499397800124964,30.963758503731533
2025-09-28 16:57:30,56.5368436961435,12.499397800124964,30.963758503731533
2025-09-28 16:59:12,56.5368436961435,12.499397800124964,30.963758503731533
2025-09-28 17:02:31,56.54501715533138,12.494420912745614,30.960561931923007
2025-09-28 17:04:13,56.54501715533138,12.494420912745614,30.960561931923007
2025-09-28 17:07:31,56.54501715533138,12.494420912745614,30.960561931923007
2025-09-28 17:09:14,56.54501715533138,12.494420912745614,30.960561931923007
2025-09-28 17:10:34,56.54501715533138,12.494420912745614,30.960561931923007
2025-09-28 17:12:32,56.56225859250203,12.49261984759472,30.94512155990325
2025-09-28 17:14:15,56.56225859250203,12.49261984759472,30.94512155990325
2025-09-28 17:15:34,56.56225859250203,12.49261984759472,30.94512155990325
2025-09-28 17:16:05,56.56225859250203,12.49261984759472,30.94512155990325
2025-09-28 17:17:33,56.56225859250203,12.49261984759472,30.94512155990325
2025-09-28 17:19:15,56.56225859250203,12.49261984759472,30.94512155990325
2025-09-28 17:20:00,56.56225859250203,12.49261984759472,30.94512155990325
2025-09-28 17:20:35,56.56225859250203,12.49261984759472,30.94512155990325
2025-09-28 17:21:05,56.56225859250203,12.49261984759472,30.94512155990325
2025-09-28 17:22:34,56.54891359809122,12.498482786495822,30.95260361541296
2025-09-28 17:24:16,56.54891359809122,12.498482786495822,30.95260361541296
2025-09-28 17:25:01,56.54891359809122,12.498482786495822,30.95260361541296
2025-09-28 17:25:03,56.54891359809122,12.498482786495822,30.95260361541296
2025-09-28 17:25:36,56.54891359809122,12.498482786495822,30.95260361541296
2025-09-28 17:26:06,56.54891359809122,12.498482786495822,30.95260361541296
2025-09-28 17:27:34,56.54891359809122,12.498482786495822,30.95260361541296
2025-09-28 17:29:17,56.54891359809122,12.498482786495822,30.95260361541296
2025-09-28 17:30:02,56.54891359809122,12.498482786495822,30.95260361541296
2025-09-28 17:30:03,56.54891359809122,12.498482786495822,30.95260361541296
2025-09-28 17:30:37,56.54891359809122,12.498482786495822,30.95260361541296
2025-09-28 17:31:07,56.54891359809122,12.498482786495822,30.95260361541296
2025-09-28 17:32:35,56.542641066084,12.490708856105853,30.966650077810144
2025-09-28 17:34:18,56.542641066084,12.490708856105853,30.966650077810144
2025-09-28 17:35:03,56.542641066084,12.490708856105853,30.966650077810144
2025-09-28 17:35:04,56.542641066084,12.490708856105853,30.966650077810144
2025-09-28 17:35:38,56.542641066084,12.490708856105853,30.966650077810144
2025-09-28 17:36:08,56.542641066084,12.490708856105853,30.966650077810144
2025-09-28 17:36:31,56.542641066084,12.490708856105853,30.966650077810144
2025-09-28 17:37:36,56.542641066084,12.490708856105853,30.966650077810144
2025-09-28 17:38:51,56.542641066084,12.490708856105853,30.966650077810144
2025-09-28 17:39:18,56.542641066084,12.490708856105853,30.966650077810144
2025-09-28 17:40:03,56.542641066084,12.490708856105853,30.966650077810144
2025-09-28 17:40:05,56.542641066084,12.490708856105853,30.966650077810144
2025-09-28 17:40:38,56.542641066084,12.490708856105853,30.966650077810144
2025-09-28 17:41:08,56.542641066084,12.490708856105853,30.966650077810144
2025-09-28 17:41:31,56.542641066084,12.490708856105853,30.966650077810144
2025-09-28 17:42:07,56.542641066084,12.490708856105853,30.966650077810144
2025-09-28 17:42:37,56.51391656501542,12.499722207053642,30.98636122793093
2025-09-28 17:43:52,56.51391656501542,12.499722207053642,30.98636122793093
2025-09-28 17:44:19,56.51391656501542,12.499722207053642,30.98636122793093
2025-09-28 17:45:04,56.51391656501542,12.499722207053642,30.98636122793093
2025-09-28 17:45:06,56.51391656501542,12.499722207053642,30.98636122793093
2025-09-28 17:45:07,56.51391656501542,12.499722207053642,30.98636122793093
2025-09-28 17:45:39,56.51391656501542,12.499722207053642,30.98636122793093
2025-09-28 17:46:09,56.51391656501542,12.499722207053642,30.98636122793093
2025-09-28 17:46:32,56.51391656501542,12.499722207053642,30.98636122793093
2025-09-28 17:47:08,56.51391656501542,12.499722207053642,30.98636122793093
2025-09-28 17:47:37,56.51391656501542,12.499722207053642,30.98636122793093
2025-09-28 17:48:52,56.51391656501542,12.499722207053642,30.98636122793093
2025-09-28 17:49:07,56.51391656501542,12.499722207053642,30.98636122793093
2025-09-28 17:49:20,56.51391656501542,12.499722207053642,30.98636122793093
2025-09-28 17:50:05,56.51391656501542,12.499722207053642,30.98636122793093
2025-09-28 17:50:06,56.51391656501542,12.499722207053642,30.98636122793093
2025-09-28 17:50:08,56.51391656501542,12.499722207053642,30.98636122793093
2025-09-28 17:50:40,56.51391656501542,12.499722207053642,30.98636122793093
2025-09-28 17:51:10,56.51391656501542,12.499722207053642,30.98636122793093
2025-09-28 17:51:33,56.51391656501542,12.499722207053642,30.98636122793093
2025-09-28 17:52:09,56.51391656501542,12.499722207053642,30.98636122793093
2025-09-28 17:52:38,56.499237091424725,12.50275967304728,30.998003235528
2025-09-28 17:53:53,56.499237091424725,12.50275967304728,30.998003235528
2025-09-28 17:54:08,56.499237091424725,12.50275967304728,30.998003235528
2025-09-28 17:54:21,56.499237091424725,12.50275967304728,30.998003235528
2025-09-28 17:54:57,56.499237091424725,12.50275967304728,30.998003235528
2025-09-28 17:55:06,56.499237091424725,12.50275967304728,30.998003235528
2025-09-28 17:55:07,56.499237091424725,12.50275967304728,30.998003235528
2025-09-28 17:56:11,56.499237091424725,12.50275967304728,30.998003235528
2025-09-28 17:56:33,56.499237091424725,12.50275967304728,30.998003235528
2025-09-28 17:57:10,56.499237091424725,12.50275967304728,30.998003235528
2025-09-28 17:57:39,56.499237091424725,12.50275967304728,30.998003235528
2025-09-28 17:57:41,56.499237091424725,12.50275967304728,30.998003235528
2025-09-28 17:58:54,56.499237091424725,12.50275967304728,30.998003235528
2025-09-28 17:59:09,56.499237091424725,12.50275967304728,30.998003235528
2025-09-28 18:08:06,56.493690474460045,12.501642141319296,31.00466738422066
2025-09-28 18:12:44,56.49898846361493,12.494235067967669,31.006776468417407
2025-09-28 18:13:07,56.49898846361493,12.494235067967669,31.006776468417407
2025-09-28 18:28:58,56.49850965807634,12.4963528861517,31.00513745577196
2025-09-28 18:33:20,56.522086595124485,12.491919959630188,30.985993445245327
2025-09-28 18:37:49,56.522086595124485,12.491919959630188,30.985993445245327
2025-09-28 18:38:20,56.522086595124485,12.491919959630188,30.985993445245327
2025-09-28 18:39:43,56.522086595124485,12.491919959630188,30.985993445245327
2025-09-28 18:41:37,56.522086595124485,12.491919959630188,30.985993445245327
2025-09-28 18:42:50,56.52562635689535,12.491977367833575,30.98239627527107
2025-09-28 18:43:21,56.52562635689535,12.491977367833575,30.98239627527107
2025-09-28 18:44:44,56.52562635689535,12.491977367833575,30.98239627527107
2025-09-28 18:45:00,56.52562635689535,12.491977367833575,30.98239627527107
2025-09-28 18:46:20,56.52562635689535,12.491977367833575,30.98239627527107
2025-09-28 18:46:38,56.52562635689535,12.491977367833575,30.98239627527107
2025-09-28 18:47:50,56.52562635689535,12.491977367833575,30.98239627527107
2025-09-28 18:48:22,56.52562635689535,12.491977367833575,30.98239627527107
2025-09-28 18:49:45,56.52562635689535,12.491977367833575,30.98239627527107
2025-09-28 18:50:00,56.52562635689535,12.491977367833575,30.98239627527107
2025-09-28 18:51:21,56.52562635689535,12.491977367833575,30.98239627527107
2025-09-28 18:51:39,56.52562635689535,12.491977367833575,30.98239627527107
2025-09-28 18:52:51,56.53419186229796,12.491771303409092,30.97403683429295
2025-09-28 18:53:23,56.53419186229796,12.491771303409092,30.97403683429295
2025-09-28 18:54:46,56.53419186229796,12.491771303409092,30.97403683429295
2025-09-28 18:55:01,56.53419186229796,12.491771303409092,30.97403683429295
2025-09-28 18:56:15,56.53419186229796,12.491771303409092,30.97403683429295
2025-09-28 19:14:21,56.53471925268019,12.49365313226703,30.971627615052785
2025-09-28 19:15:29,56.53471925268019,12.49365313226703,30.971627615052785
2025-09-28 19:19:22,56.53471925268019,12.49365313226703,30.971627615052785
2025-09-28 19:20:29,56.53471925268019,12.49365313226703,30.971627615052785
2025-09-28 19:24:23,56.56290585566936,12.482421819878226,30.954672324452417
2025-09-28 19:24:23,56.56290585566936,12.482421819878226,30.954672324452417
2025-09-28 19:25:30,56.56290585566936,12.482421819878226,30.954672324452417
2025-09-28 19:29:24,56.56290585566936,12.482421819878226,30.954672324452417
2025-09-28 19:29:24,56.56290585566936,12.482421819878226,30.954672324452417
2025-09-28 19:30:31,56.56290585566936,12.482421819878226,30.954672324452417
2025-09-28 19:34:24,56.55939700759329,12.491202235736669,30.949400756670045
2025-09-28 19:34:24,56.55939700759329,12.491202235736669,30.949400756670045
2025-09-28 19:35:34,56.55939700759329,12.491202235736669,30.949400756670045
2025-09-28 19:39:25,56.55939700759329,12.491202235736669,30.949400756670045
2025-09-28 19:39:25,56.55939700759329,12.491202235736669,30.949400756670045
2025-09-28 19:40:34,56.55939700759329,12.491202235736669,30.949400756670045
2025-09-28 19:44:26,56.58125860955605,12.483266164957495,30.935475225486453
2025-09-28 19:44:26,56.58125860955605,12.483266164957495,30.935475225486453
2025-09-28 19:45:35,56.58125860955605,12.483266164957495,30.935475225486453
2025-09-28 19:46:35,56.58125860955605,12.483266164957495,30.935475225486453
2025-09-28 19:49:27,56.58125860955605,12.483266164957495,30.935475225486453
2025-09-28 19:49:27,56.58125860955605,12.483266164957495,30.935475225486453
2025-09-28 19:50:36,56.58125860955605,12.483266164957495,30.935475225486453
2025-09-28 19:51:35,56.58125860955605,12.483266164957495,30.935475225486453
2025-09-28 19:54:27,56.58708433739989,12.455856530064349,30.957059132535765
2025-09-28 19:54:28,56.58708433739989,12.455856530064349,30.957059132535765
2025-09-28 19:55:37,56.58708433739989,12.455856530064349,30.957059132535765
2025-09-28 19:56:36,56.58708433739989,12.455856530064349,30.957059132535765
2025-09-28 20:11:43,56.57689899813781,12.471777567028536,30.951323434833647
2025-09-28 20:16:43,56.56312930887728,12.47556420575777,30.96130648536495
2025-09-28 20:16:43,56.56312930887728,12.47556420575777,30.96130648536495
2025-09-28 20:19:14,56.56312930887728,12.47556420575777,30.96130648536495
2025-09-28 20:21:44,56.56312930887728,12.47556420575777,30.96130648536495
2025-09-28 20:21:45,56.56312930887728,12.47556420575777,30.96130648536495
2025-09-28 20:24:16,56.537191350120416,12.48452619569941,30.97828245418017
2025-09-28 20:26:45,56.537191350120416,12.48452619569941,30.97828245418017
2025-09-28 20:26:46,56.537191350120416,12.48452619569941,30.97828245418017
2025-09-28 20:29:17,56.537191350120416,12.48452619569941,30.97828245418017
2025-09-28 20:30:16,56.537191350120416,12.48452619569941,30.97828245418017
2025-09-28 20:31:46,56.537191350120416,12.48452619569941,30.97828245418017
2025-09-28 20:31:48,56.537191350120416,12.48452619569941,30.97828245418017
2025-09-28 20:34:21,56.51617842838817,12.48500202664805,30.998819544963776
2025-09-28 20:35:17,56.51617842838817,12.48500202664805,30.998819544963776
2025-09-28 20:36:48,56.51617842838817,12.48500202664805,30.998819544963776
2025-09-28 20:36:50,56.51617842838817,12.48500202664805,30.998819544963776
2025-09-28 20:39:17,56.51617842838817,12.48500202664805,30.998819544963776
2025-09-28 20:39:25,56.51617842838817,12.48500202664805,30.998819544963776
2025-09-28 20:40:19,56.51617842838817,12.48500202664805,30.998819544963776
2025-09-28 20:41:49,56.51617842838817,12.48500202664805,30.998819544963776
2025-09-28 20:41:51,56.51617842838817,12.48500202664805,30.998819544963776
2025-09-28 20:42:22,56.51617842838817,12.48500202664805,30.998819544963776
2025-09-28 20:43:30,56.50360812205708,12.502209486677367,30.99418239126556
2025-09-28 20:48:31,56.50360812205708,12.502209486677367,30.99418239126556
2025-09-28 20:53:32,56.517510970194685,12.488029595519516,30.9944594342858
2025-09-28 20:58:33,56.517510970194685,12.488029595519516,30.9944594342858
2025-09-28 21:03:34,56.47200822694931,12.521404102600393,31.00658767045029
2025-09-28 21:08:35,56.47200822694931,12.521404102600393,31.00658767045029
2025-09-28 21:13:36,56.45597567274423,12.523191676169048,31.02083265108672
2025-09-28 21:18:37,56.45597567274423,12.523191676169048,31.02083265108672
2025-09-28 21:23:38,56.45330276879959,12.530080847009492,31.01661638419092
2025-09-28 21:28:40,56.45330276879959,12.530080847009492,31.01661638419092
2025-09-28 21:33:42,56.44561691029717,12.529395745671494,31.02498734403133
2025-09-28 21:38:43,56.44561691029717,12.529395745671494,31.02498734403133
2025-09-28 21:43:44,56.43759082542565,12.52732455413707,31.035084620437285
2025-09-28 21:48:46,56.43759082542565,12.52732455413707,31.035084620437285
2025-09-28 21:53:48,56.45439149252985,12.517946029915333,31.02766247755482
2025-09-28 21:56:38,56.45439149252985,12.517946029915333,31.02766247755482
2025-09-28 21:57:52,56.45439149252985,12.517946029915333,31.02766247755482
2025-09-28 22:02:55,56.46373755088708,12.525995360813324,31.0102670882996
2025-09-28 22:06:31,56.46373755088708,12.525995360813324,31.0102670882996
2025-09-28 22:07:56,56.46373755088708,12.525995360813324,31.0102670882996
2025-09-28 22:11:32,56.46373755088708,12.525995360813324,31.0102670882996
2025-09-28 22:12:57,56.454069102564816,12.51838118087002,31.027549716565165
2025-09-28 22:16:33,56.454069102564816,12.51838118087002,31.027549716565165
2025-09-28 22:17:59,56.454069102564816,12.51838118087002,31.027549716565165
2025-09-28 22:21:34,56.454069102564816,12.51838118087002,31.027549716565165
2025-09-28 22:23:00,56.44177647896353,12.523915962679856,31.034307558356613
2025-09-28 22:26:36,56.44177647896353,12.523915962679856,31.034307558356613
2025-09-28 22:28:03,56.44177647896353,12.523915962679856,31.034307558356613
2025-09-28 22:31:38,56.44177647896353,12.523915962679856,31.034307558356613
2025-09-28 22:33:09,56.44319487736408,12.512439469731715,31.044365652904204
2025-09-28 22:37:47,56.44319487736408,12.512439469731715,31.044365652904204
2025-09-28 22:38:10,56.44319487736408,12.512439469731715,31.044365652904204
2025-09-28 22:42:48,56.44319487736408,12.512439469731715,31.044365652904204
2025-09-28 22:43:11,56.44185530114035,12.512009653313216,31.04613504554644
2025-09-28 22:47:49,56.44185530114035,12.512009653313216,31.04613504554644
2025-09-28 22:48:11,56.44185530114035,12.512009653313216,31.04613504554644
2025-09-28 22:52:50,56.44185530114035,12.512009653313216,31.04613504554644
2025-09-28 22:53:13,56.47061020865135,12.503968526725274,31.02542126462337
2025-09-28 22:54:24,56.47061020865135,12.503968526725274,31.02542126462337
2025-09-28 22:56:16,56.47061020865135,12.503968526725274,31.02542126462337
2025-09-28 22:58:45,56.47061020865135,12.503968526725274,31.02542126462337
2025-09-28 23:03:46,56.46971903004568,12.497118850088585,31.033162119865736
2025-09-28 23:08:47,56.46971903004568,12.497118850088585,31.033162119865736
2025-09-28 23:13:50,56.44377210881903,12.520369661584668,31.0358582295963
2025-09-28 23:18:51,56.44377210881903,12.520369661584668,31.0358582295963
2025-09-28 23:19:17,56.44377210881903,12.520369661584668,31.0358582295963
2025-09-28 23:23:52,56.43014419406636,12.514318639864133,31.05553716606951
2025-09-28 23:24:12,56.43014419406636,12.514318639864133,31.05553716606951
2025-09-28 23:24:18,56.43014419406636,12.514318639864133,31.05553716606951
2025-09-28 23:28:53,56.43014419406636,12.514318639864133,31.05553716606951
2025-09-28 23:29:13,56.43014419406636,12.514318639864133,31.05553716606951
2025-09-28 23:29:20,56.43014419406636,12.514318639864133,31.05553716606951
2025-09-28 23:33:54,56.43383791355857,12.514257469895467,31.05190461654596
2025-09-28 23:34:15,56.43383791355857,12.514257469895467,31.05190461654596
2025-09-28 23:34:23,56.43383791355857,12.514257469895467,31.05190461654596
2025-09-28 23:38:54,56.43383791355857,12.514257469895467,31.05190461654596
2025-09-28 23:38:56,56.43383791355857,12.514257469895467,31.05190461654596
2025-09-28 23:39:16,56.43383791355857,12.514257469895467,31.05190461654596
2025-09-28 23:39:23,56.43383791355857,12.514257469895467,31.05190461654596
2025-09-28 23:43:55,56.43662419390482,12.503739621196154,31.059636184899027
2025-09-28 23:43:56,56.43662419390482,12.503739621196154,31.059636184899027
2025-09-28 23:44:17,56.43662419390482,12.503739621196154,31.059636184899027
2025-09-28 23:44:24,56.43662419390482,12.503739621196154,31.059636184899027
2025-09-28 23:48:56,56.43662419390482,12.503739621196154,31.059636184899027
2025-09-28 23:48:57,56.43662419390482,12.503739621196154,31.059636184899027
2025-09-28 23:49:18,56.43662419390482,12.503739621196154,31.059636184899027
2025-09-28 23:49:25,56.43662419390482,12.503739621196154,31.059636184899027
2025-09-28 23:50:33,56.43662419390482,12.503739621196154,31.059636184899027
2025-09-28 23:53:57,56.45342642370793,12.501159575766271,31.045414000525795
2025-09-28 23:53:58,56.45342642370793,12.501159575766271,31.045414000525795
2025-09-28 23:54:19,56.45342642370793,12.501159575766271,31.045414000525795
2025-09-28 23:54:26,56.45342642370793,12.501159575766271,31.045414000525795
2025-09-28 23:55:33,56.45342642370793,12.501159575766271,31.045414000525795
2025-09-28 23:58:58,56.45342642370793,12.501159575766271,31.045414000525795
2025-09-28 23:58:59,56.45342642370793,12.501159575766271,31.045414000525795
2025-09-28 23:59:20,56.45342642370793,12.501159575766271,31.045414000525795
2025-09-28 23:59:27,56.45342642370793,12.501159575766271,31.045414000525795
2025-09-29 00:00:34,56.45342642370793,12.501159575766271,31.045414000525795
2025-09-29 00:03:59,56.44258807701453,12.506393779266354,31.051018143719112
2025-09-29 00:04:00,56.44258807701453,12.506393779266354,31.051018143719112
2025-09-29 00:04:21,56.44258807701453,12.506393779266354,31.051018143719112
2025-09-29 00:04:28,56.44258807701453,12.506393779266354,31.051018143719112
2025-09-29 00:05:35,56.44258807701453,12.506393779266354,31.051018143719112
2025-09-29 00:08:59,56.44258807701453,12.506393779266354,31.051018143719112
2025-09-29 00:09:01,56.44258807701453,12.506393779266354,31.051018143719112
2025-09-29 00:09:22,56.44258807701453,12.506393779266354,31.051018143719112
2025-09-29 00:09:29,56.44258807701453,12.506393779266354,31.051018143719112
2025-09-29 00:10:36,56.44258807701453,12.506393779266354,31.051018143719112
2025-09-29 00:14:00,56.42171975330204,12.511347369868275,31.06693287682969
2025-09-29 00:14:02,56.42171975330204,12.511347369868275,31.06693287682969
2025-09-29 00:14:23,56.42171975330204,12.511347369868275,31.06693287682969
2025-09-29 00:14:30,56.42171975330204,12.511347369868275,31.06693287682969
2025-09-29 00:15:37,56.42171975330204,12.511347369868275,31.06693287682969
2025-09-29 00:19:01,56.42171975330204,12.511347369868275,31.06693287682969
2025-09-29 00:19:02,56.42171975330204,12.511347369868275,31.06693287682969
2025-09-29 00:19:23,56.42171975330204,12.511347369868275,31.06693287682969
2025-09-29 00:19:30,56.42171975330204,12.511347369868275,31.06693287682969
2025-09-29 00:20:38,56.42171975330204,12.511347369868275,31.06693287682969
2025-09-29 00:24:02,56.42303252872927,12.50273099143877,31.074236479831963
2025-09-29 00:24:03,56.42303252872927,12.50273099143877,31.074236479831963
2025-09-29 00:24:24,56.42303252872927,12.50273099143877,31.074236479831963
2025-09-29 00:24:31,56.42303252872927,12.50273099143877,31.074236479831963
2025-09-29 00:25:38,56.42303252872927,12.50273099143877,31.074236479831963
2025-09-29 00:29:03,56.42303252872927,12.50273099143877,31.074236479831963
2025-09-29 00:29:04,56.42303252872927,12.50273099143877,31.074236479831963
2025-09-29 00:29:25,56.42303252872927,12.50273099143877,31.074236479831963
2025-09-29 00:29:32,56.42303252872927,12.50273099143877,31.074236479831963
2025-09-29 00:30:39,56.42303252872927,12.50273099143877,31.074236479831963
2025-09-29 00:34:03,56.41548716223639,12.517359796358887,31.067153041404723
2025-09-29 00:34:05,56.41548716223639,12.517359796358887,31.067153041404723
2025-09-29 00:34:26,56.41548716223639,12.517359796358887,31.067153041404723
2025-09-29 00:34:33,56.41548716223639,12.517359796358887,31.067153041404723
2025-09-29 00:35:40,56.41548716223639,12.517359796358887,31.067153041404723
2025-09-29 00:39:04,56.41548716223639,12.517359796358887,31.067153041404723
2025-09-29 00:39:06,56.41548716223639,12.517359796358887,31.067153041404723
2025-09-29 00:39:30,56.41548716223639,12.517359796358887,31.067153041404723
2025-09-29 00:39:34,56.41548716223639,12.517359796358887,31.067153041404723
2025-09-29 00:40:32,56.41548716223639,12.517359796358887,31.067153041404723
2025-09-29 00:40:41,56.41548716223639,12.517359796358887,31.067153041404723
2025-09-29 00:44:05,56.41419932980615,12.51588544024424,31.06991522994961
2025-09-29 00:44:07,56.41419932980615,12.51588544024424,31.06991522994961
2025-09-29 00:44:30,56.41419932980615,12.51588544024424,31.06991522994961
2025-09-29 00:44:34,56.41419932980615,12.51588544024424,31.06991522994961
2025-09-29 00:45:32,56.41419932980615,12.51588544024424,31.06991522994961
2025-09-29 00:45:42,56.41419932980615,12.51588544024424,31.06991522994961
2025-09-29 00:46:08,56.41419932980615,12.51588544024424,31.06991522994961
2025-09-29 00:50:58,56.41419932980615,12.51588544024424,31.06991522994961
2025-09-29 00:51:09,56.41419932980615,12.51588544024424,31.06991522994961
2025-09-29 00:55:59,56.390967051825605,12.529230466107505,31.07980248206689
2025-09-29 00:56:09,56.390967051825605,12.529230466107505,31.07980248206689
2025-09-29 01:01:00,56.390967051825605,12.529230466107505,31.07980248206689
2025-09-29 01:01:10,56.390967051825605,12.529230466107505,31.07980248206689
2025-09-29 01:05:15,56.39142587171028,12.518050104738318,31.090524023551406
2025-09-29 01:06:38,56.39142587171028,12.518050104738318,31.090524023551406
2025-09-29 01:07:38,56.39142587171028,12.518050104738318,31.090524023551406
2025-09-29 01:09:01,56.39142587171028,12.518050104738318,31.090524023551406
2025-09-29 01:10:09,56.39142587171028,12.518050104738318,31.090524023551406
2025-09-29 01:10:16,56.39142587171028,12.518050104738318,31.090524023551406
2025-09-29 01:11:39,56.39142587171028,12.518050104738318,31.090524023551406
2025-09-29 01:12:13,56.39142587171028,12.518050104738318,31.090524023551406
2025-09-29 01:12:39,56.39142587171028,12.518050104738318,31.090524023551406
2025-09-29 01:14:02,56.38783726245021,12.527848727135767,31.08431401041402
2025-09-29 01:15:10,56.38783726245021,12.527848727135767,31.08431401041402
2025-09-29 01:15:17,56.38783726245021,12.527848727135767,31.08431401041402
2025-09-29 01:16:03,56.38783726245021,12.527848727135767,31.08431401041402
2025-09-29 01:16:40,56.38783726245021,12.527848727135767,31.08431401041402
2025-09-29 01:17:14,56.38783726245021,12.527848727135767,31.08431401041402
2025-09-29 01:17:40,56.38783726245021,12.527848727135767,31.08431401041402
2025-09-29 01:19:03,56.38783726245021,12.527848727135767,31.08431401041402
2025-09-29 01:20:11,56.38783726245021,12.527848727135767,31.08431401041402
2025-09-29 01:20:17,56.38783726245021,12.527848727135767,31.08431401041402
2025-09-29 01:21:04,56.38783726245021,12.527848727135767,31.08431401041402
2025-09-29 01:21:40,56.38783726245021,12.527848727135767,31.08431401041402
2025-09-29 01:21:59,56.38783726245021,12.527848727135767,31.08431401041402
2025-09-29 01:22:15,56.38783726245021,12.527848727135767,31.08431401041402
2025-09-29 01:22:40,56.38783726245021,12.527848727135767,31.08431401041402
2025-09-29 01:24:03,56.39666210504461,12.517644885528442,31.085693009426947
2025-09-29 01:25:11,56.39666210504461,12.517644885528442,31.085693009426947
2025-09-29 01:25:18,56.39666210504461,12.517644885528442,31.085693009426947
2025-09-29 01:26:05,56.39666210504461,12.517644885528442,31.085693009426947
2025-09-29 01:26:41,56.39666210504461,12.517644885528442,31.085693009426947
2025-09-29 01:27:00,56.39666210504461,12.517644885528442,31.085693009426947
2025-09-29 01:27:16,56.39666210504461,12.517644885528442,31.085693009426947
2025-09-29 01:27:41,56.39666210504461,12.517644885528442,31.085693009426947
2025-09-29 01:27:56,56.39666210504461,12.517644885528442,31.085693009426947
2025-09-29 01:29:04,56.39666210504461,12.517644885528442,31.085693009426947
2025-09-29 01:30:12,56.39666210504461,12.517644885528442,31.085693009426947
2025-09-29 01:30:19,56.39666210504461,12.517644885528442,31.085693009426947
2025-09-29 01:31:06,56.39666210504461,12.517644885528442,31.085693009426947
2025-09-29 01:31:16,56.39666210504461,12.517644885528442,31.085693009426947
2025-09-29 01:31:42,56.39666210504461,12.517644885528442,31.085693009426947
2025-09-29 01:32:01,56.39666210504461,12.517644885528442,31.085693009426947
2025-09-29 01:32:17,56.39666210504461,12.517644885528442,31.085693009426947
2025-09-29 01:32:42,56.39666210504461,12.517644885528442,31.085693009426947
2025-09-29 01:32:57,56.39666210504461,12.517644885528442,31.085693009426947
2025-09-29 01:34:05,56.38666971265175,12.519707080677,31.093623206671246
2025-09-29 01:35:13,56.38666971265175,12.519707080677,31.093623206671246
2025-09-29 01:35:20,56.38666971265175,12.519707080677,31.093623206671246
2025-09-29 01:36:01,56.38666971265175,12.519707080677,31.093623206671246
2025-09-29 01:36:06,56.38666971265175,12.519707080677,31.093623206671246
2025-09-29 01:36:17,56.38666971265175,12.519707080677,31.093623206671246
2025-09-29 01:36:43,56.38666971265175,12.519707080677,31.093623206671246
2025-09-29 01:37:02,56.38666971265175,12.519707080677,31.093623206671246
2025-09-29 01:37:17,56.38666971265175,12.519707080677,31.093623206671246
2025-09-29 01:37:43,56.38666971265175,12.519707080677,31.093623206671246
2025-09-29 01:37:58,56.38666971265175,12.519707080677,31.093623206671246
2025-09-29 01:38:27,56.38666971265175,12.519707080677,31.093623206671246
2025-09-29 01:43:28,56.384656518657685,12.521539231574067,31.093804249768247
2025-09-29 01:48:29,56.384656518657685,12.521539231574067,31.093804249768247
2025-09-29 01:51:44,56.384656518657685,12.521539231574067,31.093804249768247
2025-09-29 01:53:30,56.38497967001447,12.512380361488464,31.10263996849708
2025-09-29 01:56:44,56.38497967001447,12.512380361488464,31.10263996849708
2025-09-29 01:58:30,56.38497967001447,12.512380361488464,31.10263996849708
2025-09-29 02:01:44,56.38497967001447,12.512380361488464,31.10263996849708
2025-09-29 02:01:45,56.38497967001447,12.512380361488464,31.10263996849708
2025-09-29 02:03:31,56.38478015106298,12.515772185357024,31.09944766358
2025-09-29 02:04:41,56.38478015106298,12.515772185357024,31.09944766358
2025-09-29 02:06:44,56.38478015106298,12.515772185357024,31.09944766358
2025-09-29 02:06:46,56.38478015106298,12.515772185357024,31.09944766358
2025-09-29 02:08:28,56.38478015106298,12.515772185357024,31.09944766358
2025-09-29 02:08:32,56.38478015106298,12.515772185357024,31.09944766358
2025-09-29 02:09:41,56.38478015106298,12.515772185357024,31.09944766358
2025-09-29 02:11:45,56.38478015106298,12.515772185357024,31.09944766358
2025-09-29 02:11:47,56.38478015106298,12.515772185357024,31.09944766358
2025-09-29 02:13:29,56.386501965162495,12.505893901965004,31.107604132872503
2025-09-29 02:13:33,56.386501965162495,12.505893901965004,31.107604132872503
2025-09-29 02:14:42,56.386501965162495,12.505893901965004,31.107604132872503
2025-09-29 02:16:46,56.386501965162495,12.505893901965004,31.107604132872503
2025-09-29 02:16:47,56.386501965162495,12.505893901965004,31.107604132872503
2025-09-29 02:18:29,56.386501965162495,12.505893901965004,31.107604132872503
2025-09-29 02:18:33,56.386501965162495,12.505893901965004,31.107604132872503
2025-09-29 02:19:43,56.386501965162495,12.505893901965004,31.107604132872503
2025-09-29 02:21:47,56.386501965162495,12.505893901965004,31.107604132872503
2025-09-29 02:21:48,56.386501965162495,12.505893901965004,31.107604132872503
2025-09-29 02:23:30,56.39820227654882,12.507805935319622,31.09399178813156
2025-09-29 02:23:34,56.39820227654882,12.507805935319622,31.09399178813156
2025-09-29 02:24:44,56.39820227654882,12.507805935319622,31.09399178813156
2025-09-29 02:26:47,56.39820227654882,12.507805935319622,31.09399178813156
2025-09-29 02:26:49,56.39820227654882,12.507805935319622,31.09399178813156
2025-09-29 02:28:31,56.39820227654882,12.507805935319622,31.09399178813156
2025-09-29 02:28:35,56.39820227654882,12.507805935319622,31.09399178813156
2025-09-29 02:29:44,56.39820227654882,12.507805935319622,31.09399178813156
2025-09-29 02:31:48,56.39820227654882,12.507805935319622,31.09399178813156
2025-09-29 02:31:50,56.39820227654882,12.507805935319622,31.09399178813156
2025-09-29 02:33:32,56.41403979016317,12.503341694267467,31.08261851556936
2025-09-29 02:33:36,56.41403979016317,12.503341694267467,31.08261851556936
2025-09-29 02:34:45,56.41403979016317,12.503341694267467,31.08261851556936
2025-09-29 02:36:49,56.41403979016317,12.503341694267467,31.08261851556936
2025-09-29 02:36:50,56.41403979016317,12.503341694267467,31.08261851556936
2025-09-29 02:38:32,56.41403979016317,12.503341694267467,31.08261851556936
2025-09-29 02:38:36,56.41403979016317,12.503341694267467,31.08261851556936
2025-09-29 02:39:46,56.41403979016317,12.503341694267467,31.08261851556936
2025-09-29 02:41:50,56.41403979016317,12.503341694267467,31.08261851556936
2025-09-29 02:41:51,56.41403979016317,12.503341694267467,31.08261851556936
2025-09-29 02:43:33,56.40700630945207,12.506961616473406,31.08603207407453
2025-09-29 02:43:37,56.40700630945207,12.506961616473406,31.08603207407453
2025-09-29 02:44:47,56.40700630945207,12.506961616473406,31.08603207407453
2025-09-29 02:46:50,56.40700630945207,12.506961616473406,31.08603207407453
2025-09-29 02:46:52,56.40700630945207,12.506961616473406,31.08603207407453
2025-09-29 02:48:34,56.40700630945207,12.506961616473406,31.08603207407453
2025-09-29 02:48:38,56.40700630945207,12.506961616473406,31.08603207407453
2025-09-29 02:49:47,56.40700630945207,12.506961616473406,31.08603207407453
2025-09-29 02:51:51,56.40700630945207,12.506961616473406,31.08603207407453
2025-09-29 02:51:53,56.40700630945207,12.506961616473406,31.08603207407453
2025-09-29 02:53:35,56.416518486328826,12.5040851368053,31.07939637686588
2025-09-29 02:53:39,56.416518486328826,12.5040851368053,31.07939637686588
2025-09-29 02:54:48,56.416518486328826,12.5040851368053,31.07939637686588
2025-09-29 02:56:52,56.416518486328826,12.5040851368053,31.07939637686588
2025-09-29 02:56:53,56.416518486328826,12.5040851368053,31.07939637686588
2025-09-29 02:58:35,56.416518486328826,12.5040851368053,31.07939637686588
2025-09-29 02:58:39,56.416518486328826,12.5040851368053,31.07939637686588
2025-09-29 02:59:49,56.416518486328826,12.5040851368053,31.07939637686588
2025-09-29 03:01:53,56.416518486328826,12.5040851368053,31.07939637686588
2025-09-29 03:01:54,56.416518486328826,12.5040851368053,31.07939637686588
2025-09-29 03:03:36,56.40116991745771,12.505229211830438,31.093600870711853
2025-09-29 03:03:40,56.40116991745771,12.505229211830438,31.093600870711853
2025-09-29 03:04:50,56.40116991745771,12.505229211830438,31.093600870711853
2025-09-29 03:06:54,56.40116991745771,12.505229211830438,31.093600870711853
2025-09-29 03:06:55,56.40116991745771,12.505229211830438,31.093600870711853
2025-09-29 03:08:37,56.40116991745771,12.505229211830438,31.093600870711853
2025-09-29 03:08:41,56.40116991745771,12.505229211830438,31.093600870711853
2025-09-29 03:09:50,56.40116991745771,12.505229211830438,31.093600870711853
2025-09-29 03:11:54,56.40116991745771,12.505229211830438,31.093600870711853
2025-09-29 03:11:56,56.40116991745771,12.505229211830438,31.093600870711853
2025-09-29 03:13:38,56.404033131556695,12.501655625203137,31.09431124324017
2025-09-29 03:13:42,56.404033131556695,12.501655625203137,31.09431124324017
2025-09-29 03:14:51,56.404033131556695,12.501655625203137,31.09431124324017
2025-09-29 03:16:55,56.404033131556695,12.501655625203137,31.09431124324017
2025-09-29 03:16:56,56.404033131556695,12.501655625203137,31.09431124324017
2025-09-29 03:18:38,56.404033131556695,12.501655625203137,31.09431124324017
2025-09-29 03:18:42,56.404033131556695,12.501655625203137,31.09431124324017
2025-09-29 03:19:52,56.404033131556695,12.501655625203137,31.09431124324017
2025-09-29 03:21:56,56.404033131556695,12.501655625203137,31.09431124324017
2025-09-29 03:21:57,56.404033131556695,12.501655625203137,31.09431124324017
2025-09-29 03:23:39,56.412226860762416,12.505723511771716,31.082049627465867
2025-09-29 03:23:43,56.412226860762416,12.505723511771716,31.082049627465867
2025-09-29 03:24:53,56.412226860762416,12.505723511771716,31.082049627465867
2025-09-29 03:26:57,56.412226860762416,12.505723511771716,31.082049627465867
2025-09-29 03:26:58,56.412226860762416,12.505723511771716,31.082049627465867
2025-09-29 03:28:40,56.412226860762416,12.505723511771716,31.082049627465867
2025-09-29 03:28:44,56.412226860762416,12.505723511771716,31.082049627465867
2025-09-29 03:29:54,56.412226860762416,12.505723511771716,31.082049627465867
2025-09-29 03:31:57,56.412226860762416,12.505723511771716,31.082049627465867
2025-09-29 03:31:59,56.412226860762416,12.505723511771716,31.082049627465867
2025-09-29 03:33:41,56.42060849815393,12.494511020934564,31.0848804809115
2025-09-29 03:33:45,56.42060849815393,12.494511020934564,31.0848804809115
2025-09-29 03:34:54,56.42060849815393,12.494511020934564,31.0848804809115
2025-09-29 03:36:58,56.42060849815393,12.494511020934564,31.0848804809115
2025-09-29 03:36:59,56.42060849815393,12.494511020934564,31.0848804809115
2025-09-29 03:38:41,56.42060849815393,12.494511020934564,31.0848804809115
2025-09-29 03:38:45,56.42060849815393,12.494511020934564,31.0848804809115
2025-09-29 03:39:55,56.42060849815393,12.494511020934564,31.0848804809115
2025-09-29 03:41:59,56.42060849815393,12.494511020934564,31.0848804809115
2025-09-29 03:42:00,56.42060849815393,12.494511020934564,31.0848804809115
2025-09-29 03:43:42,56.41769661835026,12.509412190360072,31.072891191289663
2025-09-29 03:43:46,56.41769661835026,12.509412190360072,31.072891191289663
2025-09-29 03:44:56,56.41769661835026,12.509412190360072,31.072891191289663
2025-09-29 03:46:59,56.41769661835026,12.509412190360072,31.072891191289663
2025-09-29 03:47:01,56.41769661835026,12.509412190360072,31.072891191289663
2025-09-29 03:48:43,56.41769661835026,12.509412190360072,31.072891191289663
2025-09-29 03:48:47,56.41769661835026,12.509412190360072,31.072891191289663
2025-09-29 03:49:57,56.41769661835026,12.509412190360072,31.072891191289663
2025-09-29 03:52:00,56.41769661835026,12.509412190360072,31.072891191289663
2025-09-29 03:52:02,56.41769661835026,12.509412190360072,31.072891191289663
2025-09-29 03:53:44,56.41807005820264,12.50304771991223,31.07888222188513
2025-09-29 03:53:48,56.41807005820264,12.50304771991223,31.07888222188513
2025-09-29 03:54:57,56.41807005820264,12.50304771991223,31.07888222188513
2025-09-29 03:57:01,56.41807005820264,12.50304771991223,31.07888222188513
2025-09-29 03:57:03,56.41807005820264,12.50304771991223,31.07888222188513
2025-09-29 03:58:44,56.41807005820264,12.50304771991223,31.07888222188513
2025-09-29 03:58:48,56.41807005820264,12.50304771991223,31.07888222188513
2025-09-29 03:59:58,56.41807005820264,12.50304771991223,31.07888222188513
2025-09-29 04:02:02,56.41807005820264,12.50304771991223,31.07888222188513
2025-09-29 04:02:03,56.41807005820264,12.50304771991223,31.07888222188513
2025-09-29 04:03:47,56.42440245996684,12.49295718186636,31.08264035816681
2025-09-29 04:03:59,56.42440245996684,12.49295718186636,31.08264035816681
2025-09-29 04:08:50,56.42440245996684,12.49295718186636,31.08264035816681
2025-09-29 04:09:04,56.42440245996684,12.49295718186636,31.08264035816681
2025-09-29 04:10:13,56.42440245996684,12.49295718186636,31.08264035816681
2025-09-29 04:12:14,56.42440245996684,12.49295718186636,31.08264035816681
2025-09-29 04:12:22,56.42440245996684,12.49295718186636,31.08264035816681
2025-09-29 04:13:51,56.40169020745509,12.51192249202758,31.08638730051733
2025-09-29 04:14:05,56.40169020745509,12.51192249202758,31.08638730051733
2025-09-29 04:15:13,56.40169020745509,12.51192249202758,31.08638730051733
2025-09-29 04:17:15,56.40169020745509,12.51192249202758,31.08638730051733
2025-09-29 04:17:22,56.40169020745509,12.51192249202758,31.08638730051733
2025-09-29 04:18:52,56.40169020745509,12.51192249202758,31.08638730051733
2025-09-29 04:19:05,56.40169020745509,12.51192249202758,31.08638730051733
2025-09-29 04:20:14,56.40169020745509,12.51192249202758,31.08638730051733
2025-09-29 04:22:15,56.40169020745509,12.51192249202758,31.08638730051733
2025-09-29 04:22:23,56.40169020745509,12.51192249202758,31.08638730051733
2025-09-29 04:23:52,56.39729830825214,12.495133217542694,31.107568474205166
2025-09-29 04:24:06,56.39729830825214,12.495133217542694,31.107568474205166
2025-09-29 04:25:15,56.39729830825214,12.495133217542694,31.107568474205166
2025-09-29 04:27:16,56.39729830825214,12.495133217542694,31.107568474205166
2025-09-29 04:27:24,56.39729830825214,12.495133217542694,31.107568474205166
2025-09-29 04:28:53,56.39729830825214,12.495133217542694,31.107568474205166
2025-09-29 04:29:07,56.39729830825214,12.495133217542694,31.107568474205166
2025-09-29 04:30:16,56.39729830825214,12.495133217542694,31.107568474205166
2025-09-29 04:32:17,56.39729830825214,12.495133217542694,31.107568474205166
2025-09-29 04:32:25,56.39729830825214,12.495133217542694,31.107568474205166
2025-09-29 04:33:54,56.40393772495958,12.49436000666392,31.101702268376496
2025-09-29 04:34:08,56.40393772495958,12.49436000666392,31.101702268376496
2025-09-29 04:35:16,56.40393772495958,12.49436000666392,31.101702268376496
2025-09-29 04:37:22,56.40393772495958,12.49436000666392,31.101702268376496
2025-09-29 04:37:27,56.40393772495958,12.49436000666392,31.101702268376496
2025-09-29 04:38:58,56.40393772495958,12.49436000666392,31.101702268376496
2025-09-29 04:39:09,56.40393772495958,12.49436000666392,31.101702268376496
2025-09-29 04:40:26,56.40393772495958,12.49436000666392,31.101702268376496
2025-09-29 04:42:24,56.40393772495958,12.49436000666392,31.101702268376496
2025-09-29 04:42:29,56.40393772495958,12.49436000666392,31.101702268376496
2025-09-29 04:44:07,56.41411437800896,12.485065486781703,31.10082013520934
2025-09-29 04:44:17,56.41411437800896,12.485065486781703,31.10082013520934
2025-09-29 04:45:27,56.41411437800896,12.485065486781703,31.10082013520934
2025-09-29 04:47:25,56.41411437800896,12.485065486781703,31.10082013520934
2025-09-29 04:47:30,56.41411437800896,12.485065486781703,31.10082013520934
2025-09-29 04:49:07,56.41411437800896,12.485065486781703,31.10082013520934
2025-09-29 04:49:18,56.41411437800896,12.485065486781703,31.10082013520934
2025-09-29 04:50:28,56.41411437800896,12.485065486781703,31.10082013520934
2025-09-29 04:52:26,56.41411437800896,12.485065486781703,31.10082013520934
2025-09-29 04:52:30,56.41411437800896,12.485065486781703,31.10082013520934
2025-09-29 04:54:08,56.42923059407795,12.49175252400367,31.079016881918378
2025-09-29 04:54:19,56.42923059407795,12.49175252400367,31.079016881918378
2025-09-29 04:55:29,56.42923059407795,12.49175252400367,31.079016881918378
2025-09-29 04:57:27,56.42923059407795,12.49175252400367,31.079016881918378
2025-09-29 04:57:31,56.42923059407795,12.49175252400367,31.079016881918378
2025-09-29 04:59:09,56.42923059407795,12.49175252400367,31.079016881918378
2025-09-29 04:59:20,56.42923059407795,12.49175252400367,31.079016881918378
2025-09-29 05:00:29,56.42923059407795,12.49175252400367,31.079016881918378
2025-09-29 05:02:27,56.42923059407795,12.49175252400367,31.079016881918378
2025-09-29 05:02:32,56.42923059407795,12.49175252400367,31.079016881918378
2025-09-29 05:04:10,56.44068828099253,12.490269457785551,31.06904226122192
2025-09-29 05:04:20,56.44068828099253,12.490269457785551,31.06904226122192
2025-09-29 05:05:30,56.44068828099253,12.490269457785551,31.06904226122192
2025-09-29 05:07:28,56.44068828099253,12.490269457785551,31.06904226122192
2025-09-29 05:07:33,56.44068828099253,12.490269457785551,31.06904226122192
2025-09-29 05:09:10,56.44068828099253,12.490269457785551,31.06904226122192
2025-09-29 05:09:21,56.44068828099253,12.490269457785551,31.06904226122192
2025-09-29 05:10:31,56.44068828099253,12.490269457785551,31.06904226122192
2025-09-29 05:12:29,56.44068828099253,12.490269457785551,31.06904226122192
2025-09-29 05:12:33,56.44068828099253,12.490269457785551,31.06904226122192
2025-09-29 05:14:11,56.40803036849751,12.568465277121913,31.02350435438058
2025-09-29 05:14:22,56.40803036849751,12.568465277121913,31.02350435438058
2025-09-29 05:15:32,56.40803036849751,12.568465277121913,31.02350435438058
2025-09-29 05:17:30,56.40803036849751,12.568465277121913,31.02350435438058
2025-09-29 05:17:34,56.40803036849751,12.568465277121913,31.02350435438058
2025-09-29 05:19:12,56.40803036849751,12.568465277121913,31.02350435438058
2025-09-29 05:19:23,56.40803036849751,12.568465277121913,31.02350435438058
2025-09-29 05:20:33,56.40803036849751,12.568465277121913,31.02350435438058
2025-09-29 05:22:30,56.40803036849751,12.568465277121913,31.02350435438058
2025-09-29 05:22:35,56.40803036849751,12.568465277121913,31.02350435438058
2025-09-29 05:24:13,56.41408694572772,12.566676109552189,31.01923694472009
2025-09-29 05:24:23,56.41408694572772,12.566676109552189,31.01923694472009
2025-09-29 05:25:33,56.41408694572772,12.566676109552189,31.01923694472009
2025-09-29 05:27:31,56.41408694572772,12.566676109552189,31.01923694472009
2025-09-29 05:27:36,56.41408694572772,12.566676109552189,31.01923694472009
2025-09-29 05:29:13,56.41408694572772,12.566676109552189,31.01923694472009
2025-09-29 05:29:24,56.41408694572772,12.566676109552189,31.01923694472009
2025-09-29 05:30:34,56.41408694572772,12.566676109552189,31.01923694472009
2025-09-29 05:32:32,56.41408694572772,12.566676109552189,31.01923694472009
2025-09-29 05:32:36,56.41408694572772,12.566676109552189,31.01923694472009
2025-09-29 05:34:14,56.424821448001694,12.561969770749052,31.01320878124925
2025-09-29 05:34:25,56.424821448001694,12.561969770749052,31.01320878124925
2025-09-29 05:35:35,56.424821448001694,12.561969770749052,31.01320878124925
2025-09-29 05:37:33,56.424821448001694,12.561969770749052,31.01320878124925
2025-09-29 05:37:37,56.424821448001694,12.561969770749052,31.01320878124925
2025-09-29 05:39:22,56.424821448001694,12.561969770749052,31.01320878124925
2025-09-29 08:58:59,56.41862017017557,12.583479862467184,30.99789996735724
2025-09-29 08:59:24,56.41862017017557,12.583479862467184,30.99789996735724
2025-09-29 08:59:37,56.41862017017557,12.583479862467184,30.99789996735724
2025-09-29 09:01:01,56.41862017017557,12.583479862467184,30.99789996735724
2025-09-29 09:02:47,56.41862017017557,12.583479862467184,30.99789996735724
2025-09-29 09:04:00,56.43545460673688,12.570528911639697,30.994016481623422
2025-09-29 09:04:25,56.43545460673688,12.570528911639697,30.994016481623422
2025-09-29 09:04:37,56.43545460673688,12.570528911639697,30.994016481623422
2025-09-29 09:06:02,56.43545460673688,12.570528911639697,30.994016481623422
2025-09-29 09:07:47,56.43545460673688,12.570528911639697,30.994016481623422
2025-09-29 09:09:01,56.43545460673688,12.570528911639697,30.994016481623422
2025-09-29 09:09:26,56.43545460673688,12.570528911639697,30.994016481623422
2025-09-29 09:09:38,56.43545460673688,12.570528911639697,30.994016481623422
2025-09-29 09:11:03,56.43545460673688,12.570528911639697,30.994016481623422
2025-09-29 09:12:48,56.43545460673688,12.570528911639697,30.994016481623422
2025-09-29 09:12:48,56.43545460673688,12.570528911639697,30.994016481623422
2025-09-29 09:14:02,56.43301803163342,12.587758864186569,30.97922310418001
2025-09-29 09:14:27,56.43301803163342,12.587758864186569,30.97922310418001
2025-09-29 09:14:39,56.43301803163342,12.587758864186569,30.97922310418001
2025-09-29 09:16:04,56.43301803163342,12.587758864186569,30.97922310418001
2025-09-29 09:17:23,56.43301803163342,12.587758864186569,30.97922310418001
2025-09-29 09:17:49,56.43301803163342,12.587758864186569,30.97922310418001
2025-09-29 09:17:49,56.43301803163342,12.587758864186569,30.97922310418001
2025-09-29 09:19:03,56.43301803163342,12.587758864186569,30.97922310418001
2025-09-29 09:19:28,56.43301803163342,12.587758864186569,30.97922310418001
2025-09-29 09:19:40,56.43301803163342,12.587758864186569,30.97922310418001
2025-09-29 09:21:05,56.43301803163342,12.587758864186569,30.97922310418001
2025-09-29 09:22:24,56.43301803163342,12.587758864186569,30.97922310418001
2025-09-29 09:22:50,56.43301803163342,12.587758864186569,30.97922310418001
2025-09-29 09:22:51,56.43301803163342,12.587758864186569,30.97922310418001
2025-09-29 09:24:04,56.41772749015698,12.576808633551694,31.00546387629133
2025-09-29 09:24:29,56.41772749015698,12.576808633551694,31.00546387629133
2025-09-29 09:24:41,56.41772749015698,12.576808633551694,31.00546387629133
2025-09-29 09:26:06,56.41772749015698,12.576808633551694,31.00546387629133
2025-09-29 09:27:25,56.41772749015698,12.576808633551694,31.00546387629133
2025-09-29 09:27:51,56.41772749015698,12.576808633551694,31.00546387629133
2025-09-29 09:27:51,56.41772749015698,12.576808633551694,31.00546387629133
2025-09-29 09:29:05,56.41772749015698,12.576808633551694,31.00546387629133
2025-09-29 09:29:30,56.41772749015698,12.576808633551694,31.00546387629133
2025-09-29 09:29:42,56.41772749015698,12.576808633551694,31.00546387629133
2025-09-29 09:31:06,56.41772749015698,12.576808633551694,31.00546387629133
2025-09-29 09:31:44,56.41772749015698,12.576808633551694,31.00546387629133
2025-09-29 09:32:26,56.41772749015698,12.576808633551694,31.00546387629133
2025-09-29 09:32:52,56.41772749015698,12.576808633551694,31.00546387629133
2025-09-29 09:32:52,56.41772749015698,12.576808633551694,31.00546387629133
2025-09-29 09:34:06,56.385076014670574,12.583774795925502,31.031149189403926
2025-09-29 09:34:31,56.385076014670574,12.583774795925502,31.031149189403926
2025-09-29 09:34:43,56.385076014670574,12.583774795925502,31.031149189403926
2025-09-29 09:36:07,56.385076014670574,12.583774795925502,31.031149189403926
2025-09-29 09:36:39,56.385076014670574,12.583774795925502,31.031149189403926
2025-09-29 20:24:27,56.62380664626638,12.537693816441278,30.838499537292343
2025-09-29 20:26:48,56.631144760610894,12.553023896995072,30.81583134239404
2025-09-29 20:29:19,56.631144760610894,12.553023896995072,30.81583134239404
2025-09-29 20:34:21,56.631144760610894,12.553023896995072,30.81583134239404
2025-09-29 20:34:37,56.631144760610894,12.553023896995072,30.81583134239404
2025-09-29 20:44:22,56.60842332247216,12.566151407967205,30.82542526956064
2025-09-29 20:44:38,56.60842332247216,12.566151407967205,30.82542526956064
2025-09-29 20:46:50,56.67982942651033,12.551428001871662,30.76874257161801
2025-09-29 20:47:45,56.67982942651033,12.551428001871662,30.76874257161801
2025-09-29 20:52:46,56.67982942651033,12.551428001871662,30.76874257161801
2025-09-29 20:57:46,56.60401392843878,12.616816365695136,30.77916970586608
2025-09-29 21:02:47,56.60401392843878,12.616816365695136,30.77916970586608
2025-09-29 21:07:48,56.59013736039361,12.613183886712308,30.79667875289408
2025-09-29 21:12:50,56.59013736039361,12.613183886712308,30.79667875289408
2025-09-29 21:16:07,56.62028315555923,12.594616859847038,30.78509998459373
2025-09-29 21:17:51,56.62028315555923,12.594616859847038,30.78509998459373
2025-09-30 00:23:42,56.82097814351946,12.526057665687432,30.652964190793107
2025-09-30 00:25:23,56.82097814351946,12.526057665687432,30.652964190793107
2025-09-30 00:28:38,56.81022149563444,12.534320677510156,30.655457826855404
2025-09-30 00:32:55,56.81022149563444,12.534320677510156,30.655457826855404
2025-09-30 00:37:56,56.82951043636501,12.536266464605312,30.63422309902968
2025-09-30 00:39:33,56.82951043636501,12.536266464605312,30.63422309902968
2025-09-30 00:45:07,56.82951043636501,12.536266464605312,30.63422309902968
2025-09-30 00:45:20,56.82951043636501,12.536266464605312,30.63422309902968
2025-09-30 00:50:10,56.83291561931001,12.530777058986155,30.63630732170384
2025-09-30 00:50:21,56.83291561931001,12.530777058986155,30.63630732170384
2025-09-30 00:55:11,56.83291561931001,12.530777058986155,30.63630732170384
2025-09-30 00:55:22,56.83291561931001,12.530777058986155,30.63630732170384
2025-09-30 00:56:09,56.8153982122004,12.534563390402054,30.650038397397545
2025-09-30 00:59:49,56.8153982122004,12.534563390402054,30.650038397397545
2025-09-30 01:00:12,56.8153982122004,12.534563390402054,30.650038397397545
2025-09-30 01:00:24,56.8153982122004,12.534563390402054,30.650038397397545
2025-09-30 01:01:10,56.8153982122004,12.534563390402054,30.650038397397545
2025-09-30 01:03:43,56.8153982122004,12.534563390402054,30.650038397397545
2025-09-30 01:04:50,56.8153982122004,12.534563390402054,30.650038397397545
2025-09-30 01:05:14,56.8153982122004,12.534563390402054,30.650038397397545
2025-09-30 01:05:26,56.8153982122004,12.534563390402054,30.650038397397545
2025-09-30 01:06:12,56.81178686005618,12.534337607785274,30.653875532158544
2025-09-30 01:08:44,56.81178686005618,12.534337607785274,30.653875532158544
2025-09-30 01:09:51,56.81178686005618,12.534337607785274,30.653875532158544
2025-09-30 01:10:15,56.81178686005618,12.534337607785274,30.653875532158544
2025-09-30 01:10:26,56.81178686005618,12.534337607785274,30.653875532158544
2025-09-30 01:11:13,56.81178686005618,12.534337607785274,30.653875532158544
2025-09-30 01:13:45,56.81178686005618,12.534337607785274,30.653875532158544
2025-09-30 01:14:52,56.81178686005618,12.534337607785274,30.653875532158544
2025-09-30 01:15:16,56.81178686005618,12.534337607785274,30.653875532158544
2025-09-30 01:15:28,56.81178686005618,12.534337607785274,30.653875532158544
2025-09-30 01:16:14,56.81256274773098,12.534508791242068,30.65292846102696
2025-09-30 01:18:46,56.81256274773098,12.534508791242068,30.65292846102696
2025-09-30 01:19:54,56.81256274773098,12.534508791242068,30.65292846102696
2025-09-30 01:20:17,56.81256274773098,12.534508791242068,30.65292846102696
2025-09-30 01:20:29,56.81256274773098,12.534508791242068,30.65292846102696
2025-09-30 01:21:15,56.81256274773098,12.534508791242068,30.65292846102696
2025-09-30 01:23:47,56.81256274773098,12.534508791242068,30.65292846102696
2025-09-30 01:24:55,56.81256274773098,12.534508791242068,30.65292846102696
2025-09-30 01:25:18,56.81256274773098,12.534508791242068,30.65292846102696
2025-09-30 01:25:30,56.81256274773098,12.534508791242068,30.65292846102696
2025-09-30 01:26:16,56.82754812730346,12.531396840765009,30.641055031931533
2025-09-30 01:27:31,56.82754812730346,12.531396840765009,30.641055031931533
2025-09-30 01:28:49,56.82754812730346,12.531396840765009,30.641055031931533
2025-09-30 01:29:56,56.82754812730346,12.531396840765009,30.641055031931533
2025-09-30 01:30:20,56.82754812730346,12.531396840765009,30.641055031931533
2025-09-30 01:30:31,56.82754812730346,12.531396840765009,30.641055031931533
2025-09-30 01:31:17,56.82754812730346,12.531396840765009,30.641055031931533
2025-09-30 01:32:32,56.82754812730346,12.531396840765009,30.641055031931533
2025-09-30 01:33:49,56.82754812730346,12.531396840765009,30.641055031931533
2025-09-30 01:34:58,56.82754812730346,12.531396840765009,30.641055031931533
2025-09-30 01:35:21,56.82754812730346,12.531396840765009,30.641055031931533
2025-09-30 01:35:32,56.82754812730346,12.531396840765009,30.641055031931533
2025-09-30 01:36:18,56.82697392479298,12.543124809446937,30.629901265760083
2025-09-30 01:37:33,56.82697392479298,12.543124809446937,30.629901265760083
2025-09-30 01:38:51,56.82697392479298,12.543124809446937,30.629901265760083
2025-09-30 01:39:59,56.82697392479298,12.543124809446937,30.629901265760083
2025-09-30 01:40:22,56.82697392479298,12.543124809446937,30.629901265760083
2025-09-30 01:40:33,56.82697392479298,12.543124809446937,30.629901265760083
2025-09-30 01:41:19,56.82697392479298,12.543124809446937,30.629901265760083
2025-09-30 01:41:27,56.82697392479298,12.543124809446937,30.629901265760083
2025-09-30 01:42:34,56.82697392479298,12.543124809446937,30.629901265760083
2025-09-30 01:43:52,56.82697392479298,12.543124809446937,30.629901265760083
2025-09-30 01:45:01,56.82697392479298,12.543124809446937,30.629901265760083
2025-09-30 01:45:22,56.82697392479298,12.543124809446937,30.629901265760083
2025-09-30 01:45:34,56.82697392479298,12.543124809446937,30.629901265760083
2025-09-30 01:46:20,56.82069964382548,12.54070316975358,30.638597186420945
2025-09-30 01:46:28,56.82069964382548,12.54070316975358,30.638597186420945
2025-09-30 01:47:35,56.82069964382548,12.54070316975358,30.638597186420945
2025-09-30 01:48:53,56.82069964382548,12.54070316975358,30.638597186420945
2025-09-30 01:50:02,56.82069964382548,12.54070316975358,30.638597186420945
2025-09-30 01:50:24,56.82069964382548,12.54070316975358,30.638597186420945
2025-09-30 01:50:35,56.82069964382548,12.54070316975358,30.638597186420945
2025-09-30 01:51:21,56.82069964382548,12.54070316975358,30.638597186420945
2025-09-30 01:51:25,56.82069964382548,12.54070316975358,30.638597186420945
2025-09-30 01:51:29,56.82069964382548,12.54070316975358,30.638597186420945
2025-09-30 01:52:36,56.82069964382548,12.54070316975358,30.638597186420945
2025-09-30 01:53:18,56.82069964382548,12.54070316975358,30.638597186420945
2025-09-30 01:58:19,56.81137680469458,12.554430070083304,30.634193125222115
2025-09-30 02:01:44,56.81137680469458,12.554430070083304,30.634193125222115
2025-09-30 02:04:54,56.81137680469458,12.554430070083304,30.634193125222115
2025-09-30 02:06:45,56.80521959589864,12.55647825416647,30.63830214993489
2025-09-30 02:09:55,56.80521959589864,12.55647825416647,30.63830214993489
2025-09-30 02:11:46,56.80521959589864,12.55647825416647,30.63830214993489
2025-09-30 02:14:57,56.80521959589864,12.55647825416647,30.63830214993489
2025-09-30 02:16:37,56.75531207613773,12.585445197149722,30.65924272671254
2025-09-30 02:16:47,56.75531207613773,12.585445197149722,30.65924272671254
2025-09-30 02:19:59,56.75531207613773,12.585445197149722,30.65924272671254
2025-09-30 02:21:39,56.75531207613773,12.585445197149722,30.65924272671254
2025-09-30 02:21:49,56.75531207613773,12.585445197149722,30.65924272671254
2025-09-30 02:28:25,56.75894281364076,12.576483173377612,30.66457401298163
2025-09-30 02:30:05,56.75894281364076,12.576483173377612,30.66457401298163
2025-09-30 02:30:15,56.75894281364076,12.576483173377612,30.66457401298163
2025-09-30 02:33:26,56.75894281364076,12.576483173377612,30.66457401298163
2025-09-30 02:35:06,56.75894281364076,12.576483173377612,30.66457401298163
2025-09-30 02:35:16,56.75894281364076,12.576483173377612,30.66457401298163
2025-09-30 02:38:27,56.74033338165827,12.582224316435664,30.67744230190607
2025-09-30 02:40:07,56.74033338165827,12.582224316435664,30.67744230190607
2025-09-30 02:40:17,56.74033338165827,12.582224316435664,30.67744230190607
2025-09-30 02:43:28,56.74033338165827,12.582224316435664,30.67744230190607
2025-09-30 02:45:08,56.74033338165827,12.582224316435664,30.67744230190607
2025-09-30 02:45:19,56.74033338165827,12.582224316435664,30.67744230190607
2025-09-30 02:48:29,56.74945209620376,12.590580803488614,30.659967100307632
2025-09-30 02:50:09,56.74945209620376,12.590580803488614,30.659967100307632
2025-09-30 02:50:20,56.74945209620376,12.590580803488614,30.659967100307632
2025-09-30 02:53:30,56.74945209620376,12.590580803488614,30.659967100307632
2025-09-30 02:55:10,56.74945209620376,12.590580803488614,30.659967100307632
2025-09-30 02:55:21,56.74945209620376,12.590580803488614,30.659967100307632
2025-09-30 03:02:50,56.73949216209236,12.597504824126702,30.663003013780937
2025-09-30 03:04:30,56.73949216209236,12.597504824126702,30.663003013780937
2025-09-30 03:04:40,56.73949216209236,12.597504824126702,30.663003013780937
2025-09-30 03:07:51,56.71508157246589,12.595112682334989,30.689805745199127
2025-09-30 03:09:31,56.71508157246589,12.595112682334989,30.689805745199127
2025-09-30 03:09:41,56.71508157246589,12.595112682334989,30.689805745199127
2025-09-30 03:12:52,56.71508157246589,12.595112682334989,30.689805745199127
2025-09-30 03:14:32,56.71508157246589,12.595112682334989,30.689805745199127
2025-09-30 03:14:42,56.71508157246589,12.595112682334989,30.689805745199127
2025-09-30 03:17:53,56.70046945540863,12.587712145592292,30.71181839899908
2025-09-30 03:19:33,56.70046945540863,12.587712145592292,30.71181839899908
2025-09-30 03:19:43,56.70046945540863,12.587712145592292,30.71181839899908
2025-09-30 03:22:54,56.70046945540863,12.587712145592292,30.71181839899908
2025-09-30 03:24:34,56.70046945540863,12.587712145592292,30.71181839899908
2025-09-30 03:24:45,56.70046945540863,12.587712145592292,30.71181839899908
2025-09-30 03:27:55,56.68604000288896,12.591826019595617,30.722133977515423
2025-09-30 03:29:35,56.68604000288896,12.591826019595617,30.722133977515423
2025-09-30 03:29:46,56.68604000288896,12.591826019595617,30.722133977515423
2025-09-30 03:38:35,56.68628561244594,12.58988881586036,30.7238255716937
2025-09-30 03:40:12,56.68628561244594,12.58988881586036,30.7238255716937
2025-09-30 03:40:23,56.68628561244594,12.58988881586036,30.7238255716937
2025-09-30 03:43:37,56.68628561244594,12.58988881586036,30.7238255716937
2025-09-30 03:45:13,56.68628561244594,12.58988881586036,30.7238255716937
2025-09-30 03:45:24,56.68628561244594,12.58988881586036,30.7238255716937
2025-09-30 03:48:38,56.60866330811531,12.672031469418808,30.719305222465884
2025-09-30 03:50:14,56.60866330811531,12.672031469418808,30.719305222465884
2025-09-30 03:50:25,56.60866330811531,12.672031469418808,30.719305222465884
2025-09-30 03:53:39,56.60866330811531,12.672031469418808,30.719305222465884
2025-09-30 03:55:15,56.60866330811531,12.672031469418808,30.719305222465884
2025-09-30 03:55:26,56.60866330811531,12.672031469418808,30.719305222465884
2025-09-30 03:58:41,56.58401171729752,12.669274088055912,30.746714194646565
2025-09-30 04:00:16,56.58401171729752,12.669274088055912,30.746714194646565
2025-09-30 04:00:27,56.58401171729752,12.669274088055912,30.746714194646565
2025-09-30 04:03:42,56.58401171729752,12.669274088055912,30.746714194646565
2025-09-30 04:05:17,56.58401171729752,12.669274088055912,30.746714194646565
2025-09-30 04:05:28,56.58401171729752,12.669274088055912,30.746714194646565
2025-09-30 04:08:43,56.57765952775485,12.663526673291914,30.75881379895324
2025-09-30 04:15:55,56.5848393692285,12.66680144886472,30.74835918190677
2025-09-30 04:16:05,56.5848393692285,12.66680144886472,30.74835918190677
2025-09-30 04:19:20,56.5848393692285,12.66680144886472,30.74835918190677
2025-09-30 04:20:56,56.5848393692285,12.66680144886472,30.74835918190677
2025-09-30 04:21:06,56.5848393692285,12.66680144886472,30.74835918190677
2025-09-30 04:24:21,56.5848393692285,12.66680144886472,30.74835918190677
2025-09-30 04:25:57,56.57876554641873,12.664315452122535,30.756919001458733
2025-09-30 04:26:07,56.57876554641873,12.664315452122535,30.756919001458733
2025-09-30 04:29:22,56.57876554641873,12.664315452122535,30.756919001458733
2025-09-30 04:30:58,56.57876554641873,12.664315452122535,30.756919001458733
2025-09-30 04:31:08,56.57876554641873,12.664315452122535,30.756919001458733
2025-09-30 04:34:23,56.57876554641873,12.664315452122535,30.756919001458733
2025-09-30 04:35:59,56.56084304411534,12.671766377004568,30.767390578880097
2025-09-30 04:36:09,56.56084304411534,12.671766377004568,30.767390578880097
2025-09-30 04:39:24,56.56084304411534,12.671766377004568,30.767390578880097
2025-09-30 04:41:00,56.56084304411534,12.671766377004568,30.767390578880097
2025-09-30 04:41:10,56.56084304411534,12.671766377004568,30.767390578880097
2025-09-30 04:44:25,56.56084304411534,12.671766377004568,30.767390578880097
2025-09-30 04:46:01,56.56072260923592,12.67369390708418,30.765583483679904
2025-09-30 04:46:11,56.56072260923592,12.67369390708418,30.765583483679904
2025-09-30 21:41:53,56.873671570464666,12.563476983203396,30.56285144633194
2025-09-30 21:43:19,56.873671570464666,12.563476983203396,30.56285144633194
2025-09-30 21:44:56,56.873671570464666,12.563476983203396,30.56285144633194
2025-09-30 21:45:05,56.873671570464666,12.563476983203396,30.56285144633194
2025-09-30 21:46:55,56.873671570464666,12.563476983203396,30.56285144633194
2025-09-30 21:48:20,56.866081102143006,12.570803132752346,30.563115765104648
2025-09-30 21:49:56,56.866081102143006,12.570803132752346,30.563115765104648
2025-09-30 21:50:06,56.866081102143006,12.570803132752346,30.563115765104648
2025-09-30 21:51:56,56.866081102143006,12.570803132752346,30.563115765104648
2025-09-30 21:53:21,56.866081102143006,12.570803132752346,30.563115765104648
2025-09-30 21:54:58,56.866081102143006,12.570803132752346,30.563115765104648
2025-09-30 21:55:07,56.866081102143006,12.570803132752346,30.563115765104648
2025-09-30 21:56:58,56.866081102143006,12.570803132752346,30.563115765104648
2025-09-30 21:58:22,56.89912491768848,12.575372137119988,30.52550294519153
2025-09-30 21:59:59,56.89912491768848,12.575372137119988,30.52550294519153
2025-09-30 22:00:09,56.89912491768848,12.575372137119988,30.52550294519153
2025-09-30 22:01:59,56.89912491768848,12.575372137119988,30.52550294519153
2025-09-30 22:03:04,56.89912491768848,12.575372137119988,30.52550294519153
2025-09-30 22:03:23,56.89912491768848,12.575372137119988,30.52550294519153
2025-09-30 22:05:00,56.89912491768848,12.575372137119988,30.52550294519153
2025-09-30 22:05:10,56.89912491768848,12.575372137119988,30.52550294519153
2025-09-30 22:07:01,56.89912491768848,12.575372137119988,30.52550294519153
2025-09-30 22:07:22,56.89912491768848,12.575372137119988,30.52550294519153
2025-09-30 22:08:05,56.88610943989039,12.57651477579663,30.53737578431297
2025-09-30 22:08:25,56.88610943989039,12.57651477579663,30.53737578431297
2025-09-30 22:10:02,56.88610943989039,12.57651477579663,30.53737578431297
2025-09-30 22:10:11,56.88610943989039,12.57651477579663,30.53737578431297
2025-09-30 22:12:02,56.88610943989039,12.57651477579663,30.53737578431297
2025-09-30 22:12:23,56.88610943989039,12.57651477579663,30.53737578431297
2025-09-30 22:12:38,56.88610943989039,12.57651477579663,30.53737578431297
2025-09-30 22:13:06,56.88610943989039,12.57651477579663,30.53737578431297
2025-09-30 22:13:26,56.88610943989039,12.57651477579663,30.53737578431297
2025-09-30 22:15:03,56.88610943989039,12.57651477579663,30.53737578431297
2025-09-30 22:15:14,56.88610943989039,12.57651477579663,30.53737578431297
2025-09-30 22:15:33,56.88610943989039,12.57651477579663,30.53737578431297
2025-09-30 22:17:03,56.88610943989039,12.57651477579663,30.53737578431297
2025-09-30 22:17:24,56.88610943989039,12.57651477579663,30.53737578431297
2025-09-30 22:17:40,56.93438030052296,12.538855691905171,30.526764007571867
2025-09-30 22:18:08,56.93438030052296,12.538855691905171,30.526764007571867
2025-09-30 22:18:27,56.93438030052296,12.538855691905171,30.526764007571867
2025-09-30 22:20:06,56.93438030052296,12.538855691905171,30.526764007571867
2025-09-30 22:20:08,56.93438030052296,12.538855691905171,30.526764007571867
2025-09-30 22:20:15,56.93438030052296,12.538855691905171,30.526764007571867
2025-09-30 22:20:35,56.93438030052296,12.538855691905171,30.526764007571867
2025-09-30 22:22:04,56.93438030052296,12.538855691905171,30.526764007571867
2025-09-30 22:22:25,56.93438030052296,12.538855691905171,30.526764007571867
2025-09-30 22:22:41,56.93438030052296,12.538855691905171,30.526764007571867
2025-09-30 22:23:09,56.93438030052296,12.538855691905171,30.526764007571867
2025-09-30 22:23:29,56.93438030052296,12.538855691905171,30.526764007571867
2025-09-30 22:23:47,56.93438030052296,12.538855691905171,30.526764007571867
2025-09-30 22:25:09,56.93438030052296,12.538855691905171,30.526764007571867
2025-09-30 22:25:10,56.93438030052296,12.538855691905171,30.526764007571867
2025-09-30 22:25:18,56.93438030052296,12.538855691905171,30.526764007571867
2025-09-30 22:25:37,56.93438030052296,12.538855691905171,30.526764007571867
2025-09-30 22:25:48,56.93438030052296,12.538855691905171,30.526764007571867
2025-09-30 22:27:05,56.93438030052296,12.538855691905171,30.526764007571867
2025-09-30 22:27:27,56.93438030052296,12.538855691905171,30.526764007571867
2025-09-30 22:27:42,56.974269970024814,12.540475832936911,30.48525419703828
2025-09-30 22:28:10,56.974269970024814,12.540475832936911,30.48525419703828
2025-09-30 22:28:30,56.974269970024814,12.540475832936911,30.48525419703828
2025-09-30 22:28:38,56.974269970024814,12.540475832936911,30.48525419703828
2025-09-30 22:28:49,56.974269970024814,12.540475832936911,30.48525419703828
2025-09-30 22:30:10,56.974269970024814,12.540475832936911,30.48525419703828
2025-09-30 22:30:12,56.974269970024814,12.540475832936911,30.48525419703828
2025-09-30 22:30:20,56.974269970024814,12.540475832936911,30.48525419703828
2025-09-30 22:30:38,56.974269970024814,12.540475832936911,30.48525419703828
2025-09-30 22:30:50,56.974269970024814,12.540475832936911,30.48525419703828
2025-09-30 22:32:07,56.974269970024814,12.540475832936911,30.48525419703828
2025-09-30 22:32:28,56.974269970024814,12.540475832936911,30.48525419703828
2025-09-30 22:32:43,56.974269970024814,12.540475832936911,30.48525419703828
2025-09-30 22:33:12,56.974269970024814,12.540475832936911,30.48525419703828
2025-09-30 22:33:32,56.974269970024814,12.540475832936911,30.48525419703828
2025-09-30 22:33:40,56.974269970024814,12.540475832936911,30.48525419703828
2025-09-30 22:33:50,56.974269970024814,12.540475832936911,30.48525419703828
2025-09-30 22:35:11,56.974269970024814,12.540475832936911,30.48525419703828
2025-09-30 22:35:13,56.974269970024814,12.540475832936911,30.48525419703828
2025-09-30 22:35:21,56.974269970024814,12.540475832936911,30.48525419703828
2025-09-30 22:35:40,56.974269970024814,12.540475832936911,30.48525419703828
2025-09-30 22:35:51,56.974269970024814,12.540475832936911,30.48525419703828
2025-09-30 22:37:08,56.974269970024814,12.540475832936911,30.48525419703828
2025-09-30 22:37:29,56.974269970024814,12.540475832936911,30.48525419703828
2025-09-30 22:37:44,56.99365659521302,12.546543702930602,30.45979970185638
2025-09-30 22:38:13,56.99365659521302,12.546543702930602,30.45979970185638
2025-09-30 22:38:34,56.99365659521302,12.546543702930602,30.45979970185638
2025-09-30 22:38:43,56.99365659521302,12.546543702930602,30.45979970185638
2025-09-30 22:38:52,56.99365659521302,12.546543702930602,30.45979970185638
2025-09-30 22:40:13,56.99365659521302,12.546543702930602,30.45979970185638
2025-09-30 22:40:15,56.99365659521302,12.546543702930602,30.45979970185638
2025-09-30 22:40:24,56.99365659521302,12.546543702930602,30.45979970185638
2025-09-30 22:40:41,56.99365659521302,12.546543702930602,30.45979970185638
2025-09-30 22:40:54,56.99365659521302,12.546543702930602,30.45979970185638
2025-09-30 22:42:09,56.99365659521302,12.546543702930602,30.45979970185638
2025-09-30 22:42:30,56.99365659521302,12.546543702930602,30.45979970185638
2025-09-30 22:42:46,56.99365659521302,12.546543702930602,30.45979970185638
2025-09-30 22:43:15,56.99365659521302,12.546543702930602,30.45979970185638
2025-09-30 22:43:37,56.99365659521302,12.546543702930602,30.45979970185638
2025-09-30 22:43:45,56.99365659521302,12.546543702930602,30.45979970185638
2025-09-30 22:43:57,56.99365659521302,12.546543702930602,30.45979970185638
2025-09-30 22:45:15,56.99365659521302,12.546543702930602,30.45979970185638
2025-09-30 22:45:16,56.99365659521302,12.546543702930602,30.45979970185638
2025-09-30 22:45:26,56.99365659521302,12.546543702930602,30.45979970185638
2025-09-30 22:45:42,56.99365659521302,12.546543702930602,30.45979970185638
2025-09-30 22:45:56,56.99365659521302,12.546543702930602,30.45979970185638
2025-09-30 22:47:11,56.99365659521302,12.546543702930602,30.45979970185638
2025-09-30 22:47:31,56.99365659521302,12.546543702930602,30.45979970185638
2025-09-30 22:47:47,56.98497750559325,12.547923268522643,30.467099225884105
2025-09-30 22:48:16,56.98497750559325,12.547923268522643,30.467099225884105
2025-09-30 22:48:39,56.98497750559325,12.547923268522643,30.467099225884105
2025-09-30 22:48:46,56.98497750559325,12.547923268522643,30.467099225884105
2025-09-30 22:48:58,56.98497750559325,12.547923268522643,30.467099225884105
2025-09-30 22:50:16,56.98497750559325,12.547923268522643,30.467099225884105
2025-09-30 22:50:17,56.98497750559325,12.547923268522643,30.467099225884105
2025-09-30 22:50:27,56.98497750559325,12.547923268522643,30.467099225884105
2025-09-30 22:50:43,56.98497750559325,12.547923268522643,30.467099225884105
2025-09-30 22:50:58,56.98497750559325,12.547923268522643,30.467099225884105
2025-09-30 22:52:13,56.98497750559325,12.547923268522643,30.467099225884105
2025-09-30 22:52:33,56.98497750559325,12.547923268522643,30.467099225884105
2025-09-30 22:52:48,56.98497750559325,12.547923268522643,30.467099225884105
2025-09-30 22:53:18,56.98497750559325,12.547923268522643,30.467099225884105
2025-09-30 22:53:41,56.98497750559325,12.547923268522643,30.467099225884105
2025-09-30 22:53:50,56.98497750559325,12.547923268522643,30.467099225884105
2025-09-30 22:54:00,56.98497750559325,12.547923268522643,30.467099225884105
2025-09-30 22:55:18,56.98497750559325,12.547923268522643,30.467099225884105
2025-09-30 22:55:19,56.98497750559325,12.547923268522643,30.467099225884105
2025-09-30 22:55:29,56.98497750559325,12.547923268522643,30.467099225884105
2025-09-30 22:55:45,56.98497750559325,12.547923268522643,30.467099225884105
2025-09-30 22:56:01,56.98497750559325,12.547923268522643,30.467099225884105
2025-09-30 22:56:15,56.98497750559325,12.547923268522643,30.467099225884105
2025-09-30 22:57:15,56.98497750559325,12.547923268522643,30.467099225884105
2025-09-30 22:57:36,56.98497750559325,12.547923268522643,30.467099225884105
2025-09-30 22:57:53,56.97206025102568,12.560156335697922,30.4677834132764
2025-09-30 22:58:19,56.97206025102568,12.560156335697922,30.4677834132764
2025-09-30 22:58:43,56.97206025102568,12.560156335697922,30.4677834132764
2025-09-30 22:58:52,56.97206025102568,12.560156335697922,30.4677834132764
2025-09-30 22:59:01,56.97206025102568,12.560156335697922,30.4677834132764
2025-09-30 23:00:19,56.97206025102568,12.560156335697922,30.4677834132764
2025-09-30 23:00:20,56.97206025102568,12.560156335697922,30.4677834132764
2025-09-30 23:00:30,56.97206025102568,12.560156335697922,30.4677834132764
2025-09-30 23:00:49,56.97206025102568,12.560156335697922,30.4677834132764
2025-09-30 23:01:03,56.97206025102568,12.560156335697922,30.4677834132764
2025-09-30 23:01:17,56.97206025102568,12.560156335697922,30.4677834132764
2025-09-30 23:02:17,56.97206025102568,12.560156335697922,30.4677834132764
2025-09-30 23:02:38,56.97206025102568,12.560156335697922,30.4677834132764
2025-09-30 23:02:54,56.97206025102568,12.560156335697922,30.4677834132764
2025-09-30 23:03:20,56.97206025102568,12.560156335697922,30.4677834132764
2025-09-30 23:03:44,56.97206025102568,12.560156335697922,30.4677834132764
2025-09-30 23:03:53,56.97206025102568,12.560156335697922,30.4677834132764
2025-09-30 23:04:03,56.97206025102568,12.560156335697922,30.4677834132764
2025-09-30 23:05:20,56.97206025102568,12.560156335697922,30.4677834132764
2025-09-30 23:05:22,56.97206025102568,12.560156335697922,30.4677834132764
2025-09-30 23:05:32,56.97206025102568,12.560156335697922,30.4677834132764
2025-09-30 23:05:50,56.97206025102568,12.560156335697922,30.4677834132764
2025-09-30 23:06:04,56.97206025102568,12.560156335697922,30.4677834132764
2025-09-30 23:06:18,56.97206025102568,12.560156335697922,30.4677834132764
2025-09-30 23:07:19,56.97206025102568,12.560156335697922,30.4677834132764
2025-09-30 23:07:40,56.94311776433305,12.56231189162104,30.494570344045908
2025-09-30 23:07:55,56.94311776433305,12.56231189162104,30.494570344045908
2025-09-30 23:08:22,56.94311776433305,12.56231189162104,30.494570344045908
2025-09-30 23:08:46,56.94311776433305,12.56231189162104,30.494570344045908
2025-09-30 23:08:54,56.94311776433305,12.56231189162104,30.494570344045908
2025-09-30 23:09:05,56.94311776433305,12.56231189162104,30.494570344045908
2025-09-30 23:10:24,56.94311776433305,12.56231189162104,30.494570344045908
2025-09-30 23:10:26,56.94311776433305,12.56231189162104,30.494570344045908
2025-09-30 23:10:34,56.94311776433305,12.56231189162104,30.494570344045908
2025-09-30 23:10:52,56.94311776433305,12.56231189162104,30.494570344045908
2025-09-30 23:11:06,56.94311776433305,12.56231189162104,30.494570344045908
2025-09-30 23:11:20,56.94311776433305,12.56231189162104,30.494570344045908
2025-09-30 23:12:20,56.94311776433305,12.56231189162104,30.494570344045908
2025-09-30 23:12:41,56.94311776433305,12.56231189162104,30.494570344045908
2025-09-30 23:12:57,56.94311776433305,12.56231189162104,30.494570344045908
2025-09-30 23:13:23,56.94311776433305,12.56231189162104,30.494570344045908
2025-09-30 23:13:39,56.94311776433305,12.56231189162104,30.494570344045908
2025-09-30 23:13:48,56.94311776433305,12.56231189162104,30.494570344045908
2025-09-30 23:13:56,56.94311776433305,12.56231189162104,30.494570344045908
2025-09-30 23:14:08,56.94311776433305,12.56231189162104,30.494570344045908
2025-09-30 23:15:26,56.94311776433305,12.56231189162104,30.494570344045908
2025-09-30 23:15:27,56.94311776433305,12.56231189162104,30.494570344045908
2025-09-30 23:15:37,56.94311776433305,12.56231189162104,30.494570344045908
2025-09-30 23:15:57,56.94311776433305,12.56231189162104,30.494570344045908
2025-09-30 23:16:08,56.94311776433305,12.56231189162104,30.494570344045908
2025-09-30 23:16:21,56.94311776433305,12.56231189162104,30.494570344045908
2025-09-30 23:17:21,56.94311776433305,12.56231189162104,30.494570344045908
2025-09-30 23:17:42,56.95275727173679,12.555007407973026,30.492235320290188
2025-09-30 23:17:58,56.95275727173679,12.555007407973026,30.492235320290188
2025-09-30 23:18:24,56.95275727173679,12.555007407973026,30.492235320290188
2025-09-30 23:18:40,56.95275727173679,12.555007407973026,30.492235320290188
2025-09-30 23:18:49,56.95275727173679,12.555007407973026,30.492235320290188
2025-09-30 23:18:58,56.95275727173679,12.555007407973026,30.492235320290188
2025-09-30 23:19:11,56.95275727173679,12.555007407973026,30.492235320290188
2025-09-30 23:20:27,56.95275727173679,12.555007407973026,30.492235320290188
2025-09-30 23:20:28,56.95275727173679,12.555007407973026,30.492235320290188
2025-09-30 23:20:38,56.95275727173679,12.555007407973026,30.492235320290188
2025-09-30 23:20:53,56.95275727173679,12.555007407973026,30.492235320290188
2025-09-30 23:20:59,56.95275727173679,12.555007407973026,30.492235320290188
2025-09-30 23:21:12,56.95275727173679,12.555007407973026,30.492235320290188
2025-09-30 23:21:24,56.95275727173679,12.555007407973026,30.492235320290188
2025-09-30 23:22:22,56.95275727173679,12.555007407973026,30.492235320290188
2025-09-30 23:22:44,56.95275727173679,12.555007407973026,30.492235320290188
2025-09-30 23:23:00,56.95275727173679,12.555007407973026,30.492235320290188
2025-09-30 23:23:25,56.95275727173679,12.555007407973026,30.492235320290188
2025-09-30 23:23:41,56.95275727173679,12.555007407973026,30.492235320290188
2025-09-30 23:23:53,56.95275727173679,12.555007407973026,30.492235320290188
2025-09-30 23:23:59,56.95275727173679,12.555007407973026,30.492235320290188
2025-09-30 23:24:12,56.95275727173679,12.555007407973026,30.492235320290188
2025-09-30 23:25:28,56.95275727173679,12.555007407973026,30.492235320290188
2025-09-30 23:25:29,56.95275727173679,12.555007407973026,30.492235320290188
2025-09-30 23:25:40,56.95275727173679,12.555007407973026,30.492235320290188
2025-09-30 23:25:56,56.95275727173679,12.555007407973026,30.492235320290188
2025-09-30 23:26:00,56.95275727173679,12.555007407973026,30.492235320290188
2025-09-30 23:26:14,56.95275727173679,12.555007407973026,30.492235320290188
2025-09-30 23:26:28,56.95275727173679,12.555007407973026,30.492235320290188
2025-09-30 23:27:07,56.95275727173679,12.555007407973026,30.492235320290188
2025-09-30 23:27:25,56.95275727173679,12.555007407973026,30.492235320290188
2025-09-30 23:27:46,56.94438497424802,12.564504387025163,30.49111063872682
2025-09-30 23:28:03,56.94438497424802,12.564504387025163,30.49111063872682
2025-09-30 23:28:27,56.94438497424802,12.564504387025163,30.49111063872682
2025-09-30 23:28:43,56.94438497424802,12.564504387025163,30.49111063872682
2025-09-30 23:28:56,56.94438497424802,12.564504387025163,30.49111063872682
2025-09-30 23:29:01,56.94438497424802,12.564504387025163,30.49111063872682
2025-09-30 23:29:15,56.94438497424802,12.564504387025163,30.49111063872682
2025-09-30 23:30:30,56.94438497424802,12.564504387025163,30.49111063872682
2025-09-30 23:30:31,56.94438497424802,12.564504387025163,30.49111063872682
2025-09-30 23:30:41,56.94438497424802,12.564504387025163,30.49111063872682
2025-09-30 23:30:57,56.94438497424802,12.564504387025163,30.49111063872682
2025-09-30 23:31:03,56.94438497424802,12.564504387025163,30.49111063872682
2025-09-30 23:31:16,56.94438497424802,12.564504387025163,30.49111063872682
2025-09-30 23:31:30,56.94438497424802,12.564504387025163,30.49111063872682
2025-09-30 23:32:09,56.94438497424802,12.564504387025163,30.49111063872682
2025-09-30 23:32:28,56.94438497424802,12.564504387025163,30.49111063872682
2025-09-30 23:32:47,56.94438497424802,12.564504387025163,30.49111063872682
2025-09-30 23:33:04,56.94438497424802,12.564504387025163,30.49111063872682
2025-09-30 23:33:28,56.94438497424802,12.564504387025163,30.49111063872682
2025-09-30 23:33:43,56.94438497424802,12.564504387025163,30.49111063872682
2025-09-30 23:33:59,56.94438497424802,12.564504387025163,30.49111063872682
2025-09-30 23:34:02,56.94438497424802,12.564504387025163,30.49111063872682
2025-09-30 23:34:17,56.94438497424802,12.564504387025163,30.49111063872682
2025-09-30 23:35:31,56.94438497424802,12.564504387025163,30.49111063872682
2025-09-30 23:35:32,56.94438497424802,12.564504387025163,30.49111063872682
2025-09-30 23:35:43,56.94438497424802,12.564504387025163,30.49111063872682
2025-09-30 23:35:58,56.94438497424802,12.564504387025163,30.49111063872682
2025-09-30 23:36:04,56.94438497424802,12.564504387025163,30.49111063872682
2025-09-30 23:36:17,56.94438497424802,12.564504387025163,30.49111063872682
2025-09-30 23:36:31,56.94438497424802,12.564504387025163,30.49111063872682
2025-09-30 23:37:11,56.94438497424802,12.564504387025163,30.49111063872682
2025-09-30 23:37:29,56.94438497424802,12.564504387025163,30.49111063872682
2025-09-30 23:37:50,56.92222873392577,12.545002513952758,30.53276875212147
2025-09-30 23:38:06,56.92222873392577,12.545002513952758,30.53276875212147
2025-09-30 23:38:30,56.92222873392577,12.545002513952758,30.53276875212147
2025-09-30 23:38:45,56.92222873392577,12.545002513952758,30.53276875212147
2025-09-30 23:39:02,56.92222873392577,12.545002513952758,30.53276875212147
2025-09-30 23:39:05,56.92222873392577,12.545002513952758,30.53276875212147
2025-09-30 23:39:19,56.92222873392577,12.545002513952758,30.53276875212147
2025-09-30 23:40:33,56.92222873392577,12.545002513952758,30.53276875212147
2025-09-30 23:40:34,56.92222873392577,12.545002513952758,30.53276875212147
2025-09-30 23:40:46,56.92222873392577,12.545002513952758,30.53276875212147
2025-09-30 23:41:00,56.92222873392577,12.545002513952758,30.53276875212147
2025-09-30 23:41:06,56.92222873392577,12.545002513952758,30.53276875212147
2025-09-30 23:41:19,56.92222873392577,12.545002513952758,30.53276875212147
2025-09-30 23:41:32,56.92222873392577,12.545002513952758,30.53276875212147
2025-09-30 23:42:16,56.92222873392577,12.545002513952758,30.53276875212147
2025-09-30 23:42:33,56.92222873392577,12.545002513952758,30.53276875212147
2025-09-30 23:42:52,56.92222873392577,12.545002513952758,30.53276875212147
2025-09-30 23:43:07,56.92222873392577,12.545002513952758,30.53276875212147
2025-09-30 23:43:33,56.92222873392577,12.545002513952758,30.53276875212147
2025-09-30 23:43:47,56.92222873392577,12.545002513952758,30.53276875212147
2025-09-30 23:44:04,56.92222873392577,12.545002513952758,30.53276875212147
2025-09-30 23:44:06,56.92222873392577,12.545002513952758,30.53276875212147
2025-09-30 23:44:21,56.92222873392577,12.545002513952758,30.53276875212147
2025-09-30 23:45:34,56.92222873392577,12.545002513952758,30.53276875212147
2025-09-30 23:45:36,56.92222873392577,12.545002513952758,30.53276875212147
2025-09-30 23:45:47,56.92222873392577,12.545002513952758,30.53276875212147
2025-09-30 23:46:01,56.92222873392577,12.545002513952758,30.53276875212147
2025-09-30 23:46:07,56.92222873392577,12.545002513952758,30.53276875212147
2025-09-30 23:46:20,56.92222873392577,12.545002513952758,30.53276875212147
2025-09-30 23:46:33,56.92222873392577,12.545002513952758,30.53276875212147
2025-09-30 23:47:17,56.92222873392577,12.545002513952758,30.53276875212147
2025-09-30 23:47:35,56.92222873392577,12.545002513952758,30.53276875212147
2025-09-30 23:47:53,56.94116066953578,12.547527881210543,30.511311449253675
2025-09-30 23:48:08,56.94116066953578,12.547527881210543,30.511311449253675
2025-09-30 23:48:34,56.94116066953578,12.547527881210543,30.511311449253675
2025-09-30 23:48:48,56.94116066953578,12.547527881210543,30.511311449253675
2025-09-30 23:49:06,56.94116066953578,12.547527881210543,30.511311449253675
2025-09-30 23:49:08,56.94116066953578,12.547527881210543,30.511311449253675
2025-09-30 23:49:23,56.94116066953578,12.547527881210543,30.511311449253675
2025-09-30 23:50:37,56.94116066953578,12.547527881210543,30.511311449253675
2025-09-30 23:50:37,56.94116066953578,12.547527881210543,30.511311449253675
2025-09-30 23:50:49,56.94116066953578,12.547527881210543,30.511311449253675
2025-09-30 23:51:02,56.94116066953578,12.547527881210543,30.511311449253675
2025-09-30 23:51:09,56.94116066953578,12.547527881210543,30.511311449253675
2025-09-30 23:51:22,56.94116066953578,12.547527881210543,30.511311449253675
2025-09-30 23:51:35,56.94116066953578,12.547527881210543,30.511311449253675
2025-09-30 23:52:19,56.94116066953578,12.547527881210543,30.511311449253675
2025-09-30 23:52:36,56.94116066953578,12.547527881210543,30.511311449253675
2025-09-30 23:52:56,56.94116066953578,12.547527881210543,30.511311449253675
2025-09-30 23:53:10,56.94116066953578,12.547527881210543,30.511311449253675
2025-09-30 23:53:38,56.94116066953578,12.547527881210543,30.511311449253675
2025-09-30 23:53:50,56.94116066953578,12.547527881210543,30.511311449253675
2025-09-30 23:54:07,56.94116066953578,12.547527881210543,30.511311449253675
2025-09-30 23:54:10,56.94116066953578,12.547527881210543,30.511311449253675
2025-09-30 23:54:24,56.94116066953578,12.547527881210543,30.511311449253675
2025-09-30 23:55:39,56.94116066953578,12.547527881210543,30.511311449253675
2025-09-30 23:55:40,56.94116066953578,12.547527881210543,30.511311449253675
2025-09-30 23:55:50,56.94116066953578,12.547527881210543,30.511311449253675
2025-09-30 23:56:04,56.94116066953578,12.547527881210543,30.511311449253675
2025-09-30 23:56:12,56.94116066953578,12.547527881210543,30.511311449253675
2025-09-30 23:56:23,56.94116066953578,12.547527881210543,30.511311449253675
2025-09-30 23:56:36,56.94116066953578,12.547527881210543,30.511311449253675
2025-09-30 23:57:20,56.94116066953578,12.547527881210543,30.511311449253675
2025-09-30 23:57:38,56.94116066953578,12.547527881210543,30.511311449253675
2025-09-30 23:57:58,56.918340482361394,12.540340778342015,30.541318739296592
2025-09-30 23:58:13,56.918340482361394,12.540340778342015,30.541318739296592
2025-09-30 23:58:39,56.918340482361394,12.540340778342015,30.541318739296592
2025-09-30 23:58:51,56.918340482361394,12.540340778342015,30.541318739296592
2025-09-30 23:59:08,56.918340482361394,12.540340778342015,30.541318739296592
2025-09-30 23:59:12,56.918340482361394,12.540340778342015,30.541318739296592
2025-09-30 23:59:25,56.918340482361394,12.540340778342015,30.541318739296592
2025-10-01 00:00:41,56.918340482361394,12.540340778342015,30.541318739296592
2025-10-01 00:00:42,56.918340482361394,12.540340778342015,30.541318739296592
2025-10-01 00:00:52,56.918340482361394,12.540340778342015,30.541318739296592
2025-10-01 00:01:08,56.918340482361394,12.540340778342015,30.541318739296592
2025-10-01 00:01:16,56.918340482361394,12.540340778342015,30.541318739296592
2025-10-01 00:01:25,56.918340482361394,12.540340778342015,30.541318739296592
2025-10-01 00:01:38,56.918340482361394,12.540340778342015,30.541318739296592
2025-10-01 00:02:22,56.918340482361394,12.540340778342015,30.541318739296592
2025-10-01 00:02:39,56.918340482361394,12.540340778342015,30.541318739296592
2025-10-01 00:03:00,56.918340482361394,12.540340778342015,30.541318739296592
2025-10-01 00:03:15,56.918340482361394,12.540340778342015,30.541318739296592
2025-10-01 00:03:43,56.918340482361394,12.540340778342015,30.541318739296592
2025-10-01 00:03:53,56.918340482361394,12.540340778342015,30.541318739296592
2025-10-01 00:04:09,56.918340482361394,12.540340778342015,30.541318739296592
2025-10-01 00:04:13,56.918340482361394,12.540340778342015,30.541318739296592
2025-10-01 00:04:26,56.918340482361394,12.540340778342015,30.541318739296592
2025-10-01 00:05:42,56.918340482361394,12.540340778342015,30.541318739296592
2025-10-01 00:05:44,56.918340482361394,12.540340778342015,30.541318739296592
2025-10-01 00:05:54,56.918340482361394,12.540340778342015,30.541318739296592
2025-10-01 00:06:09,56.918340482361394,12.540340778342015,30.541318739296592
2025-10-01 00:06:18,56.918340482361394,12.540340778342015,30.541318739296592
2025-10-01 00:06:27,56.918340482361394,12.540340778342015,30.541318739296592
2025-10-01 00:06:39,56.918340482361394,12.540340778342015,30.541318739296592
2025-10-01 00:07:24,56.918340482361394,12.540340778342015,30.541318739296592
2025-10-01 00:07:41,56.918340482361394,12.540340778342015,30.541318739296592
2025-10-01 00:08:01,56.94499318702599,12.524369271202044,30.53063754177197
2025-10-01 00:08:17,56.94499318702599,12.524369271202044,30.53063754177197
2025-10-01 00:08:46,56.94499318702599,12.524369271202044,30.53063754177197
2025-10-01 00:08:56,56.94499318702599,12.524369271202044,30.53063754177197
2025-10-01 00:09:13,56.94499318702599,12.524369271202044,30.53063754177197
2025-10-01 00:09:17,56.94499318702599,12.524369271202044,30.53063754177197
2025-10-01 00:09:28,56.94499318702599,12.524369271202044,30.53063754177197
2025-10-01 00:10:44,56.94499318702599,12.524369271202044,30.53063754177197
2025-10-01 00:10:46,56.94499318702599,12.524369271202044,30.53063754177197
2025-10-01 00:10:55,56.94499318702599,12.524369271202044,30.53063754177197
2025-10-01 00:11:10,56.94499318702599,12.524369271202044,30.53063754177197
2025-10-01 00:11:19,56.94499318702599,12.524369271202044,30.53063754177197
2025-10-01 00:11:28,56.94499318702599,12.524369271202044,30.53063754177197
2025-10-01 00:11:41,56.94499318702599,12.524369271202044,30.53063754177197
2025-10-01 00:12:25,56.94499318702599,12.524369271202044,30.53063754177197
2025-10-01 00:12:42,56.94499318702599,12.524369271202044,30.53063754177197
2025-10-01 00:13:02,56.94499318702599,12.524369271202044,30.53063754177197
2025-10-01 00:13:19,56.94499318702599,12.524369271202044,30.53063754177197
2025-10-01 00:13:47,56.94499318702599,12.524369271202044,30.53063754177197
2025-10-01 00:13:58,56.94499318702599,12.524369271202044,30.53063754177197
2025-10-01 00:14:16,56.94499318702599,12.524369271202044,30.53063754177197
2025-10-01 00:14:22,56.94499318702599,12.524369271202044,30.53063754177197
2025-10-01 00:14:31,56.94499318702599,12.524369271202044,30.53063754177197
2025-10-01 00:15:45,56.94499318702599,12.524369271202044,30.53063754177197
2025-10-01 00:15:48,56.94499318702599,12.524369271202044,30.53063754177197
2025-10-01 00:15:56,56.94499318702599,12.524369271202044,30.53063754177197
2025-10-01 00:16:12,56.94499318702599,12.524369271202044,30.53063754177197
2025-10-01 00:16:21,56.94499318702599,12.524369271202044,30.53063754177197
2025-10-01 00:16:30,56.94499318702599,12.524369271202044,30.53063754177197
2025-10-01 00:16:45,56.94499318702599,12.524369271202044,30.53063754177197
2025-10-01 00:17:27,56.94499318702599,12.524369271202044,30.53063754177197
2025-10-01 00:17:43,56.94499318702599,12.524369271202044,30.53063754177197
2025-10-01 00:18:04,56.97122770174274,12.515264663755962,30.51350763450129
2025-10-01 00:18:20,56.97122770174274,12.515264663755962,30.51350763450129
2025-10-01 00:18:36,56.97122770174274,12.515264663755962,30.51350763450129
2025-10-01 00:18:51,56.97122770174274,12.515264663755962,30.51350763450129
2025-10-01 00:20:48,56.97122770174274,12.515264663755962,30.51350763450129
2025-10-01 00:20:51,56.97122770174274,12.515264663755962,30.51350763450129
2025-10-01 00:20:59,56.97122770174274,12.515264663755962,30.51350763450129
2025-10-01 00:21:15,56.97122770174274,12.515264663755962,30.51350763450129
2025-10-01 00:21:23,56.97122770174274,12.515264663755962,30.51350763450129
2025-10-01 00:21:33,56.97122770174274,12.515264663755962,30.51350763450129
2025-10-01 00:21:46,56.97122770174274,12.515264663755962,30.51350763450129
2025-10-01 00:22:27,56.97122770174274,12.515264663755962,30.51350763450129
2025-10-01 00:22:44,56.97122770174274,12.515264663755962,30.51350763450129
2025-10-01 00:23:05,56.97122770174274,12.515264663755962,30.51350763450129
2025-10-01 00:23:23,56.97122770174274,12.515264663755962,30.51350763450129
2025-10-01 00:23:37,56.97122770174274,12.515264663755962,30.51350763450129
2025-10-01 00:23:54,56.97122770174274,12.515264663755962,30.51350763450129
2025-10-01 00:24:02,56.97122770174274,12.515264663755962,30.51350763450129
2025-10-01 00:24:18,56.97122770174274,12.515264663755962,30.51350763450129
2025-10-01 00:24:25,56.97122770174274,12.515264663755962,30.51350763450129
2025-10-01 00:24:35,56.97122770174274,12.515264663755962,30.51350763450129
2025-10-01 00:25:36,56.97122770174274,12.515264663755962,30.51350763450129
2025-10-01 00:25:50,56.97122770174274,12.515264663755962,30.51350763450129
2025-10-01 00:25:52,56.97122770174274,12.515264663755962,30.51350763450129
2025-10-01 00:26:00,56.97122770174274,12.515264663755962,30.51350763450129
2025-10-01 00:26:17,56.97122770174274,12.515264663755962,30.51350763450129
2025-10-01 00:26:25,56.97122770174274,12.515264663755962,30.51350763450129
2025-10-01 00:26:35,56.97122770174274,12.515264663755962,30.51350763450129
2025-10-01 00:26:48,56.97122770174274,12.515264663755962,30.51350763450129
2025-10-01 00:27:29,56.97122770174274,12.515264663755962,30.51350763450129
2025-10-01 00:27:46,56.97122770174274,12.515264663755962,30.51350763450129
2025-10-01 00:28:06,56.987705094187405,12.508928386121998,30.5033665196906
2025-10-01 00:28:24,56.987705094187405,12.508928386121998,30.5033665196906
2025-10-01 00:28:39,56.987705094187405,12.508928386121998,30.5033665196906
2025-10-01 00:28:55,56.987705094187405,12.508928386121998,30.5033665196906
2025-10-01 00:29:03,56.987705094187405,12.508928386121998,30.5033665196906
2025-10-01 00:29:21,56.987705094187405,12.508928386121998,30.5033665196906
2025-10-01 00:29:26,56.987705094187405,12.508928386121998,30.5033665196906
2025-10-01 00:29:38,56.987705094187405,12.508928386121998,30.5033665196906
2025-10-01 00:30:37,56.987705094187405,12.508928386121998,30.5033665196906
2025-10-01 00:30:51,56.987705094187405,12.508928386121998,30.5033665196906
2025-10-01 00:30:53,56.987705094187405,12.508928386121998,30.5033665196906
2025-10-01 00:31:01,56.987705094187405,12.508928386121998,30.5033665196906
2025-10-01 00:31:20,56.987705094187405,12.508928386121998,30.5033665196906
2025-10-01 00:31:28,56.987705094187405,12.508928386121998,30.5033665196906
2025-10-01 00:31:36,56.987705094187405,12.508928386121998,30.5033665196906
2025-10-01 00:31:49,56.987705094187405,12.508928386121998,30.5033665196906
2025-10-01 00:32:31,56.987705094187405,12.508928386121998,30.5033665196906
2025-10-01 00:32:47,56.987705094187405,12.508928386121998,30.5033665196906
2025-10-01 00:33:07,56.987705094187405,12.508928386121998,30.5033665196906
2025-10-01 00:33:26,56.987705094187405,12.508928386121998,30.5033665196906
2025-10-01 00:33:41,56.987705094187405,12.508928386121998,30.5033665196906
2025-10-01 00:33:57,56.987705094187405,12.508928386121998,30.5033665196906
2025-10-01 00:34:05,56.987705094187405,12.508928386121998,30.5033665196906
2025-10-01 00:34:23,56.987705094187405,12.508928386121998,30.5033665196906
2025-10-01 00:34:28,56.987705094187405,12.508928386121998,30.5033665196906
2025-10-01 00:34:41,56.987705094187405,12.508928386121998,30.5033665196906
2025-10-01 00:35:42,56.987705094187405,12.508928386121998,30.5033665196906
2025-10-01 00:35:52,56.987705094187405,12.508928386121998,30.5033665196906
2025-10-01 00:35:55,56.987705094187405,12.508928386121998,30.5033665196906
2025-10-01 00:36:05,56.987705094187405,12.508928386121998,30.5033665196906
2025-10-01 00:36:22,56.987705094187405,12.508928386121998,30.5033665196906
2025-10-01 00:36:31,56.987705094187405,12.508928386121998,30.5033665196906
2025-10-01 00:36:39,56.987705094187405,12.508928386121998,30.5033665196906
2025-10-01 00:36:51,56.987705094187405,12.508928386121998,30.5033665196906
2025-10-01 00:37:34,56.987705094187405,12.508928386121998,30.5033665196906
2025-10-01 00:37:50,57.00898785273757,12.494315345119404,30.496696802143028
2025-10-01 00:38:09,57.00898785273757,12.494315345119404,30.496696802143028
2025-10-01 00:38:28,57.00898785273757,12.494315345119404,30.496696802143028
2025-10-01 00:38:42,57.00898785273757,12.494315345119404,30.496696802143028
2025-10-01 00:38:58,57.00898785273757,12.494315345119404,30.496696802143028
2025-10-01 00:39:07,57.00898785273757,12.494315345119404,30.496696802143028
2025-10-01 00:39:24,57.00898785273757,12.494315345119404,30.496696802143028
2025-10-01 00:39:29,57.00898785273757,12.494315345119404,30.496696802143028
2025-10-01 00:39:42,57.00898785273757,12.494315345119404,30.496696802143028
2025-10-01 00:40:46,57.00898785273757,12.494315345119404,30.496696802143028
2025-10-01 00:40:56,57.00898785273757,12.494315345119404,30.496696802143028
2025-10-01 00:40:58,57.00898785273757,12.494315345119404,30.496696802143028
2025-10-01 00:41:07,57.00898785273757,12.494315345119404,30.49
2025-10-04 17:38:09,56.94389016855055,12.696621345997237,30.35948848545221
2025-10-01 00:41:40,57.00898785273757,12.494315345119404,30.496696802143028
2025-10-01 00:41:54,57.00898785273757,12.494315345119404,30.496696802143028
2025-10-01 00:42:35,57.00898785273757,12.494315345119404,30.496696802143028
2025-10-01 00:42:52,57.00898785273757,12.494315345119404,30.496696802143028
2025-10-01 00:43:10,57.00898785273757,12.494315345119404,30.496696802143028
2025-10-01 00:43:30,57.00898785273757,12.494315345119404,30.496696802143028
2025-10-01 00:43:44,57.00898785273757,12.494315345119404,30.496696802143028
2025-10-01 00:43:59,57.00898785273757,12.494315345119404,30.496696802143028
2025-10-01 00:44:08,57.00898785273757,12.494315345119404,30.496696802143028
2025-10-01 00:44:27,57.00898785273757,12.494315345119404,30.496696802143028
2025-10-01 00:44:30,57.00898785273757,12.494315345119404,30.496696802143028
2025-10-01 00:44:44,57.00898785273757,12.494315345119404,30.496696802143028
2025-10-01 00:45:47,57.00898785273757,12.494315345119404,30.496696802143028
2025-10-01 00:45:58,57.00898785273757,12.494315345119404,30.496696802143028
2025-10-01 00:46:02,57.00898785273757,12.494315345119404,30.496696802143028
2025-10-01 00:46:10,57.00898785273757,12.494315345119404,30.496696802143028
2025-10-01 00:46:27,57.00898785273757,12.494315345119404,30.496696802143028
2025-10-01 00:46:39,57.00898785273757,12.494315345119404,30.496696802143028
2025-10-01 00:46:41,57.00898785273757,12.494315345119404,30.496696802143028
2025-10-01 00:48:11,57.0018963182961,12.48247524628608,30.515628435417824
2025-10-01 00:48:33,57.0018963182961,12.48247524628608,30.515628435417824
2025-10-01 00:48:47,57.0018963182961,12.48247524628608,30.515628435417824
2025-10-01 00:49:01,57.0018963182961,12.48247524628608,30.515628435417824
2025-10-01 00:49:09,57.0018963182961,12.48247524628608,30.515628435417824
2025-10-01 00:49:29,57.0018963182961,12.48247524628608,30.515628435417824
2025-10-01 00:49:31,57.0018963182961,12.48247524628608,30.515628435417824
2025-10-01 00:49:46,57.0018963182961,12.48247524628608,30.515628435417824
2025-10-01 00:50:50,57.0018963182961,12.48247524628608,30.515628435417824
2025-10-01 00:50:59,57.0018963182961,12.48247524628608,30.515628435417824
2025-10-01 00:51:04,57.0018963182961,12.48247524628608,30.515628435417824
2025-10-01 00:51:12,57.0018963182961,12.48247524628608,30.515628435417824
2025-10-01 00:51:32,57.0018963182961,12.48247524628608,30.515628435417824
2025-10-01 00:51:41,57.0018963182961,12.48247524628608,30.515628435417824
2025-10-01 00:51:43,57.0018963182961,12.48247524628608,30.515628435417824
2025-10-01 00:53:13,57.0018963182961,12.48247524628608,30.515628435417824
2025-10-01 00:53:35,57.0018963182961,12.48247524628608,30.515628435417824
2025-10-01 00:53:49,57.0018963182961,12.48247524628608,30.515628435417824
2025-10-01 00:54:03,57.0018963182961,12.48247524628608,30.515628435417824
2025-10-01 00:54:12,57.0018963182961,12.48247524628608,30.515628435417824
2025-10-01 00:54:30,57.0018963182961,12.48247524628608,30.515628435417824
2025-10-01 00:54:33,57.0018963182961,12.48247524628608,30.515628435417824
2025-10-01 00:54:47,57.0018963182961,12.48247524628608,30.515628435417824
2025-10-01 00:55:51,57.0018963182961,12.48247524628608,30.515628435417824
2025-10-01 00:56:00,57.0018963182961,12.48247524628608,30.515628435417824
2025-10-01 00:56:05,57.0018963182961,12.48247524628608,30.515628435417824
2025-10-01 00:56:13,57.0018963182961,12.48247524628608,30.515628435417824
2025-10-01 00:56:34,57.0018963182961,12.48247524628608,30.515628435417824
2025-10-01 00:56:46,57.0018963182961,12.48247524628608,30.515628435417824
2025-10-01 00:57:56,57.001472941819,12.492438178855055,30.50608887932595
2025-10-01 00:58:15,57.001472941819,12.492438178855055,30.50608887932595
2025-10-01 00:58:57,57.001472941819,12.492438178855055,30.50608887932595
2025-10-01 01:03:58,57.001472941819,12.492438178855055,30.50608887932595
2025-10-01 01:05:04,57.001472941819,12.492438178855055,30.50608887932595
2025-10-01 01:08:59,56.98215331746496,12.497285147096902,30.52056153543814
2025-10-01 01:10:05,56.98215331746496,12.497285147096902,30.52056153543814
2025-10-01 01:12:59,56.98215331746496,12.497285147096902,30.52056153543814
2025-10-01 01:14:01,56.98215331746496,12.497285147096902,30.52056153543814
2025-10-01 01:15:06,56.98215331746496,12.497285147096902,30.52056153543814
2025-10-01 01:18:00,56.989335066700605,12.497420236153909,30.51324469714549
2025-10-01 01:19:02,56.989335066700605,12.497420236153909,30.51324469714549
2025-10-01 01:20:07,56.989335066700605,12.497420236153909,30.51324469714549
2025-10-01 01:21:05,56.989335066700605,12.497420236153909,30.51324469714549
2025-10-01 01:23:02,56.989335066700605,12.497420236153909,30.51324469714549
2025-10-01 01:24:03,56.989335066700605,12.497420236153909,30.51324469714549
2025-10-01 01:25:09,56.989335066700605,12.497420236153909,30.51324469714549
2025-10-01 01:25:10,56.989335066700605,12.497420236153909,30.51324469714549
2025-10-01 01:26:07,56.989335066700605,12.497420236153909,30.51324469714549
2025-10-01 01:28:02,56.961815753791726,12.501784216065252,30.53640003014302
2025-10-01 01:29:05,56.961815753791726,12.501784216065252,30.53640003014302
2025-10-01 01:29:16,56.961815753791726,12.501784216065252,30.53640003014302
2025-10-01 01:34:18,56.961815753791726,12.501784216065252,30.53640003014302
2025-10-01 01:35:21,56.961815753791726,12.501784216065252,30.53640003014302
2025-10-01 01:39:19,56.96007787225844,12.496289670311938,30.543632457429624
2025-10-01 01:40:22,56.96007787225844,12.496289670311938,30.543632457429624
2025-10-01 01:44:20,56.96007787225844,12.496289670311938,30.543632457429624
2025-10-01 01:45:23,56.96007787225844,12.496289670311938,30.543632457429624
2025-10-01 01:49:21,56.97025467981421,12.49818198703388,30.531563333151908
2025-10-01 01:50:24,56.97025467981421,12.49818198703388,30.531563333151908
2025-10-01 01:54:22,56.97025467981421,12.49818198703388,30.531563333151908
2025-10-01 01:55:25,56.97025467981421,12.49818198703388,30.531563333151908
2025-10-01 02:14:12,56.997038703343605,12.4976167137217,30.505344582934697
2025-10-01 02:19:13,57.00775392588109,12.487514829164509,30.504731244954403
2025-10-01 02:24:14,57.00775392588109,12.487514829164509,30.504731244954403
2025-10-01 02:25:49,57.00775392588109,12.487514829164509,30.504731244954403
2025-10-01 02:29:15,57.00317726820655,12.49813433372148,30.49868839807197
2025-10-01 02:30:50,57.00317726820655,12.49813433372148,30.49868839807197
2025-10-01 02:34:17,57.00317726820655,12.49813433372148,30.49868839807197
2025-10-01 02:35:51,57.00317726820655,12.49813433372148,30.49868839807197
2025-10-01 02:39:18,57.01266941910069,12.50362579029663,30.48370479060268
2025-10-01 02:40:46,57.01266941910069,12.50362579029663,30.48370479060268
2025-10-01 02:44:33,57.01266941910069,12.50362579029663,30.48370479060268
2025-10-01 02:49:34,56.995352410584566,12.498450201299503,30.50619738811593
2025-10-01 02:57:33,56.995352410584566,12.498450201299503,30.50619738811593
2025-10-01 03:02:43,56.96995896356884,12.536190729743511,30.49385030668765
2025-10-01 03:07:44,56.96995896356884,12.536190729743511,30.49385030668765
2025-10-01 03:16:58,56.953125304699725,12.53734712632678,30.509527568973496
2025-10-01 03:21:59,56.93540463635777,12.54458235454413,30.520013009098104
2025-10-01 03:27:00,56.93540463635777,12.54458235454413,30.520013009098104
2025-10-01 03:32:01,56.94147762608686,12.557394987275996,30.501127386637144
2025-10-01 03:37:03,56.94147762608686,12.557394987275996,30.501127386637144
2025-10-01 03:42:04,56.92218852838455,12.557976918253672,30.51983455336177
2025-10-01 03:47:06,56.92218852838455,12.557976918253672,30.51983455336177
2025-10-01 03:47:08,56.92218852838455,12.557976918253672,30.51983455336177
2025-10-01 03:51:57,56.91602569584517,12.559893852710536,30.52408045144429
2025-10-01 03:51:57,56.91602569584517,12.559893852710536,30.52408045144429
2025-10-01 03:57:13,56.91602569584517,12.559893852710536,30.52408045144429
2025-10-01 03:59:37,56.88613924173692,12.600718473242702,30.51314228502038
2025-10-01 04:02:21,56.88613924173692,12.600718473242702,30.51314228502038
2025-10-01 04:04:42,56.88613924173692,12.600718473242702,30.51314228502038
2025-10-01 04:07:57,56.88613924173692,12.600718473242702,30.51314228502038
2025-10-01 04:12:58,56.88947674099386,12.60457532458457,30.505947934421567
2025-10-01 04:14:33,56.88947674099386,12.60457532458457,30.505947934421567
2025-10-01 04:16:35,56.88947674099386,12.60457532458457,30.505947934421567
2025-10-01 04:21:36,56.86694834261943,12.595688293379578,30.537363364000992
2025-10-01 04:23:25,56.86694834261943,12.595688293379578,30.537363364000992
2025-10-01 04:30:21,56.86856794826838,12.59225889423072,30.5391731575009
2025-10-01 04:32:29,56.86856794826838,12.59225889423072,30.5391731575009
2025-10-01 04:36:46,56.86856794826838,12.59225889423072,30.5391731575009
2025-10-01 04:37:31,56.86856794826838,12.59225889423072,30.5391731575009
2025-10-01 04:43:29,56.87865604994858,12.570042085613606,30.55130186443781
2025-10-01 04:44:12,56.87865604994858,12.570042085613606,30.55130186443781
2025-10-01 04:48:31,56.89927381554507,12.566440757708875,30.53428542674605
2025-10-01 04:49:14,56.89927381554507,12.566440757708875,30.53428542674605
2025-10-01 04:53:32,56.89927381554507,12.566440757708875,30.53428542674605
2025-10-01 04:54:16,56.89927381554507,12.566440757708875,30.53428542674605
2025-10-01 04:58:34,56.88682483315023,12.565115398308832,30.54805976854093
2025-10-01 04:59:17,56.88682483315023,12.565115398308832,30.54805976854093
2025-10-01 05:03:35,56.88682483315023,12.565115398308832,30.54805976854093
2025-10-01 05:04:18,56.88682483315023,12.565115398308832,30.54805976854093
2025-10-01 05:08:36,56.89964149374603,12.56028347687963,30.54007502937434
2025-10-01 05:09:19,56.89964149374603,12.56028347687963,30.54007502937434
2025-10-01 05:13:37,56.89964149374603,12.56028347687963,30.54007502937434
2025-10-01 19:21:23,56.79296028067179,12.66155351767962,30.545486201648583
2025-10-01 19:25:39,56.79296028067179,12.66155351767962,30.545486201648583
2025-10-01 19:26:24,56.79296028067179,12.66155351767962,30.545486201648583
2025-10-01 19:30:40,56.78702909304175,12.677498366504189,30.53547254045406
2025-10-01 19:31:25,56.78702909304175,12.677498366504189,30.53547254045406
2025-10-01 19:35:41,56.78702909304175,12.677498366504189,30.53547254045406
2025-10-01 19:36:26,56.78702909304175,12.677498366504189,30.53547254045406
2025-10-01 19:40:42,56.75260213792491,12.677566421401654,30.56983144067344
2025-10-01 19:41:27,56.75260213792491,12.677566421401654,30.56983144067344
2025-10-01 19:45:43,56.75260213792491,12.677566421401654,30.56983144067344
2025-10-01 19:46:29,56.75260213792491,12.677566421401654,30.56983144067344
2025-10-01 21:02:56,56.78361731753444,12.658861883394565,30.557520799071
2025-10-01 21:04:06,56.78361731753444,12.658861883394565,30.557520799071
2025-10-01 21:04:52,56.78361731753444,12.658861883394565,30.557520799071
2025-10-01 21:08:48,56.78361731753444,12.658861883394565,30.557520799071
2025-10-01 21:09:54,56.82026888329611,12.666873532588502,30.512857584115388
2025-10-01 21:13:50,56.82026888329611,12.666873532588502,30.512857584115388
2025-10-01 21:14:57,56.82026888329611,12.666873532588502,30.512857584115388
2025-10-01 21:18:51,56.82026888329611,12.666873532588502,30.512857584115388
2025-10-01 21:19:59,56.84415589026436,12.64250099132763,30.51334311840801
2025-10-01 21:23:07,56.84415589026436,12.64250099132763,30.51334311840801
2025-10-01 21:23:49,56.84415589026436,12.64250099132763,30.51334311840801
2025-10-01 21:23:52,56.84415589026436,12.64250099132763,30.51334311840801
2025-10-01 21:25:02,56.84415589026436,12.64250099132763,30.51334311840801
2025-10-01 21:28:50,56.84415589026436,12.64250099132763,30.51334311840801
2025-10-01 21:28:54,56.84415589026436,12.64250099132763,30.51334311840801
2025-10-01 21:30:04,56.8181182252708,12.660345956204877,30.52153581852433
2025-10-01 21:32:07,56.8181182252708,12.660345956204877,30.52153581852433
2025-10-01 21:35:06,56.8181182252708,12.660345956204877,30.52153581852433
2025-10-01 21:37:08,56.8181182252708,12.660345956204877,30.52153581852433
2025-10-01 21:40:07,56.79111295872215,12.70157819021833,30.507308851059527
2025-10-01 21:42:10,56.79111295872215,12.70157819021833,30.507308851059527
2025-10-01 21:45:08,56.79111295872215,12.70157819021833,30.507308851059527
2025-10-01 21:47:13,56.79111295872215,12.70157819021833,30.507308851059527
2025-10-01 21:50:09,56.802008564039205,12.694840961153488,30.503150474807303
2025-10-01 21:52:14,56.802008564039205,12.694840961153488,30.503150474807303
2025-10-01 21:52:27,56.802008564039205,12.694840961153488,30.503150474807303
2025-10-01 21:55:10,56.802008564039205,12.694840961153488,30.503150474807303
2025-10-01 21:57:15,56.802008564039205,12.694840961153488,30.503150474807303
2025-10-01 21:57:30,56.802008564039205,12.694840961153488,30.503150474807303
2025-10-01 22:00:12,56.83450205143316,12.695306983384572,30.470190965182272
2025-10-01 22:02:16,56.83450205143316,12.695306983384572,30.470190965182272
2025-10-01 22:02:34,56.83450205143316,12.695306983384572,30.470190965182272
2025-10-01 22:05:13,56.83450205143316,12.695306983384572,30.470190965182272
2025-10-01 22:07:18,56.83450205143316,12.695306983384572,30.470190965182272
2025-10-01 22:07:35,56.83450205143316,12.695306983384572,30.470190965182272
2025-10-01 22:10:15,56.83204034858377,12.69987467481802,30.468084976598213
2025-10-01 22:12:19,56.83204034858377,12.69987467481802,30.468084976598213
2025-10-01 22:12:37,56.83204034858377,12.69987467481802,30.468084976598213
2025-10-01 22:15:19,56.83204034858377,12.69987467481802,30.468084976598213
2025-10-01 22:17:20,56.83204034858377,12.69987467481802,30.468084976598213
2025-10-01 22:17:38,56.83204034858377,12.69987467481802,30.468084976598213
2025-10-01 22:17:43,56.83204034858377,12.69987467481802,30.468084976598213
2025-10-01 22:20:23,56.84705325023855,12.685183996229044,30.467762753532405
2025-10-01 22:22:21,56.84705325023855,12.685183996229044,30.467762753532405
2025-10-01 22:22:39,56.84705325023855,12.685183996229044,30.467762753532405
2025-10-01 22:22:44,56.84705325023855,12.685183996229044,30.467762753532405
2025-10-01 22:25:25,56.84705325023855,12.685183996229044,30.467762753532405
2025-10-01 22:26:14,56.84705325023855,12.685183996229044,30.467762753532405
2025-10-01 22:27:25,56.84705325023855,12.685183996229044,30.467762753532405
2025-10-01 22:27:41,56.84705325023855,12.685183996229044,30.467762753532405
2025-10-01 22:27:46,56.84705325023855,12.685183996229044,30.467762753532405
2025-10-01 22:30:27,56.83095814534848,12.706366533019226,30.462675321632297
2025-10-01 22:31:18,56.83095814534848,12.706366533019226,30.462675321632297
2025-10-01 22:35:29,56.83095814534848,12.706366533019226,30.462675321632297
2025-10-01 22:35:35,56.83095814534848,12.706366533019226,30.462675321632297
2025-10-01 22:40:30,56.835869469703226,12.706672754311237,30.45745777598554
2025-10-01 22:40:36,56.835869469703226,12.706672754311237,30.45745777598554
2025-10-01 22:45:32,56.835869469703226,12.706672754311237,30.45745777598554
2025-10-01 22:50:34,56.82134857241452,12.700554453724065,30.47809697386141
2025-10-01 22:55:36,56.82134857241452,12.700554453724065,30.47809697386141
2025-10-01 22:57:28,56.82134857241452,12.700554453724065,30.47809697386141
2025-10-01 22:58:27,56.82134857241452,12.700554453724065,30.47809697386141
2025-10-01 23:00:38,56.838434300078575,12.690738054868303,30.47082764505312
2025-10-01 23:05:39,56.838434300078575,12.690738054868303,30.47082764505312
2025-10-01 23:07:31,56.838434300078575,12.690738054868303,30.47082764505312
2025-10-01 23:10:40,56.850952013762864,12.685515275200537,30.4635327110366
2025-10-01 23:15:41,56.850952013762864,12.685515275200537,30.4635327110366
2025-10-01 23:20:14,56.87736861626698,12.69005026233737,30.43258112139565
2025-10-01 23:20:42,56.87736861626698,12.69005026233737,30.43258112139565
2025-10-01 23:25:43,56.87736861626698,12.69005026233737,30.43258112139565
2025-10-01 23:30:44,56.88770811055808,12.680970962734085,30.43132092670784
2025-10-01 23:31:00,56.88770811055808,12.680970962734085,30.43132092670784
2025-10-01 23:35:45,56.88770811055808,12.680970962734085,30.43132092670784
2025-10-01 23:39:28,56.88770811055808,12.680970962734085,30.43132092670784
2025-10-01 23:40:46,56.926007751349886,12.662848549304728,30.411143699345388
2025-10-01 23:41:42,56.926007751349886,12.662848549304728,30.411143699345388
2025-10-01 23:43:32,56.926007751349886,12.662848549304728,30.411143699345388
2025-10-01 23:45:48,56.926007751349886,12.662848549304728,30.411143699345388
2025-10-01 23:45:51,56.926007751349886,12.662848549304728,30.411143699345388
2025-10-01 23:47:23,56.926007751349886,12.662848549304728,30.411143699345388
2025-10-01 23:48:22,56.926007751349886,12.662848549304728,30.411143699345388
2025-10-01 23:48:33,56.926007751349886,12.662848549304728,30.411143699345388
2025-10-01 23:50:49,56.912531820564325,12.675323068581262,30.41214511085441
2025-10-01 23:50:52,56.912531820564325,12.675323068581262,30.41214511085441
2025-10-01 23:52:25,56.912531820564325,12.675323068581262,30.41214511085441
2025-10-01 23:53:23,56.912531820564325,12.675323068581262,30.41214511085441
2025-10-01 23:53:34,56.912531820564325,12.675323068581262,30.41214511085441
2025-10-01 23:55:50,56.912531820564325,12.675323068581262,30.41214511085441
2025-10-01 23:55:53,56.912531820564325,12.675323068581262,30.41214511085441
2025-10-01 23:57:26,56.912531820564325,12.675323068581262,30.41214511085441
2025-10-01 23:58:25,56.912531820564325,12.675323068581262,30.41214511085441
2025-10-01 23:58:36,56.912531820564325,12.675323068581262,30.41214511085441
2025-10-02 00:00:52,56.90814567068312,12.66288530681965,30.42896902249723
2025-10-02 00:00:54,56.90814567068312,12.66288530681965,30.42896902249723
2025-10-02 00:05:10,56.90814567068312,12.66288530681965,30.42896902249723
2025-10-02 00:10:11,56.87817569471781,12.684475713862335,30.43734859141985
2025-10-02 00:15:13,56.87817569471781,12.684475713862335,30.43734859141985
2025-10-02 00:20:14,56.8620767045381,12.673237302166337,30.464685993295568
2025-10-02 00:25:15,56.8620767045381,12.673237302166337,30.464685993295568
2025-10-02 00:30:17,56.86732641596972,12.670451932004829,30.46222165202545
2025-10-02 00:35:18,56.86732641596972,12.670451932004829,30.46222165202545
2025-10-02 00:36:18,56.86732641596972,12.670451932004829,30.46222165202545
2025-10-02 00:40:19,56.86126043634842,12.653832783398135,30.48490678025344
2025-10-02 00:41:20,56.86126043634842,12.653832783398135,30.48490678025344
2025-10-02 00:45:20,56.86126043634842,12.653832783398135,30.48490678025344
2025-10-02 00:46:21,56.86126043634842,12.653832783398135,30.48490678025344
2025-10-02 00:50:23,56.82546763106075,12.652307352361698,30.52222501657756
2025-10-02 00:51:22,56.82546763106075,12.652307352361698,30.52222501657756
2025-10-02 00:54:34,56.82546763106075,12.652307352361698,30.52222501657756
2025-10-02 00:55:24,56.82546763106075,12.652307352361698,30.52222501657756
2025-10-02 00:56:23,56.82546763106075,12.652307352361698,30.52222501657756
2025-10-02 00:59:35,56.82546763106075,12.652307352361698,30.52222501657756
2025-10-02 01:00:26,56.81636006199943,12.646712917434094,30.53692702056648
2025-10-02 01:01:25,56.81636006199943,12.646712917434094,30.53692702056648
2025-10-02 01:04:38,56.81636006199943,12.646712917434094,30.53692702056648
2025-10-02 01:05:27,56.81636006199943,12.646712917434094,30.53692702056648
2025-10-02 01:06:26,56.81636006199943,12.646712917434094,30.53692702056648
2025-10-02 01:09:40,56.81636006199943,12.646712917434094,30.53692702056648
2025-10-02 01:10:28,56.816671492885526,12.655747310164218,30.52758119695026
2025-10-02 01:11:27,56.816671492885526,12.655747310164218,30.52758119695026
2025-10-02 01:14:42,56.816671492885526,12.655747310164218,30.52758119695026
2025-10-02 01:15:29,56.816671492885526,12.655747310164218,30.52758119695026
2025-10-02 01:16:28,56.816671492885526,12.655747310164218,30.52758119695026
2025-10-02 01:19:43,56.816671492885526,12.655747310164218,30.52758119695026
2025-10-02 01:20:31,56.80711904794378,12.666096237971429,30.5267847140848
2025-10-02 01:21:29,56.80711904794378,12.666096237971429,30.5267847140848
2025-10-02 01:22:23,56.80711904794378,12.666096237971429,30.5267847140848
2025-10-02 01:24:45,56.80711904794378,12.666096237971429,30.5267847140848
2025-10-02 01:25:32,56.80711904794378,12.666096237971429,30.5267847140848
2025-10-02 01:26:30,56.80711904794378,12.666096237971429,30.5267847140848
2025-10-02 01:27:26,56.80711904794378,12.666096237971429,30.5267847140848
2025-10-02 01:29:46,56.80711904794378,12.666096237971429,30.5267847140848
2025-10-02 01:30:33,56.80371013687374,12.66076433065592,30.53552553247034
2025-10-02 01:31:31,56.80371013687374,12.66076433065592,30.53552553247034
2025-10-02 01:32:27,56.80371013687374,12.66076433065592,30.53552553247034
2025-10-02 01:34:47,56.80371013687374,12.66076433065592,30.53552553247034
2025-10-02 01:35:36,56.80371013687374,12.66076433065592,30.53552553247034
2025-10-02 01:36:32,56.80371013687374,12.66076433065592,30.53552553247034
2025-10-02 01:37:28,56.80371013687374,12.66076433065592,30.53552553247034
2025-10-02 01:39:49,56.80371013687374,12.66076433065592,30.53552553247034
2025-10-02 01:40:39,56.79098828666709,12.662914012475218,30.546097700857693
2025-10-02 01:40:48,56.79098828666709,12.662914012475218,30.546097700857693
2025-10-02 01:41:35,56.79098828666709,12.662914012475218,30.546097700857693
2025-10-02 01:42:30,56.79098828666709,12.662914012475218,30.546097700857693
2025-10-02 01:43:41,56.79098828666709,12.662914012475218,30.546097700857693
2025-10-02 01:44:51,56.79098828666709,12.662914012475218,30.546097700857693
2025-10-02 01:45:41,56.79098828666709,12.662914012475218,30.546097700857693
2025-10-02 01:45:50,56.79098828666709,12.662914012475218,30.546097700857693
2025-10-02 01:46:20,56.79098828666709,12.662914012475218,30.546097700857693
2025-10-02 01:46:36,56.79098828666709,12.662914012475218,30.546097700857693
2025-10-02 01:46:49,56.79098828666709,12.662914012475218,30.546097700857693
2025-10-02 01:51:51,56.7848304085558,12.655165508216374,30.560004083227827
2025-10-02 01:53:58,56.7848304085558,12.655165508216374,30.560004083227827
2025-10-02 01:55:25,56.7848304085558,12.655165508216374,30.560004083227827
2025-10-02 01:56:52,56.7848304085558,12.655165508216374,30.560004083227827
2025-10-02 01:58:12,56.7848304085558,12.655165508216374,30.560004083227827
2025-10-02 01:58:59,56.7848304085558,12.655165508216374,30.560004083227827
2025-10-02 02:00:27,56.80280853569767,12.64961599173694,30.547575472565388
2025-10-02 02:00:42,56.80280853569767,12.64961599173694,30.547575472565388
2025-10-02 02:01:53,56.80280853569767,12.64961599173694,30.547575472565388
2025-10-02 02:02:32,56.80280853569767,12.64961599173694,30.547575472565388
2025-10-02 02:03:13,56.80280853569767,12.64961599173694,30.547575472565388
2025-10-02 02:04:01,56.80280853569767,12.64961599173694,30.547575472565388
2025-10-02 02:05:28,56.80280853569767,12.64961599173694,30.547575472565388
2025-10-02 02:05:44,56.80280853569767,12.64961599173694,30.547575472565388
2025-10-02 02:06:56,56.80280853569767,12.64961599173694,30.547575472565388
2025-10-02 02:07:33,56.80280853569767,12.64961599173694,30.547575472565388
2025-10-02 02:08:15,56.80280853569767,12.64961599173694,30.547575472565388
2025-10-02 02:09:02,56.80280853569767,12.64961599173694,30.547575472565388
2025-10-02 02:10:29,56.81779850374616,12.645190127243794,30.537011369010045
2025-10-02 02:10:45,56.81779850374616,12.645190127243794,30.537011369010045
2025-10-02 02:11:57,56.81779850374616,12.645190127243794,30.537011369010045
2025-10-02 02:12:36,56.81779850374616,12.645190127243794,30.537011369010045
2025-10-02 02:13:17,56.81779850374616,12.645190127243794,30.537011369010045
2025-10-02 02:14:04,56.81779850374616,12.645190127243794,30.537011369010045
2025-10-02 02:15:21,56.81779850374616,12.645190127243794,30.537011369010045
2025-10-02 02:15:31,56.81779850374616,12.645190127243794,30.537011369010045
2025-10-02 02:15:47,56.81779850374616,12.645190127243794,30.537011369010045
2025-10-02 02:16:59,56.81779850374616,12.645190127243794,30.537011369010045
2025-10-02 02:17:38,56.81779850374616,12.645190127243794,30.537011369010045
2025-10-02 02:18:19,56.81779850374616,12.645190127243794,30.537011369010045
2025-10-02 02:19:05,56.81779850374616,12.645190127243794,30.537011369010045
2025-10-02 02:20:23,56.813589110643726,12.650744974499192,30.535665914857084
2025-10-02 02:20:32,56.813589110643726,12.650744974499192,30.535665914857084
2025-10-02 02:20:48,56.813589110643726,12.650744974499192,30.535665914857084
2025-10-02 02:22:01,56.813589110643726,12.650744974499192,30.535665914857084
2025-10-02 02:22:40,56.813589110643726,12.650744974499192,30.535665914857084
2025-10-02 02:23:20,56.813589110643726,12.650744974499192,30.535665914857084
2025-10-02 02:24:09,56.813589110643726,12.650744974499192,30.535665914857084
2025-10-02 02:25:26,56.813589110643726,12.650744974499192,30.535665914857084
2025-10-02 02:25:33,56.813589110643726,12.650744974499192,30.535665914857084
2025-10-02 02:25:50,56.813589110643726,12.650744974499192,30.535665914857084
2025-10-02 02:27:03,56.813589110643726,12.650744974499192,30.535665914857084
2025-10-02 02:27:42,56.813589110643726,12.650744974499192,30.535665914857084
2025-10-02 02:28:21,56.813589110643726,12.650744974499192,30.535665914857084
2025-10-02 02:29:11,56.813589110643726,12.650744974499192,30.535665914857084
2025-10-02 02:30:27,56.78193530562028,12.670906151180311,30.54715854319941
2025-10-02 02:30:35,56.78193530562028,12.670906151180311,30.54715854319941
2025-10-02 02:30:52,56.78193530562028,12.670906151180311,30.54715854319941
2025-10-02 02:32:04,56.78193530562028,12.670906151180311,30.54715854319941
2025-10-02 02:32:43,56.78193530562028,12.670906151180311,30.54715854319941
2025-10-02 02:33:23,56.78193530562028,12.670906151180311,30.54715854319941
2025-10-02 02:34:12,56.78193530562028,12.670906151180311,30.54715854319941
2025-10-02 02:35:28,56.78193530562028,12.670906151180311,30.54715854319941
2025-10-02 02:35:37,56.78193530562028,12.670906151180311,30.54715854319941
2025-10-02 02:35:53,56.78193530562028,12.670906151180311,30.54715854319941
2025-10-02 02:37:05,56.78193530562028,12.670906151180311,30.54715854319941
2025-10-02 02:37:45,56.78193530562028,12.670906151180311,30.54715854319941
2025-10-02 02:38:25,56.78193530562028,12.670906151180311,30.54715854319941
2025-10-02 02:39:13,56.78193530562028,12.670906151180311,30.54715854319941
2025-10-02 02:40:29,56.77786849823024,12.6643744508276,30.55775705094216
2025-10-02 02:40:39,56.77786849823024,12.6643744508276,30.55775705094216
2025-10-02 02:40:54,56.77786849823024,12.6643744508276,30.55775705094216
2025-10-02 02:42:07,56.77786849823024,12.6643744508276,30.55775705094216
2025-10-02 02:42:47,56.77786849823024,12.6643744508276,30.55775705094216
2025-10-02 02:43:27,56.77786849823024,12.6643744508276,30.55775705094216
2025-10-02 02:44:15,56.77786849823024,12.6643744508276,30.55775705094216
2025-10-02 02:45:30,56.77786849823024,12.6643744508276,30.55775705094216
2025-10-02 02:45:40,56.77786849823024,12.6643744508276,30.55775705094216
2025-10-02 02:45:56,56.77786849823024,12.6643744508276,30.55775705094216
2025-10-02 02:47:08,56.77786849823024,12.6643744508276,30.55775705094216
2025-10-02 02:47:48,56.77786849823024,12.6643744508276,30.55775705094216
2025-10-02 02:48:12,56.77786849823024,12.6643744508276,30.55775705094216
2025-10-02 02:53:13,56.79246510869277,12.675583964360266,30.53195092694697
2025-10-02 02:58:15,56.79246510869277,12.675583964360266,30.53195092694697
2025-10-02 03:03:16,56.753428525675766,12.684909739514476,30.56166173480976
2025-10-02 03:08:17,56.753428525675766,12.684909739514476,30.56166173480976
2025-10-02 03:13:20,56.76768243244531,12.68402973534904,30.54828783220565
2025-10-02 03:16:00,56.76768243244531,12.68402973534904,30.54828783220565
2025-10-02 03:18:22,56.76768243244531,12.68402973534904,30.54828783220565
2025-10-02 03:19:58,56.76768243244531,12.68402973534904,30.54828783220565
2025-10-02 03:25:00,56.758091947782816,12.69536975663221,30.546538295584973
2025-10-02 03:25:00,56.758091947782816,12.69536975663221,30.546538295584973
2025-10-02 03:30:02,56.758091947782816,12.69536975663221,30.546538295584973
2025-10-02 03:30:02,56.758091947782816,12.69536975663221,30.546538295584973
2025-10-02 03:35:03,56.78292328221155,12.677154606771316,30.53992211101713
2025-10-02 03:35:03,56.78292328221155,12.677154606771316,30.53992211101713
2025-10-02 03:40:04,56.78292328221155,12.677154606771316,30.53992211101713
2025-10-02 03:40:04,56.78292328221155,12.677154606771316,30.53992211101713
2025-10-02 03:45:05,56.78759068606466,12.680500186698696,30.531909127236645
2025-10-02 03:45:05,56.78759068606466,12.680500186698696,30.531909127236645
2025-10-02 03:50:06,56.78759068606466,12.680500186698696,30.531909127236645
2025-10-02 03:50:06,56.78759068606466,12.680500186698696,30.531909127236645
2025-10-02 04:56:03,56.84442908974451,12.649409212204596,30.506161698050896
2025-10-02 04:56:03,56.84442908974451,12.649409212204596,30.506161698050896
2025-10-02 05:01:04,56.88521122166977,12.61776852384551,30.49702025448472
2025-10-02 05:01:04,56.88521122166977,12.61776852384551,30.49702025448472
2025-10-02 05:06:05,56.88521122166977,12.61776852384551,30.49702025448472
2025-10-02 05:06:05,56.88521122166977,12.61776852384551,30.49702025448472
2025-10-02 05:11:06,56.90650748461464,12.631426602834184,30.46206591255117
2025-10-02 05:11:06,56.90650748461464,12.631426602834184,30.46206591255117
2025-10-02 05:16:07,56.90650748461464,12.631426602834184,30.46206591255117
2025-10-02 05:16:08,56.90650748461464,12.631426602834184,30.46206591255117
2025-10-02 05:21:08,56.90780195559654,12.619715511967748,30.47248253243572
2025-10-02 05:21:09,56.90780195559654,12.619715511967748,30.47248253243572
2025-10-02 05:26:09,56.90780195559654,12.619715511967748,30.47248253243572
2025-10-02 05:26:10,56.90780195559654,12.619715511967748,30.47248253243572
2025-10-02 05:58:12,56.89737174156656,12.622425775914088,30.48020248251936
2025-10-02 05:58:12,56.89737174156656,12.622425775914088,30.48020248251936
2025-10-02 06:03:13,56.90873156609898,12.61232104480498,30.47894738909604
2025-10-02 06:08:24,56.90873156609898,12.61232104480498,30.47894738909604
2025-10-02 06:13:26,56.89647734319704,12.624224615496855,30.4792980413061
2025-10-02 06:13:26,56.89647734319704,12.624224615496855,30.4792980413061
2025-10-02 06:18:27,56.89647734319704,12.624224615496855,30.4792980413061
2025-10-02 06:18:27,56.89647734319704,12.624224615496855,30.4792980413061
2025-10-02 06:23:28,56.93620676267709,12.622043555175576,30.441749682147336
2025-10-02 06:57:28,56.92406290847919,12.638691102715818,30.437245988805
2025-10-02 06:57:28,56.92406290847919,12.638691102715818,30.437245988805
2025-10-02 07:02:29,56.94274921515296,12.63611555692411,30.42113522792293
2025-10-02 07:02:30,56.94274921515296,12.63611555692411,30.42113522792293
2025-10-02 07:07:30,56.94274921515296,12.63611555692411,30.42113522792293
2025-10-02 07:07:31,56.94274921515296,12.63611555692411,30.42113522792293
2025-10-02 07:12:31,56.96255913106994,12.644749195205444,30.39269167372462
2025-10-02 07:12:32,56.96255913106994,12.644749195205444,30.39269167372462
2025-10-02 07:17:32,56.96255913106994,12.644749195205444,30.39269167372462
2025-10-02 07:17:33,56.96255913106994,12.644749195205444,30.39269167372462
2025-10-02 07:22:33,56.97131105606004,12.650799488125022,30.377889455814937
2025-10-02 07:22:34,56.97131105606004,12.650799488125022,30.377889455814937
2025-10-02 09:10:45,56.77082466570658,12.719270748791814,30.5099045855016
2025-10-02 09:10:46,56.77082466570658,12.719270748791814,30.5099045855016
2025-10-02 09:10:58,56.78650516606254,12.698250503344646,30.51524433059281
2025-10-02 09:15:46,56.78650516606254,12.698250503344646,30.51524433059281
2025-10-02 09:15:47,56.78650516606254,12.698250503344646,30.51524433059281
2025-10-02 09:16:00,56.78650516606254,12.698250503344646,30.51524433059281
2025-10-02 09:20:47,56.78650516606254,12.698250503344646,30.51524433059281
2025-10-02 09:20:48,56.78650516606254,12.698250503344646,30.51524433059281
2025-10-02 09:21:01,56.80264744965064,12.686083251169636,30.51126929917973
2025-10-02 09:25:48,56.80264744965064,12.686083251169636,30.51126929917973
2025-10-02 09:25:50,56.80264744965064,12.686083251169636,30.51126929917973
2025-10-02 09:26:02,56.80264744965064,12.686083251169636,30.51126929917973
2025-10-02 09:30:49,56.80264744965064,12.686083251169636,30.51126929917973
2025-10-02 09:30:51,56.80264744965064,12.686083251169636,30.51126929917973
2025-10-02 09:31:03,56.79157139474936,12.687065288793262,30.52136331645737
2025-10-02 09:35:50,56.79157139474936,12.687065288793262,30.52136331645737
2025-10-02 09:35:52,56.79157139474936,12.687065288793262,30.52136331645737
2025-10-02 09:36:04,56.79157139474936,12.687065288793262,30.52136331645737
2025-10-02 09:40:52,56.79157139474936,12.687065288793262,30.52136331645737
2025-10-02 09:40:53,56.79157139474936,12.687065288793262,30.52136331645737
2025-10-02 09:41:05,56.7690725699881,12.70904347235014,30.521883957661764
2025-10-02 09:43:59,56.7690725699881,12.70904347235014,30.521883957661764
2025-10-02 09:45:53,56.7690725699881,12.70904347235014,30.521883957661764
2025-10-02 09:45:54,56.7690725699881,12.70904347235014,30.521883957661764
2025-10-02 09:46:06,56.7690725699881,12.70904347235014,30.521883957661764
2025-10-02 09:49:00,56.7690725699881,12.70904347235014,30.521883957661764
2025-10-02 09:50:54,56.7690725699881,12.70904347235014,30.521883957661764
2025-10-02 09:50:55,56.7690725699881,12.70904347235014,30.521883957661764
2025-10-02 09:51:07,56.736180514812126,12.7149524440764,30.548867041111475
2025-10-02 21:42:13,56.83958054461588,12.687495308709044,30.47292414667508
2025-10-02 21:47:15,56.83958054461588,12.687495308709044,30.47292414667508
2025-10-02 21:52:16,56.84079003568129,12.69125051534984,30.46795944896888
2025-10-02 21:57:18,56.84079003568129,12.69125051534984,30.46795944896888
2025-10-02 22:02:19,56.856682797662295,12.67998552794332,30.463331674394382
2025-10-02 22:07:20,56.856682797662295,12.67998552794332,30.463331674394382
2025-10-02 22:09:45,56.856682797662295,12.67998552794332,30.463331674394382
2025-10-02 22:12:21,56.88530839184184,12.680271489021989,30.43442011913617
2025-10-02 22:14:29,56.88530839184184,12.680271489021989,30.43442011913617
2025-10-02 22:14:47,56.88530839184184,12.680271489021989,30.43442011913617
2025-10-02 22:17:23,56.88530839184184,12.680271489021989,30.43442011913617
2025-10-02 22:19:30,56.88530839184184,12.680271489021989,30.43442011913617
2025-10-02 22:19:50,56.88530839184184,12.680271489021989,30.43442011913617
2025-10-02 22:20:21,56.88530839184184,12.680271489021989,30.43442011913617
2025-10-02 22:25:22,56.84663365322942,12.706388795679338,30.446977551091244
2025-10-02 22:26:22,56.84663365322942,12.706388795679338,30.446977551091244
2025-10-02 22:31:23,56.84663365322942,12.706388795679338,30.446977551091244
2025-10-02 22:36:15,56.86575719364996,12.708369866843968,30.42587293950608
2025-10-02 22:41:17,56.86575719364996,12.708369866843968,30.42587293950608
2025-10-02 22:46:18,56.8692926208829,12.709822891963068,30.42088448715403
2025-10-02 22:51:19,56.8692926208829,12.709822891963068,30.42088448715403
2025-10-02 22:54:42,56.884331043423295,12.711746114193016,30.40392284238369
2025-10-02 22:57:54,56.884331043423295,12.711746114193016,30.40392284238369
2025-10-02 23:02:56,56.8372072213254,12.732824326458053,30.42996845221655
2025-10-02 23:07:58,56.8372072213254,12.732824326458053,30.42996845221655
2025-10-02 23:12:59,56.776101420717694,12.752259982093516,30.47163859718879
2025-10-02 23:18:00,56.776101420717694,12.752259982093516,30.47163859718879
2025-10-02 23:23:01,56.75703284847821,12.756291740937728,30.48667541058407
2025-10-02 23:30:57,56.75703284847821,12.756291740937728,30.48667541058407
2025-10-02 23:35:58,56.74723464900091,12.754089569950356,30.49867578104873
2025-10-02 23:40:59,56.74723464900091,12.754089569950356,30.49867578104873
2025-10-02 23:46:01,56.7469373411198,12.728610675374918,30.524451983505287
2025-10-02 23:53:12,56.73654143486458,12.735735855956468,30.52772270917896
2025-10-02 23:58:13,56.73654143486458,12.735735855956468,30.52772270917896
2025-10-03 00:03:15,56.72988229976054,12.734241069993676,30.535876630245784
2025-10-03 00:08:16,56.72988229976054,12.734241069993676,30.535876630245784
2025-10-03 00:13:17,56.67275665426491,12.760318056679354,30.56692528905574
2025-10-03 00:18:18,56.67275665426491,12.760318056679354,30.56692528905574
2025-10-03 00:23:20,56.64489119023699,12.783019503311197,30.57208930645181
2025-10-03 00:28:21,56.64489119023699,12.783019503311197,30.57208930645181
2025-10-03 00:33:24,56.60026913304325,12.796909146546415,30.602821720410336
2025-10-03 00:35:26,56.60026913304325,12.796909146546415,30.602821720410336
2025-10-03 01:43:20,56.588677079042974,12.818730007053375,30.59259291390365
2025-10-03 01:48:21,56.588677079042974,12.818730007053375,30.59259291390365
2025-10-03 02:23:48,56.6610531723895,12.7796811035765,30.559265724034
2025-10-04 11:59:04,56.89947501059215,12.649906179324596,30.450618810083256
2025-10-04 12:03:36,56.89947501059215,12.649906179324596,30.450618810083256
2025-10-04 12:04:06,56.89947501059215,12.649906179324596,30.450618810083256
2025-10-04 12:04:50,56.89947501059215,12.649906179324596,30.450618810083256
2025-10-04 12:06:33,56.908699449221146,12.64161169925889,30.44968885151997
2025-10-04 12:10:14,56.908699449221146,12.64161169925889,30.44968885151997
2025-10-04 12:11:49,56.908699449221146,12.64161169925889,30.44968885151997
2025-10-04 12:16:50,56.88216899373029,12.657815141059997,30.460015865209712
2025-10-04 12:18:40,56.88216899373029,12.657815141059997,30.460015865209712
2025-10-04 12:22:21,56.88216899373029,12.657815141059997,30.460015865209712
2025-10-04 12:23:23,56.88216899373029,12.657815141059997,30.460015865209712
2025-10-04 12:27:23,56.89313722709037,12.650414346157543,30.456448426752093
2025-10-04 12:28:24,56.89313722709037,12.650414346157543,30.456448426752093
2025-10-04 12:32:24,56.89313722709037,12.650414346157543,30.456448426752093
2025-10-04 12:33:26,56.89313722709037,12.650414346157543,30.456448426752093
2025-10-04 12:37:25,56.90089271136157,12.642071696638846,30.457035591999592
2025-10-04 12:38:27,56.90089271136157,12.642071696638846,30.457035591999592
2025-10-04 12:42:26,56.90089271136157,12.642071696638846,30.457035591999592
2025-10-04 12:47:28,56.90399295007129,12.648156263797114,30.4478507861316
2025-10-04 12:52:13,56.90399295007129,12.648156263797114,30.4478507861316
2025-10-04 12:52:29,56.90399295007129,12.648156263797114,30.4478507861316
2025-10-04 12:57:15,56.87760205821558,12.660537820499012,30.461860121285408
2025-10-04 12:58:48,56.87760205821558,12.660537820499012,30.461860121285408
2025-10-04 13:02:16,56.87760205821558,12.660537820499012,30.461860121285408
2025-10-04 13:03:50,56.87760205821558,12.660537820499012,30.461860121285408
2025-10-04 13:07:42,56.868056271574574,12.66822210560807,30.46372162281736
2025-10-04 13:08:09,56.868056271574574,12.66822210560807,30.46372162281736
2025-10-04 13:12:24,56.868056271574574,12.66822210560807,30.46372162281736
2025-10-04 13:13:58,56.868056271574574,12.66822210560807,30.46372162281736
2025-10-04 13:15:14,56.868056271574574,12.66822210560807,30.46372162281736
2025-10-04 13:17:25,56.867992802909725,12.668207967000289,30.463799230089982
2025-10-04 13:17:50,56.867992802909725,12.668207967000289,30.463799230089982
2025-10-04 13:18:59,56.867992802909725,12.668207967000289,30.463799230089982
2025-10-04 13:20:16,56.867992802909725,12.668207967000289,30.463799230089982
2025-10-04 13:22:27,56.867992802909725,12.668207967000289,30.463799230089982
2025-10-04 13:24:01,56.867992802909725,12.668207967000289,30.463799230089982
2025-10-04 13:27:59,56.85439718011235,12.682563979370432,30.463038840517218
2025-10-04 13:29:52,56.85439718011235,12.682563979370432,30.463038840517218
2025-10-04 13:30:24,56.85439718011235,12.682563979370432,30.463038840517218
2025-10-04 13:33:04,56.85439718011235,12.682563979370432,30.463038840517218
2025-10-04 13:34:36,56.85439718011235,12.682563979370432,30.463038840517218
2025-10-04 13:34:41,56.85439718011235,12.682563979370432,30.463038840517218
2025-10-04 13:37:44,56.855609857100845,12.675096509491796,30.46929363340736
2025-10-04 13:37:44,56.855609857100845,12.675096509491796,30.46929363340736
2025-10-04 13:46:51,56.84419873476547,12.675693788708514,30.48010747652601
2025-10-04 13:47:11,56.84419873476547,12.675693788708514,30.48010747652601
2025-10-04 13:51:52,56.84419873476547,12.675693788708514,30.48010747652601
2025-10-04 13:52:12,56.84419873476547,12.675693788708514,30.48010747652601
2025-10-04 13:55:12,56.84419873476547,12.675693788708514,30.48010747652601
2025-10-04 13:58:21,56.84586638431578,12.671241289042538,30.48289232664169
2025-10-04 13:59:21,56.84586638431578,12.671241289042538,30.48289232664169
2025-10-04 14:03:08,56.84586638431578,12.671241289042538,30.48289232664169
2025-10-04 14:03:23,56.84586638431578,12.671241289042538,30.48289232664169
2025-10-04 14:08:10,56.83068085680981,12.68737487155042,30.481944271639765
2025-10-04 14:08:24,56.83068085680981,12.68737487155042,30.481944271639765
2025-10-04 14:08:47,56.83068085680981,12.68737487155042,30.481944271639765
2025-10-04 14:09:50,56.83068085680981,12.68737487155042,30.481944271639765
2025-10-04 14:10:02,56.83068085680981,12.68737487155042,30.481944271639765
2025-10-04 14:12:48,56.83068085680981,12.68737487155042,30.481944271639765
2025-10-04 14:14:29,56.83068085680981,12.68737487155042,30.481944271639765
2025-10-04 14:14:38,56.83068085680981,12.68737487155042,30.481944271639765
2025-10-04 14:18:33,56.83602659871737,12.67100625567432,30.49296714560831
2025-10-04 14:19:24,56.83602659871737,12.67100625567432,30.49296714560831
2025-10-04 14:21:56,56.83602659871737,12.67100625567432,30.49296714560831
2025-10-04 14:22:28,56.83602659871737,12.67100625567432,30.49296714560831
2025-10-04 14:24:49,56.83602659871737,12.67100625567432,30.49296714560831
2025-10-04 14:27:30,56.84548938195751,12.667372745505714,30.48713787253677
2025-10-04 14:29:51,56.84548938195751,12.667372745505714,30.48713787253677
2025-10-04 14:30:07,56.84548938195751,12.667372745505714,30.48713787253677
2025-10-04 14:34:53,56.84548938195751,12.667372745505714,30.48713787253677
2025-10-04 14:35:10,56.84548938195751,12.667372745505714,30.48713787253677
2025-10-04 14:38:53,56.85277637257099,12.671598554632231,30.47562507279677
2025-10-04 14:40:29,56.85277637257099,12.671598554632231,30.47562507279677
2025-10-04 14:43:55,56.85277637257099,12.671598554632231,30.47562507279677
2025-10-04 14:45:02,56.85277637257099,12.671598554632231,30.47562507279677
2025-10-04 14:45:05,56.85277637257099,12.671598554632231,30.47562507279677
2025-10-04 14:48:40,56.84282088638545,12.6781381637424,30.47904094987216
2025-10-04 14:50:03,56.84282088638545,12.6781381637424,30.47904094987216
2025-10-04 14:53:42,56.84282088638545,12.6781381637424,30.47904094987216
2025-10-04 14:54:02,56.84282088638545,12.6781381637424,30.47904094987216
2025-10-04 14:55:05,56.84282088638545,12.6781381637424,30.47904094987216
2025-10-04 14:59:11,56.86159384028833,12.66748883539064,30.470917324321032
2025-10-04 15:03:06,56.86159384028833,12.66748883539064,30.470917324321032
2025-10-04 15:05:13,56.86159384028833,12.66748883539064,30.470917324321032
2025-10-04 15:06:44,56.88773371138856,12.670518759964969,30.441747528646463
2025-10-04 15:07:14,56.88773371138856,12.670518759964969,30.441747528646463
2025-10-04 15:07:27,56.88773371138856,12.670518759964969,30.441747528646463
2025-10-04 17:24:17,56.95490032094869,12.683645286914755,30.361454392136555
2025-10-04 17:29:19,56.95864121357015,12.684403995285589,30.35695479114427
2025-10-04 17:33:07,56.95864121357015,12.684403995285589,30.35695479114427
2025-10-04 17:38:09,56.94389016855055,12.696621345997237,30.35948848545221
2025-10-04 17:43:43,56.94389016855055,12.696621345997237,30.35948848545221
2025-10-04 17:48:53,56.99660415344615,12.672491207297048,30.3309046392568
2025-10-04 17:53:55,56.99660415344615,12.672491207297048,30.3309046392568
2025-10-04 17:58:57,57.0159986962787,12.673480110881991,30.310521192839307
2025-10-04 17:59:58,57.0159986962787,12.673480110881991,30.310521192839307
2025-10-04 18:03:58,57.0159986962787,12.673480110881991,30.310521192839307
2025-10-04 18:04:59,57.0159986962787,12.673480110881991,30.310521192839307
2025-10-04 18:09:00,56.99130122915158,12.689637316484689,30.31906145436373
2025-10-04 18:10:01,56.99130122915158,12.689637316484689,30.31906145436373
2025-10-04 18:14:01,56.99130122915158,12.689637316484689,30.31906145436373
2025-10-04 18:15:03,56.99130122915158,12.689637316484689,30.31906145436373
2025-10-04 18:17:07,56.99680200445366,12.685760152213858,30.31743784333248
2025-10-04 18:20:05,56.99680200445366,12.685760152213858,30.31743784333248
2025-10-04 18:21:01,56.99680200445366,12.685760152213858,30.31743784333248
2025-10-04 18:23:12,56.99680200445366,12.685760152213858,30.31743784333248
2025-10-04 18:28:14,56.98390795170421,12.698350045242234,30.31774200305356
2025-10-04 18:31:40,56.98390795170421,12.698350045242234,30.31774200305356
2025-10-04 18:33:16,56.98390795170421,12.698350045242234,30.31774200305356
2025-10-04 18:36:10,56.98390795170421,12.698350045242234,30.31774200305356
2025-10-04 18:41:13,56.986281427824295,12.69754119534766,30.316177376828044
2025-10-04 18:44:46,56.986281427824295,12.69754119534766,30.316177376828044
2025-10-04 18:46:15,56.986281427824295,12.69754119534766,30.316177376828044
2025-10-04 18:49:47,56.98698711730283,12.691687362002895,30.32132552069428
2025-10-04 18:50:35,56.98698711730283,12.691687362002895,30.32132552069428
2025-10-04 18:51:17,56.98698711730283,12.691687362002895,30.32132552069428
2025-10-04 18:53:04,56.98698711730283,12.691687362002895,30.32132552069428
2025-10-04 18:55:37,56.98698711730283,12.691687362002895,30.32132552069428
2025-10-04 18:58:06,56.96884921782027,12.690841928961072,30.34030885321866
2025-10-04 19:00:38,56.96884921782027,12.690841928961072,30.34030885321866
2025-10-04 19:54:10,56.97717288684814,12.684629337978526,30.33819777517333
2025-10-04 19:59:11,56.99161412379081,12.687035734969111,30.321350141240075
2025-10-04 20:02:06,56.99161412379081,12.687035734969111,30.321350141240075
2025-10-04 20:04:13,56.99161412379081,12.687035734969111,30.321350141240075
2025-10-04 20:07:07,57.00706584693648,12.68097416837784,30.31195998468568
2025-10-04 20:09:14,57.00706584693648,12.68097416837784,30.31195998468568
2025-10-04 20:12:09,57.00706584693648,12.68097416837784,30.31195998468568
2025-10-04 20:14:15,57.00706584693648,12.68097416837784,30.31195998468568
2025-10-04 20:15:37,57.00706584693648,12.68097416837784,30.31195998468568
2025-10-04 20:17:10,56.98736208939287,12.69250320162236,30.32013470898477
2025-10-04 20:19:17,56.98736208939287,12.69250320162236,30.32013470898477
2025-10-04 20:20:38,56.98736208939287,12.69250320162236,30.32013470898477
2025-10-04 20:24:19,56.98736208939287,12.69250320162236,30.32013470898477
2025-10-04 20:27:47,56.99362468573157,12.691064425567289,30.31531088870114
2025-10-04 20:30:45,56.99362468573157,12.691064425567289,30.31531088870114
2025-10-04 20:32:48,56.99362468573157,12.691064425567289,30.31531088870114
2025-10-04 20:34:26,56.99362468573157,12.691064425567289,30.31531088870114
2025-10-04 20:35:46,56.99362468573157,12.691064425567289,30.31531088870114
2025-10-04 20:37:50,56.98993352608716,12.692354465126751,30.31771200878609
2025-10-04 20:39:28,56.98993352608716,12.692354465126751,30.31771200878609
2025-10-04 20:40:48,56.98993352608716,12.692354465126751,30.31771200878609
2025-10-04 20:42:51,56.98993352608716,12.692354465126751,30.31771200878609
2025-10-04 20:43:33,56.98993352608716,12.692354465126751,30.31771200878609
2025-10-04 20:49:35,56.98221146556175,12.6902731844557,30.327515349982555
2025-10-04 20:50:56,56.98221146556175,12.6902731844557,30.327515349982555
2025-10-04 20:52:40,56.98221146556175,12.6902731844557,30.327515349982555
2025-10-04 20:54:36,56.98221146556175,12.6902731844557,30.327515349982555
2025-10-04 20:57:21,56.9930946152058,12.691694947065246,30.31521043772896
2025-10-04 20:58:43,56.9930946152058,12.691694947065246,30.31521043772896
2025-10-04 20:59:40,56.9930946152058,12.691694947065246,30.31521043772896
2025-10-04 21:04:42,56.9930946152058,12.691694947065246,30.31521043772896
2025-10-04 21:05:09,56.9930946152058,12.691694947065246,30.31521043772896
2025-10-04 21:05:29,56.9930946152058,12.691694947065246,30.31521043772896
2025-10-04 21:08:28,57.009250511434814,12.688709688525709,30.30203980003948
2025-10-04 21:09:43,57.009250511434814,12.688709688525709,30.30203980003948
2025-10-04 21:10:11,57.009250511434814,12.688709688525709,30.30203980003948
2025-10-04 21:10:30,57.009250511434814,12.688709688525709,30.30203980003948
2025-10-04 21:14:46,57.009250511434814,12.688709688525709,30.30203980003948
2025-10-04 21:19:47,56.99371855567472,12.703110382455748,30.30317106186953
2025-10-04 21:20:18,56.99371855567472,12.703110382455748,30.30317106186953
2025-10-04 21:20:38,56.99371855567472,12.703110382455748,30.30317106186953
2025-10-04 21:23:59,56.99371855567472,12.703110382455748,30.30317106186953
2025-10-04 21:24:49,56.99371855567472,12.703110382455748,30.30317106186953
2025-10-04 21:28:48,56.97549231025884,12.702709468094891,30.321798221646265
2025-10-04 21:30:26,56.97549231025884,12.702709468094891,30.321798221646265
2025-10-04 21:33:49,56.97549231025884,12.702709468094891,30.321798221646265
2025-10-04 21:35:28,56.97549231025884,12.702709468094891,30.321798221646265
2025-10-04 21:38:51,56.98614906572631,12.701838099491445,30.312012834782244
2025-10-04 21:40:30,56.98614906572631,12.701838099491445,30.312012834782244
2025-10-04 21:42:30,56.98614906572631,12.701838099491445,30.312012834782244
2025-10-04 21:43:52,56.98614906572631,12.701838099491445,30.312012834782244
2025-10-04 21:44:19,56.98614906572631,12.701838099491445,30.312012834782244
2025-10-04 21:45:31,56.98614906572631,12.701838099491445,30.312012834782244
2025-10-04 21:48:53,56.98083304789472,12.701391291507694,30.317775660597587
2025-10-04 21:49:20,56.98083304789472,12.701391291507694,30.317775660597587
2025-10-04 21:50:33,56.98083304789472,12.701391291507694,30.317775660597587
2025-10-04 21:55:57,56.98083304789472,12.701391291507694,30.317775660597587
2025-10-04 21:58:01,57.02173100224663,12.683737304669052,30.294531693084323
2025-10-04 22:00:59,57.02173100224663,12.683737304669052,30.294531693084323
2025-10-04 22:03:04,57.02173100224663,12.683737304669052,30.294531693084323
2025-10-04 22:06:01,57.02173100224663,12.683737304669052,30.294531693084323
2025-10-04 22:08:06,57.03836684111435,12.67865329766464,30.28297986122101
2025-10-04 22:11:03,57.03836684111435,12.67865329766464,30.28297986122101
2025-10-04 22:12:25,57.03836684111435,12.67865329766464,30.28297986122101
2025-10-04 22:13:07,57.03836684111435,12.67865329766464,30.28297986122101
2025-10-04 22:16:04,57.03836684111435,12.67865329766464,30.28297986122101
2025-10-04 22:17:26,57.05230033039756,12.66585086847942,30.281848801123022
2025-10-04 22:18:09,57.05230033039756,12.66585086847942,30.281848801123022
2025-10-04 22:21:07,57.05230033039756,12.66585086847942,30.281848801123022
2025-10-04 22:22:27,57.05230033039756,12.66585086847942,30.281848801123022
2025-10-04 22:23:10,57.05230033039756,12.66585086847942,30.281848801123022
2025-10-04 22:26:08,57.05230033039756,12.66585086847942,30.281848801123022
2025-10-04 22:27:29,57.0644940236057,12.662417329749292,30.27308864664501
2025-10-04 22:28:11,57.0644940236057,12.662417329749292,30.27308864664501
2025-10-04 22:31:09,57.0644940236057,12.662417329749292,30.27308864664501
2025-10-04 22:33:13,57.0644940236057,12.662417329749292,30.27308864664501
2025-10-04 22:36:11,57.0644940236057,12.662417329749292,30.27308864664501
2025-10-04 22:37:37,57.12286421133395,12.636082540288736,30.24105324837732
2025-10-04 22:38:15,57.12286421133395,12.636082540288736,30.24105324837732
2025-10-04 22:41:13,57.12286421133395,12.636082540288736,30.24105324837732
2025-10-04 22:43:17,57.12286421133395,12.636082540288736,30.24105324837732
2025-10-04 22:46:15,57.12286421133395,12.636082540288736,30.24105324837732
2025-10-04 22:46:51,57.12286421133395,12.636082540288736,30.24105324837732
2025-10-04 22:47:46,57.12119720392224,12.652562044331887,30.22624075174588
2025-10-04 22:48:19,57.12119720392224,12.652562044331887,30.22624075174588
2025-10-04 22:50:11,57.12119720392224,12.652562044331887,30.22624075174588
2025-10-04 23:47:17,57.080055530614,12.666151613231309,30.25379285615469
2025-10-04 23:52:19,57.080055530614,12.666151613231309,30.25379285615469
2025-10-04 23:57:21,57.067501884556336,12.681442111715596,30.251056003728067
2025-10-04 23:58:31,57.067501884556336,12.681442111715596,30.251056003728067
2025-10-05 01:50:32,57.0582143878096,12.649313430517006,30.2924721816734
2025-10-05 01:55:11,57.0582143878096,12.649313430517006,30.2924721816734
2025-10-05 01:55:34,57.0582143878096,12.649313430517006,30.2924721816734
2025-10-05 02:00:13,57.04425235827685,12.655311873243347,30.3004357684798
2025-10-05 02:00:35,57.04425235827685,12.655311873243347,30.3004357684798
2025-10-05 02:05:14,57.04425235827685,12.655311873243347,30.3004357684798
2025-10-05 02:05:36,57.04425235827685,12.655311873243347,30.3004357684798
2025-10-05 02:10:16,57.04633852756466,12.659710660842,30.293950811593334
2025-10-05 02:10:38,57.04633852756466,12.659710660842,30.293950811593334
2025-10-05 02:15:18,57.04633852756466,12.659710660842,30.293950811593334
2025-10-05 02:15:39,57.04633852756466,12.659710660842,30.293950811593334
2025-10-05 02:19:52,57.0517854790569,12.655947797827713,30.292266723115382
2025-10-05 02:24:53,57.0517854790569,12.655947797827713,30.292266723115382
2025-10-05 02:25:26,57.0517854790569,12.655947797827713,30.292266723115382
2025-10-05 02:29:55,57.05257972721818,12.662186980023757,30.285233292758065
2025-10-05 02:34:11,57.05257972721818,12.662186980023757,30.285233292758065
2025-10-05 02:35:59,57.05257972721818,12.662186980023757,30.285233292758065
2025-10-05 02:36:00,57.05257972721818,12.662186980023757,30.285233292758065
2025-10-05 02:39:14,57.049111886429294,12.666459174786738,30.284428938783968
2025-10-11 21:24:49,58.21965338871211,12.004384013795482,29.77596259749241
2025-10-11 21:29:50,58.21965338871211,12.004384013795482,29.77596259749241
2025-10-11 21:34:52,58.25487685400461,11.97519877626106,29.769924369734326
2025-10-11 21:52:36,58.251532706077136,11.97972755838003,29.76873973554284
2025-10-11 21:57:37,58.23357671706291,11.989176899080348,29.777246383856745
2025-10-11 22:00:22,58.23357671706291,11.989176899080348,29.777246383856745
2025-10-11 22:02:40,58.23357671706291,11.989176899080348,29.777246383856745
2025-10-11 22:05:25,58.2111582337291,11.99778328664972,29.79105847962117
2025-10-11 22:08:26,58.2111582337291,11.99778328664972,29.79105847962117
2025-10-11 22:11:04,58.2111582337291,11.99778328664972,29.79105847962117
2025-10-11 22:13:27,58.1194072379781,12.024224344196188,29.85636841782571
2025-10-11 22:16:06,58.1194072379781,12.024224344196188,29.85636841782571
2025-10-11 22:18:29,58.1194072379781,12.024224344196188,29.85636841782571
2025-10-11 22:21:07,58.1194072379781,12.024224344196188,29.85636841782571
2025-10-11 22:23:30,58.09465548740028,12.034615024870078,29.87072948772964
2025-10-11 22:26:08,58.09465548740028,12.034615024870078,29.87072948772964
2025-10-11 22:31:10,58.09465548740028,12.034615024870078,29.87072948772964
2025-10-11 22:33:33,58.08802515155714,12.033171295653672,29.878803552789183
2025-10-11 22:36:11,58.08802515155714,12.033171295653672,29.878803552789183
2025-10-11 22:38:35,58.08802515155714,12.033171295653672,29.878803552789183
2025-10-11 22:41:13,58.08802515155714,12.033171295653672,29.878803552789183
2025-10-11 22:46:15,58.10240403924123,12.022510805058277,29.875085155700496
2025-10-11 22:49:18,58.10240403924123,12.022510805058277,29.875085155700496
2025-10-11 22:54:19,58.09586093279161,12.001675397462714,29.90246366974568
2025-10-11 22:59:21,58.09586093279161,12.001675397462714,29.90246366974568
2025-10-11 23:04:22,58.0574563999987,12.028751815587436,29.913791784413863
2025-10-11 23:09:24,58.0574563999987,12.028751815587436,29.913791784413863
2025-10-11 23:14:26,58.06317109037834,12.05587447526725,29.880954434354408
2025-10-11 23:18:01,58.06317109037834,12.05587447526725,29.880954434354408
2025-10-11 23:23:03,58.06317109037834,12.05587447526725,29.880954434354408
2025-10-11 23:29:00,58.029743406034704,12.048035494941905,29.92222109902339
2025-10-11 23:34:01,58.02162711232384,12.04695048030653,29.93142240736964
2025-10-11 23:38:41,58.02162711232384,12.04695048030653,29.93142240736964
2025-10-11 23:43:43,58.043944461920674,12.032022564499028,29.9240329735803
2025-10-11 23:47:35,58.043944461920674,12.032022564499028,29.9240329735803
2025-10-11 23:52:37,58.043944461920674,12.032022564499028,29.9240329735803
2025-10-11 23:55:31,58.048806969293,12.02598468275218,29.925208347954825
2025-10-11 23:57:13,58.048806969293,12.02598468275218,29.925208347954825
2025-10-12 00:02:14,58.048806969293,12.02598468275218,29.925208347954825
2025-10-12 00:05:58,58.064937012823925,12.013693213218655,29.921369773957416
2025-10-12 00:08:26,58.064937012823925,12.013693213218655,29.921369773957416
2025-10-12 00:13:27,58.04157971720968,12.01492549677221,29.94349478601811
2025-10-12 00:18:29,58.04157971720968,12.01492549677221,29.94349478601811
2025-10-12 01:27:49,58.0441971294109,11.99379121866163,29.96201165192747
2025-10-12 01:32:51,58.0441971294109,11.99379121866163,29.96201165192747
2025-10-12 01:33:51,58.04140841436275,11.986616153571642,29.97197543206561
2025-10-12 01:37:52,58.04140841436275,11.986616153571642,29.97197543206561
2025-10-12 01:38:52,58.04140841436275,11.986616153571642,29.97197543206561
2025-10-12 01:42:53,58.04140841436275,11.986616153571642,29.97197543206561
2025-10-12 01:43:53,58.03316014441543,12.003836743647964,29.9630031119366
2025-10-12 01:47:54,58.03316014441543,12.003836743647964,29.9630031119366
2025-10-12 01:48:54,58.03316014441543,12.003836743647964,29.9630031119366
2025-10-12 01:52:55,58.03316014441543,12.003836743647964,29.9630031119366
2025-10-12 01:57:56,58.04431153293355,11.98970802453868,29.965980442527773
2025-10-12 01:58:57,58.04431153293355,11.98970802453868,29.965980442527773
2025-10-12 02:02:57,58.04431153293355,11.98970802453868,29.965980442527773
2025-10-12 02:07:59,58.06610912598138,11.98339347694538,29.95049739707324
2025-10-12 02:13:00,58.06610912598138,11.98339347694538,29.95049739707324
2025-10-12 02:18:01,58.142575948323774,11.967501812041618,29.889922239634608
2025-10-12 02:23:02,58.142575948323774,11.967501812041618,29.889922239634608
2025-10-12 02:28:03,58.17377262814475,11.934657930649092,29.89156944120616
2025-10-12 02:33:04,58.17377262814475,11.934657930649092,29.89156944120616
2025-10-12 02:38:05,58.23223383524198,11.936298744969587,29.831467419788435
2025-10-12 02:43:08,58.23223383524198,11.936298744969587,29.831467419788435
2025-10-12 02:48:09,58.28965869170314,11.925670278946017,29.784671029350847
2025-10-12 02:53:10,58.28965869170314,11.925670278946017,29.784671029350847
2025-10-12 02:58:11,58.295994318703904,11.93074808996297,29.773257591333127
2025-10-12 03:03:12,58.295994318703904,11.93074808996297,29.773257591333127
2025-10-12 03:08:13,58.34664065672821,11.942402688870311,29.710956654401475
2025-10-12 03:13:14,58.34664065672821,11.942402688870311,29.710956654401475
2025-10-12 03:18:15,58.33787696148476,11.949271316196905,29.712851722318337
2025-10-12 03:23:16,58.33787696148476,11.949271316196905,29.712851722318337
2025-10-12 03:28:17,58.37504339043456,11.916593081672705,29.70836352789274
2025-10-12 03:33:18,58.37504339043456,11.916593081672705,29.70836352789274
2025-10-12 03:38:19,58.40162656538135,11.887754743720114,29.71061869089853
2025-10-12 03:43:21,58.40162656538135,11.887754743720114,29.71061869089853
2025-10-12 03:48:22,58.47148016728527,11.865749402945395,29.66277042976933
2025-10-12 03:53:23,58.47148016728527,11.865749402945395,29.66277042976933
2025-10-12 03:58:24,58.44371419828088,11.86476411991823,29.691521681800893
2025-10-12 04:03:25,58.44371419828088,11.86476411991823,29.691521681800893
2025-10-12 04:08:26,58.4494852745418,11.860560788062342,29.689953937395856
2025-10-12 04:13:27,58.4494852745418,11.860560788062342,29.689953937395856
2025-10-12 04:18:28,58.56340465388127,11.812659618161677,29.62393572795705
2025-10-12 04:23:29,58.56340465388127,11.812659618161677,29.62393572795705
2025-10-12 04:28:30,58.54055410938396,11.82936717169089,29.630078718925155
2025-10-12 04:33:31,58.54055410938396,11.82936717169089,29.630078718925155
2025-10-12 04:38:32,58.4250448381671,11.914244599553154,29.660710562279743
2025-10-12 04:43:34,58.4250448381671,11.914244599553154,29.660710562279743
2025-10-12 04:48:35,58.44630182667482,11.906058250281337,29.647639923043847
2025-10-12 04:53:36,58.44630182667482,11.906058250281337,29.647639923043847
2025-10-12 04:58:38,58.41423197509562,11.90613894414938,29.679629080755
2025-10-12 05:03:39,58.399819834695066,11.909460602355946,29.69071956294899
2025-10-12 05:08:41,58.399819834695066,11.909460602355946,29.69071956294899
2025-10-12 05:13:42,58.38285054561435,11.910802347775928,29.70634710660972
2025-10-12 05:18:43,58.38285054561435,11.910802347775928,29.70634710660972
2025-10-12 05:23:44,58.3686592923262,11.913022230893809,29.71831847677999
2025-10-12 05:28:46,58.3686592923262,11.913022230893809,29.71831847677999
2025-10-12 05:33:47,58.36189544151061,11.920480636313068,29.717623922176323
2025-10-12 05:38:48,58.36189544151061,11.920480636313068,29.717623922176323
2025-10-12 05:43:49,58.364932749801504,11.930087340922322,29.704979909276176
2025-10-12 05:48:50,58.364932749801504,11.930087340922322,29.704979909276176
2025-10-12 05:53:51,58.357172683246986,11.924282554590697,29.71854476216232
2025-10-12 05:58:52,58.357172683246986,11.924282554590697,29.71854476216232
2025-10-12 06:03:54,58.34408114525962,11.91833825087414,29.737580603866235
2025-10-12 06:08:55,58.34408114525962,11.91833825087414,29.737580603866235
2025-10-12 06:13:56,58.34319375174217,11.919279885155284,29.737526363102543
2025-10-12 06:18:58,58.34319375174217,11.919279885155284,29.737526363102543
2025-10-12 06:23:59,58.33086467852735,11.920211353646044,29.74892396782661
2025-10-12 06:29:00,58.33086467852735,11.920211353646044,29.74892396782661
2025-10-12 06:34:01,58.32095814756997,11.923973732496416,29.75506811993361
2025-10-12 06:39:02,58.32095814756997,11.923973732496416,29.75506811993361
2025-10-12 06:44:03,58.308433808769486,11.938721879029044,29.75284431220147
2025-10-12 06:49:05,58.308433808769486,11.938721879029044,29.75284431220147
2025-10-12 06:54:06,58.32141045031225,11.946774715148504,29.731814834539247
2025-10-12 06:59:08,58.32141045031225,11.946774715148504,29.731814834539247
2025-10-12 07:04:08,58.29896536678499,11.949351759373108,29.7516828738419
2025-10-12 07:09:10,58.29896536678499,11.949351759373108,29.7516828738419
2025-10-12 07:14:11,58.30140271005888,11.949851333798737,29.748745956142383
2025-10-12 07:19:11,58.30140271005888,11.949851333798737,29.748745956142383
2025-10-12 07:24:12,58.28579227916202,11.945890697648274,29.76831702318971
2025-10-12 07:34:15,58.29721435025304,11.961473730959508,29.74131191878745
2025-10-12 07:39:16,58.29721435025304,11.961473730959508,29.74131191878745
2025-10-12 07:44:17,58.2426976911988,12.013502958158934,29.743799350642263
2025-10-12 07:49:18,58.2426976911988,12.013502958158934,29.743799350642263
2025-10-12 07:59:20,58.28782887409116,11.966897482628816,29.745273643280026
2025-10-12 08:04:21,58.37022229825938,11.93220251065198,29.69757519108864
2025-10-12 08:14:23,58.37868188606487,11.95029774006959,29.67102037386554
2025-10-12 08:19:25,58.37868188606487,11.95029774006959,29.67102037386554
2025-10-12 08:29:27,58.34667029007362,11.962287963735877,29.691041746190507
2025-10-12 08:34:28,58.399488189519936,11.96207797283844,29.638433837641625
2025-10-12 08:39:30,58.399488189519936,11.96207797283844,29.638433837641625
2025-10-12 08:44:31,58.41538688064708,11.969179677847237,29.615433441505687
2025-10-12 08:54:33,58.39629142710341,11.965800221881388,29.63790835101521
2025-10-12 08:59:34,58.39629142710341,11.965800221881388,29.63790835101521
2025-10-12 09:04:36,58.42785317284172,11.953632986584708,29.618513840573577
2025-10-12 09:09:37,58.42785317284172,11.953632986584708,29.618513840573577
2025-10-12 09:14:39,58.47837035197875,11.94392222279941,29.577707425221845
2025-10-12 09:19:40,58.47837035197875,11.94392222279941,29.577707425221845
2025-10-12 09:34:43,58.423859704300185,11.972087510295864,29.60405278540395
2025-10-12 09:44:46,58.40714973552432,11.96223072172348,29.6306195427522
2025-10-12 09:54:48,58.40493020914628,11.971217973211974,29.623851817641743
2025-10-12 09:59:49,58.40493020914628,11.971217973211974,29.623851817641743
2025-10-12 10:09:51,58.42259334002946,11.999476404859886,29.57793025511065
2025-10-12 10:19:53,58.42283432155476,12.012089682811473,29.56507599563377
2025-10-12 10:29:55,58.393117442282495,12.020394511057669,29.58648804665984
2025-10-12 11:05:03,58.33484861556516,12.060606665020948,29.60454471941389
2025-10-12 11:11:37,58.33484861556516,12.060606665020948,29.60454471941389
2025-10-12 11:16:39,58.2783091395192,12.10885003700247,29.612840823478336
2025-10-12 11:20:10,58.2783091395192,12.10885003700247,29.612840823478336
2025-10-12 11:25:13,58.26384573188911,12.102474185970978,29.63368008213992
2025-10-12 11:26:42,58.26384573188911,12.102474185970978,29.63368008213992
2025-10-12 11:31:45,58.26384573188911,12.102474185970978,29.63368008213992
2025-10-12 11:35:19,58.242290304774,12.10403641801325,29.653673277212743
2025-10-12 11:41:50,58.242290304774,12.10403641801325,29.653673277212743
2025-10-12 11:46:53,58.299275279642856,12.060415195500092,29.64030952485705
2025-10-12 11:50:27,58.299275279642856,12.060415195500092,29.64030952485705
2025-10-12 11:56:57,58.365630183238494,12.039017688186403,29.5953521285751
2025-10-12 12:00:33,58.365630183238494,12.039017688186403,29.5953521285751
2025-10-12 12:02:00,58.365630183238494,12.039017688186403,29.5953521285751
2025-10-12 12:05:38,58.34035092227619,12.041283778125791,29.618365299598025
2025-10-12 12:10:40,58.34035092227619,12.041283778125791,29.618365299598025
2025-10-12 12:12:08,58.34035092227619,12.041283778125791,29.618365299598025
2025-10-12 12:15:41,58.30212887215311,12.071872333549774,29.62599879429712
2025-10-12 12:20:44,58.30212887215311,12.071872333549774,29.62599879429712
2025-10-12 12:22:10,58.30212887215311,12.071872333549774,29.62599879429712
2025-10-12 12:27:12,58.30171533843445,12.063384529901452,29.6349001316641
2025-10-12 12:30:48,58.30171533843445,12.063384529901452,29.6349001316641
2025-10-12 12:37:17,58.27556019929856,12.063984966124693,29.660454834576747
2025-10-12 12:40:52,58.27556019929856,12.063984966124693,29.660454834576747
2025-10-12 12:47:20,58.26970249255983,12.061466927658293,29.66883057978188
2025-10-12 12:52:21,58.26970249255983,12.061466927658293,29.66883057978188
2025-10-12 12:57:23,58.2641880833426,12.059877068307518,29.67593484834989
2025-10-12 13:02:24,58.2641880833426,12.059877068307518,29.67593484834989
2025-10-12 13:07:25,58.300956161995984,12.0336170531449,29.665426784859115
2025-10-12 13:12:28,58.300956161995984,12.0336170531449,29.665426784859115
2025-10-12 13:17:29,58.30009036726037,12.033438348660772,29.66647128407885
2025-10-12 13:22:33,58.30009036726037,12.033438348660772,29.66647128407885
2025-10-12 13:28:44,58.25779890197572,12.056794901368653,29.685406196655627
2025-10-12 13:31:14,58.25779890197572,12.056794901368653,29.685406196655627
2025-10-12 13:32:40,58.25779890197572,12.056794901368653,29.685406196655627
2025-10-12 13:55:09,58.20164838714936,12.079554888048596,29.71879672480204
2025-10-12 14:00:11,58.20164838714936,12.079554888048596,29.71879672480204
2025-10-12 14:05:14,58.163143168127554,12.096768314171348,29.740088517701096
2025-10-12 14:10:15,58.163143168127554,12.096768314171348,29.740088517701096
2025-10-12 14:15:20,58.14550655081685,12.101298944914292,29.753194504268865
2025-10-12 14:20:23,58.14550655081685,12.101298944914292,29.753194504268865
2025-10-12 14:25:25,58.14524162993616,12.097234443400655,29.757523926663183
2025-10-12 14:30:26,58.14524162993616,12.097234443400655,29.757523926663183
2025-10-12 14:35:30,58.16580580113698,12.061759681624483,29.77243451723853
2025-10-12 14:40:33,58.16580580113698,12.061759681624483,29.77243451723853
2025-10-12 14:45:38,58.17610823128396,12.061286551714476,29.76260521700157
2025-10-12 14:50:40,58.17610823128396,12.061286551714476,29.76260521700157
2025-10-12 14:55:42,58.14380206347639,12.082243429913312,29.77395450661029
2025-10-12 15:00:45,58.14380206347639,12.082243429913312,29.77395450661029
2025-10-12 15:05:08,58.12107123717821,12.082663797240102,29.796264965581685
2025-10-12 15:52:19,58.11249061593221,12.09130303599673,29.79620634807106
2025-10-12 15:57:20,58.11351740576091,12.091516677278346,29.794965916960745
2025-10-12 16:50:38,58.13295776775201,12.07530329502838,29.79173893721961
2025-10-12 16:55:39,58.10766911389893,12.079164755148316,29.813166130952755
2025-10-12 17:00:41,58.10766911389893,12.079164755148316,29.813166130952755
2025-10-12 21:51:07,57.9467409894974,12.058338909841714,29.994920100660885
2025-10-12 21:55:50,57.72200782378575,12.295939694821486,29.98205248139277
2025-10-12 22:00:52,57.72200782378575,12.295939694821486,29.98205248139277
2025-10-12 22:31:03,57.41647436604252,12.471130247818104,30.112395386139376
2025-10-12 22:36:05,57.38057489700626,12.42034276725008,30.199082335743658
2025-10-12 22:41:07,57.38057489700626,12.42034276725008,30.199082335743658
2025-10-12 23:24:04,57.32278831607957,12.437319531578147,30.23989215234228
2025-10-12 23:29:07,57.33782187072288,12.4339273654386,30.22825076383852
2025-10-12 23:34:09,57.33782187072288,12.4339273654386,30.22825076383852
2025-10-12 23:39:13,57.3266634902778,12.440428454746073,30.23290805497613
2025-10-12 23:44:15,57.3266634902778,12.440428454746073,30.23290805497613
2025-10-12 23:49:18,57.33761941545813,12.423659366553968,30.2387212179879
2025-10-12 23:58:39,57.30511679087188,12.4939169377953,30.20096627133282
2025-10-13 00:03:43,57.30511679087188,12.4939169377953,30.20096627133282
2025-10-13 00:08:45,57.27715225956271,12.48880722274182,30.23404051769548
2025-10-13 00:13:47,57.27715225956271,12.48880722274182,30.23404051769548
2025-10-13 00:18:51,57.26210674740042,12.534122020791663,30.20377123180792
2025-10-13 00:32:25,57.23826385535777,12.535901892793104,30.225834251849125
2025-10-13 00:37:26,57.23153143652432,12.536707832502684,30.231760730973
2025-10-13 00:42:28,57.23153143652432,12.536707832502684,30.231760730973
2025-10-13 00:47:29,57.21241086243711,12.53710014510087,30.250488992462017
2025-10-13 00:52:30,57.21241086243711,12.53710014510087,30.250488992462017
2025-10-13 00:56:21,57.1718589459817,12.543487182750182,30.284653871268112
2025-10-13 20:36:03,57.32254724549463,12.463934856072155,30.213517898433217
2025-10-13 21:36:56,57.28668211211452,12.449227863523518,30.264090024361963
2025-10-13 21:39:01,57.290918311026296,12.487669238365848,30.221412450607858
2025-10-13 21:42:00,57.290918311026296,12.487669238365848,30.221412450607858
2025-10-13 21:44:03,57.290918311026296,12.487669238365848,30.221412450607858
2025-10-13 21:49:39,57.28344932342488,12.462872028123137,30.253678648451988
2025-10-13 21:54:40,57.28344932342488,12.462872028123137,30.253678648451988
2025-10-13 21:59:46,57.28786879297648,12.466337471083497,30.24579373594002
2025-10-13 22:03:52,57.28786879297648,12.466337471083497,30.24579373594002
2025-10-13 22:08:53,57.28748382834097,12.475090867578324,30.23742530408071
2025-10-13 22:13:55,57.28748382834097,12.475090867578324,30.23742530408071
2025-10-13 22:49:11,57.1716524440966,12.491313906920013,30.337033648983383
2025-10-13 22:54:13,57.1716524440966,12.491313906920013,30.337033648983383
2025-10-13 22:59:15,57.17161200113525,12.501503987679548,30.3268840111852
2025-10-13 23:04:16,57.17161200113525,12.501503987679548,30.3268840111852
2025-10-13 17:28:08,57.062965029430615,12.57339316386202,30.363641806707363
2025-10-13 17:33:09,57.062965029430615,12.57339316386202,30.363641806707363
2025-10-13 17:38:10,57.05432540381648,12.567136321930288,30.37853827425324
2025-10-13 17:43:11,57.05432540381648,12.567136321930288,30.37853827425324
2025-10-13 17:48:12,57.05432540381648,12.567136321930288,30.37853827425324
2025-10-13 17:49:38,57.03227147551323,12.60977857908764,30.35794994539913
2025-10-13 17:53:13,57.03227147551323,12.60977857908764,30.35794994539913
2025-10-13 17:58:14,57.00301730150993,12.63436397044372,30.36261872804636
2025-10-13 17:59:40,57.00301730150993,12.63436397044372,30.36261872804636
2025-10-13 18:03:15,57.00301730150993,12.63436397044372,30.36261872804636
2025-10-13 18:04:42,57.00301730150993,12.63436397044372,30.36261872804636
2025-10-13 18:08:15,56.96343827391061,12.68875205411274,30.34780967197665
2025-10-13 18:09:42,56.96343827391061,12.68875205411274,30.34780967197665
2025-10-13 18:13:16,56.96343827391061,12.68875205411274,30.34780967197665
2025-10-13 18:14:43,56.96343827391061,12.68875205411274,30.34780967197665
2025-10-13 18:18:17,56.9620537661743,12.68844365146158,30.34950258236412
2025-10-13 18:19:44,56.9620537661743,12.68844365146158,30.34950258236412
2025-10-13 18:24:45,56.9620537661743,12.68844365146158,30.34950258236412
2025-10-13 18:27:34,56.9620537661743,12.68844365146158,30.34950258236412
2025-10-13 18:34:58,56.98966205107132,12.655063398912825,30.355274550015857
2025-10-13 18:38:22,56.96339290019945,12.648867674902425,30.38773942489812
2025-10-13 18:43:22,56.96339290019945,12.648867674902425,30.38773942489812
2025-10-13 18:45:51,56.96339290019945,12.648867674902425,30.38773942489812
2025-10-13 18:47:31,56.96339290019945,12.648867674902425,30.38773942489812
2025-10-13 18:50:52,56.97651283589374,12.654959630554035,30.36852753355222
2025-10-13 18:52:32,56.97651283589374,12.654959630554035,30.36852753355222
2025-10-13 19:00:41,57.00470607609368,12.654555914760628,30.34073800914569
2025-10-13 19:05:41,57.00470607609368,12.654555914760628,30.34073800914569
2025-10-13 19:10:42,56.98648174459564,12.675502977033137,30.33801527837122
2025-10-13 19:15:43,56.98648174459564,12.675502977033137,30.33801527837122
2025-10-13 19:20:44,56.92743352367906,12.71121238385061,30.36135409247033
2025-10-13 19:25:45,56.92743352367906,12.71121238385061,30.36135409247033
2025-10-13 19:30:46,56.98733456290099,12.67953275239811,30.3331326847009
2025-10-13 19:35:47,56.98733456290099,12.67953275239811,30.3331326847009
2025-10-13 19:40:48,56.96917700527928,12.682932524031155,30.347890470689563
2025-10-13 19:45:49,56.96917700527928,12.682932524031155,30.347890470689563
2025-10-13 19:50:50,56.922796026738666,12.70872109401338,30.36848287924796
2025-10-13 19:55:51,56.922796026738666,12.70872109401338,30.36848287924796
2025-10-13 20:00:52,56.98692256196978,12.688733994505784,30.32434344352444
2025-10-13 20:05:53,56.98692256196978,12.688733994505784,30.32434344352444
2025-10-13 20:10:53,56.98813846109303,12.6813684234851,30.33049311542188
2025-10-14 13:04:04,57.48250554914925,12.389602372843251,30.12789207800749
2025-10-14 13:09:05,57.48250554914925,12.389602372843251,30.12789207800749
2025-10-14 13:14:06,57.45665606739052,12.368069126708251,30.175274805901232
2025-10-14 13:19:07,57.45665606739052,12.368069126708251,30.175274805901232
2025-10-14 13:24:08,57.44828931568588,12.377274206877804,30.17443647743632
2025-10-14 13:29:09,57.44828931568588,12.377274206877804,30.17443647743632
2025-10-14 13:32:20,57.430161864809016,12.39017793576343,30.179660199427552
2025-10-14 13:34:10,57.430161864809016,12.39017793576343,30.179660199427552
2025-10-14 13:37:21,57.430161864809016,12.39017793576343,30.179660199427552
2025-10-14 13:42:22,57.36248493050714,12.389684298001676,30.24783077149118
2025-10-14 13:44:11,57.36248493050714,12.389684298001676,30.24783077149118
2025-10-14 13:49:12,57.36248493050714,12.389684298001676,30.24783077149118
2025-10-14 13:52:24,57.41832874899582,12.391328368613632,30.19034288239055
2025-10-14 13:54:13,57.41832874899582,12.391328368613632,30.19034288239055
2025-10-14 13:59:14,57.41832874899582,12.391328368613632,30.19034288239055
2025-10-14 14:02:26,57.3609450391068,12.37015746792382,30.268897492969376
2025-10-14 14:04:15,57.3609450391068,12.37015746792382,30.268897492969376
2025-10-14 14:09:16,57.3609450391068,12.37015746792382,30.268897492969376
2025-10-14 14:12:27,57.38160349479764,12.365113241787173,30.25328326341519
2025-10-14 14:14:17,57.38160349479764,12.365113241787173,30.25328326341519
2025-10-14 14:19:18,57.38160349479764,12.365113241787173,30.25328326341519
2025-10-14 14:22:29,57.38204192883085,12.387536656306162,30.230421414862988
2025-10-14 14:24:18,57.38204192883085,12.387536656306162,30.230421414862988
2025-10-14 14:27:30,57.38204192883085,12.387536656306162,30.230421414862988
2025-10-14 14:29:19,57.38204192883085,12.387536656306162,30.230421414862988
2025-10-14 14:32:31,57.33984507749432,12.380399250780966,30.279755671724708
2025-10-14 14:39:21,57.33984507749432,12.380399250780966,30.279755671724708
2025-10-14 14:42:32,57.40359870718032,12.343073965742192,30.253327327077493
2025-10-14 14:47:33,57.40359870718032,12.343073965742192,30.253327327077493
2025-10-14 14:49:23,57.40359870718032,12.343073965742192,30.253327327077493
2025-10-14 14:52:34,57.35392453408733,12.392424118976434,30.25365134693623
2025-10-14 14:54:23,57.35392453408733,12.392424118976434,30.25365134693623
2025-10-14 14:57:30,57.35392453408733,12.392424118976434,30.25365134693623
2025-10-14 15:02:30,57.33891519295005,12.377320689597124,30.283764117452822
2025-10-14 15:07:31,57.33891519295005,12.377320689597124,30.283764117452822
2025-10-14 15:10:20,57.32830032608037,12.401632549417355,30.27006712450227
2025-10-14 15:12:41,57.32830032608037,12.401632549417355,30.27006712450227
2025-10-14 15:17:48,57.32830032608037,12.401632549417355,30.27006712450227
2025-10-14 15:22:48,57.34816573433492,12.361887385580122,30.28994688008496
2025-10-14 15:27:49,57.34816573433492,12.361887385580122,30.28994688008496
2025-10-14 15:32:50,57.29704323483445,12.400265807472824,30.30269095769272
2025-10-14 15:37:51,57.29704323483445,12.400265807472824,30.30269095769272
2025-10-14 15:42:52,57.29778732218638,12.402982736200515,30.299229941613103
2025-10-14 15:47:53,57.29778732218638,12.402982736200515,30.299229941613103
2025-10-14 15:52:05,57.26557061601738,12.448174018469976,30.286255365512645
2025-10-14 15:57:06,57.26557061601738,12.448174018469976,30.286255365512645
2025-10-14 16:02:07,57.18040976444978,12.503931314248987,30.315658921301235
2025-10-14 16:14:07,57.14522139778268,12.514352635909887,30.34042596630744
2025-10-14 16:19:08,57.14522139778268,12.514352635909887,30.34042596630744
2025-10-14 16:24:08,57.04661907779277,12.580193597157557,30.37318732504968
2025-10-14 16:29:10,57.04661907779277,12.580193597157557,30.37318732504968
2025-10-14 16:30:19,56.974297155311895,12.625228675279525,30.400474169408582
2025-10-14 16:34:11,56.974297155311895,12.625228675279525,30.400474169408582
2025-10-14 16:39:12,56.974297155311895,12.625228675279525,30.400474169408582
2025-10-14 16:40:21,56.93622967531603,12.641738188050322,30.42203213663365
2025-10-14 16:44:13,56.93622967531603,12.641738188050322,30.42203213663365
2025-10-14 16:45:22,56.93622967531603,12.641738188050322,30.42203213663365
2025-10-14 16:47:34,56.93622967531603,12.641738188050322,30.42203213663365
2025-10-14 16:52:35,57.00758378923943,12.635918135040008,30.35649807572056
2025-10-14 16:55:23,57.00758378923943,12.635918135040008,30.35649807572056
2025-10-14 16:59:09,57.00758378923943,12.635918135040008,30.35649807572056
2025-10-14 17:04:10,56.943363355364106,12.654191358687244,30.40244528594865
2025-10-14 17:09:10,56.943363355364106,12.654191358687244,30.40244528594865
2025-10-14 17:14:11,56.99569013064586,12.625510633299278,30.37879923605486
2025-10-14 17:19:12,56.99569013064586,12.625510633299278,30.37879923605486
2025-10-14 17:24:13,56.98729286773088,12.631248079211812,30.381459053057306
2025-10-14 17:29:14,56.98729286773088,12.631248079211812,30.381459053057306
2025-10-14 17:34:15,56.983489134833576,12.62442436751185,30.39208649765457
2025-10-14 17:39:16,56.983489134833576,12.62442436751185,30.39208649765457
2025-10-14 17:44:17,57.012676614740485,12.606039949787872,30.381283435471644
2025-10-14 17:49:18,57.012676614740485,12.606039949787872,30.381283435471644
2025-10-14 17:50:20,57.06541737351208,12.592431590949412,30.34215103553851
2025-10-14 17:54:39,57.06541737351208,12.592431590949412,30.34215103553851
2025-10-14 18:01:50,57.06730244122619,12.579874397188792,30.35282316158501
2025-10-14 18:06:51,57.06730244122619,12.579874397188792,30.35282316158501
2025-10-14 18:09:57,57.06730244122619,12.579874397188792,30.35282316158501
2025-10-14 18:14:58,57.080402906774566,12.577173317277856,30.342423775947577
2025-10-14 18:19:59,57.080402906774566,12.577173317277856,30.342423775947577
2025-10-14 18:25:00,57.08014869981953,12.595325254399745,30.32452604578072
2025-10-14 18:27:15,57.08014869981953,12.595325254399745,30.32452604578072
2025-10-14 18:32:16,57.08922923617886,12.590951655412429,30.31981910840872
2025-10-14 18:42:06,57.09451254023573,12.57369468371311,30.33179277605116
2025-10-14 18:49:34,57.09451254023573,12.57369468371311,30.33179277605116
2025-10-14 18:54:35,57.10458942854572,12.567722606468088,30.3276879649862
2025-10-14 18:59:36,57.10458942854572,12.567722606468088,30.3276879649862
2025-10-14 19:04:37,57.08305707597562,12.59897328641078,30.3179696376136
2025-10-14 19:09:38,57.08305707597562,12.59897328641078,30.3179696376136
2025-10-14 19:12:59,57.08850366660168,12.618948634609715,30.29254769878861
2025-10-14 19:18:00,57.08850366660168,12.618948634609715,30.29254769878861
2025-10-14 19:23:44,57.10211802630694,12.610294975442407,30.287586998250653
2025-10-14 19:28:45,57.10211802630694,12.610294975442407,30.287586998250653
2025-10-14 19:33:46,57.08982936675273,12.625459639404108,30.284710993843163
2025-10-15 14:46:46,57.03405865957289,12.53818484674431,30.4277564936828
2025-10-15 15:01:47,57.07698573198287,12.511876917085694,30.41113735093144
2025-10-15 15:21:49,57.1020190455412,12.492393859861982,30.40558709459681
2025-10-15 15:26:51,57.11462592447346,12.490755404544531,30.394618670982013
2025-10-15 15:31:52,57.11462592447346,12.490755404544531,30.394618670982013
2025-10-15 15:35:33,57.17625142512491,12.476764997977144,30.346983576897948
2025-10-15 15:36:53,57.17625142512491,12.476764997977144,30.346983576897948
2025-10-15 15:41:53,57.17625142512491,12.476764997977144,30.346983576897948
2025-10-15 15:45:34,57.17860129746689,12.456175409215463,30.365223293317644
2025-10-15 15:50:35,57.17860129746689,12.456175409215463,30.365223293317644
2025-10-15 15:51:54,57.17860129746689,12.456175409215463,30.365223293317644
2025-10-15 15:55:36,57.1973388857038,12.42542179523194,30.37723931906426
2025-10-15 15:56:55,57.1973388857038,12.42542179523194,30.37723931906426
2025-10-15 16:00:37,57.1973388857038,12.42542179523194,30.37723931906426
2025-10-15 16:01:56,57.1973388857038,12.42542179523194,30.37723931906426
2025-10-15 16:05:38,57.22856513313397,12.440689106350094,30.33074576051594
2025-10-15 16:06:57,57.22856513313397,12.440689106350094,30.33074576051594
2025-10-15 16:10:39,57.22856513313397,12.440689106350094,30.33074576051594
2025-10-15 16:11:58,57.22856513313397,12.440689106350094,30.33074576051594
2025-10-15 16:15:40,57.2453555837429,12.438891049827395,30.315753366429703
2025-10-15 16:16:59,57.2453555837429,12.438891049827395,30.315753366429703
2025-10-15 16:20:40,57.2453555837429,12.438891049827395,30.315753366429703
2025-10-15 16:22:00,57.2453555837429,12.438891049827395,30.315753366429703
2025-10-15 16:25:41,57.23491793014757,12.464841380242476,30.30024068960996
2025-10-15 16:27:01,57.23491793014757,12.464841380242476,30.30024068960996
2025-10-15 16:30:42,57.23491793014757,12.464841380242476,30.30024068960996
2025-10-15 16:32:02,57.23491793014757,12.464841380242476,30.30024068960996
2025-10-15 16:35:43,57.205304825378725,12.463153901922546,30.33154127269873
2025-10-15 16:37:02,57.205304825378725,12.463153901922546,30.33154127269873
2025-10-15 16:40:44,57.205304825378725,12.463153901922546,30.33154127269873
2025-10-15 16:42:03,57.205304825378725,12.463153901922546,30.33154127269873
2025-10-15 16:45:45,57.20476463071456,12.456599048690808,30.33863632059464
2025-10-15 16:47:04,57.20476463071456,12.456599048690808,30.33863632059464
2025-10-15 16:50:46,57.20476463071456,12.456599048690808,30.33863632059464
2025-10-15 16:52:05,57.20476463071456,12.456599048690808,30.33863632059464
2025-10-15 16:55:46,57.136752209357546,12.46650933571262,30.396738454929835
2025-10-15 16:57:06,57.136752209357546,12.46650933571262,30.396738454929835
2025-10-15 17:00:47,57.136752209357546,12.46650933571262,30.396738454929835
2025-10-15 17:02:07,57.136752209357546,12.46650933571262,30.396738454929835
2025-10-15 17:05:48,57.18348479108547,12.419395928936002,30.39711927997853
2025-10-15 17:07:07,57.18348479108547,12.419395928936002,30.39711927997853
2025-10-15 17:10:49,57.18348479108547,12.419395928936002,30.39711927997853
2025-10-15 17:12:08,57.18348479108547,12.419395928936002,30.39711927997853
2025-10-15 17:15:50,57.2119122398571,12.39409678678783,30.39399097335507
2025-10-15 17:17:09,57.2119122398571,12.39409678678783,30.39399097335507
2025-10-15 17:20:51,57.2119122398571,12.39409678678783,30.39399097335507
2025-10-15 17:22:10,57.2119122398571,12.39409678678783,30.39399097335507
2025-10-15 17:25:52,57.28576322020745,12.38816632764189,30.32607045215066
2025-10-15 17:27:11,57.28576322020745,12.38816632764189,30.32607045215066
2025-10-15 17:30:52,57.28576322020745,12.38816632764189,30.32607045215066
2025-10-15 17:32:12,57.28576322020745,12.38816632764189,30.32607045215066
2025-10-15 17:35:53,57.2750092886802,12.392889977227345,30.332100734092457
2025-10-15 17:37:13,57.2750092886802,12.392889977227345,30.332100734092457
2025-10-15 17:40:54,57.2750092886802,12.392889977227345,30.332100734092457
2025-10-15 17:42:14,57.2750092886802,12.392889977227345,30.332100734092457
2025-10-15 17:45:55,57.27707423074941,12.429390003286075,30.29353576596452
2025-10-15 17:47:14,57.27707423074941,12.429390003286075,30.29353576596452
2025-10-15 17:50:56,57.27707423074941,12.429390003286075,30.29353576596452
2025-10-15 17:52:15,57.27707423074941,12.429390003286075,30.29353576596452
2025-10-15 17:55:57,57.270984850361565,12.437894058424162,30.291121091214272
2025-10-15 17:57:16,57.270984850361565,12.437894058424162,30.291121091214272
2025-10-15 18:00:58,57.270984850361565,12.437894058424162,30.291121091214272
2025-10-15 18:02:17,57.270984850361565,12.437894058424162,30.291121091214272
2025-10-15 18:05:59,57.26569413559272,12.44334051250617,30.290965351901114
2025-10-15 18:07:18,57.26569413559272,12.44334051250617,30.290965351901114
2025-10-15 18:10:59,57.26569413559272,12.44334051250617,30.290965351901114
2025-10-15 18:12:19,57.26569413559272,12.44334051250617,30.290965351901114
2025-10-15 18:16:00,57.26567875162334,12.443337169702552,30.290984078674107
2025-10-15 18:17:20,57.26567875162334,12.443337169702552,30.290984078674107
2025-10-15 18:21:01,57.26567875162334,12.443337169702552,30.290984078674107
2025-10-15 18:22:20,57.26567875162334,12.443337169702552,30.290984078674107
2025-10-15 18:26:02,57.27454848930805,12.44902926078612,30.276422249905828
2025-10-15 18:27:21,57.27454848930805,12.44902926078612,30.276422249905828
2025-10-15 18:31:03,57.27454848930805,12.44902926078612,30.276422249905828
2025-10-15 18:32:22,57.27454848930805,12.44902926078612,30.276422249905828
2025-10-15 18:36:04,57.28414188160795,12.453499882599196,30.262358235792853
2025-10-15 18:37:23,57.28414188160795,12.453499882599196,30.262358235792853
2025-10-15 18:41:05,57.28414188160795,12.453499882599196,30.262358235792853
2025-10-15 18:42:24,57.28414188160795,12.453499882599196,30.262358235792853
2025-10-15 18:46:06,57.30779854671032,12.448624992833471,30.243576460456204
2025-10-15 18:47:25,57.30779854671032,12.448624992833471,30.243576460456204
2025-10-15 18:51:06,57.30779854671032,12.448624992833471,30.243576460456204
2025-10-15 18:52:26,57.30779854671032,12.448624992833471,30.243576460456204
2025-10-15 18:56:07,57.28702801629567,12.46148165307573,30.2514903306286
2025-10-15 18:57:27,57.28702801629567,12.46148165307573,30.2514903306286
2025-10-15 18:59:01,57.28702801629567,12.46148165307573,30.2514903306286
2025-10-15 19:01:09,57.28702801629567,12.46148165307573,30.2514903306286
2025-10-15 19:06:10,57.27499808545497,12.462924686172054,30.26207722837298
2025-10-15 19:16:11,57.30081081766991,12.447234683213685,30.2519544991164
2025-10-15 19:21:12,57.30081081766991,12.447234683213685,30.2519544991164
2025-10-15 19:26:12,57.32535849838071,12.467944171291434,30.206697330327856
2025-10-15 19:31:13,57.32535849838071,12.467944171291434,30.206697330327856
2025-10-15 19:36:14,57.3116529350016,12.463515876484264,30.22483118851413
2025-10-15 19:41:15,57.3116529350016,12.463515876484264,30.22483118851413
2025-10-15 19:46:16,57.33117635866047,12.451544801205486,30.217278840134043
2025-10-15 19:51:17,57.33117635866047,12.451544801205486,30.217278840134043
2025-10-15 19:56:18,57.36670496403936,12.437803834175504,30.19549120178513
2025-10-15 20:01:19,57.36670496403936,12.437803834175504,30.19549120178513
2025-10-15 20:06:19,57.4039643459294,12.447170330841626,30.14886532322898
2025-10-15 20:11:20,57.4039643459294,12.447170330841626,30.14886532322898
2025-10-15 20:16:21,57.40467303887327,12.428802530706012,30.16652443042072
2025-10-15 20:21:22,57.40467303887327,12.428802530706012,30.16652443042072
2025-10-15 20:26:23,57.3912200914071,12.43942926519735,30.16935064339555
2025-10-15 20:31:24,57.3912200914071,12.43942926519735,30.16935064339555
2025-10-15 20:36:25,57.41842062163005,12.383195305973713,30.19838407239624
2025-10-15 20:41:26,57.41842062163005,12.383195305973713,30.19838407239624
2025-10-15 20:46:26,57.44134346527866,12.43677037202611,30.121886162695223
2025-10-15 20:51:27,57.44134346527866,12.43677037202611,30.121886162695223
2025-10-15 20:56:28,57.426498536905314,12.426826065794888,30.1466753972998
2025-10-15 21:01:29,57.426498536905314,12.426826065794888,30.1466753972998
2025-10-15 21:06:30,57.445528118509095,12.41130962050645,30.14316226098445
2025-10-15 21:11:31,57.445528118509095,12.41130962050645,30.14316226098445
2025-10-15 21:16:31,57.41685819439577,12.406182346404544,30.176959459199683
2025-10-15 21:21:32,57.41685819439577,12.406182346404544,30.176959459199683
2025-10-15 21:26:33,57.42066710116958,12.422765644333838,30.156567254496583
2025-10-15 21:31:34,57.42066710116958,12.422765644333838,30.156567254496583
2025-10-15 21:41:50,57.38128705370833,12.445791875529403,30.17292107076227
2025-10-15 21:46:51,57.425271918770434,12.420099411052012,30.15462867017755
2025-10-15 21:51:52,57.425271918770434,12.420099411052012,30.15462867017755
2025-10-15 21:56:52,57.43702063892846,12.396816530916258,30.166162830155283
2025-10-15 22:01:53,57.43702063892846,12.396816530916258,30.166162830155283
2025-10-15 22:06:54,57.44609053471743,12.416465537916327,30.13744392736624
2025-10-15 22:11:55,57.44609053471743,12.416465537916327,30.13744392736624
2025-10-15 22:16:56,57.41621605223541,12.425409795826466,30.15837415193812
2025-10-15 22:21:57,57.41621605223541,12.425409795826466,30.15837415193812
2025-10-15 22:26:58,57.452178161841125,12.406386830416668,30.141435007742206
2025-10-15 22:31:58,57.452178161841125,12.406386830416668,30.141435007742206
2025-10-15 22:36:59,57.44652985782558,12.409229765694327,30.14424037648009
2025-10-15 22:42:00,57.44652985782558,12.409229765694327,30.14424037648009
2025-10-15 22:47:01,57.430863103271214,12.427363393907626,30.14177350282116
2025-10-15 22:52:02,57.430863103271214,12.427363393907626,30.14177350282116
2025-10-15 22:57:02,57.41218211618381,12.424879744348653,30.162938139467546
2025-10-15 23:02:03,57.41218211618381,12.424879744348653,30.162938139467546
2025-10-15 23:07:04,57.39356324340078,12.433862645201335,30.17257411139789
2025-10-15 23:12:05,57.39356324340078,12.433862645201335,30.17257411139789
2025-10-15 23:17:06,57.37275927613679,12.46460499037387,30.16263573348934
2025-10-15 23:22:07,57.37275927613679,12.46460499037387,30.16263573348934
2025-10-15 23:27:08,57.38238712510905,12.44650869809336,30.17110417679759
2025-10-15 23:32:09,57.38238712510905,12.44650869809336,30.17110417679759
2025-10-15 23:37:10,57.35170928938468,12.471030290727237,30.17726041988809
2025-10-15 23:42:10,57.35170928938468,12.471030290727237,30.17726041988809
2025-10-15 23:47:11,57.32928691938355,12.473682953926176,30.197030126690272
2025-10-15 23:52:12,57.32928691938355,12.473682953926176,30.197030126690272
2025-10-15 23:57:13,57.31242744588615,12.467979875302618,30.21959267881123
2025-10-16 00:02:14,57.31242744588615,12.467979875302618,30.21959267881123
2025-10-16 00:07:15,57.29179199200784,12.492960655467856,30.215247352524308
2025-10-16 00:12:16,57.29179199200784,12.492960655467856,30.215247352524308
2025-10-16 00:17:16,57.29092696691994,12.492772029418411,30.21630100366165
2025-10-16 00:22:17,57.29092696691994,12.492772029418411,30.21630100366165
2025-10-16 00:27:18,57.27838210841283,12.5034748929734,30.21814299861377
2025-10-16 00:32:19,57.27838210841283,12.5034748929734,30.21814299861377
2025-10-16 00:37:20,57.270667992572754,12.498216189197308,30.23111581822993
2025-10-16 00:42:20,57.270667992572754,12.498216189197308,30.23111581822993
2025-10-16 00:47:21,57.2420753309106,12.50071174182402,30.257212927265385
2025-10-16 00:52:22,57.2420753309106,12.50071174182402,30.257212927265385
2025-10-16 00:57:23,57.23505514615752,12.49724153080542,30.26770332303706
2025-10-16 01:02:24,57.23505514615752,12.49724153080542,30.26770332303706
2025-10-16 01:07:25,57.24101335291624,12.504258286832812,30.254728360250954
2025-10-16 01:12:25,57.24101335291624,12.504258286832812,30.254728360250954
2025-10-16 01:17:26,57.245861681361966,12.50544304740742,30.248695271230616
2025-10-16 01:22:27,57.245861681361966,12.50544304740742,30.248695271230616
2025-10-16 01:27:28,57.24864601885885,12.486175576493864,30.265178404647287
2025-10-16 01:32:29,57.24864601885885,12.486175576493864,30.265178404647287
2025-10-16 01:37:29,57.26069917867208,12.490306222268453,30.248994599059465
2025-10-16 01:42:30,57.26069917867208,12.490306222268453,30.248994599059465
2025-10-16 01:47:31,57.25353111001649,12.495954281524323,30.250514608459188
2025-10-16 01:52:32,57.25353111001649,12.495954281524323,30.250514608459188
2025-10-16 01:57:33,57.25411421173855,12.493956966243736,30.25192882201772
2025-10-16 02:02:34,57.25411421173855,12.493956966243736,30.25192882201772
2025-10-16 02:07:35,57.2589404679341,12.48949972915436,30.251559802911537
2025-10-16 02:12:35,57.2589404679341,12.48949972915436,30.251559802911537
2025-10-16 02:17:36,57.24801956695504,12.50797727145691,30.244003161588047
2025-10-16 02:22:37,57.24801956695504,12.50797727145691,30.244003161588047
2025-10-16 02:27:38,57.24987887729709,12.507968766560923,30.242152356141982
2025-10-16 11:03:15,57.152400548809766,12.578940730641932,30.268658720548306
2025-10-16 11:08:15,57.15196787738963,12.562904506401257,30.28512761620912
2025-10-16 11:13:16,57.15196787738963,12.562904506401257,30.28512761620912
2025-10-16 11:18:17,57.151180413920656,12.561401891604588,30.287417694474755
2025-10-16 11:23:18,57.151180413920656,12.561401891604588,30.287417694474755
2025-10-16 11:28:19,57.16094937982715,12.573263549695929,30.26578707047692
2025-10-16 11:33:20,57.16094937982715,12.573263549695929,30.26578707047692
2025-10-16 11:38:21,57.15488970380963,12.573446581328795,30.27166371486157
2025-10-16 11:43:21,57.15488970380963,12.573446581328795,30.27166371486157
2025-10-16 11:48:22,57.12949328885134,12.612329571165851,30.25817713998281
2025-10-16 11:53:23,57.12949328885134,12.612329571165851,30.25817713998281
2025-10-16 11:58:24,57.09804831376131,12.601927133967813,30.30002455227088
2025-10-16 12:03:25,57.09804831376131,12.601927133967813,30.30002455227088
2025-10-16 12:08:26,57.11024031770374,12.60420087159303,30.28555881070323
2025-10-16 12:13:27,57.11024031770374,12.60420087159303,30.28555881070323
2025-10-16 12:18:28,57.110163515669576,12.604183921423312,30.28565256290711
2025-10-16 12:23:29,57.110163515669576,12.604183921423312,30.28565256290711
2025-10-16 12:33:29,57.160617577665406,12.55175943030539,30.28762299202921
2025-10-16 12:38:30,57.12677432053263,12.56555248928978,30.3076731901776
2025-10-16 12:43:31,57.12677432053263,12.56555248928978,30.3076731901776
2025-10-16 12:48:32,57.11814819757186,12.567726143574736,30.3141256588534
2025-10-16 12:53:33,57.11814819757186,12.567726143574736,30.3141256588534
2025-10-16 12:58:34,57.10032461036872,12.568062996262377,30.331612393368907
2025-10-16 13:03:35,57.10032461036872,12.568062996262377,30.331612393368907
2025-10-16 13:08:36,57.10810342114583,12.57249052370252,30.319406055151653
2025-10-16 13:13:36,57.10810342114583,12.57249052370252,30.319406055151653
2025-10-16 13:18:37,57.08735007980612,12.58207768072555,30.330572239468328
2025-10-16 13:23:38,57.08735007980612,12.58207768072555,30.330572239468328
2025-10-16 13:28:39,57.07755417205762,12.57969387502327,30.342751952919112
2025-10-16 13:33:40,57.07755417205762,12.57969387502327,30.342751952919112
2025-10-16 13:38:41,57.07874322646679,12.58997203466284,30.33128473887037
2025-10-16 13:43:42,57.07874322646679,12.58997203466284,30.33128473887037
2025-10-16 13:48:43,57.07595351572565,12.585284503943372,30.33876198033098
2025-10-16 13:53:44,57.07595351572565,12.585284503943372,30.33876198033098
2025-10-16 13:58:45,57.09611662168036,12.542958357783782,30.36092502053586
2025-10-16 14:03:45,57.09611662168036,12.542958357783782,30.36092502053586
2025-10-16 14:08:46,57.12187698993386,12.52860465944758,30.34951835061856
2025-10-16 14:13:47,57.12187698993386,12.52860465944758,30.34951835061856
2025-10-16 14:18:48,57.12551328388098,12.505194982525929,30.36929173359309
2025-10-16 14:23:49,57.12551328388098,12.505194982525929,30.36929173359309
2025-10-16 14:28:50,57.15073753282586,12.518139665114068,30.33112280206008
2025-10-16 14:33:51,57.15073753282586,12.518139665114068,30.33112280206008
2025-10-16 14:38:52,57.18384351028847,12.53894773853699,30.27720875117454
2025-10-16 14:43:53,57.18384351028847,12.53894773853699,30.27720875117454
2025-10-16 14:48:53,57.125747694089135,12.592515477655327,30.28173682825554
2025-10-16 14:53:54,57.125747694089135,12.592515477655327,30.28173682825554
2025-10-16 14:59:14,57.118093768310274,12.575581558329588,30.306324673360137
2025-10-16 15:03:56,57.118093768310274,12.575581558329588,30.306324673360137
2025-10-16 15:08:57,57.13518593878606,12.55646840178177,30.30834565943217
2025-10-16 15:13:57,57.13518593878606,12.55646840178177,30.30834565943217
2025-10-16 15:18:58,57.16058920698551,12.554375845073102,30.285034947941384
2025-10-16 15:23:59,57.16058920698551,12.554375845073102,30.285034947941384
2025-10-16 15:29:00,57.13982118353263,12.550558149013794,30.30962066745357
2025-10-16 15:34:01,57.13982118353263,12.550558149013794,30.30962066745357
2025-10-16 15:39:02,57.19349069331479,12.516295737001098,30.29021356968412
2025-10-16 15:44:20,57.19349069331479,12.516295737001098,30.29021356968412
2025-10-16 15:49:03,57.170720601682525,12.503193751378072,30.326085646939404
2025-10-16 15:54:04,57.170720601682525,12.503193751378072,30.326085646939404
2025-10-16 15:59:05,57.161239630316174,12.48781881434806,30.35094155533577
2025-10-16 16:04:22,57.161239630316174,12.48781881434806,30.35094155533577
2025-10-16 16:09:06,57.256037428201125,12.436336908665703,30.30762566313317
2025-10-16 16:14:06,57.256037428201125,12.436336908665703,30.30762566313317
2025-10-16 16:19:08,57.22984902915957,12.464565174341582,30.30558579649885
2025-10-16 16:24:25,57.22984902915957,12.464565174341582,30.30558579649885
2025-10-16 16:34:26,57.1974139152486,12.432828342670229,30.369757742081177
2025-10-16 16:39:09,57.18640079310629,12.41388178774166,30.399717419152047
2025-10-16 16:44:10,57.18640079310629,12.41388178774166,30.399717419152047
2025-10-16 16:49:11,57.128899271387546,12.471793896074928,30.39930683253753
2025-10-16 16:54:12,57.128899271387546,12.471793896074928,30.39930683253753
2025-10-16 16:59:12,57.11992018815165,12.503884475872685,30.376195335975662
2025-10-16 17:14:13,57.07803927661532,12.51999645798996,30.40196426539472
2025-10-16 17:26:34,57.03612489249407,12.537861657873073,30.426013449632865
2025-10-16 17:31:35,57.06632502642233,12.52762719598575,30.40604777759192
2025-10-16 17:38:48,57.0685635506696,12.53223820897082,30.39919824035959
2025-10-16 17:41:36,57.0685635506696,12.53223820897082,30.39919824035959
2025-10-16 17:46:37,57.0685635506696,12.53223820897082,30.39919824035959
2025-10-16 17:48:49,57.102787470357896,12.512772064877009,30.3844404647651
2025-10-16 17:51:38,57.102787470357896,12.512772064877009,30.3844404647651
2025-10-16 17:53:50,57.102787470357896,12.512772064877009,30.3844404647651
2025-10-16 17:56:39,57.102787470357896,12.512772064877009,30.3844404647651
2025-10-16 17:58:51,57.08321329616479,12.510003101792073,30.40678360204313
2025-10-16 18:01:40,57.08321329616479,12.510003101792073,30.40678360204313
2025-10-16 18:03:51,57.08321329616479,12.510003101792073,30.40678360204313
2025-10-16 18:06:41,57.08321329616479,12.510003101792073,30.40678360204313
2025-10-16 18:08:52,57.06154255571716,12.508587978827231,30.42986946545561
2025-10-16 18:11:42,57.06154255571716,12.508587978827231,30.42986946545561
2025-10-16 18:13:53,57.06154255571716,12.508587978827231,30.42986946545561
2025-10-16 18:16:43,57.06154255571716,12.508587978827231,30.42986946545561
2025-10-16 18:18:54,57.057530477398736,12.507708482192962,30.434761040408304
2025-10-16 18:21:44,57.057530477398736,12.507708482192962,30.434761040408304
2025-10-16 18:23:55,57.057530477398736,12.507708482192962,30.434761040408304
2025-10-16 18:26:45,57.057530477398736,12.507708482192962,30.434761040408304
2025-10-16 18:28:56,57.13419884581449,12.484572354402331,30.38122879978318
2025-10-16 18:31:46,57.13419884581449,12.484572354402331,30.38122879978318
2025-10-16 18:33:56,57.13419884581449,12.484572354402331,30.38122879978318
2025-10-16 18:36:46,57.13419884581449,12.484572354402331,30.38122879978318
2025-10-16 18:38:57,57.16109062243333,12.463733220280352,30.37517615728632
2025-10-16 18:41:47,57.16109062243333,12.463733220280352,30.37517615728632
2025-10-16 18:43:58,57.16109062243333,12.463733220280352,30.37517615728632
2025-10-16 18:46:48,57.16109062243333,12.463733220280352,30.37517615728632
2025-10-16 18:48:59,57.1721061278442,12.47186458314495,30.35602928901085
2025-10-16 18:51:49,57.1721061278442,12.47186458314495,30.35602928901085
2025-10-16 18:54:00,57.1721061278442,12.47186458314495,30.35602928901085
2025-10-16 18:56:50,57.1721061278442,12.47186458314495,30.35602928901085
2025-10-16 18:59:01,57.17378369018815,12.461259274221408,30.36495703559044
2025-10-16 19:01:51,57.17378369018815,12.461259274221408,30.36495703559044
2025-10-16 19:04:01,57.17378369018815,12.461259274221408,30.36495703559044
2025-10-16 19:06:51,57.17378369018815,12.461259274221408,30.36495703559044
2025-10-16 19:09:02,57.21943041771828,12.43079414598184,30.349775436299883
2025-10-16 19:11:52,57.21943041771828,12.43079414598184,30.349775436299883
2025-10-16 19:14:03,57.21943041771828,12.43079414598184,30.349775436299883
2025-10-16 19:16:53,57.21943041771828,12.43079414598184,30.349775436299883
2025-10-16 19:19:04,57.20413534347853,12.45125738992266,30.344607266598807
2025-10-16 19:21:54,57.20413534347853,12.45125738992266,30.344607266598807
2025-10-16 19:24:05,57.20413534347853,12.45125738992266,30.344607266598807
2025-10-16 19:26:55,57.20413534347853,12.45125738992266,30.344607266598807
2025-10-16 19:29:06,57.21028195161468,12.423351701633797,30.36636634675153
2025-10-16 19:31:56,57.21028195161468,12.423351701633797,30.36636634675153
2025-10-16 19:34:07,57.21028195161468,12.423351701633797,30.36636634675153
2025-10-16 19:36:57,57.21028195161468,12.423351701633797,30.36636634675153
2025-10-16 19:39:07,57.25190772125048,12.414466843944451,30.33362543480507
2025-10-16 19:41:57,57.25190772125048,12.414466843944451,30.33362543480507
2025-10-16 19:44:08,57.25190772125048,12.414466843944451,30.33362543480507
2025-10-16 19:46:58,57.25190772125048,12.414466843944451,30.33362543480507
2025-10-16 19:49:09,57.31349878665141,12.406443795811034,30.28005741753756
2025-10-16 19:51:59,57.31349878665141,12.406443795811034,30.28005741753756
2025-10-16 19:54:10,57.31349878665141,12.406443795811034,30.28005741753756
2025-10-16 19:57:00,57.31349878665141,12.406443795811034,30.28005741753756
2025-10-16 19:59:11,57.33251550593855,12.431657046265524,30.235827447795923
2025-10-16 20:02:01,57.33251550593855,12.431657046265524,30.235827447795923
2025-10-16 20:04:12,57.33251550593855,12.431657046265524,30.235827447795923
2025-10-16 20:07:02,57.33251550593855,12.431657046265524,30.235827447795923
2025-10-16 20:09:13,57.32570502330952,12.405389159925296,30.268905816765184
2025-10-16 20:12:02,57.32570502330952,12.405389159925296,30.268905816765184
2025-10-16 20:14:13,57.32570502330952,12.405389159925296,30.268905816765184
2025-10-16 20:17:03,57.32570502330952,12.405389159925296,30.268905816765184
2025-10-16 20:19:14,57.31451225720481,12.412153408858526,30.273334333936663
2025-10-16 20:22:35,57.31451225720481,12.412153408858526,30.273334333936663
2025-10-16 20:24:15,57.31451225720481,12.412153408858526,30.273334333936663
2025-10-16 20:27:19,57.32602914291359,12.410756039659542,30.263214817426867
2025-10-16 20:29:16,57.32602914291359,12.410756039659542,30.263214817426867
2025-10-16 20:32:20,57.32602914291359,12.410756039659542,30.263214817426867
2025-10-16 20:34:17,57.32602914291359,12.410756039659542,30.263214817426867
2025-10-16 20:37:21,57.34551933456491,12.375010610814623,30.279470054620464
2025-10-16 20:39:17,57.34551933456491,12.375010610814623,30.279470054620464
2025-10-16 20:42:22,57.34551933456491,12.375010610814623,30.279470054620464
2025-10-16 20:44:18,57.34551933456491,12.375010610814623,30.279470054620464
2025-10-16 20:47:23,57.38433999966573,12.378947607401312,30.23671239293296
2025-10-16 20:49:19,57.38433999966573,12.378947607401312,30.23671239293296
2025-10-16 20:52:24,57.38433999966573,12.378947607401312,30.23671239293296
2025-10-16 20:54:20,57.38433999966573,12.378947607401312,30.23671239293296
2025-10-16 20:57:25,57.35081687980659,12.41416687915667,30.235016241036742
2025-10-16 20:59:21,57.35081687980659,12.41416687915667,30.235016241036742
2025-10-16 21:02:26,57.35081687980659,12.41416687915667,30.235016241036742
2025-10-16 21:04:22,57.35081687980659,12.41416687915667,30.235016241036742
2025-10-16 21:07:27,57.37037519858434,12.406486708561248,30.223138092854413
2025-10-16 21:09:22,57.37037519858434,12.406486708561248,30.223138092854413
2025-10-16 21:12:28,57.37037519858434,12.406486708561248,30.223138092854413
2025-10-16 21:14:23,57.37037519858434,12.406486708561248,30.223138092854413
2025-10-16 21:17:28,57.36787103452926,12.402773259590855,30.229355705879883
2025-10-16 21:19:24,57.36787103452926,12.402773259590855,30.229355705879883
2025-10-16 21:24:25,57.36787103452926,12.402773259590855,30.229355705879883
2025-10-16 21:29:26,57.34581674464437,12.412010192007012,30.242173063348613
2025-10-16 21:32:29,57.34581674464437,12.412010192007012,30.242173063348613
2025-10-16 21:34:27,57.34581674464437,12.412010192007012,30.242173063348613
2025-10-16 21:37:30,57.3362771540827,12.426857126898168,30.23686571901913
2025-10-16 21:39:28,57.3362771540827,12.426857126898168,30.23686571901913
2025-10-16 21:42:31,57.3362771540827,12.426857126898168,30.23686571901913
2025-10-16 21:44:28,57.3362771540827,12.426857126898168,30.23686571901913
2025-10-16 21:47:32,57.327026315269066,12.421777403694463,30.25119628103647
2025-10-16 21:49:29,57.327026315269066,12.421777403694463,30.25119628103647
2025-10-16 21:52:33,57.327026315269066,12.421777403694463,30.25119628103647
2025-10-16 21:54:30,57.327026315269066,12.421777403694463,30.25119628103647
2025-10-16 21:57:33,57.33404354065893,12.42056659400244,30.245389865338627
2025-10-16 21:59:31,57.33404354065893,12.42056659400244,30.245389865338627
2025-10-16 22:02:34,57.33404354065893,12.42056659400244,30.245389865338627
2025-10-16 22:04:32,57.33404354065893,12.42056659400244,30.245389865338627
2025-10-16 22:07:35,57.30926273749246,12.423586240076109,30.267151022431435
2025-10-16 22:09:33,57.30926273749246,12.423586240076109,30.267151022431435
2025-10-16 22:12:36,57.30926273749246,12.423586240076109,30.267151022431435
2025-10-16 22:14:33,57.30926273749246,12.423586240076109,30.267151022431435
2025-10-16 22:17:37,57.3108079370709,12.408745823127912,30.28044623980119
2025-10-16 22:19:34,57.3108079370709,12.408745823127912,30.28044623980119
2025-10-16 22:22:38,57.3108079370709,12.408745823127912,30.28044623980119
2025-10-16 22:24:35,57.3108079370709,12.408745823127912,30.28044623980119
2025-10-16 22:27:39,57.28686986245407,12.438215178510646,30.27491495903529
2025-10-16 22:29:36,57.28686986245407,12.438215178510646,30.27491495903529
2025-10-16 22:32:39,57.28686986245407,12.438215178510646,30.27491495903529
2025-10-16 22:34:37,57.28686986245407,12.438215178510646,30.27491495903529
2025-10-16 22:37:40,57.271960619248986,12.436139902436365,30.291899478314647
2025-10-16 22:39:38,57.271960619248986,12.436139902436365,30.291899478314647
2025-10-16 22:42:41,57.271960619248986,12.436139902436365,30.291899478314647
2025-10-16 22:44:38,57.271960619248986,12.436139902436365,30.291899478314647
2025-10-16 22:47:42,57.27156298794288,12.448246377401674,30.280190634655447
2025-10-16 22:49:39,57.27156298794288,12.448246377401674,30.280190634655447
2025-10-16 22:52:43,57.27156298794288,12.448246377401674,30.280190634655447
2025-10-16 22:54:40,57.27156298794288,12.448246377401674,30.280190634655447
2025-10-16 22:57:44,57.28987199942451,12.45006262559702,30.260065374978467
2025-10-16 22:59:41,57.28987199942451,12.45006262559702,30.260065374978467
2025-10-16 23:02:44,57.28987199942451,12.45006262559702,30.260065374978467
2025-10-16 23:04:42,57.28987199942451,12.45006262559702,30.260065374978467
2025-10-16 23:07:45,57.30867241043693,12.442699125516892,30.24862846404617
2025-10-16 23:09:43,57.30867241043693,12.442699125516892,30.24862846404617
2025-10-16 23:12:46,57.30867241043693,12.442699125516892,30.24862846404617
2025-10-16 23:14:43,57.30867241043693,12.442699125516892,30.24862846404617
2025-10-16 23:17:47,57.30217830912792,12.467264020217444,30.23055767065464
2025-10-16 23:19:44,57.30217830912792,12.467264020217444,30.23055767065464
2025-10-16 23:22:48,57.30217830912792,12.467264020217444,30.23055767065464
2025-10-16 23:24:45,57.30217830912792,12.467264020217444,30.23055767065464
2025-10-16 23:27:49,57.296269893240535,12.468653153200467,30.235076953559
2025-10-16 23:29:46,57.296269893240535,12.468653153200467,30.235076953559
2025-10-16 23:32:49,57.296269893240535,12.468653153200467,30.235076953559
2025-10-16 23:34:47,57.296269893240535,12.468653153200467,30.235076953559
2025-10-16 23:37:50,57.28836423809799,12.47471500329694,30.23692075860507
2025-10-16 23:39:48,57.28836423809799,12.47471500329694,30.23692075860507
2025-10-16 23:42:51,57.28836423809799,12.47471500329694,30.23692075860507
2025-10-16 23:44:48,57.28836423809799,12.47471500329694,30.23692075860507
2025-10-16 23:47:52,57.26936410717848,12.482146978452448,30.24848891436908
2025-10-16 23:49:49,57.26936410717848,12.482146978452448,30.24848891436908
2025-10-16 23:52:53,57.26936410717848,12.482146978452448,30.24848891436908
2025-10-16 23:54:50,57.26936410717848,12.482146978452448,30.24848891436908
2025-10-16 23:57:54,57.282347969577096,12.480516842629392,30.23713518779352
2025-10-16 23:59:51,57.282347969577096,12.480516842629392,30.23713518779352
2025-10-17 00:02:54,57.282347969577096,12.480516842629392,30.23713518779352
2025-10-17 00:04:52,57.282347969577096,12.480516842629392,30.23713518779352
2025-10-17 00:07:55,57.26723074145491,12.481110898650186,30.251658359894904
2025-10-17 00:09:53,57.26723074145491,12.481110898650186,30.251658359894904
2025-10-17 00:12:56,57.26723074145491,12.481110898650186,30.251658359894904
2025-10-17 00:14:54,57.26723074145491,12.481110898650186,30.251658359894904
2025-10-17 00:17:57,57.26723074145491,12.481110898650186,30.251658359894904
2025-10-17 00:19:54,57.26723074145491,12.481110898650186,30.251658359894904
2025-10-17 00:22:58,57.26723074145491,12.481110898650186,30.251658359894904
2025-10-17 00:24:55,57.26723074145491,12.481110898650186,30.251658359894904
2025-10-17 00:27:59,57.26574729209298,12.496312394881771,30.237940313025245
2025-10-17 00:29:56,57.26574729209298,12.496312394881771,30.237940313025245
2025-10-17 00:33:00,57.26574729209298,12.496312394881771,30.237940313025245
2025-10-17 00:34:57,57.26574729209298,12.496312394881771,30.237940313025245
2025-10-17 00:38:01,57.25722395521665,12.519972706016205,30.222803338767143
2025-10-17 00:39:58,57.25722395521665,12.519972706016205,30.222803338767143
2025-10-17 00:43:02,57.25722395521665,12.519972706016205,30.222803338767143
2025-10-17 00:44:59,57.25722395521665,12.519972706016205,30.222803338767143
2025-10-17 00:48:02,57.29670892812583,12.510842607542912,30.192448464331257
2025-10-17 00:49:59,57.29670892812583,12.510842607542912,30.192448464331257
2025-10-17 00:53:03,57.29670892812583,12.510842607542912,30.192448464331257
2025-10-17 00:55:00,57.29670892812583,12.510842607542912,30.192448464331257
2025-10-17 00:58:04,57.31098007881902,12.512819834808184,30.176200086372795
2025-10-17 01:00:01,57.31098007881902,12.512819834808184,30.176200086372795
2025-10-17 01:03:05,57.31098007881902,12.512819834808184,30.176200086372795
2025-10-17 01:05:02,57.31098007881902,12.512819834808184,30.176200086372795
2025-10-17 01:08:06,57.28840526423953,12.528732333574633,30.18286240218584
2025-10-17 01:10:03,57.28840526423953,12.528732333574633,30.18286240218584
2025-10-17 01:13:07,57.28840526423953,12.528732333574633,30.18286240218584
2025-10-17 01:15:04,57.28840526423953,12.528732333574633,30.18286240218584
2025-10-17 01:18:07,57.24388710868351,12.52458504056906,30.23152785074743
2025-10-17 01:20:05,57.24388710868351,12.52458504056906,30.23152785074743
2025-10-17 01:23:09,57.24388710868351,12.52458504056906,30.23152785074743
2025-10-17 01:25:06,57.24388710868351,12.52458504056906,30.23152785074743
2025-10-17 01:28:09,57.25777901367827,12.517993912699952,30.224227073621783
2025-10-17 01:30:06,57.25777901367827,12.517993912699952,30.224227073621783
2025-10-17 01:33:10,57.25777901367827,12.517993912699952,30.224227073621783
2025-10-17 01:35:07,57.25777901367827,12.517993912699952,30.224227073621783
2025-10-17 01:38:11,57.2636439694611,12.508055010013466,30.22830102052544
2025-10-17 01:40:08,57.2636439694611,12.508055010013466,30.22830102052544
2025-10-17 01:43:12,57.2636439694611,12.508055010013466,30.22830102052544
2025-10-17 01:45:09,57.2636439694611,12.508055010013466,30.22830102052544
2025-10-17 01:48:13,57.298430585200485,12.50769188928252,30.193877525517
2025-10-17 01:50:10,57.298430585200485,12.50769188928252,30.193877525517
2025-10-17 01:53:14,57.298430585200485,12.50769188928252,30.193877525517
2025-10-17 01:55:11,57.298430585200485,12.50769188928252,30.193877525517
2025-10-17 01:58:14,57.30863045874347,12.495934139283673,30.19543540197286
2025-10-17 02:00:11,57.30863045874347,12.495934139283673,30.19543540197286
2025-10-17 02:03:15,57.30863045874347,12.495934139283673,30.19543540197286
2025-10-17 02:05:12,57.30863045874347,12.495934139283673,30.19543540197286
2025-10-17 02:08:16,57.30843511906707,12.510825001557189,30.180739879375743
2025-10-17 02:10:13,57.30843511906707,12.510825001557189,30.180739879375743
2025-10-17 02:13:17,57.30843511906707,12.510825001557189,30.180739879375743
2025-10-17 02:15:14,57.30843511906707,12.510825001557189,30.180739879375743
2025-10-17 02:18:18,57.29685714742803,12.506263604041104,30.19687924853087
2025-10-17 02:20:15,57.29685714742803,12.506263604041104,30.19687924853087
2025-10-17 02:23:19,57.29685714742803,12.506263604041104,30.19687924853087
2025-10-17 02:25:16,57.29685714742803,12.506263604041104,30.19687924853087
2025-10-17 02:28:20,57.30631794495524,12.507477592064967,30.186204462979795
2025-10-17 02:30:16,57.30631794495524,12.507477592064967,30.186204462979795
2025-10-17 02:33:20,57.30631794495524,12.507477592064967,30.186204462979795
2025-10-17 02:35:17,57.30631794495524,12.507477592064967,30.186204462979795
2025-10-17 02:38:21,57.33321358145476,12.499277177910242,30.167509240635
2025-10-17 02:40:18,57.33321358145476,12.499277177910242,30.167509240635
2025-10-17 02:43:22,57.33321358145476,12.499277177910242,30.167509240635
2025-10-17 02:45:19,57.33321358145476,12.499277177910242,30.167509240635
2025-10-17 02:48:23,57.31812036819945,12.514481841623947,30.1673977901766
2025-10-17 02:50:20,57.31812036819945,12.514481841623947,30.1673977901766
2025-10-17 02:53:24,57.31812036819945,12.514481841623947,30.1673977901766
2025-10-17 02:55:21,57.31812036819945,12.514481841623947,30.1673977901766
2025-10-17 02:58:25,57.31943503689318,12.498708620583573,30.181856342523247
2025-10-17 03:00:21,57.31943503689318,12.498708620583573,30.181856342523247
2025-10-17 03:03:25,57.31943503689318,12.498708620583573,30.181856342523247
2025-10-17 03:05:22,57.31943503689318,12.498708620583573,30.181856342523247
2025-10-17 03:08:26,57.323320642279306,12.497334548324352,30.17934480939634
2025-10-17 03:10:23,57.323320642279306,12.497334548324352,30.17934480939634
2025-10-17 03:13:27,57.323320642279306,12.497334548324352,30.17934480939634
2025-10-17 03:15:24,57.323320642279306,12.497334548324352,30.17934480939634
2025-10-17 03:18:28,57.31924323516079,12.496979141413304,30.183777623425904
2025-10-17 03:20:25,57.31924323516079,12.496979141413304,30.183777623425904
2025-10-17 03:23:29,57.31924323516079,12.496979141413304,30.183777623425904
2025-10-17 03:25:26,57.31924323516079,12.496979141413304,30.183777623425904
2025-10-17 03:28:30,57.31296541858658,12.507639014719707,30.17939556669372
2025-10-17 03:30:27,57.31296541858658,12.507639014719707,30.17939556669372
2025-10-17 03:33:30,57.31296541858658,12.507639014719707,30.17939556669372
2025-10-17 03:35:27,57.31296541858658,12.507639014719707,30.17939556669372
2025-10-17 03:38:31,57.32473349478645,12.507488824198532,30.16777768101501
2025-10-17 03:40:28,57.32473349478645,12.507488824198532,30.16777768101501
2025-10-17 03:43:32,57.32473349478645,12.507488824198532,30.16777768101501
2025-10-17 03:45:29,57.32473349478645,12.507488824198532,30.16777768101501
2025-10-17 03:48:33,57.3258270911964,12.506636308097969,30.16753660070563
2025-10-17 03:50:30,57.3258270911964,12.506636308097969,30.16753660070563
2025-10-17 03:53:34,57.3258270911964,12.506636308097969,30.16753660070563
2025-10-17 03:55:31,57.3258270911964,12.506636308097969,30.16753660070563
2025-10-17 03:58:35,57.3341705902804,12.50680880928098,30.159020600438616
2025-10-17 04:00:32,57.3341705902804,12.50680880928098,30.159020600438616
2025-10-17 04:03:36,57.3341705902804,12.50680880928098,30.159020600438616
2025-10-17 04:05:32,57.3341705902804,12.50680880928098,30.159020600438616
2025-10-17 04:08:36,57.33300402537854,12.499075446979614,30.167920527641844
2025-10-17 04:10:33,57.33300402537854,12.499075446979614,30.167920527641844
2025-10-17 04:13:37,57.33300402537854,12.499075446979614,30.167920527641844
2025-10-17 04:15:34,57.33300402537854,12.499075446979614,30.167920527641844
2025-10-17 04:18:38,57.33232976022595,12.503207384305364,30.164462855468685
2025-10-17 04:20:35,57.33232976022595,12.503207384305364,30.164462855468685
2025-10-17 04:23:39,57.33232976022595,12.503207384305364,30.164462855468685
2025-10-17 04:25:36,57.33232976022595,12.503207384305364,30.164462855468685
2025-10-17 04:28:40,57.335820870022935,12.495555163220631,30.16862396675643
2025-10-17 04:30:37,57.335820870022935,12.495555163220631,30.16862396675643
2025-10-17 04:33:41,57.335820870022935,12.495555163220631,30.16862396675643
2025-10-17 04:35:37,57.335820870022935,12.495555163220631,30.16862396675643
2025-10-17 04:38:42,57.32607153048558,12.505563743749908,30.168364725764512
2025-10-17 04:40:38,57.32607153048558,12.505563743749908,30.168364725764512
2025-10-17 04:43:42,57.32607153048558,12.505563743749908,30.168364725764512
2025-10-17 04:45:39,57.32607153048558,12.505563743749908,30.168364725764512
2025-10-17 04:48:43,57.33339902206267,12.49210087363823,30.1745001042991
2025-10-17 04:50:40,57.33339902206267,12.49210087363823,30.1745001042991
2025-10-17 04:53:44,57.33339902206267,12.49210087363823,30.1745001042991
2025-10-17 04:55:41,57.33339902206267,12.49210087363823,30.1745001042991
2025-10-17 04:58:45,57.33776026105081,12.485531621103268,30.176708117845923
2025-10-17 05:00:42,57.33776026105081,12.485531621103268,30.176708117845923
2025-10-17 05:03:46,57.33776026105081,12.485531621103268,30.176708117845923
2025-10-17 05:05:43,57.33776026105081,12.485531621103268,30.176708117845923
2025-10-17 05:08:47,57.32369303666344,12.483952500124776,30.19235446321179
2025-10-17 05:10:43,57.32369303666344,12.483952500124776,30.19235446321179
2025-10-17 05:13:48,57.32369303666344,12.483952500124776,30.19235446321179
2025-10-17 05:15:44,57.32369303666344,12.483952500124776,30.19235446321179
2025-10-17 05:18:49,57.350856951858844,12.475769944553122,30.17337310358804
2025-10-17 05:20:45,57.350856951858844,12.475769944553122,30.17337310358804
2025-10-17 05:23:50,57.350856951858844,12.475769944553122,30.17337310358804
2025-10-17 14:28:25,57.37986386208102,12.442359888715076,30.17777624920391
2025-10-17 14:38:27,57.36962356808098,12.43685430642816,30.19352212549086
2025-10-17 14:43:28,57.44225478074093,12.376466716194384,30.18127850306468
2025-10-17 14:48:29,57.44225478074093,12.376466716194384,30.18127850306468
2025-10-17 14:53:29,57.48651495689649,12.36990570741728,30.143579335686223
2025-10-17 14:58:30,57.48651495689649,12.36990570741728,30.143579335686223
2025-10-17 15:03:31,57.4356706081234,12.414464930686345,30.14986446119025
2025-10-17 15:08:32,57.4356706081234,12.414464930686345,30.14986446119025
2025-10-17 15:11:59,57.46040572240885,12.40518750766966,30.13440676992149
2025-10-17 15:13:33,57.46040572240885,12.40518750766966,30.13440676992149
2025-10-17 15:18:34,57.46040572240885,12.40518750766966,30.13440676992149
2025-10-17 15:22:00,57.50461982317631,12.388728281114616,30.10665189570908
2025-10-17 15:23:34,57.50461982317631,12.388728281114616,30.10665189570908
2025-10-17 15:27:01,57.50461982317631,12.388728281114616,30.10665189570908
2025-10-17 15:28:35,57.50461982317631,12.388728281114616,30.10665189570908
2025-10-17 15:32:01,57.53764709041786,12.381271924106237,30.0810809854759
2025-10-17 15:33:36,57.53764709041786,12.381271924106237,30.0810809854759
2025-10-17 15:37:02,57.53764709041786,12.381271924106237,30.0810809854759
2025-10-17 15:38:37,57.53764709041786,12.381271924106237,30.0810809854759
2025-10-17 15:42:03,57.56012749843864,12.352694121893489,30.08717837966788
2025-10-17 15:43:38,57.56012749843864,12.352694121893489,30.08717837966788
2025-10-17 15:47:04,57.56012749843864,12.352694121893489,30.08717837966788
2025-10-17 15:48:39,57.56012749843864,12.352694121893489,30.08717837966788
2025-10-17 15:52:05,57.517337632392085,12.39750406796472,30.0851582996432
2025-10-17 15:53:40,57.517337632392085,12.39750406796472,30.0851582996432
2025-10-17 15:57:06,57.517337632392085,12.39750406796472,30.0851582996432
2025-10-17 15:58:40,57.517337632392085,12.39750406796472,30.0851582996432
2025-10-17 16:02:07,57.51872793498492,12.391751802541522,30.089520262473563
2025-10-17 16:03:41,57.51872793498492,12.391751802541522,30.089520262473563
2025-10-17 16:07:07,57.51872793498492,12.391751802541522,30.089520262473563
2025-10-17 16:13:42,57.47047687359116,12.428860294267404,30.100662832141435
2025-10-17 16:17:08,57.47047687359116,12.428860294267404,30.100662832141435
2025-10-17 16:18:43,57.47047687359116,12.428860294267404,30.100662832141435
2025-10-17 16:22:09,57.43174427818948,12.42752963936163,30.140726082448893
2025-10-17 16:23:44,57.43174427818948,12.42752963936163,30.140726082448893
2025-10-17 16:27:10,57.43174427818948,12.42752963936163,30.140726082448893
2025-10-17 16:28:45,57.43174427818948,12.42752963936163,30.140726082448893
2025-10-17 16:32:11,57.41946643049579,12.442905663211839,30.137627906292373
