timestamp,market_cap,volume_1d
2025-09-27 19:11:25,3862725714483.737,144769348232.9532
2025-09-27 19:11:37,3862725714483.737,144769348232.9532
2025-09-27 19:14:13,3862725714483.737,144769348232.9532
2025-09-27 19:14:56,3862725714483.737,144769348232.9532
2025-09-27 19:15:12,3862725714483.737,144769348232.9532
2025-09-27 19:16:31,3862725714483.737,144769348232.9532
2025-09-27 19:16:38,3862725714483.737,144769348232.9532
2025-09-27 19:17:45,3862725714483.737,144769348232.9532
2025-09-27 19:22:45,3862585486836.178,144282344829.38608
2025-09-27 19:26:13,3862585486836.178,144282344829.38608
2025-09-27 19:27:46,3862585486836.178,144282344829.38608
2025-09-27 19:31:14,3862332701182.87,143576759780.52136
2025-09-27 19:32:47,3862332701182.87,143576759780.52136
2025-09-27 19:36:14,3862332701182.87,143576759780.52136
2025-09-27 19:37:48,3862332701182.87,143576759780.52136
2025-09-27 19:41:15,3861327285068.522,141102099858.94244
2025-09-27 19:42:49,3861327285068.522,141102099858.94244
2025-09-27 19:46:17,3861327285068.522,141102099858.94244
2025-09-27 19:47:51,3861327285068.522,141102099858.94244
2025-09-27 19:51:17,3868832883473.5913,138743422350.42303
2025-09-27 19:52:51,3868832883473.5913,138743422350.42303
2025-09-27 19:56:18,3868832883473.5913,138743422350.42303
2025-09-27 19:57:52,3868832883473.5913,138743422350.42303
2025-09-27 20:01:19,3871312632210.055,138130544126.52322
2025-09-27 20:02:53,3871312632210.055,138130544126.52322
2025-09-27 20:06:20,3871312632210.055,138130544126.52322
2025-09-27 20:07:54,3871312632210.055,138130544126.52322
2025-09-27 20:11:21,3869876014324.854,137233292966.9451
2025-09-27 20:12:55,3869876014324.854,137233292966.9451
2025-09-27 20:16:21,3869876014324.854,137233292966.9451
2025-09-27 20:17:58,3869876014324.854,137233292966.9451
2025-09-27 20:21:23,3870348130171.633,136332995975.20094
2025-09-27 20:22:59,3870348130171.633,136332995975.20094
2025-09-27 20:26:25,3870348130171.633,136332995975.20094
2025-09-27 20:27:59,3870348130171.633,136332995975.20094
2025-09-27 20:31:26,3870351822037.076,135822381802.7547
2025-09-27 20:32:05,3870351822037.076,135822381802.7547
2025-09-27 20:33:02,3870351822037.076,135822381802.7547
2025-09-27 20:36:29,3870351822037.076,135822381802.7547
2025-09-27 20:37:06,3870351822037.076,135822381802.7547
2025-09-27 20:38:03,3870351822037.076,135822381802.7547
2025-09-27 20:41:30,3870330018008.906,134702134343.6412
2025-09-27 20:42:09,3870330018008.906,134702134343.6412
2025-09-27 20:43:06,3870330018008.906,134702134343.6412
2025-09-27 20:46:32,3870330018008.906,134702134343.6412
2025-09-27 20:47:10,3870330018008.906,134702134343.6412
2025-09-27 20:48:08,3870330018008.906,134702134343.6412
2025-09-27 20:48:36,3870330018008.906,134702134343.6412
2025-09-27 20:51:33,3871549064121.428,132916332219.464
2025-09-27 20:52:11,3871549064121.428,132916332219.464
2025-09-27 20:53:10,3871549064121.428,132916332219.464
2025-09-27 20:53:39,3871549064121.428,132916332219.464
2025-09-27 20:56:34,3871549064121.428,132916332219.464
2025-09-27 20:57:12,3871549064121.428,132916332219.464
2025-09-27 20:58:04,3871549064121.428,132916332219.464
2025-09-27 20:58:11,3871549064121.428,132916332219.464
2025-09-27 20:58:40,3871549064121.428,132916332219.464
2025-09-27 21:01:36,3870593677916.62,130535979844.01562
2025-09-27 21:02:13,3870593677916.62,130535979844.01562
2025-09-27 21:03:05,3870593677916.62,130535979844.01562
2025-09-27 21:03:12,3870593677916.62,130535979844.01562
2025-09-27 21:03:41,3870593677916.62,130535979844.01562
2025-09-27 21:06:37,3870593677916.62,130535979844.01562
2025-09-27 21:07:14,3870593677916.62,130535979844.01562
2025-09-27 21:08:05,3870593677916.62,130535979844.01562
2025-09-27 21:08:14,3870593677916.62,130535979844.01562
2025-09-27 21:08:42,3870593677916.62,130535979844.01562
2025-09-27 21:11:38,3870692131367.374,128088468692.31747
2025-09-27 21:12:16,3870692131367.374,128088468692.31747
2025-09-27 21:13:06,3870692131367.374,128088468692.31747
2025-09-27 21:13:15,3870692131367.374,128088468692.31747
2025-09-27 21:13:43,3870692131367.374,128088468692.31747
2025-09-27 21:16:39,3870692131367.374,128088468692.31747
2025-09-27 21:17:17,3870692131367.374,128088468692.31747
2025-09-27 21:18:08,3870692131367.374,128088468692.31747
2025-09-27 21:18:10,3870692131367.374,128088468692.31747
2025-09-27 21:18:16,3870692131367.374,128088468692.31747
2025-09-27 21:18:45,3870692131367.374,128088468692.31747
2025-09-27 21:21:42,3871098278681.042,126752189226.51135
2025-09-27 21:22:18,3871098278681.042,126752189226.51135
2025-09-27 21:23:11,3871098278681.042,126752189226.51135
2025-09-27 21:23:11,3871098278681.042,126752189226.51135
2025-09-27 21:23:18,3871098278681.042,126752189226.51135
2025-09-27 21:23:48,3871098278681.042,126752189226.51135
2025-09-27 21:26:43,3871098278681.042,126752189226.51135
2025-09-27 21:27:05,3871098278681.042,126752189226.51135
2025-09-27 21:27:19,3871098278681.042,126752189226.51135
2025-09-27 21:28:12,3871098278681.042,126752189226.51135
2025-09-27 21:28:13,3871098278681.042,126752189226.51135
2025-09-27 21:28:19,3871098278681.042,126752189226.51135
2025-09-27 21:28:50,3871098278681.042,126752189226.51135
2025-09-27 21:31:44,3870953695936.818,125636618744.18846
2025-09-27 21:32:07,3870953695936.818,125636618744.18846
2025-09-27 21:32:20,3870953695936.818,125636618744.18846
2025-09-27 21:33:14,3870953695936.818,125636618744.18846
2025-09-27 21:33:14,3870953695936.818,125636618744.18846
2025-09-27 21:33:21,3870953695936.818,125636618744.18846
2025-09-27 21:33:51,3870953695936.818,125636618744.18846
2025-09-27 21:36:47,3870953695936.818,125636618744.18846
2025-09-27 21:37:08,3870953695936.818,125636618744.18846
2025-09-27 21:37:22,3870953695936.818,125636618744.18846
2025-09-27 21:38:15,3870953695936.818,125636618744.18846
2025-09-27 21:38:16,3870953695936.818,125636618744.18846
2025-09-27 21:38:22,3870953695936.818,125636618744.18846
2025-09-27 21:38:52,3870953695936.818,125636618744.18846
2025-09-27 21:41:48,3871764831499.187,124340125618.91193
2025-09-27 21:42:09,3871764831499.187,124340125618.91193
2025-09-27 21:42:23,3871764831499.187,124340125618.91193
2025-09-27 21:43:17,3871764831499.187,124340125618.91193
2025-09-27 21:43:18,3871764831499.187,124340125618.91193
2025-09-27 21:43:24,3871764831499.187,124340125618.91193
2025-09-27 21:43:53,3871764831499.187,124340125618.91193
2025-09-27 21:45:28,3871764831499.187,124340125618.91193
2025-09-27 21:46:49,3871764831499.187,124340125618.91193
2025-09-27 21:47:10,3871764831499.187,124340125618.91193
2025-09-27 21:47:25,3871764831499.187,124340125618.91193
2025-09-27 21:48:19,3871764831499.187,124340125618.91193
2025-09-27 21:48:19,3871764831499.187,124340125618.91193
2025-09-27 21:48:27,3871764831499.187,124340125618.91193
2025-09-27 21:49:01,3871764831499.187,124340125618.91193
2025-09-27 21:50:29,3870229293932.977,122911567237.68848
2025-09-27 21:51:50,3870229293932.977,122911567237.68848
2025-09-27 21:52:11,3870229293932.977,122911567237.68848
2025-09-27 21:52:26,3870229293932.977,122911567237.68848
2025-09-27 21:53:20,3870229293932.977,122911567237.68848
2025-09-27 21:53:21,3870229293932.977,122911567237.68848
2025-09-27 21:53:29,3870229293932.977,122911567237.68848
2025-09-27 21:54:02,3870229293932.977,122911567237.68848
2025-09-27 21:55:30,3870229293932.977,122911567237.68848
2025-09-27 21:56:51,3870229293932.977,122911567237.68848
2025-09-27 21:57:13,3870229293932.977,122911567237.68848
2025-09-27 21:57:27,3870229293932.977,122911567237.68848
2025-09-27 21:58:21,3870229293932.977,122911567237.68848
2025-09-27 21:58:23,3870229293932.977,122911567237.68848
2025-09-27 21:58:31,3870229293932.977,122911567237.68848
2025-09-27 21:59:07,3870229293932.977,122911567237.68848
2025-09-27 22:00:31,3869105616351.4,121851157502.89766
2025-09-27 22:01:53,3869105616351.4,121851157502.89766
2025-09-27 22:02:14,3869105616351.4,121851157502.89766
2025-09-27 22:02:28,3869105616351.4,121851157502.89766
2025-09-27 22:03:24,3869105616351.4,121851157502.89766
2025-09-27 22:03:24,3869105616351.4,121851157502.89766
2025-09-27 22:03:33,3869105616351.4,121851157502.89766
2025-09-27 22:04:10,3869105616351.4,121851157502.89766
2025-09-27 22:05:33,3869105616351.4,121851157502.89766
2025-09-27 22:06:54,3869105616351.4,121851157502.89766
2025-09-27 22:07:17,3869105616351.4,121851157502.89766
2025-09-27 22:07:30,3869105616351.4,121851157502.89766
2025-09-27 22:08:25,3869105616351.4,121851157502.89766
2025-09-27 22:08:31,3869105616351.4,121851157502.89766
2025-09-27 22:08:35,3869105616351.4,121851157502.89766
2025-09-27 22:09:12,3869105616351.4,121851157502.89766
2025-09-27 22:10:34,3865378712647.152,120607627869.57968
2025-09-27 22:11:55,3865378712647.152,120607627869.57968
2025-09-27 22:12:18,3865378712647.152,120607627869.57968
2025-09-27 22:12:31,3865378712647.152,120607627869.57968
2025-09-27 22:13:26,3865378712647.152,120607627869.57968
2025-09-27 22:13:34,3865378712647.152,120607627869.57968
2025-09-27 22:14:18,3865378712647.152,120607627869.57968
2025-09-27 22:15:35,3865378712647.152,120607627869.57968
2025-09-27 22:16:57,3865378712647.152,120607627869.57968
2025-09-27 22:17:19,3865378712647.152,120607627869.57968
2025-09-27 22:17:33,3865378712647.152,120607627869.57968
2025-09-27 22:18:28,3865378712647.152,120607627869.57968
2025-09-27 22:18:36,3865378712647.152,120607627869.57968
2025-09-27 22:18:48,3865378712647.152,120607627869.57968
2025-09-27 22:19:19,3865378712647.152,120607627869.57968
2025-09-27 22:20:37,3865685924117.861,119807420063.3008
2025-09-27 22:21:58,3865685924117.861,119807420063.3008
2025-09-27 22:22:20,3865685924117.861,119807420063.3008
2025-09-27 22:22:34,3865685924117.861,119807420063.3008
2025-09-27 22:23:29,3865685924117.861,119807420063.3008
2025-09-27 22:23:36,3865685924117.861,119807420063.3008
2025-09-27 22:23:49,3865685924117.861,119807420063.3008
2025-09-27 22:24:21,3865685924117.861,119807420063.3008
2025-09-27 22:25:38,3865685924117.861,119807420063.3008
2025-09-27 22:26:59,3865685924117.861,119807420063.3008
2025-09-27 22:27:23,3865685924117.861,119807420063.3008
2025-09-27 22:27:37,3865685924117.861,119807420063.3008
2025-09-27 22:28:32,3865685924117.861,119807420063.3008
2025-09-27 22:28:38,3865685924117.861,119807420063.3008
2025-09-27 22:28:50,3865685924117.861,119807420063.3008
2025-09-27 22:29:21,3865685924117.861,119807420063.3008
2025-09-27 22:30:39,3866874109314.516,119065328348.22797
2025-09-27 22:32:00,3866874109314.516,119065328348.22797
2025-09-27 22:32:23,3866874109314.516,119065328348.22797
2025-09-27 22:32:37,3866874109314.516,119065328348.22797
2025-09-27 22:33:33,3866874109314.516,119065328348.22797
2025-09-27 22:33:39,3866874109314.516,119065328348.22797
2025-09-27 22:33:51,3866874109314.516,119065328348.22797
2025-09-27 22:34:22,3866874109314.516,119065328348.22797
2025-09-27 22:35:40,3866874109314.516,119065328348.22797
2025-09-27 22:37:01,3866874109314.516,119065328348.22797
2025-09-27 22:37:24,3866874109314.516,119065328348.22797
2025-09-27 22:37:38,3866874109314.516,119065328348.22797
2025-09-27 22:38:34,3866874109314.516,119065328348.22797
2025-09-27 22:38:40,3866874109314.516,119065328348.22797
2025-09-27 22:38:52,3866874109314.516,119065328348.22797
2025-09-27 22:40:41,3869068297777.905,118635501551.24667
2025-09-27 22:42:02,3869068297777.905,118635501551.24667
2025-09-27 22:42:25,3869068297777.905,118635501551.24667
2025-09-27 22:42:39,3869068297777.905,118635501551.24667
2025-09-27 22:43:34,3869068297777.905,118635501551.24667
2025-09-27 22:43:41,3869068297777.905,118635501551.24667
2025-09-27 22:43:53,3869068297777.905,118635501551.24667
2025-09-27 22:44:33,3869068297777.905,118635501551.24667
2025-09-27 22:45:44,3869068297777.905,118635501551.24667
2025-09-27 22:47:03,3869068297777.905,118635501551.24667
2025-09-27 22:47:26,3869068297777.905,118635501551.24667
2025-09-27 22:47:40,3869068297777.905,118635501551.24667
2025-09-27 22:48:36,3869068297777.905,118635501551.24667
2025-09-27 22:48:43,3869068297777.905,118635501551.24667
2025-09-27 22:48:54,3869068297777.905,118635501551.24667
2025-09-27 22:49:36,3869068297777.905,118635501551.24667
2025-09-27 22:50:48,3870932064768.841,118271912843.9872
2025-09-27 22:52:06,3870932064768.841,118271912843.9872
2025-09-27 22:52:29,3870932064768.841,118271912843.9872
2025-09-27 22:52:42,3870932064768.841,118271912843.9872
2025-09-27 22:53:38,3870932064768.841,118271912843.9872
2025-09-27 22:53:43,3870932064768.841,118271912843.9872
2025-09-27 22:53:55,3870932064768.841,118271912843.9872
2025-09-27 22:54:38,3870932064768.841,118271912843.9872
2025-09-27 22:55:49,3870932064768.841,118271912843.9872
2025-09-27 22:57:08,3870932064768.841,118271912843.9872
2025-09-27 22:57:30,3870932064768.841,118271912843.9872
2025-09-27 22:57:43,3870932064768.841,118271912843.9872
2025-09-27 22:58:39,3870932064768.841,118271912843.9872
2025-09-27 22:58:45,3870932064768.841,118271912843.9872
2025-09-27 22:58:57,3870932064768.841,118271912843.9872
2025-09-27 22:59:39,3870932064768.841,118271912843.9872
2025-09-27 23:00:53,3873280841704.635,117949253966.74138
2025-09-27 23:02:09,3873280841704.635,117949253966.74138
2025-09-27 23:02:31,3873280841704.635,117949253966.74138
2025-09-27 23:02:45,3873280841704.635,117949253966.74138
2025-09-27 23:03:42,3873280841704.635,117949253966.74138
2025-09-27 23:03:47,3873280841704.635,117949253966.74138
2025-09-27 23:03:58,3873280841704.635,117949253966.74138
2025-09-27 23:04:41,3873280841704.635,117949253966.74138
2025-09-27 23:05:54,3873280841704.635,117949253966.74138
2025-09-27 23:07:10,3873280841704.635,117949253966.74138
2025-09-27 23:07:33,3873280841704.635,117949253966.74138
2025-09-27 23:07:48,3873280841704.635,117949253966.74138
2025-09-27 23:08:50,3873280841704.635,117949253966.74138
2025-09-27 23:08:51,3873280841704.635,117949253966.74138
2025-09-27 23:09:00,3873280841704.635,117949253966.74138
2025-09-27 23:09:42,3873280841704.635,117949253966.74138
2025-09-27 23:10:55,3871808915342.871,117167737117.36858
2025-09-27 23:12:15,3871808915342.871,117167737117.36858
2025-09-27 23:12:38,3871808915342.871,117167737117.36858
2025-09-27 23:12:49,3871808915342.871,117167737117.36858
2025-09-27 23:13:51,3871808915342.871,117167737117.36858
2025-09-27 23:13:52,3871808915342.871,117167737117.36858
2025-09-27 23:14:02,3871808915342.871,117167737117.36858
2025-09-27 23:14:43,3871808915342.871,117167737117.36858
2025-09-27 23:15:33,3871808915342.871,117167737117.36858
2025-09-27 23:15:56,3871808915342.871,117167737117.36858
2025-09-27 23:17:16,3871808915342.871,117167737117.36858
2025-09-27 23:17:39,3871808915342.871,117167737117.36858
2025-09-27 23:17:50,3871808915342.871,117167737117.36858
2025-09-27 23:18:52,3871808915342.871,117167737117.36858
2025-09-27 23:18:56,3871808915342.871,117167737117.36858
2025-09-27 23:19:03,3871808915342.871,117167737117.36858
2025-09-27 23:19:46,3871808915342.871,117167737117.36858
2025-09-27 23:20:37,3870269351541.932,116391771606.5623
2025-09-27 23:20:57,3870269351541.932,116391771606.5623
2025-09-27 23:22:17,3870269351541.932,116391771606.5623
2025-09-27 23:22:40,3870269351541.932,116391771606.5623
2025-09-27 23:22:51,3870269351541.932,116391771606.5623
2025-09-27 23:23:54,3870269351541.932,116391771606.5623
2025-09-27 23:23:59,3870269351541.932,116391771606.5623
2025-09-27 23:24:04,3870269351541.932,116391771606.5623
2025-09-27 23:24:47,3870269351541.932,116391771606.5623
2025-09-27 23:25:38,3870269351541.932,116391771606.5623
2025-09-27 23:25:59,3870269351541.932,116391771606.5623
2025-09-27 23:27:19,3870269351541.932,116391771606.5623
2025-09-27 23:27:44,3870269351541.932,116391771606.5623
2025-09-27 23:27:53,3870269351541.932,116391771606.5623
2025-09-27 23:28:56,3870269351541.932,116391771606.5623
2025-09-27 23:29:01,3870269351541.932,116391771606.5623
2025-09-27 23:29:06,3870269351541.932,116391771606.5623
2025-09-27 23:29:48,3870269351541.932,116391771606.5623
2025-09-27 23:30:39,3871231537240.085,115675917582.30711
2025-09-27 23:31:00,3871231537240.085,115675917582.30711
2025-09-27 23:32:21,3871231537240.085,115675917582.30711
2025-09-27 23:32:45,3871231537240.085,115675917582.30711
2025-09-27 23:32:54,3871231537240.085,115675917582.30711
2025-09-27 23:33:57,3871231537240.085,115675917582.30711
2025-09-27 23:34:02,3871231537240.085,115675917582.30711
2025-09-27 23:34:08,3871231537240.085,115675917582.30711
2025-09-27 23:34:49,3871231537240.085,115675917582.30711
2025-09-27 23:35:40,3871231537240.085,115675917582.30711
2025-09-27 23:36:01,3871231537240.085,115675917582.30711
2025-09-27 23:37:22,3871231537240.085,115675917582.30711
2025-09-27 23:37:46,3871231537240.085,115675917582.30711
2025-09-27 23:37:55,3871231537240.085,115675917582.30711
2025-09-27 23:38:58,3871231537240.085,115675917582.30711
2025-09-27 23:39:03,3871231537240.085,115675917582.30711
2025-09-27 23:39:09,3871231537240.085,115675917582.30711
2025-09-27 23:39:50,3871231537240.085,115675917582.30711
2025-09-27 23:39:50,3871231537240.085,115675917582.30711
2025-09-27 23:40:41,3871528085123.199,114919691494.35738
2025-09-27 23:40:52,3871528085123.199,114919691494.35738
2025-09-27 23:41:02,3871528085123.199,114919691494.35738
2025-09-27 23:41:30,3871528085123.199,114919691494.35738
2025-09-27 23:42:23,3871528085123.199,114919691494.35738
2025-09-27 23:42:47,3871528085123.199,114919691494.35738
2025-09-27 23:42:55,3871528085123.199,114919691494.35738
2025-09-27 23:43:59,3871528085123.199,114919691494.35738
2025-09-27 23:44:04,3871528085123.199,114919691494.35738
2025-09-27 23:44:10,3871528085123.199,114919691494.35738
2025-09-27 23:44:35,3871528085123.199,114919691494.35738
2025-09-27 23:45:42,3871528085123.199,114919691494.35738
2025-09-27 23:45:53,3871528085123.199,114919691494.35738
2025-09-27 23:48:26,3871528085123.199,114919691494.35738
2025-09-27 23:53:27,3871069075373.421,114334600889.79276
2025-09-27 23:58:27,3871069075373.421,114334600889.79276
2025-09-28 00:03:27,3868425900310.648,113738207102.738
2025-09-28 00:03:28,3868425900310.648,113738207102.738
2025-09-28 00:06:56,3868425900310.648,113738207102.738
2025-09-28 00:08:28,3868425900310.648,113738207102.738
2025-09-28 00:08:30,3868425900310.648,113738207102.738
2025-09-28 00:11:57,3865970002443.845,112983907755.84396
2025-09-28 00:13:29,3865970002443.845,112983907755.84396
2025-09-28 00:13:33,3865970002443.845,112983907755.84396
2025-09-28 00:16:58,3865970002443.845,112983907755.84396
2025-09-28 00:18:25,3865970002443.845,112983907755.84396
2025-09-28 00:18:30,3865970002443.845,112983907755.84396
2025-09-28 00:18:35,3865970002443.845,112983907755.84396
2025-09-28 00:21:59,3860910778535.6113,112527653046.39684
2025-09-28 00:23:26,3860910778535.6113,112527653046.39684
2025-09-28 00:23:31,3860910778535.6113,112527653046.39684
2025-09-28 00:23:35,3860910778535.6113,112527653046.39684
2025-09-28 00:26:41,3860910778535.6113,112527653046.39684
2025-09-28 00:26:54,3860910778535.6113,112527653046.39684
2025-09-28 00:27:00,3860910778535.6113,112527653046.39684
2025-09-28 00:28:26,3860910778535.6113,112527653046.39684
2025-09-28 00:28:32,3860910778535.6113,112527653046.39684
2025-09-28 00:28:36,3860910778535.6113,112527653046.39684
2025-09-28 00:28:37,3860910778535.6113,112527653046.39684
2025-09-28 00:31:05,3860005024796.425,112152878502.09673
2025-09-28 00:31:50,3860005024796.425,112152878502.09673
2025-09-28 00:31:55,3860005024796.425,112152878502.09673
2025-09-28 00:32:01,3860005024796.425,112152878502.09673
2025-09-28 00:33:27,3860005024796.425,112152878502.09673
2025-09-28 00:33:32,3860005024796.425,112152878502.09673
2025-09-28 00:33:37,3860005024796.425,112152878502.09673
2025-09-28 00:33:38,3860005024796.425,112152878502.09673
2025-09-28 00:35:16,3860005024796.425,112152878502.09673
2025-09-28 00:36:05,3860005024796.425,112152878502.09673
2025-09-28 00:36:50,3860005024796.425,112152878502.09673
2025-09-28 00:36:56,3860005024796.425,112152878502.09673
2025-09-28 00:37:02,3860005024796.425,112152878502.09673
2025-09-28 00:37:49,3860005024796.425,112152878502.09673
2025-09-28 00:38:28,3860005024796.425,112152878502.09673
2025-09-28 00:38:33,3860005024796.425,112152878502.09673
2025-09-28 00:38:38,3860005024796.425,112152878502.09673
2025-09-28 00:38:39,3860005024796.425,112152878502.09673
2025-09-28 00:39:31,3860005024796.425,112152878502.09673
2025-09-28 00:40:16,3863533017035.1904,110124462509.81444
2025-09-28 00:41:06,3863533017035.1904,110124462509.81444
2025-09-28 00:41:36,3863533017035.1904,110124462509.81444
2025-09-28 00:41:51,3863533017035.1904,110124462509.81444
2025-09-28 00:41:57,3863533017035.1904,110124462509.81444
2025-09-28 00:42:03,3863533017035.1904,110124462509.81444
2025-09-28 00:42:50,3863533017035.1904,110124462509.81444
2025-09-28 00:43:29,3863533017035.1904,110124462509.81444
2025-09-28 00:43:34,3863533017035.1904,110124462509.81444
2025-09-28 00:43:39,3863533017035.1904,110124462509.81444
2025-09-28 00:43:40,3863533017035.1904,110124462509.81444
2025-09-28 00:43:52,3863533017035.1904,110124462509.81444
2025-09-28 00:44:16,3863533017035.1904,110124462509.81444
2025-09-28 00:44:32,3863533017035.1904,110124462509.81444
2025-09-28 00:44:51,3863533017035.1904,110124462509.81444
2025-09-28 00:45:34,3863533017035.1904,110124462509.81444
2025-09-28 00:48:00,3863533017035.1904,110124462509.81444
2025-09-28 00:50:35,3862904259997.906,109295371437.9524
2025-09-28 00:53:01,3862904259997.906,109295371437.9524
2025-09-28 00:55:36,3862904259997.906,109295371437.9524
2025-09-28 00:58:02,3862904259997.906,109295371437.9524
2025-09-28 01:00:37,3866652276028.235,108710362574.21744
2025-09-28 01:03:02,3866652276028.235,108710362574.21744
2025-09-28 01:05:38,3866652276028.235,108710362574.21744
2025-09-28 01:08:03,3866652276028.235,108710362574.21744
2025-09-28 01:10:38,3866651380911.4863,106786332854.31258
2025-09-28 01:13:04,3866651380911.4863,106786332854.31258
2025-09-28 01:15:39,3866651380911.4863,106786332854.31258
2025-09-28 01:18:05,3866651380911.4863,106786332854.31258
2025-09-28 01:20:40,3866651380911.4863,106786332854.31258
2025-09-28 01:23:06,3867372480715.346,105901173919.10902
2025-09-28 01:25:41,3867372480715.346,105901173919.10902
2025-09-28 01:26:04,3867372480715.346,105901173919.10902
2025-09-28 01:27:21,3867372480715.346,105901173919.10902
2025-09-28 01:27:33,3867372480715.346,105901173919.10902
2025-09-28 01:28:07,3867372480715.346,105901173919.10902
2025-09-28 01:28:15,3867372480715.346,105901173919.10902
2025-09-28 01:29:17,3867372480715.346,105901173919.10902
2025-09-28 01:30:42,3867372480715.346,105901173919.10902
2025-09-28 01:31:05,3865950654323.53,104851758120.64922
2025-09-28 01:32:21,3865950654323.53,104851758120.64922
2025-09-28 01:32:34,3865950654323.53,104851758120.64922
2025-09-28 01:33:07,3865950654323.53,104851758120.64922
2025-09-28 01:33:16,3865950654323.53,104851758120.64922
2025-09-28 01:34:18,3865950654323.53,104851758120.64922
2025-09-28 01:35:42,3865950654323.53,104851758120.64922
2025-09-28 01:36:06,3865950654323.53,104851758120.64922
2025-09-28 01:37:22,3865950654323.53,104851758120.64922
2025-09-28 01:37:35,3865950654323.53,104851758120.64922
2025-09-28 01:38:08,3865950654323.53,104851758120.64922
2025-09-28 01:38:17,3865950654323.53,104851758120.64922
2025-09-28 01:39:18,3865950654323.53,104851758120.64922
2025-09-28 01:40:43,3865950654323.53,104851758120.64922
2025-09-28 01:41:07,3865011882081.943,104102214679.29771
2025-09-28 01:42:23,3865011882081.943,104102214679.29771
2025-09-28 01:42:36,3865011882081.943,104102214679.29771
2025-09-28 01:43:09,3865011882081.943,104102214679.29771
2025-09-28 01:43:18,3865011882081.943,104102214679.29771
2025-09-28 01:44:19,3865011882081.943,104102214679.29771
2025-09-28 01:44:22,3865011882081.943,104102214679.29771
2025-09-28 01:45:44,3865011882081.943,104102214679.29771
2025-09-28 01:46:07,3865011882081.943,104102214679.29771
2025-09-28 01:46:27,3865011882081.943,104102214679.29771
2025-09-28 01:46:39,3865011882081.943,104102214679.29771
2025-09-28 01:47:23,3865011882081.943,104102214679.29771
2025-09-28 01:47:37,3865011882081.943,104102214679.29771
2025-09-28 01:47:54,3865011882081.943,104102214679.29771
2025-09-28 01:48:10,3865011882081.943,104102214679.29771
2025-09-28 01:48:18,3865011882081.943,104102214679.29771
2025-09-28 01:49:20,3865011882081.943,104102214679.29771
2025-09-28 01:49:22,3865011882081.943,104102214679.29771
2025-09-28 01:50:45,3865011882081.943,104102214679.29771
2025-09-28 01:50:50,3864913535819.723,103267213956.1132
2025-09-28 01:51:08,3864913535819.723,103267213956.1132
2025-09-28 01:51:28,3864913535819.723,103267213956.1132
2025-09-28 01:51:40,3864913535819.723,103267213956.1132
2025-09-28 01:52:24,3864913535819.723,103267213956.1132
2025-09-28 01:52:37,3864913535819.723,103267213956.1132
2025-09-28 01:52:54,3864913535819.723,103267213956.1132
2025-09-28 01:53:11,3864913535819.723,103267213956.1132
2025-09-28 01:53:19,3864913535819.723,103267213956.1132
2025-09-28 01:54:01,3864913535819.723,103267213956.1132
2025-09-28 01:54:21,3864913535819.723,103267213956.1132
2025-09-28 01:54:23,3864913535819.723,103267213956.1132
2025-09-28 01:55:46,3864913535819.723,103267213956.1132
2025-09-28 01:55:51,3864913535819.723,103267213956.1132
2025-09-28 01:56:09,3864913535819.723,103267213956.1132
2025-09-28 01:56:29,3864913535819.723,103267213956.1132
2025-09-28 01:56:40,3864913535819.723,103267213956.1132
2025-09-28 01:57:25,3864913535819.723,103267213956.1132
2025-09-28 01:57:38,3864913535819.723,103267213956.1132
2025-09-28 01:57:55,3864913535819.723,103267213956.1132
2025-09-28 01:58:01,3864913535819.723,103267213956.1132
2025-09-28 01:58:11,3864913535819.723,103267213956.1132
2025-09-28 01:59:21,3864913535819.723,103267213956.1132
2025-09-28 01:59:24,3864913535819.723,103267213956.1132
2025-09-28 02:00:46,3864913535819.723,103267213956.1132
2025-09-28 02:00:52,3866156699615.645,102701090055.31937
2025-09-28 02:01:10,3866156699615.645,102701090055.31937
2025-09-28 02:01:30,3866156699615.645,102701090055.31937
2025-09-28 02:01:41,3866156699615.645,102701090055.31937
2025-09-28 02:02:26,3866156699615.645,102701090055.31937
2025-09-28 02:02:39,3866156699615.645,102701090055.31937
2025-09-28 02:02:56,3866156699615.645,102701090055.31937
2025-09-28 02:03:02,3866156699615.645,102701090055.31937
2025-09-28 02:03:12,3866156699615.645,102701090055.31937
2025-09-28 02:03:20,3866156699615.645,102701090055.31937
2025-09-28 02:04:02,3866156699615.645,102701090055.31937
2025-09-28 02:04:22,3866156699615.645,102701090055.31937
2025-09-28 02:04:25,3866156699615.645,102701090055.31937
2025-09-28 02:05:47,3866156699615.645,102701090055.31937
2025-09-28 02:05:53,3866156699615.645,102701090055.31937
2025-09-28 02:06:10,3866156699615.645,102701090055.31937
2025-09-28 02:06:27,3866156699615.645,102701090055.31937
2025-09-28 02:06:30,3866156699615.645,102701090055.31937
2025-09-28 02:06:42,3866156699615.645,102701090055.31937
2025-09-28 02:07:26,3866156699615.645,102701090055.31937
2025-09-28 02:07:40,3866156699615.645,102701090055.31937
2025-09-28 02:07:57,3866156699615.645,102701090055.31937
2025-09-28 02:08:03,3866156699615.645,102701090055.31937
2025-09-28 02:08:13,3866156699615.645,102701090055.31937
2025-09-28 02:08:21,3866156699615.645,102701090055.31937
2025-09-28 02:08:34,3866156699615.645,102701090055.31937
2025-09-28 02:09:03,3866156699615.645,102701090055.31937
2025-09-28 02:09:23,3866156699615.645,102701090055.31937
2025-09-28 02:09:25,3866156699615.645,102701090055.31937
2025-09-28 02:10:48,3866156699615.645,102701090055.31937
2025-09-28 02:10:54,3865726179837.19,101271318977.83156
2025-09-28 02:11:11,3865726179837.19,101271318977.83156
2025-09-28 02:11:28,3865726179837.19,101271318977.83156
2025-09-28 02:11:31,3865726179837.19,101271318977.83156
2025-09-28 02:11:43,3865726179837.19,101271318977.83156
2025-09-28 02:12:27,3865726179837.19,101271318977.83156
2025-09-28 02:12:40,3865726179837.19,101271318977.83156
2025-09-28 02:12:58,3865726179837.19,101271318977.83156
2025-09-28 02:13:04,3865726179837.19,101271318977.83156
2025-09-28 02:13:14,3865726179837.19,101271318977.83156
2025-09-28 02:13:22,3865726179837.19,101271318977.83156
2025-09-28 02:13:34,3865726179837.19,101271318977.83156
2025-09-28 02:14:04,3865726179837.19,101271318977.83156
2025-09-28 02:14:24,3865726179837.19,101271318977.83156
2025-09-28 02:14:26,3865726179837.19,101271318977.83156
2025-09-28 02:15:49,3865726179837.19,101271318977.83156
2025-09-28 02:15:54,3865726179837.19,101271318977.83156
2025-09-28 02:16:12,3865726179837.19,101271318977.83156
2025-09-28 02:16:29,3865726179837.19,101271318977.83156
2025-09-28 02:16:32,3865726179837.19,101271318977.83156
2025-09-28 02:16:44,3865726179837.19,101271318977.83156
2025-09-28 02:17:28,3865726179837.19,101271318977.83156
2025-09-28 02:17:41,3865726179837.19,101271318977.83156
2025-09-28 02:17:58,3865726179837.19,101271318977.83156
2025-09-28 02:18:04,3865726179837.19,101271318977.83156
2025-09-28 02:18:14,3865726179837.19,101271318977.83156
2025-09-28 02:18:23,3865726179837.19,101271318977.83156
2025-09-28 02:18:35,3865726179837.19,101271318977.83156
2025-09-28 02:19:05,3865726179837.19,101271318977.83156
2025-09-28 02:19:24,3865726179837.19,101271318977.83156
2025-09-28 02:19:27,3865726179837.19,101271318977.83156
2025-09-28 02:20:49,3865726179837.19,101271318977.83156
2025-09-28 02:20:55,3865514465283.409,100519373269.13786
2025-09-28 02:21:13,3865514465283.409,100519373269.13786
2025-09-28 02:21:29,3865514465283.409,100519373269.13786
2025-09-28 02:21:33,3865514465283.409,100519373269.13786
2025-09-28 02:21:44,3865514465283.409,100519373269.13786
2025-09-28 02:22:29,3865514465283.409,100519373269.13786
2025-09-28 02:22:42,3865514465283.409,100519373269.13786
2025-09-28 02:22:59,3865514465283.409,100519373269.13786
2025-09-28 02:23:05,3865514465283.409,100519373269.13786
2025-09-28 02:23:15,3865514465283.409,100519373269.13786
2025-09-28 02:23:23,3865514465283.409,100519373269.13786
2025-09-28 02:23:36,3865514465283.409,100519373269.13786
2025-09-28 02:24:05,3865514465283.409,100519373269.13786
2025-09-28 02:24:21,3865514465283.409,100519373269.13786
2025-09-28 02:25:50,3865514465283.409,100519373269.13786
2025-09-28 02:25:56,3865514465283.409,100519373269.13786
2025-09-28 02:26:13,3865514465283.409,100519373269.13786
2025-09-28 02:26:30,3865514465283.409,100519373269.13786
2025-09-28 02:26:33,3865514465283.409,100519373269.13786
2025-09-28 02:26:45,3865514465283.409,100519373269.13786
2025-09-28 02:27:18,3865514465283.409,100519373269.13786
2025-09-28 02:27:29,3865514465283.409,100519373269.13786
2025-09-28 02:27:43,3865514465283.409,100519373269.13786
2025-09-28 02:28:00,3865514465283.409,100519373269.13786
2025-09-28 02:28:06,3865514465283.409,100519373269.13786
2025-09-28 02:28:16,3865514465283.409,100519373269.13786
2025-09-28 02:29:26,3865514465283.409,100519373269.13786
2025-09-28 02:29:28,3865514465283.409,100519373269.13786
2025-09-28 02:30:51,3865514465283.409,100519373269.13786
2025-09-28 02:30:57,3867206936395.186,99952444366.11438
2025-09-28 02:31:09,3867206936395.186,99952444366.11438
2025-09-28 02:31:14,3867206936395.186,99952444366.11438
2025-09-28 02:31:31,3867206936395.186,99952444366.11438
2025-09-28 02:31:34,3867206936395.186,99952444366.11438
2025-09-28 02:32:47,3867206936395.186,99952444366.11438
2025-09-28 02:33:01,3867206936395.186,99952444366.11438
2025-09-28 02:33:07,3867206936395.186,99952444366.11438
2025-09-28 02:33:17,3867206936395.186,99952444366.11438
2025-09-28 02:33:25,3867206936395.186,99952444366.11438
2025-09-28 02:33:37,3867206936395.186,99952444366.11438
2025-09-28 02:34:07,3867206936395.186,99952444366.11438
2025-09-28 02:34:23,3867206936395.186,99952444366.11438
2025-09-28 02:34:26,3867206936395.186,99952444366.11438
2025-09-28 02:35:52,3867206936395.186,99952444366.11438
2025-09-28 02:35:57,3867206936395.186,99952444366.11438
2025-09-28 02:36:10,3867206936395.186,99952444366.11438
2025-09-28 02:36:15,3867206936395.186,99952444366.11438
2025-09-28 02:36:18,3867206936395.186,99952444366.11438
2025-09-28 02:36:32,3867206936395.186,99952444366.11438
2025-09-28 02:37:44,3867206936395.186,99952444366.11438
2025-09-28 02:37:48,3867206936395.186,99952444366.11438
2025-09-28 02:38:01,3867206936395.186,99952444366.11438
2025-09-28 02:38:07,3867206936395.186,99952444366.11438
2025-09-28 02:38:17,3867206936395.186,99952444366.11438
2025-09-28 02:38:25,3867206936395.186,99952444366.11438
2025-09-28 02:38:38,3867206936395.186,99952444366.11438
2025-09-28 02:39:07,3867206936395.186,99952444366.11438
2025-09-28 02:39:23,3867206936395.186,99952444366.11438
2025-09-28 02:39:27,3867206936395.186,99952444366.11438
2025-09-28 02:40:52,3867206936395.186,99952444366.11438
2025-09-28 02:40:58,3866066976045.645,98832114740.2729
2025-09-28 02:41:11,3866066976045.645,98832114740.2729
2025-09-28 02:41:16,3866066976045.645,98832114740.2729
2025-09-28 02:41:19,3866066976045.645,98832114740.2729
2025-09-28 02:41:33,3866066976045.645,98832114740.2729
2025-09-28 02:41:35,3866066976045.645,98832114740.2729
2025-09-28 02:42:48,3866066976045.645,98832114740.2729
2025-09-28 02:43:02,3866066976045.645,98832114740.2729
2025-09-28 02:43:08,3866066976045.645,98832114740.2729
2025-09-28 02:43:18,3866066976045.645,98832114740.2729
2025-09-28 02:43:26,3866066976045.645,98832114740.2729
2025-09-28 02:43:39,3866066976045.645,98832114740.2729
2025-09-28 02:44:08,3866066976045.645,98832114740.2729
2025-09-28 02:44:24,3866066976045.645,98832114740.2729
2025-09-28 02:44:28,3866066976045.645,98832114740.2729
2025-09-28 02:45:53,3866066976045.645,98832114740.2729
2025-09-28 02:45:59,3866066976045.645,98832114740.2729
2025-09-28 02:46:11,3866066976045.645,98832114740.2729
2025-09-28 02:46:16,3866066976045.645,98832114740.2729
2025-09-28 02:46:17,3866066976045.645,98832114740.2729
2025-09-28 02:47:20,3866066976045.645,98832114740.2729
2025-09-28 02:47:32,3866066976045.645,98832114740.2729
2025-09-28 02:47:36,3866066976045.645,98832114740.2729
2025-09-28 02:49:09,3866066976045.645,98832114740.2729
2025-09-28 02:49:25,3866066976045.645,98832114740.2729
2025-09-28 02:49:29,3866066976045.645,98832114740.2729
2025-09-28 02:49:30,3866066976045.645,98832114740.2729
2025-09-28 02:49:41,3866066976045.645,98832114740.2729
2025-09-28 02:54:42,3866464634972.932,98149653440.11948
2025-09-28 02:54:43,3866464634972.932,98149653440.11948
2025-09-28 02:55:18,3866464634972.932,98149653440.11948
2025-09-28 02:56:52,3866464634972.932,98149653440.11948
2025-09-28 02:58:32,3866464634972.932,98149653440.11948
2025-09-28 02:59:33,3866464634972.932,98149653440.11948
2025-09-28 03:00:02,3866464634972.932,98149653440.11948
2025-09-28 03:00:44,3866464634972.932,98149653440.11948
2025-09-28 03:00:57,3867548523187.863,97465935440.526
2025-09-28 03:02:09,3867548523187.863,97465935440.526
2025-09-28 03:03:49,3867548523187.863,97465935440.526
2025-09-28 03:04:55,3867548523187.863,97465935440.526
2025-09-28 03:05:10,3867548523187.863,97465935440.526
2025-09-28 03:05:53,3867548523187.863,97465935440.526
2025-09-28 03:05:58,3867548523187.863,97465935440.526
2025-09-28 03:07:09,3867548523187.863,97465935440.526
2025-09-28 03:08:50,3867548523187.863,97465935440.526
2025-09-28 03:09:51,3867548523187.863,97465935440.526
2025-09-28 03:09:55,3867548523187.863,97465935440.526
2025-09-28 03:10:11,3867548523187.863,97465935440.526
2025-09-28 03:10:53,3867548523187.863,97465935440.526
2025-09-28 03:10:59,3867903827646.863,96742316666.53584
2025-09-28 03:12:10,3867903827646.863,96742316666.53584
2025-09-28 03:13:51,3867903827646.863,96742316666.53584
2025-09-28 03:14:52,3867903827646.863,96742316666.53584
2025-09-28 03:14:56,3867903827646.863,96742316666.53584
2025-09-28 03:15:12,3867903827646.863,96742316666.53584
2025-09-28 03:15:54,3867903827646.863,96742316666.53584
2025-09-28 03:15:59,3867903827646.863,96742316666.53584
2025-09-28 03:16:25,3867903827646.863,96742316666.53584
2025-09-28 03:17:11,3867903827646.863,96742316666.53584
2025-09-28 03:18:52,3867903827646.863,96742316666.53584
2025-09-28 03:18:59,3867903827646.863,96742316666.53584
2025-09-28 03:19:52,3867903827646.863,96742316666.53584
2025-09-28 03:19:57,3867903827646.863,96742316666.53584
2025-09-28 03:20:12,3867903827646.863,96742316666.53584
2025-09-28 03:20:55,3867903827646.863,96742316666.53584
2025-09-28 03:21:00,3866314175302.516,95976455917.13942
2025-09-28 03:21:25,3866314175302.516,95976455917.13942
2025-09-28 03:22:12,3866314175302.516,95976455917.13942
2025-09-28 03:23:53,3866314175302.516,95976455917.13942
2025-09-28 03:23:59,3866314175302.516,95976455917.13942
2025-09-28 03:24:53,3866314175302.516,95976455917.13942
2025-09-28 03:24:58,3866314175302.516,95976455917.13942
2025-09-28 03:25:13,3866314175302.516,95976455917.13942
2025-09-28 03:25:56,3866314175302.516,95976455917.13942
2025-09-28 03:26:01,3866314175302.516,95976455917.13942
2025-09-28 03:26:26,3866314175302.516,95976455917.13942
2025-09-28 03:27:13,3866314175302.516,95976455917.13942
2025-09-28 03:28:53,3866314175302.516,95976455917.13942
2025-09-28 03:29:00,3866314175302.516,95976455917.13942
2025-09-28 03:29:54,3866314175302.516,95976455917.13942
2025-09-28 03:29:58,3866314175302.516,95976455917.13942
2025-09-28 03:30:14,3866314175302.516,95976455917.13942
2025-09-28 03:30:56,3866314175302.516,95976455917.13942
2025-09-28 03:31:02,3866559007946.589,95648168667.53609
2025-09-28 03:31:27,3866559007946.589,95648168667.53609
2025-09-28 03:32:13,3866559007946.589,95648168667.53609
2025-09-28 03:33:54,3866559007946.589,95648168667.53609
2025-09-28 03:34:01,3866559007946.589,95648168667.53609
2025-09-28 03:34:55,3866559007946.589,95648168667.53609
2025-09-28 03:34:59,3866559007946.589,95648168667.53609
2025-09-28 03:35:15,3866559007946.589,95648168667.53609
2025-09-28 03:35:57,3866559007946.589,95648168667.53609
2025-09-28 03:36:02,3866559007946.589,95648168667.53609
2025-09-28 03:36:28,3866559007946.589,95648168667.53609
2025-09-28 03:37:14,3866559007946.589,95648168667.53609
2025-09-28 03:38:55,3866559007946.589,95648168667.53609
2025-09-28 03:39:02,3866559007946.589,95648168667.53609
2025-09-28 03:39:56,3866559007946.589,95648168667.53609
2025-09-28 03:40:00,3866559007946.589,95648168667.53609
2025-09-28 03:40:15,3866559007946.589,95648168667.53609
2025-09-28 03:40:58,3866559007946.589,95648168667.53609
2025-09-28 03:41:03,3869041193403.1504,95434924634.55383
2025-09-28 03:41:28,3869041193403.1504,95434924634.55383
2025-09-28 03:42:15,3869041193403.1504,95434924634.55383
2025-09-28 03:43:56,3869041193403.1504,95434924634.55383
2025-09-28 03:44:02,3869041193403.1504,95434924634.55383
2025-09-28 03:44:56,3869041193403.1504,95434924634.55383
2025-09-28 03:45:01,3869041193403.1504,95434924634.55383
2025-09-28 03:45:16,3869041193403.1504,95434924634.55383
2025-09-28 03:45:59,3869041193403.1504,95434924634.55383
2025-09-28 03:46:04,3869041193403.1504,95434924634.55383
2025-09-28 03:46:29,3869041193403.1504,95434924634.55383
2025-09-28 03:47:16,3869041193403.1504,95434924634.55383
2025-09-28 03:48:56,3869041193403.1504,95434924634.55383
2025-09-28 03:49:03,3869041193403.1504,95434924634.55383
2025-09-28 03:49:57,3869041193403.1504,95434924634.55383
2025-09-28 03:50:01,3869041193403.1504,95434924634.55383
2025-09-28 03:50:17,3869041193403.1504,95434924634.55383
2025-09-28 03:50:59,3869041193403.1504,95434924634.55383
2025-09-28 03:51:05,3868296849431.703,95264759251.4884
2025-09-28 03:51:30,3868296849431.703,95264759251.4884
2025-09-28 03:52:16,3868296849431.703,95264759251.4884
2025-09-28 03:53:57,3868296849431.703,95264759251.4884
2025-09-28 03:54:04,3868296849431.703,95264759251.4884
2025-09-28 03:54:58,3868296849431.703,95264759251.4884
2025-09-28 03:55:02,3868296849431.703,95264759251.4884
2025-09-28 03:55:18,3868296849431.703,95264759251.4884
2025-09-28 03:56:00,3868296849431.703,95264759251.4884
2025-09-28 03:56:05,3868296849431.703,95264759251.4884
2025-09-28 03:56:31,3868296849431.703,95264759251.4884
2025-09-28 03:57:17,3868296849431.703,95264759251.4884
2025-09-28 03:58:58,3868296849431.703,95264759251.4884
2025-09-28 03:59:05,3868296849431.703,95264759251.4884
2025-09-28 03:59:59,3868296849431.703,95264759251.4884
2025-09-28 04:00:03,3868296849431.703,95264759251.4884
2025-09-28 04:00:18,3868296849431.703,95264759251.4884
2025-09-28 04:01:01,3868296849431.703,95264759251.4884
2025-09-28 04:01:06,3867224500255.5503,94904233998.25732
2025-09-28 04:01:31,3867224500255.5503,94904233998.25732
2025-09-28 04:02:18,3867224500255.5503,94904233998.25732
2025-09-28 04:03:59,3867224500255.5503,94904233998.25732
2025-09-28 04:04:05,3867224500255.5503,94904233998.25732
2025-09-28 04:04:59,3867224500255.5503,94904233998.25732
2025-09-28 04:05:04,3867224500255.5503,94904233998.25732
2025-09-28 04:05:19,3867224500255.5503,94904233998.25732
2025-09-28 04:06:02,3867224500255.5503,94904233998.25732
2025-09-28 04:06:07,3867224500255.5503,94904233998.25732
2025-09-28 04:06:32,3867224500255.5503,94904233998.25732
2025-09-28 04:07:19,3867224500255.5503,94904233998.25732
2025-09-28 04:08:59,3867224500255.5503,94904233998.25732
2025-09-28 04:09:06,3867224500255.5503,94904233998.25732
2025-09-28 04:10:00,3867224500255.5503,94904233998.25732
2025-09-28 04:10:04,3867224500255.5503,94904233998.25732
2025-09-28 04:10:20,3867224500255.5503,94904233998.25732
2025-09-28 04:11:02,3868014544034.068,94431794006.46014
2025-09-28 04:11:08,3868014544034.068,94431794006.46014
2025-09-28 04:11:33,3868014544034.068,94431794006.46014
2025-09-28 04:12:19,3868014544034.068,94431794006.46014
2025-09-28 04:14:00,3868014544034.068,94431794006.46014
2025-09-28 04:14:07,3868014544034.068,94431794006.46014
2025-09-28 04:15:01,3868014544034.068,94431794006.46014
2025-09-28 04:15:06,3868014544034.068,94431794006.46014
2025-09-28 04:15:21,3868014544034.068,94431794006.46014
2025-09-28 04:16:03,3868014544034.068,94431794006.46014
2025-09-28 04:16:08,3868014544034.068,94431794006.46014
2025-09-28 04:16:34,3868014544034.068,94431794006.46014
2025-09-28 04:17:20,3868014544034.068,94431794006.46014
2025-09-28 04:19:01,3868014544034.068,94431794006.46014
2025-09-28 04:19:08,3868014544034.068,94431794006.46014
2025-09-28 04:20:02,3868014544034.068,94431794006.46014
2025-09-28 04:20:06,3868014544034.068,94431794006.46014
2025-09-28 04:20:21,3868014544034.068,94431794006.46014
2025-09-28 04:21:04,3869140154299.5977,94288931173.6193
2025-09-28 04:21:09,3869140154299.5977,94288931173.6193
2025-09-28 04:21:34,3869140154299.5977,94288931173.6193
2025-09-28 04:22:21,3869140154299.5977,94288931173.6193
2025-09-28 04:24:02,3869140154299.5977,94288931173.6193
2025-09-28 04:24:08,3869140154299.5977,94288931173.6193
2025-09-28 04:25:02,3869140154299.5977,94288931173.6193
2025-09-28 04:25:07,3869140154299.5977,94288931173.6193
2025-09-28 04:25:22,3869140154299.5977,94288931173.6193
2025-09-28 04:26:05,3869140154299.5977,94288931173.6193
2025-09-28 04:26:10,3869140154299.5977,94288931173.6193
2025-09-28 04:26:35,3869140154299.5977,94288931173.6193
2025-09-28 04:27:22,3869140154299.5977,94288931173.6193
2025-09-28 04:29:03,3869140154299.5977,94288931173.6193
2025-09-28 04:29:09,3869140154299.5977,94288931173.6193
2025-09-28 04:30:03,3869140154299.5977,94288931173.6193
2025-09-28 04:30:08,3869140154299.5977,94288931173.6193
2025-09-28 04:30:23,3869140154299.5977,94288931173.6193
2025-09-28 04:31:05,3869550770546.431,93985752491.60872
2025-09-28 04:31:11,3869550770546.431,93985752491.60872
2025-09-28 04:31:36,3869550770546.431,93985752491.60872
2025-09-28 04:32:22,3869550770546.431,93985752491.60872
2025-09-28 04:34:03,3869550770546.431,93985752491.60872
2025-09-28 04:34:10,3869550770546.431,93985752491.60872
2025-09-28 04:35:04,3869550770546.431,93985752491.60872
2025-09-28 04:35:09,3869550770546.431,93985752491.60872
2025-09-28 04:35:24,3869550770546.431,93985752491.60872
2025-09-28 04:36:06,3869550770546.431,93985752491.60872
2025-09-28 04:36:11,3869550770546.431,93985752491.60872
2025-09-28 04:36:37,3869550770546.431,93985752491.60872
2025-09-28 04:37:23,3869550770546.431,93985752491.60872
2025-09-28 04:39:04,3869550770546.431,93985752491.60872
2025-09-28 04:39:11,3869550770546.431,93985752491.60872
2025-09-28 04:40:05,3869550770546.431,93985752491.60872
2025-09-28 04:40:10,3869550770546.431,93985752491.60872
2025-09-28 04:40:24,3869550770546.431,93985752491.60872
2025-09-28 04:41:07,3871199838793.533,93752905449.46938
2025-09-28 04:41:12,3871199838793.533,93752905449.46938
2025-09-28 04:41:38,3871199838793.533,93752905449.46938
2025-09-28 04:42:24,3871199838793.533,93752905449.46938
2025-09-28 04:44:05,3871199838793.533,93752905449.46938
2025-09-28 04:44:11,3871199838793.533,93752905449.46938
2025-09-28 04:45:05,3871199838793.533,93752905449.46938
2025-09-28 04:45:10,3871199838793.533,93752905449.46938
2025-09-28 04:45:25,3871199838793.533,93752905449.46938
2025-09-28 04:46:08,3871199838793.533,93752905449.46938
2025-09-28 04:46:13,3871199838793.533,93752905449.46938
2025-09-28 04:46:38,3871199838793.533,93752905449.46938
2025-09-28 04:47:25,3871199838793.533,93752905449.46938
2025-09-28 04:49:06,3871199838793.533,93752905449.46938
2025-09-28 04:49:12,3871199838793.533,93752905449.46938
2025-09-28 04:50:06,3871199838793.533,93752905449.46938
2025-09-28 04:50:11,3871199838793.533,93752905449.46938
2025-09-28 04:50:26,3871199838793.533,93752905449.46938
2025-09-28 04:51:08,3872665207695.137,93665691127.65076
2025-09-28 04:51:14,3872665207695.137,93665691127.65076
2025-09-28 04:51:39,3872665207695.137,93665691127.65076
2025-09-28 04:52:25,3872665207695.137,93665691127.65076
2025-09-28 04:54:06,3872665207695.137,93665691127.65076
2025-09-28 04:54:13,3872665207695.137,93665691127.65076
2025-09-28 04:55:07,3872665207695.137,93665691127.65076
2025-09-28 04:55:12,3872665207695.137,93665691127.65076
2025-09-28 04:55:27,3872665207695.137,93665691127.65076
2025-09-28 04:56:09,3872665207695.137,93665691127.65076
2025-09-28 04:56:14,3872665207695.137,93665691127.65076
2025-09-28 04:56:40,3872665207695.137,93665691127.65076
2025-09-28 04:57:26,3872665207695.137,93665691127.65076
2025-09-28 04:59:07,3872665207695.137,93665691127.65076
2025-09-28 04:59:14,3872665207695.137,93665691127.65076
2025-09-28 05:00:08,3872665207695.137,93665691127.65076
2025-09-28 05:00:13,3872665207695.137,93665691127.65076
2025-09-28 05:00:28,3872665207695.137,93665691127.65076
2025-09-28 05:01:10,3874058379284.436,93450517589.7372
2025-09-28 05:01:15,3874058379284.436,93450517589.7372
2025-09-28 05:01:41,3874058379284.436,93450517589.7372
2025-09-28 05:02:27,3874058379284.436,93450517589.7372
2025-09-28 05:04:08,3874058379284.436,93450517589.7372
2025-09-28 05:04:14,3874058379284.436,93450517589.7372
2025-09-28 05:05:08,3874058379284.436,93450517589.7372
2025-09-28 05:05:13,3874058379284.436,93450517589.7372
2025-09-28 05:05:28,3874058379284.436,93450517589.7372
2025-09-28 05:06:11,3874058379284.436,93450517589.7372
2025-09-28 05:06:16,3874058379284.436,93450517589.7372
2025-09-28 05:06:41,3874058379284.436,93450517589.7372
2025-09-28 05:07:28,3874058379284.436,93450517589.7372
2025-09-28 05:09:09,3874058379284.436,93450517589.7372
2025-09-28 05:09:15,3874058379284.436,93450517589.7372
2025-09-28 05:10:09,3874058379284.436,93450517589.7372
2025-09-28 05:10:14,3874058379284.436,93450517589.7372
2025-09-28 05:10:29,3874058379284.436,93450517589.7372
2025-09-28 05:11:11,3875749840146.762,93264895615.20522
2025-09-28 05:11:17,3875749840146.762,93264895615.20522
2025-09-28 05:11:42,3875749840146.762,93264895615.20522
2025-09-28 05:12:28,3875749840146.762,93264895615.20522
2025-09-28 05:14:10,3875749840146.762,93264895615.20522
2025-09-28 05:14:16,3875749840146.762,93264895615.20522
2025-09-28 05:15:10,3875749840146.762,93264895615.20522
2025-09-28 05:15:15,3875749840146.762,93264895615.20522
2025-09-28 05:15:30,3875749840146.762,93264895615.20522
2025-09-28 05:16:12,3875749840146.762,93264895615.20522
2025-09-28 05:16:18,3875749840146.762,93264895615.20522
2025-09-28 05:16:43,3875749840146.762,93264895615.20522
2025-09-28 05:17:29,3875749840146.762,93264895615.20522
2025-09-28 05:19:11,3875749840146.762,93264895615.20522
2025-09-28 05:19:17,3875749840146.762,93264895615.20522
2025-09-28 05:20:11,3875749840146.762,93264895615.20522
2025-09-28 05:20:16,3875749840146.762,93264895615.20522
2025-09-28 05:20:31,3875749840146.762,93264895615.20522
2025-09-28 05:21:13,3880319296017.769,93019230159.15938
2025-09-28 05:21:18,3880319296017.769,93019230159.15938
2025-09-28 05:21:44,3880319296017.769,93019230159.15938
2025-09-28 05:22:30,3880319296017.769,93019230159.15938
2025-09-28 05:24:11,3880319296017.769,93019230159.15938
2025-09-28 05:24:17,3880319296017.769,93019230159.15938
2025-09-28 05:25:12,3880319296017.769,93019230159.15938
2025-09-28 05:25:16,3880319296017.769,93019230159.15938
2025-09-28 05:25:31,3880319296017.769,93019230159.15938
2025-09-28 05:26:14,3880319296017.769,93019230159.15938
2025-09-28 05:26:19,3880319296017.769,93019230159.15938
2025-09-28 05:26:44,3880319296017.769,93019230159.15938
2025-09-28 05:27:31,3880319296017.769,93019230159.15938
2025-09-28 05:29:12,3880319296017.769,93019230159.15938
2025-09-28 05:29:18,3880319296017.769,93019230159.15938
2025-09-28 05:30:12,3880319296017.769,93019230159.15938
2025-09-28 05:30:17,3880319296017.769,93019230159.15938
2025-09-28 05:30:32,3880319296017.769,93019230159.15938
2025-09-28 05:31:14,3883316164674.464,93116610301.57288
2025-09-28 05:31:20,3883316164674.464,93116610301.57288
2025-09-28 05:31:45,3883316164674.464,93116610301.57288
2025-09-28 05:32:31,3883316164674.464,93116610301.57288
2025-09-28 05:34:13,3883316164674.464,93116610301.57288
2025-09-28 05:34:19,3883316164674.464,93116610301.57288
2025-09-28 05:35:13,3883316164674.464,93116610301.57288
2025-09-28 05:35:18,3883316164674.464,93116610301.57288
2025-09-28 05:35:33,3883316164674.464,93116610301.57288
2025-09-28 05:36:15,3883316164674.464,93116610301.57288
2025-09-28 05:36:21,3883316164674.464,93116610301.57288
2025-09-28 05:36:46,3883316164674.464,93116610301.57288
2025-09-28 05:37:32,3883316164674.464,93116610301.57288
2025-09-28 05:39:14,3883316164674.464,93116610301.57288
2025-09-28 05:39:20,3883316164674.464,93116610301.57288
2025-09-28 05:40:14,3883316164674.464,93116610301.57288
2025-09-28 05:40:19,3883316164674.464,93116610301.57288
2025-09-28 05:40:34,3883316164674.464,93116610301.57288
2025-09-28 05:41:16,3880974610975.087,93135095838.7164
2025-09-28 05:41:21,3880974610975.087,93135095838.7164
2025-09-28 05:41:47,3880974610975.087,93135095838.7164
2025-09-28 05:42:33,3880974610975.087,93135095838.7164
2025-09-28 05:44:14,3880974610975.087,93135095838.7164
2025-09-28 05:44:21,3880974610975.087,93135095838.7164
2025-09-28 05:45:15,3880974610975.087,93135095838.7164
2025-09-28 05:45:20,3880974610975.087,93135095838.7164
2025-09-28 05:45:34,3880974610975.087,93135095838.7164
2025-09-28 05:46:17,3880974610975.087,93135095838.7164
2025-09-28 05:46:22,3880974610975.087,93135095838.7164
2025-09-28 05:46:47,3880974610975.087,93135095838.7164
2025-09-28 05:47:34,3880974610975.087,93135095838.7164
2025-09-28 05:49:15,3880974610975.087,93135095838.7164
2025-09-28 05:49:21,3880974610975.087,93135095838.7164
2025-09-28 05:50:15,3880974610975.087,93135095838.7164
2025-09-28 05:50:20,3880974610975.087,93135095838.7164
2025-09-28 05:50:35,3880974610975.087,93135095838.7164
2025-09-28 05:51:18,3877400201677.3,93292228435.732
2025-09-28 05:51:23,3877400201677.3,93292228435.732
2025-09-28 05:51:48,3877400201677.3,93292228435.732
2025-09-28 05:52:34,3877400201677.3,93292228435.732
2025-09-28 05:54:16,3877400201677.3,93292228435.732
2025-09-28 05:54:22,3877400201677.3,93292228435.732
2025-09-28 05:55:16,3877400201677.3,93292228435.732
2025-09-28 05:55:21,3877400201677.3,93292228435.732
2025-09-28 05:55:36,3877400201677.3,93292228435.732
2025-09-28 05:56:18,3877400201677.3,93292228435.732
2025-09-28 05:56:24,3877400201677.3,93292228435.732
2025-09-28 05:56:49,3877400201677.3,93292228435.732
2025-09-28 05:57:35,3877400201677.3,93292228435.732
2025-09-28 05:59:17,3877400201677.3,93292228435.732
2025-09-28 05:59:23,3877400201677.3,93292228435.732
2025-09-28 06:00:17,3877400201677.3,93292228435.732
2025-09-28 06:00:22,3877400201677.3,93292228435.732
2025-09-28 06:00:37,3877400201677.3,93292228435.732
2025-09-28 06:01:19,3879547640764.5366,93266686291.57623
2025-09-28 06:01:25,3879547640764.5366,93266686291.57623
2025-09-28 06:01:50,3879547640764.5366,93266686291.57623
2025-09-28 06:02:36,3879547640764.5366,93266686291.57623
2025-09-28 06:04:18,3879547640764.5366,93266686291.57623
2025-09-28 06:04:24,3879547640764.5366,93266686291.57623
2025-09-28 06:05:18,3879547640764.5366,93266686291.57623
2025-09-28 06:05:23,3879547640764.5366,93266686291.57623
2025-09-28 06:05:38,3879547640764.5366,93266686291.57623
2025-09-28 06:06:20,3879547640764.5366,93266686291.57623
2025-09-28 06:06:25,3879547640764.5366,93266686291.57623
2025-09-28 06:06:50,3879547640764.5366,93266686291.57623
2025-09-28 06:07:37,3879547640764.5366,93266686291.57623
2025-09-28 06:09:18,3879547640764.5366,93266686291.57623
2025-09-28 06:09:24,3879547640764.5366,93266686291.57623
2025-09-28 06:10:18,3879547640764.5366,93266686291.57623
2025-09-28 06:10:23,3879547640764.5366,93266686291.57623
2025-09-28 06:10:38,3879547640764.5366,93266686291.57623
2025-09-28 06:11:21,3877747191874.1777,92926548550.98796
2025-09-28 06:11:26,3877747191874.1777,92926548550.98796
2025-09-28 06:11:51,3877747191874.1777,92926548550.98796
2025-09-28 06:12:38,3877747191874.1777,92926548550.98796
2025-09-28 06:14:19,3877747191874.1777,92926548550.98796
2025-09-28 06:14:25,3877747191874.1777,92926548550.98796
2025-09-28 06:15:19,3877747191874.1777,92926548550.98796
2025-09-28 06:15:24,3877747191874.1777,92926548550.98796
2025-09-28 06:15:39,3877747191874.1777,92926548550.98796
2025-09-28 06:16:21,3877747191874.1777,92926548550.98796
2025-09-28 06:16:27,3877747191874.1777,92926548550.98796
2025-09-28 06:16:52,3877747191874.1777,92926548550.98796
2025-09-28 06:17:38,3877747191874.1777,92926548550.98796
2025-09-28 06:19:20,3877747191874.1777,92926548550.98796
2025-09-28 06:19:26,3877747191874.1777,92926548550.98796
2025-09-28 06:20:20,3877747191874.1777,92926548550.98796
2025-09-28 06:20:25,3877747191874.1777,92926548550.98796
2025-09-28 06:20:40,3877747191874.1777,92926548550.98796
2025-09-28 06:21:22,3874003177894.602,92978040022.12402
2025-09-28 06:21:28,3874003177894.602,92978040022.12402
2025-09-28 06:21:53,3874003177894.602,92978040022.12402
2025-09-28 06:22:39,3874003177894.602,92978040022.12402
2025-09-28 06:24:21,3874003177894.602,92978040022.12402
2025-09-28 06:24:27,3874003177894.602,92978040022.12402
2025-09-28 06:25:21,3874003177894.602,92978040022.12402
2025-09-28 06:25:26,3874003177894.602,92978040022.12402
2025-09-28 06:25:41,3874003177894.602,92978040022.12402
2025-09-28 06:26:23,3874003177894.602,92978040022.12402
2025-09-28 06:26:28,3874003177894.602,92978040022.12402
2025-09-28 06:26:54,3874003177894.602,92978040022.12402
2025-09-28 06:27:40,3874003177894.602,92978040022.12402
2025-09-28 06:29:22,3874003177894.602,92978040022.12402
2025-09-28 06:29:27,3874003177894.602,92978040022.12402
2025-09-28 06:30:22,3874003177894.602,92978040022.12402
2025-09-28 06:30:28,3874003177894.602,92978040022.12402
2025-09-28 06:30:41,3874003177894.602,92978040022.12402
2025-09-28 06:31:24,3874643667891.044,93027932638.74176
2025-09-28 06:31:29,3874643667891.044,93027932638.74176
2025-09-28 06:31:54,3874643667891.044,93027932638.74176
2025-09-28 06:32:41,3874643667891.044,93027932638.74176
2025-09-28 06:34:23,3874643667891.044,93027932638.74176
2025-09-28 06:34:28,3874643667891.044,93027932638.74176
2025-09-28 06:35:22,3874643667891.044,93027932638.74176
2025-09-28 06:35:28,3874643667891.044,93027932638.74176
2025-09-28 06:35:42,3874643667891.044,93027932638.74176
2025-09-28 06:36:24,3874643667891.044,93027932638.74176
2025-09-28 06:36:30,3874643667891.044,93027932638.74176
2025-09-28 06:36:55,3874643667891.044,93027932638.74176
2025-09-28 06:37:41,3874643667891.044,93027932638.74176
2025-09-28 06:39:23,3874643667891.044,93027932638.74176
2025-09-28 06:39:29,3874643667891.044,93027932638.74176
2025-09-28 06:40:23,3874643667891.044,93027932638.74176
2025-09-28 06:40:29,3874643667891.044,93027932638.74176
2025-09-28 06:40:43,3874643667891.044,93027932638.74176
2025-09-28 06:41:25,3876062650550.5273,92763820664.86523
2025-09-28 06:41:31,3876062650550.5273,92763820664.86523
2025-09-28 06:41:56,3876062650550.5273,92763820664.86523
2025-09-28 06:42:42,3876062650550.5273,92763820664.86523
2025-09-28 06:44:24,3876062650550.5273,92763820664.86523
2025-09-28 06:44:30,3876062650550.5273,92763820664.86523
2025-09-28 06:45:24,3876062650550.5273,92763820664.86523
2025-09-28 06:45:30,3876062650550.5273,92763820664.86523
2025-09-28 06:45:44,3876062650550.5273,92763820664.86523
2025-09-28 06:46:26,3876062650550.5273,92763820664.86523
2025-09-28 06:46:31,3876062650550.5273,92763820664.86523
2025-09-28 06:46:57,3876062650550.5273,92763820664.86523
2025-09-28 06:47:43,3876062650550.5273,92763820664.86523
2025-09-28 06:49:25,3876062650550.5273,92763820664.86523
2025-09-28 06:49:30,3876062650550.5273,92763820664.86523
2025-09-28 06:50:25,3876062650550.5273,92763820664.86523
2025-09-28 06:50:31,3876062650550.5273,92763820664.86523
2025-09-28 06:50:44,3876062650550.5273,92763820664.86523
2025-09-28 06:51:27,3875878063203.573,92607712230.97304
2025-09-28 06:51:32,3875878063203.573,92607712230.97304
2025-09-28 06:51:57,3875878063203.573,92607712230.97304
2025-09-28 06:52:44,3875878063203.573,92607712230.97304
2025-09-28 06:54:26,3875878063203.573,92607712230.97304
2025-09-28 06:54:31,3875878063203.573,92607712230.97304
2025-09-28 06:55:25,3875878063203.573,92607712230.97304
2025-09-28 06:55:31,3875878063203.573,92607712230.97304
2025-09-28 06:55:45,3875878063203.573,92607712230.97304
2025-09-28 06:56:27,3875878063203.573,92607712230.97304
2025-09-28 06:56:33,3875878063203.573,92607712230.97304
2025-09-28 06:56:58,3875878063203.573,92607712230.97304
2025-09-28 06:57:44,3875878063203.573,92607712230.97304
2025-09-28 06:59:26,3875878063203.573,92607712230.97304
2025-09-28 06:59:32,3875878063203.573,92607712230.97304
2025-09-28 07:00:26,3875878063203.573,92607712230.97304
2025-09-28 07:00:32,3875878063203.573,92607712230.97304
2025-09-28 07:00:46,3875878063203.573,92607712230.97304
2025-09-28 07:01:28,3876191683360.4272,92400341648.34926
2025-09-28 07:01:34,3876191683360.4272,92400341648.34926
2025-09-28 07:01:59,3876191683360.4272,92400341648.34926
2025-09-28 07:02:45,3876191683360.4272,92400341648.34926
2025-09-28 07:04:27,3876191683360.4272,92400341648.34926
2025-09-28 07:04:33,3876191683360.4272,92400341648.34926
2025-09-28 07:05:27,3876191683360.4272,92400341648.34926
2025-09-28 07:05:33,3876191683360.4272,92400341648.34926
2025-09-28 07:05:47,3876191683360.4272,92400341648.34926
2025-09-28 07:06:29,3876191683360.4272,92400341648.34926
2025-09-28 07:06:34,3876191683360.4272,92400341648.34926
2025-09-28 07:07:00,3876191683360.4272,92400341648.34926
2025-09-28 07:07:46,3876191683360.4272,92400341648.34926
2025-09-28 07:09:28,3876191683360.4272,92400341648.34926
2025-09-28 07:09:33,3876191683360.4272,92400341648.34926
2025-09-28 07:10:28,3876191683360.4272,92400341648.34926
2025-09-28 07:10:34,3876191683360.4272,92400341648.34926
2025-09-28 07:10:47,3876191683360.4272,92400341648.34926
2025-09-28 07:11:30,3875247342675.866,91940040886.70769
2025-09-28 07:11:35,3875247342675.866,91940040886.70769
2025-09-28 07:12:00,3875247342675.866,91940040886.70769
2025-09-28 07:12:47,3875247342675.866,91940040886.70769
2025-09-28 07:14:29,3875247342675.866,91940040886.70769
2025-09-28 07:14:34,3875247342675.866,91940040886.70769
2025-09-28 07:15:28,3875247342675.866,91940040886.70769
2025-09-28 07:15:34,3875247342675.866,91940040886.70769
2025-09-28 07:15:48,3875247342675.866,91940040886.70769
2025-09-28 07:16:30,3875247342675.866,91940040886.70769
2025-09-28 07:16:36,3875247342675.866,91940040886.70769
2025-09-28 07:17:01,3875247342675.866,91940040886.70769
2025-09-28 07:17:48,3875247342675.866,91940040886.70769
2025-09-28 07:19:30,3875247342675.866,91940040886.70769
2025-09-28 07:19:35,3875247342675.866,91940040886.70769
2025-09-28 07:20:29,3875247342675.866,91940040886.70769
2025-09-28 07:20:35,3875247342675.866,91940040886.70769
2025-09-28 07:20:49,3875247342675.866,91940040886.70769
2025-09-28 07:21:31,3874051470425.316,92250701199.64302
2025-09-28 07:21:37,3874051470425.316,92250701199.64302
2025-09-28 07:22:02,3874051470425.316,92250701199.64302
2025-09-28 07:22:48,3874051470425.316,92250701199.64302
2025-09-28 07:24:30,3874051470425.316,92250701199.64302
2025-09-28 07:24:36,3874051470425.316,92250701199.64302
2025-09-28 07:25:30,3874051470425.316,92250701199.64302
2025-09-28 07:25:36,3874051470425.316,92250701199.64302
2025-09-28 07:25:50,3874051470425.316,92250701199.64302
2025-09-28 07:26:32,3874051470425.316,92250701199.64302
2025-09-28 07:26:38,3874051470425.316,92250701199.64302
2025-09-28 07:27:03,3874051470425.316,92250701199.64302
2025-09-28 07:27:49,3874051470425.316,92250701199.64302
2025-09-28 07:29:31,3874051470425.316,92250701199.64302
2025-09-28 07:29:36,3874051470425.316,92250701199.64302
2025-09-28 07:30:31,3874051470425.316,92250701199.64302
2025-09-28 07:30:37,3874051470425.316,92250701199.64302
2025-09-28 07:30:51,3874051470425.316,92250701199.64302
2025-09-28 07:31:33,3880247514838.132,92376894044.11832
2025-09-28 07:31:38,3880247514838.132,92376894044.11832
2025-09-28 07:32:03,3880247514838.132,92376894044.11832
2025-09-28 07:32:50,3880247514838.132,92376894044.11832
2025-09-28 07:34:32,3880247514838.132,92376894044.11832
2025-09-28 07:34:37,3880247514838.132,92376894044.11832
2025-09-28 07:35:32,3880247514838.132,92376894044.11832
2025-09-28 07:35:37,3880247514838.132,92376894044.11832
2025-09-28 07:35:51,3880247514838.132,92376894044.11832
2025-09-28 07:36:34,3880247514838.132,92376894044.11832
2025-09-28 07:36:39,3880247514838.132,92376894044.11832
2025-09-28 07:37:04,3880247514838.132,92376894044.11832
2025-09-28 07:37:51,3880247514838.132,92376894044.11832
2025-09-28 07:39:33,3880247514838.132,92376894044.11832
2025-09-28 07:39:38,3880247514838.132,92376894044.11832
2025-09-28 07:40:33,3880247514838.132,92376894044.11832
2025-09-28 07:40:38,3880247514838.132,92376894044.11832
2025-09-28 07:40:52,3880247514838.132,92376894044.11832
2025-09-28 07:41:34,3875211127005.667,92305731354.27258
2025-09-28 07:41:40,3875211127005.667,92305731354.27258
2025-09-28 07:42:05,3875211127005.667,92305731354.27258
2025-09-28 07:42:51,3875211127005.667,92305731354.27258
2025-09-28 07:44:33,3875211127005.667,92305731354.27258
2025-09-28 07:44:39,3875211127005.667,92305731354.27258
2025-09-28 07:45:34,3875211127005.667,92305731354.27258
2025-09-28 07:45:39,3875211127005.667,92305731354.27258
2025-09-28 07:45:53,3875211127005.667,92305731354.27258
2025-09-28 07:46:35,3875211127005.667,92305731354.27258
2025-09-28 07:46:41,3875211127005.667,92305731354.27258
2025-09-28 07:47:06,3875211127005.667,92305731354.27258
2025-09-28 07:47:52,3875211127005.667,92305731354.27258
2025-09-28 07:49:34,3875211127005.667,92305731354.27258
2025-09-28 07:49:39,3875211127005.667,92305731354.27258
2025-09-28 07:50:34,3875211127005.667,92305731354.27258
2025-09-28 07:50:40,3875211127005.667,92305731354.27258
2025-09-28 07:50:54,3875211127005.667,92305731354.27258
2025-09-28 07:51:36,3873584703248.794,92504068531.1297
2025-09-28 07:51:41,3873584703248.794,92504068531.1297
2025-09-28 07:52:07,3873584703248.794,92504068531.1297
2025-09-28 07:52:53,3873584703248.794,92504068531.1297
2025-09-28 07:54:35,3873584703248.794,92504068531.1297
2025-09-28 07:54:40,3873584703248.794,92504068531.1297
2025-09-28 07:55:35,3873584703248.794,92504068531.1297
2025-09-28 07:55:41,3873584703248.794,92504068531.1297
2025-09-28 07:55:55,3873584703248.794,92504068531.1297
2025-09-28 07:56:37,3873584703248.794,92504068531.1297
2025-09-28 07:56:42,3873584703248.794,92504068531.1297
2025-09-28 07:57:07,3873584703248.794,92504068531.1297
2025-09-28 07:57:54,3873584703248.794,92504068531.1297
2025-09-28 07:59:36,3873584703248.794,92504068531.1297
2025-09-28 07:59:41,3873584703248.794,92504068531.1297
2025-09-28 08:00:36,3873584703248.794,92504068531.1297
2025-09-28 08:00:41,3873584703248.794,92504068531.1297
2025-09-28 08:00:55,3873584703248.794,92504068531.1297
2025-09-28 08:01:37,3873114309027.535,92705589213.90616
2025-09-28 08:01:43,3873114309027.535,92705589213.90616
2025-09-28 08:02:08,3873114309027.535,92705589213.90616
2025-09-28 08:02:54,3873114309027.535,92705589213.90616
2025-09-28 08:04:37,3873114309027.535,92705589213.90616
2025-09-28 08:04:42,3873114309027.535,92705589213.90616
2025-09-28 08:05:37,3873114309027.535,92705589213.90616
2025-09-28 08:05:42,3873114309027.535,92705589213.90616
2025-09-28 08:05:56,3873114309027.535,92705589213.90616
2025-09-28 08:06:38,3873114309027.535,92705589213.90616
2025-09-28 08:06:44,3873114309027.535,92705589213.90616
2025-09-28 08:07:09,3873114309027.535,92705589213.90616
2025-09-28 08:07:55,3873114309027.535,92705589213.90616
2025-09-28 08:09:37,3873114309027.535,92705589213.90616
2025-09-28 08:09:43,3873114309027.535,92705589213.90616
2025-09-28 08:10:37,3873114309027.535,92705589213.90616
2025-09-28 08:10:43,3873114309027.535,92705589213.90616
2025-09-28 08:10:57,3873114309027.535,92705589213.90616
2025-09-28 08:11:39,3869832094206.821,92792969157.6069
2025-09-28 08:11:44,3869832094206.821,92792969157.6069
2025-09-28 08:12:10,3869832094206.821,92792969157.6069
2025-09-28 08:12:56,3869832094206.821,92792969157.6069
2025-09-28 08:14:38,3869832094206.821,92792969157.6069
2025-09-28 08:14:43,3869832094206.821,92792969157.6069
2025-09-28 08:15:38,3869832094206.821,92792969157.6069
2025-09-28 08:15:44,3869832094206.821,92792969157.6069
2025-09-28 08:15:58,3869832094206.821,92792969157.6069
2025-09-28 08:16:40,3869832094206.821,92792969157.6069
2025-09-28 08:16:45,3869832094206.821,92792969157.6069
2025-09-28 08:17:10,3869832094206.821,92792969157.6069
2025-09-28 08:17:57,3869832094206.821,92792969157.6069
2025-09-28 08:19:39,3869832094206.821,92792969157.6069
2025-09-28 08:19:44,3869832094206.821,92792969157.6069
2025-09-28 08:20:39,3869832094206.821,92792969157.6069
2025-09-28 08:20:44,3869832094206.821,92792969157.6069
2025-09-28 08:20:58,3869832094206.821,92792969157.6069
2025-09-28 08:21:40,3868366470415.0415,92806259805.25388
2025-09-28 08:21:46,3868366470415.0415,92806259805.25388
2025-09-28 08:22:11,3868366470415.0415,92806259805.25388
2025-09-28 08:22:57,3868366470415.0415,92806259805.25388
2025-09-28 08:24:40,3868366470415.0415,92806259805.25388
2025-09-28 08:24:45,3868366470415.0415,92806259805.25388
2025-09-28 08:25:40,3868366470415.0415,92806259805.25388
2025-09-28 08:25:45,3868366470415.0415,92806259805.25388
2025-09-28 08:26:00,3868366470415.0415,92806259805.25388
2025-09-28 08:26:41,3868366470415.0415,92806259805.25388
2025-09-28 08:26:47,3868366470415.0415,92806259805.25388
2025-09-28 08:27:12,3868366470415.0415,92806259805.25388
2025-09-28 08:27:58,3868366470415.0415,92806259805.25388
2025-09-28 08:29:40,3868366470415.0415,92806259805.25388
2025-09-28 08:29:46,3868366470415.0415,92806259805.25388
2025-09-28 08:30:40,3868366470415.0415,92806259805.25388
2025-09-28 08:30:46,3868366470415.0415,92806259805.25388
2025-09-28 08:31:01,3868366470415.0415,92806259805.25388
2025-09-28 08:31:42,3868816340778.8257,92734943341.88332
2025-09-28 08:31:47,3868816340778.8257,92734943341.88332
2025-09-28 08:32:13,3868816340778.8257,92734943341.88332
2025-09-28 08:32:59,3868816340778.8257,92734943341.88332
2025-09-28 08:34:41,3868816340778.8257,92734943341.88332
2025-09-28 08:34:46,3868816340778.8257,92734943341.88332
2025-09-28 08:35:41,3868816340778.8257,92734943341.88332
2025-09-28 08:35:47,3868816340778.8257,92734943341.88332
2025-09-28 08:36:01,3868816340778.8257,92734943341.88332
2025-09-28 08:36:43,3868816340778.8257,92734943341.88332
2025-09-28 08:36:48,3868816340778.8257,92734943341.88332
2025-09-28 08:37:14,3868816340778.8257,92734943341.88332
2025-09-28 08:38:00,3868816340778.8257,92734943341.88332
2025-09-28 08:39:42,3868816340778.8257,92734943341.88332
2025-09-28 08:39:47,3868816340778.8257,92734943341.88332
2025-09-28 08:40:42,3868816340778.8257,92734943341.88332
2025-09-28 08:40:47,3868816340778.8257,92734943341.88332
2025-09-28 08:41:02,3868816340778.8257,92734943341.88332
2025-09-28 08:41:44,3865239619224.056,92614171882.24536
2025-09-28 08:41:49,3865239619224.056,92614171882.24536
2025-09-28 08:42:14,3865239619224.056,92614171882.24536
2025-09-28 08:43:01,3865239619224.056,92614171882.24536
2025-09-28 08:44:43,3865239619224.056,92614171882.24536
2025-09-28 08:44:48,3865239619224.056,92614171882.24536
2025-09-28 08:45:43,3865239619224.056,92614171882.24536
2025-09-28 08:45:48,3865239619224.056,92614171882.24536
2025-09-28 08:46:03,3865239619224.056,92614171882.24536
2025-09-28 08:46:44,3865239619224.056,92614171882.24536
2025-09-28 08:46:50,3865239619224.056,92614171882.24536
2025-09-28 08:47:15,3865239619224.056,92614171882.24536
2025-09-28 08:48:01,3865239619224.056,92614171882.24536
2025-09-28 08:49:44,3865239619224.056,92614171882.24536
2025-09-28 08:49:49,3865239619224.056,92614171882.24536
2025-09-28 08:50:43,3865239619224.056,92614171882.24536
2025-09-28 08:50:49,3865239619224.056,92614171882.24536
2025-09-28 08:51:04,3865239619224.056,92614171882.24536
2025-09-28 08:51:45,3860663938574.22,92674313882.22014
2025-09-28 08:51:51,3860663938574.22,92674313882.22014
2025-09-28 08:52:16,3860663938574.22,92674313882.22014
2025-09-28 08:53:03,3860663938574.22,92674313882.22014
2025-09-28 08:54:44,3860663938574.22,92674313882.22014
2025-09-28 08:54:49,3860663938574.22,92674313882.22014
2025-09-28 08:55:44,3860663938574.22,92674313882.22014
2025-09-28 08:55:50,3860663938574.22,92674313882.22014
2025-09-28 08:56:04,3860663938574.22,92674313882.22014
2025-09-28 08:56:46,3860663938574.22,92674313882.22014
2025-09-28 08:56:51,3860663938574.22,92674313882.22014
2025-09-28 08:57:17,3860663938574.22,92674313882.22014
2025-09-28 08:58:03,3860663938574.22,92674313882.22014
2025-09-28 08:59:45,3860663938574.22,92674313882.22014
2025-09-28 08:59:50,3860663938574.22,92674313882.22014
2025-09-28 09:00:45,3860663938574.22,92674313882.22014
2025-09-28 09:00:51,3860663938574.22,92674313882.22014
2025-09-28 09:01:05,3860663938574.22,92674313882.22014
2025-09-28 09:01:47,3861178844384.641,92787460692.23262
2025-09-28 09:01:52,3861178844384.641,92787460692.23262
2025-09-28 09:02:17,3861178844384.641,92787460692.23262
2025-09-28 09:03:04,3861178844384.641,92787460692.23262
2025-09-28 09:04:46,3861178844384.641,92787460692.23262
2025-09-28 09:04:51,3861178844384.641,92787460692.23262
2025-09-28 09:05:46,3861178844384.641,92787460692.23262
2025-09-28 09:05:51,3861178844384.641,92787460692.23262
2025-09-28 09:06:06,3861178844384.641,92787460692.23262
2025-09-28 09:06:47,3861178844384.641,92787460692.23262
2025-09-28 09:06:53,3861178844384.641,92787460692.23262
2025-09-28 09:07:18,3861178844384.641,92787460692.23262
2025-09-28 09:08:05,3861178844384.641,92787460692.23262
2025-09-28 09:09:47,3861178844384.641,92787460692.23262
2025-09-28 09:09:52,3861178844384.641,92787460692.23262
2025-09-28 09:10:47,3861178844384.641,92787460692.23262
2025-09-28 09:10:52,3861178844384.641,92787460692.23262
2025-09-28 09:11:07,3861178844384.641,92787460692.23262
2025-09-28 09:11:48,3862838812964.13,92573586091.19057
2025-09-28 09:11:54,3862838812964.13,92573586091.19057
2025-09-28 09:12:19,3862838812964.13,92573586091.19057
2025-09-28 09:13:06,3862838812964.13,92573586091.19057
2025-09-28 09:14:48,3862838812964.13,92573586091.19057
2025-09-28 09:14:52,3862838812964.13,92573586091.19057
2025-09-28 09:15:47,3862838812964.13,92573586091.19057
2025-09-28 09:15:53,3862838812964.13,92573586091.19057
2025-09-28 09:16:08,3862838812964.13,92573586091.19057
2025-09-28 09:16:49,3862838812964.13,92573586091.19057
2025-09-28 09:16:54,3862838812964.13,92573586091.19057
2025-09-28 09:17:20,3862838812964.13,92573586091.19057
2025-09-28 09:18:06,3862838812964.13,92573586091.19057
2025-09-28 09:19:48,3862838812964.13,92573586091.19057
2025-09-28 09:19:53,3862838812964.13,92573586091.19057
2025-09-28 09:20:48,3862838812964.13,92573586091.19057
2025-09-28 09:20:54,3862838812964.13,92573586091.19057
2025-09-28 09:21:08,3862838812964.13,92573586091.19057
2025-09-28 09:21:50,3862990873653.323,92397858265.23424
2025-09-28 09:21:55,3862990873653.323,92397858265.23424
2025-09-28 09:22:21,3862990873653.323,92397858265.23424
2025-09-28 09:23:07,3862990873653.323,92397858265.23424
2025-09-28 09:24:49,3862990873653.323,92397858265.23424
2025-09-28 09:24:54,3862990873653.323,92397858265.23424
2025-09-28 09:25:49,3862990873653.323,92397858265.23424
2025-09-28 09:25:54,3862990873653.323,92397858265.23424
2025-09-28 09:26:09,3862990873653.323,92397858265.23424
2025-09-28 09:26:50,3862990873653.323,92397858265.23424
2025-09-28 09:26:56,3862990873653.323,92397858265.23424
2025-09-28 09:27:21,3862990873653.323,92397858265.23424
2025-09-28 09:28:08,3862990873653.323,92397858265.23424
2025-09-28 09:29:50,3862990873653.323,92397858265.23424
2025-09-28 09:29:55,3862990873653.323,92397858265.23424
2025-09-28 09:30:50,3862990873653.323,92397858265.23424
2025-09-28 09:30:55,3862990873653.323,92397858265.23424
2025-09-28 09:31:10,3862990873653.323,92397858265.23424
2025-09-28 09:31:51,3867302172060.57,92501519347.86804
2025-09-28 09:31:57,3867302172060.57,92501519347.86804
2025-09-28 09:32:22,3867302172060.57,92501519347.86804
2025-09-28 09:33:09,3867302172060.57,92501519347.86804
2025-09-28 09:34:51,3867302172060.57,92501519347.86804
2025-09-28 09:34:55,3867302172060.57,92501519347.86804
2025-09-28 09:35:50,3867302172060.57,92501519347.86804
2025-09-28 09:35:56,3867302172060.57,92501519347.86804
2025-09-28 09:36:11,3867302172060.57,92501519347.86804
2025-09-28 09:36:52,3867302172060.57,92501519347.86804
2025-09-28 09:36:58,3867302172060.57,92501519347.86804
2025-09-28 09:37:23,3867302172060.57,92501519347.86804
2025-09-28 09:38:10,3867302172060.57,92501519347.86804
2025-09-28 09:39:52,3867302172060.57,92501519347.86804
2025-09-28 09:39:56,3867302172060.57,92501519347.86804
2025-09-28 09:40:52,3867302172060.57,92501519347.86804
2025-09-28 09:40:57,3867302172060.57,92501519347.86804
2025-09-28 09:41:12,3867302172060.57,92501519347.86804
2025-09-28 09:41:53,3868901560020.974,92587759749.3575
2025-09-28 09:41:58,3868901560020.974,92587759749.3575
2025-09-28 09:42:24,3868901560020.974,92587759749.3575
2025-09-28 09:43:10,3868901560020.974,92587759749.3575
2025-09-28 09:44:52,3868901560020.974,92587759749.3575
2025-09-28 09:44:57,3868901560020.974,92587759749.3575
2025-09-28 09:45:52,3868901560020.974,92587759749.3575
2025-09-28 09:45:58,3868901560020.974,92587759749.3575
2025-09-28 09:46:13,3868901560020.974,92587759749.3575
2025-09-28 09:46:54,3868901560020.974,92587759749.3575
2025-09-28 09:46:59,3868901560020.974,92587759749.3575
2025-09-28 09:47:24,3868901560020.974,92587759749.3575
2025-09-28 09:48:11,3868901560020.974,92587759749.3575
2025-09-28 09:49:53,3868901560020.974,92587759749.3575
2025-09-28 09:49:58,3868901560020.974,92587759749.3575
2025-09-28 09:50:53,3868901560020.974,92587759749.3575
2025-09-28 09:50:59,3868901560020.974,92587759749.3575
2025-09-28 09:51:13,3868901560020.974,92587759749.3575
2025-09-28 09:51:54,3864312851600.698,92543997495.61365
2025-09-28 09:52:00,3864312851600.698,92543997495.61365
2025-09-28 09:52:25,3864312851600.698,92543997495.61365
2025-09-28 09:53:12,3864312851600.698,92543997495.61365
2025-09-28 09:54:54,3864312851600.698,92543997495.61365
2025-09-28 09:54:59,3864312851600.698,92543997495.61365
2025-09-28 09:55:54,3864312851600.698,92543997495.61365
2025-09-28 09:55:59,3864312851600.698,92543997495.61365
2025-09-28 09:56:14,3864312851600.698,92543997495.61365
2025-09-28 09:56:55,3864312851600.698,92543997495.61365
2025-09-28 09:57:01,3864312851600.698,92543997495.61365
2025-09-28 09:57:26,3864312851600.698,92543997495.61365
2025-09-28 09:58:13,3864312851600.698,92543997495.61365
2025-09-28 09:59:55,3864312851600.698,92543997495.61365
2025-09-28 09:59:59,3864312851600.698,92543997495.61365
2025-09-28 10:00:55,3864312851600.698,92543997495.61365
2025-09-28 10:01:00,3864312851600.698,92543997495.61365
2025-09-28 10:01:15,3864312851600.698,92543997495.61365
2025-09-28 10:01:56,3865247385443.569,92410607648.66447
2025-09-28 10:02:02,3865247385443.569,92410607648.66447
2025-09-28 10:02:27,3865247385443.569,92410607648.66447
2025-09-28 10:03:13,3865247385443.569,92410607648.66447
2025-09-28 10:04:56,3865247385443.569,92410607648.66447
2025-09-28 10:05:00,3865247385443.569,92410607648.66447
2025-09-28 10:05:56,3865247385443.569,92410607648.66447
2025-09-28 10:06:01,3865247385443.569,92410607648.66447
2025-09-28 10:06:16,3865247385443.569,92410607648.66447
2025-09-28 10:06:57,3865247385443.569,92410607648.66447
2025-09-28 10:07:02,3865247385443.569,92410607648.66447
2025-09-28 10:07:28,3865247385443.569,92410607648.66447
2025-09-28 10:08:14,3865247385443.569,92410607648.66447
2025-09-28 10:09:56,3865247385443.569,92410607648.66447
2025-09-28 10:10:01,3865247385443.569,92410607648.66447
2025-09-28 10:10:56,3865247385443.569,92410607648.66447
2025-09-28 10:11:02,3865247385443.569,92410607648.66447
2025-09-28 10:11:17,3865247385443.569,92410607648.66447
2025-09-28 10:11:57,3866766867726.793,92143865981.29655
2025-09-28 10:12:03,3866766867726.793,92143865981.29655
2025-09-28 10:12:28,3866766867726.793,92143865981.29655
2025-09-28 10:13:15,3866766867726.793,92143865981.29655
2025-09-28 10:14:57,3866766867726.793,92143865981.29655
2025-09-28 10:15:02,3866766867726.793,92143865981.29655
2025-09-28 10:15:57,3866766867726.793,92143865981.29655
2025-09-28 10:16:03,3866766867726.793,92143865981.29655
2025-09-28 10:16:17,3866766867726.793,92143865981.29655
2025-09-28 10:16:58,3866766867726.793,92143865981.29655
2025-09-28 10:17:04,3866766867726.793,92143865981.29655
2025-09-28 10:17:29,3866766867726.793,92143865981.29655
2025-09-28 10:18:16,3866766867726.793,92143865981.29655
2025-09-28 10:19:58,3866766867726.793,92143865981.29655
2025-09-28 10:20:02,3866766867726.793,92143865981.29655
2025-09-28 10:20:58,3866766867726.793,92143865981.29655
2025-09-28 10:21:03,3866766867726.793,92143865981.29655
2025-09-28 10:21:18,3866766867726.793,92143865981.29655
2025-09-28 10:21:59,3867051764082.636,92168084665.40436
2025-09-28 10:22:05,3867051764082.636,92168084665.40436
2025-09-28 10:22:30,3867051764082.636,92168084665.40436
2025-09-28 10:23:16,3867051764082.636,92168084665.40436
2025-09-28 10:24:59,3867051764082.636,92168084665.40436
2025-09-28 10:25:03,3867051764082.636,92168084665.40436
2025-09-28 10:25:59,3867051764082.636,92168084665.40436
2025-09-28 10:26:04,3867051764082.636,92168084665.40436
2025-09-28 10:26:19,3867051764082.636,92168084665.40436
2025-09-28 11:15:00,3865477438060.15,90575306715.96722
2025-09-28 11:15:04,3865477438060.15,90575306715.96722
2025-09-28 11:15:39,3865477438060.15,90575306715.96722
2025-09-28 11:16:00,3865477438060.15,90575306715.96722
2025-09-28 11:16:05,3865477438060.15,90575306715.96722
2025-09-28 11:16:20,3865477438060.15,90575306715.96722
2025-09-28 11:17:00,3865477438060.15,90575306715.96722
2025-09-28 11:17:06,3865477438060.15,90575306715.96722
2025-09-28 11:17:31,3865477438060.15,90575306715.96722
2025-09-28 11:18:00,3865477438060.15,90575306715.96722
2025-09-28 11:18:17,3865477438060.15,90575306715.96722
2025-09-28 11:20:01,3865477438060.15,90575306715.96722
2025-09-28 11:20:05,3865477438060.15,90575306715.96722
2025-09-28 11:20:40,3865477438060.15,90575306715.96722
2025-09-28 11:21:01,3865477438060.15,90575306715.96722
2025-09-28 11:21:06,3865477438060.15,90575306715.96722
2025-09-28 11:21:21,3865477438060.15,90575306715.96722
2025-09-28 11:22:01,3864951673836.213,90336169649.09082
2025-09-28 11:22:07,3864951673836.213,90336169649.09082
2025-09-28 11:22:32,3864951673836.213,90336169649.09082
2025-09-28 11:23:01,3864951673836.213,90336169649.09082
2025-09-28 11:23:18,3864951673836.213,90336169649.09082
2025-09-28 11:25:01,3864951673836.213,90336169649.09082
2025-09-28 11:25:06,3864951673836.213,90336169649.09082
2025-09-28 11:25:41,3864951673836.213,90336169649.09082
2025-09-28 11:26:01,3864951673836.213,90336169649.09082
2025-09-28 11:26:07,3864951673836.213,90336169649.09082
2025-09-28 11:26:21,3864951673836.213,90336169649.09082
2025-09-28 11:27:02,3864951673836.213,90336169649.09082
2025-09-28 11:27:07,3864951673836.213,90336169649.09082
2025-09-28 11:27:33,3864951673836.213,90336169649.09082
2025-09-28 11:28:02,3864951673836.213,90336169649.09082
2025-09-28 11:28:19,3864951673836.213,90336169649.09082
2025-09-28 11:30:02,3864951673836.213,90336169649.09082
2025-09-28 11:30:06,3864951673836.213,90336169649.09082
2025-09-28 11:30:42,3864951673836.213,90336169649.09082
2025-09-28 11:31:02,3864951673836.213,90336169649.09082
2025-09-28 11:31:07,3864951673836.213,90336169649.09082
2025-09-28 11:31:22,3864951673836.213,90336169649.09082
2025-09-28 11:32:02,3862095117246.345,90093642502.20334
2025-09-28 11:32:08,3862095117246.345,90093642502.20334
2025-09-28 11:32:33,3862095117246.345,90093642502.20334
2025-09-28 11:33:02,3862095117246.345,90093642502.20334
2025-09-28 11:33:20,3862095117246.345,90093642502.20334
2025-09-28 11:35:03,3862095117246.345,90093642502.20334
2025-09-28 11:35:07,3862095117246.345,90093642502.20334
2025-09-28 11:35:42,3862095117246.345,90093642502.20334
2025-09-28 11:36:03,3862095117246.345,90093642502.20334
2025-09-28 11:36:08,3862095117246.345,90093642502.20334
2025-09-28 11:36:23,3862095117246.345,90093642502.20334
2025-09-28 11:37:03,3862095117246.345,90093642502.20334
2025-09-28 11:37:09,3862095117246.345,90093642502.20334
2025-09-28 11:37:34,3862095117246.345,90093642502.20334
2025-09-28 11:38:03,3862095117246.345,90093642502.20334
2025-09-28 11:38:20,3862095117246.345,90093642502.20334
2025-09-28 11:40:04,3862095117246.345,90093642502.20334
2025-09-28 11:40:08,3862095117246.345,90093642502.20334
2025-09-28 11:40:43,3862095117246.345,90093642502.20334
2025-09-28 11:41:04,3862095117246.345,90093642502.20334
2025-09-28 11:41:09,3862095117246.345,90093642502.20334
2025-09-28 11:41:24,3862095117246.345,90093642502.20334
2025-09-28 11:42:04,3862972447770.277,89826032718.4299
2025-09-28 11:42:10,3862972447770.277,89826032718.4299
2025-09-28 11:42:35,3862972447770.277,89826032718.4299
2025-09-28 11:43:04,3862972447770.277,89826032718.4299
2025-09-28 11:43:21,3862972447770.277,89826032718.4299
2025-09-28 11:45:04,3862972447770.277,89826032718.4299
2025-09-28 11:45:09,3862972447770.277,89826032718.4299
2025-09-28 11:45:44,3862972447770.277,89826032718.4299
2025-09-28 11:46:05,3862972447770.277,89826032718.4299
2025-09-28 11:46:10,3862972447770.277,89826032718.4299
2025-09-28 11:46:24,3862972447770.277,89826032718.4299
2025-09-28 11:46:27,3862972447770.277,89826032718.4299
2025-09-28 11:47:05,3862972447770.277,89826032718.4299
2025-09-28 11:47:10,3862972447770.277,89826032718.4299
2025-09-28 11:47:36,3862972447770.277,89826032718.4299
2025-09-28 11:48:05,3862972447770.277,89826032718.4299
2025-09-28 11:48:22,3862972447770.277,89826032718.4299
2025-09-28 11:51:10,3862972447770.277,89826032718.4299
2025-09-28 11:56:11,3864252223952.027,89758703168.65974
2025-09-28 12:01:11,3864252223952.027,89758703168.65974
2025-09-28 12:06:12,3863732708536.666,89648727492.39342
2025-09-28 12:11:13,3863732708536.666,89648727492.39342
2025-09-28 12:16:14,3863880142186.3,89590872626.46135
2025-09-28 12:21:14,3863880142186.3,89590872626.46135
2025-09-28 12:26:15,3863578953824.801,89525456067.55298
2025-09-28 12:30:04,3863578953824.801,89525456067.55298
2025-09-28 12:31:16,3863578953824.801,89525456067.55298
2025-09-28 12:35:05,3865305863526.9546,89559066559.78835
2025-09-28 12:35:44,3865305863526.9546,89559066559.78835
2025-09-28 12:36:17,3865305863526.9546,89559066559.78835
2025-09-28 12:37:23,3865305863526.9546,89559066559.78835
2025-09-28 12:39:13,3865305863526.9546,89559066559.78835
2025-09-28 12:39:50,3865305863526.9546,89559066559.78835
2025-09-28 12:40:05,3865305863526.9546,89559066559.78835
2025-09-28 12:40:44,3865305863526.9546,89559066559.78835
2025-09-28 12:41:18,3865305863526.9546,89559066559.78835
2025-09-28 12:41:56,3865371377767.351,89615352398.96605
2025-09-28 12:42:23,3865371377767.351,89615352398.96605
2025-09-28 12:44:14,3865371377767.351,89615352398.96605
2025-09-28 12:44:51,3865371377767.351,89615352398.96605
2025-09-28 12:44:59,3865371377767.351,89615352398.96605
2025-09-28 12:45:06,3865371377767.351,89615352398.96605
2025-09-28 12:45:45,3865371377767.351,89615352398.96605
2025-09-28 12:46:19,3865371377767.351,89615352398.96605
2025-09-28 12:46:57,3865371377767.351,89615352398.96605
2025-09-28 12:47:24,3865371377767.351,89615352398.96605
2025-09-28 12:49:15,3865371377767.351,89615352398.96605
2025-09-28 12:49:52,3865371377767.351,89615352398.96605
2025-09-28 12:49:59,3865371377767.351,89615352398.96605
2025-09-28 12:50:07,3865371377767.351,89615352398.96605
2025-09-28 12:50:46,3865371377767.351,89615352398.96605
2025-09-28 12:51:19,3865371377767.351,89615352398.96605
2025-09-28 12:51:54,3865371377767.351,89615352398.96605
2025-09-28 12:51:57,3863137807909.5576,89507633097.61572
2025-09-28 12:52:25,3863137807909.5576,89507633097.61572
2025-09-28 12:54:16,3863137807909.5576,89507633097.61572
2025-09-28 12:54:53,3863137807909.5576,89507633097.61572
2025-09-28 12:55:00,3863137807909.5576,89507633097.61572
2025-09-28 12:55:08,3863137807909.5576,89507633097.61572
2025-09-28 12:55:47,3863137807909.5576,89507633097.61572
2025-09-28 12:56:20,3863137807909.5576,89507633097.61572
2025-09-28 12:56:54,3863137807909.5576,89507633097.61572
2025-09-28 12:56:58,3863137807909.5576,89507633097.61572
2025-09-28 12:57:26,3863137807909.5576,89507633097.61572
2025-09-28 12:59:16,3863137807909.5576,89507633097.61572
2025-09-28 12:59:53,3863137807909.5576,89507633097.61572
2025-09-28 13:00:01,3863137807909.5576,89507633097.61572
2025-09-28 13:00:09,3863137807909.5576,89507633097.61572
2025-09-28 13:00:47,3863137807909.5576,89507633097.61572
2025-09-28 13:01:21,3863137807909.5576,89507633097.61572
2025-09-28 13:01:55,3863137807909.5576,89507633097.61572
2025-09-28 13:01:59,3862666645692.649,89271376329.66899
2025-09-28 13:02:26,3862666645692.649,89271376329.66899
2025-09-28 13:04:17,3862666645692.649,89271376329.66899
2025-09-28 13:04:54,3862666645692.649,89271376329.66899
2025-09-28 13:05:02,3862666645692.649,89271376329.66899
2025-09-28 13:05:09,3862666645692.649,89271376329.66899
2025-09-28 13:05:42,3862666645692.649,89271376329.66899
2025-09-28 13:05:48,3862666645692.649,89271376329.66899
2025-09-28 13:06:22,3862666645692.649,89271376329.66899
2025-09-28 13:06:56,3862666645692.649,89271376329.66899
2025-09-28 13:07:00,3862666645692.649,89271376329.66899
2025-09-28 13:07:27,3862666645692.649,89271376329.66899
2025-09-28 13:09:18,3862666645692.649,89271376329.66899
2025-09-28 13:09:55,3862666645692.649,89271376329.66899
2025-09-28 13:10:02,3862666645692.649,89271376329.66899
2025-09-28 13:10:10,3862666645692.649,89271376329.66899
2025-09-28 13:10:43,3862666645692.649,89271376329.66899
2025-09-28 13:10:49,3862666645692.649,89271376329.66899
2025-09-28 13:11:22,3862666645692.649,89271376329.66899
2025-09-28 13:11:57,3862666645692.649,89271376329.66899
2025-09-28 13:12:00,3864023784229.618,88965491232.51508
2025-09-28 13:12:28,3864023784229.618,88965491232.51508
2025-09-28 13:14:19,3864023784229.618,88965491232.51508
2025-09-28 13:14:56,3864023784229.618,88965491232.51508
2025-09-28 13:15:03,3864023784229.618,88965491232.51508
2025-09-28 13:15:11,3864023784229.618,88965491232.51508
2025-09-28 13:15:43,3864023784229.618,88965491232.51508
2025-09-28 13:15:50,3864023784229.618,88965491232.51508
2025-09-28 13:16:23,3864023784229.618,88965491232.51508
2025-09-28 13:16:57,3864023784229.618,88965491232.51508
2025-09-28 13:17:01,3864023784229.618,88965491232.51508
2025-09-28 13:17:29,3864023784229.618,88965491232.51508
2025-09-28 13:18:22,3864023784229.618,88965491232.51508
2025-09-28 13:19:19,3864023784229.618,88965491232.51508
2025-09-28 13:19:56,3864023784229.618,88965491232.51508
2025-09-28 13:20:04,3864023784229.618,88965491232.51508
2025-09-28 13:20:12,3864023784229.618,88965491232.51508
2025-09-28 13:20:44,3864023784229.618,88965491232.51508
2025-09-28 13:20:50,3864023784229.618,88965491232.51508
2025-09-28 13:21:24,3864023784229.618,88965491232.51508
2025-09-28 13:21:58,3864023784229.618,88965491232.51508
2025-09-28 13:22:03,3863159670937.1216,88879769298.32661
2025-09-28 13:22:29,3863159670937.1216,88879769298.32661
2025-09-28 13:23:23,3863159670937.1216,88879769298.32661
2025-09-28 13:24:20,3863159670937.1216,88879769298.32661
2025-09-28 13:24:57,3863159670937.1216,88879769298.32661
2025-09-28 13:25:06,3863159670937.1216,88879769298.32661
2025-09-28 13:25:13,3863159670937.1216,88879769298.32661
2025-09-28 13:25:45,3863159670937.1216,88879769298.32661
2025-09-28 13:25:51,3863159670937.1216,88879769298.32661
2025-09-28 13:26:25,3863159670937.1216,88879769298.32661
2025-09-28 13:26:59,3863159670937.1216,88879769298.32661
2025-09-28 13:27:04,3863159670937.1216,88879769298.32661
2025-09-28 13:27:30,3863159670937.1216,88879769298.32661
2025-09-28 13:28:24,3863159670937.1216,88879769298.32661
2025-09-28 13:29:21,3863159670937.1216,88879769298.32661
2025-09-28 13:29:58,3863159670937.1216,88879769298.32661
2025-09-28 13:30:07,3863159670937.1216,88879769298.32661
2025-09-28 13:30:13,3863159670937.1216,88879769298.32661
2025-09-28 13:30:46,3863159670937.1216,88879769298.32661
2025-09-28 13:30:52,3863159670937.1216,88879769298.32661
2025-09-28 13:31:25,3863159670937.1216,88879769298.32661
2025-09-28 13:32:00,3858100889829.753,89081243741.01529
2025-09-28 13:32:05,3858100889829.753,89081243741.01529
2025-09-28 13:32:31,3858100889829.753,89081243741.01529
2025-09-28 13:40:17,3858100889829.753,89081243741.01529
2025-09-28 13:45:18,3861796688908.0127,89338377529.42978
2025-09-28 13:50:19,3861796688908.0127,89338377529.42978
2025-09-28 13:55:20,3861244186379.4727,89467322544.60239
2025-09-28 14:00:20,3861244186379.4727,89467322544.60239
2025-09-28 14:05:21,3863159044082.856,89362547096.56633
2025-09-28 14:06:20,3863159044082.856,89362547096.56633
2025-09-28 14:10:22,3863159044082.856,89362547096.56633
2025-09-28 14:11:16,3863159044082.856,89362547096.56633
2025-09-28 14:11:21,3863159044082.856,89362547096.56633
2025-09-28 14:13:39,3861382486220.876,89070154337.14545
2025-09-28 14:15:23,3861382486220.876,89070154337.14545
2025-09-28 14:15:25,3861382486220.876,89070154337.14545
2025-09-28 14:16:17,3861382486220.876,89070154337.14545
2025-09-28 14:16:22,3861382486220.876,89070154337.14545
2025-09-28 14:18:04,3861382486220.876,89070154337.14545
2025-09-28 14:18:39,3861382486220.876,89070154337.14545
2025-09-28 14:20:23,3861382486220.876,89070154337.14545
2025-09-28 14:20:25,3861382486220.876,89070154337.14545
2025-09-28 14:21:18,3861382486220.876,89070154337.14545
2025-09-28 14:21:23,3861382486220.876,89070154337.14545
2025-09-28 14:21:49,3861382486220.876,89070154337.14545
2025-09-28 14:23:04,3864642373906.719,88903162266.42175
2025-09-28 14:23:40,3864642373906.719,88903162266.42175
2025-09-28 14:25:24,3864642373906.719,88903162266.42175
2025-09-28 14:25:26,3864642373906.719,88903162266.42175
2025-09-28 14:26:19,3864642373906.719,88903162266.42175
2025-09-28 14:26:24,3864642373906.719,88903162266.42175
2025-09-28 14:26:50,3864642373906.719,88903162266.42175
2025-09-28 14:28:05,3864642373906.719,88903162266.42175
2025-09-28 14:28:41,3864642373906.719,88903162266.42175
2025-09-28 14:28:54,3864642373906.719,88903162266.42175
2025-09-28 14:30:25,3864642373906.719,88903162266.42175
2025-09-28 14:30:27,3864642373906.719,88903162266.42175
2025-09-28 14:31:19,3864642373906.719,88903162266.42175
2025-09-28 14:31:24,3864642373906.719,88903162266.42175
2025-09-28 14:31:51,3864642373906.719,88903162266.42175
2025-09-28 14:33:06,3864925195284.173,88883087215.80035
2025-09-28 14:33:42,3864925195284.173,88883087215.80035
2025-09-28 14:33:56,3864925195284.173,88883087215.80035
2025-09-28 14:35:26,3864925195284.173,88883087215.80035
2025-09-28 14:35:28,3864925195284.173,88883087215.80035
2025-09-28 14:36:20,3864925195284.173,88883087215.80035
2025-09-28 14:36:25,3864925195284.173,88883087215.80035
2025-09-28 14:36:52,3864925195284.173,88883087215.80035
2025-09-28 14:38:07,3864925195284.173,88883087215.80035
2025-09-28 14:38:42,3864925195284.173,88883087215.80035
2025-09-28 14:38:56,3864925195284.173,88883087215.80035
2025-09-28 14:40:26,3864925195284.173,88883087215.80035
2025-09-28 14:40:29,3864925195284.173,88883087215.80035
2025-09-28 14:41:21,3864925195284.173,88883087215.80035
2025-09-28 14:41:26,3864925195284.173,88883087215.80035
2025-09-28 14:41:52,3864925195284.173,88883087215.80035
2025-09-28 14:43:07,3865236787528.12,88594756922.30063
2025-09-28 14:43:43,3865236787528.12,88594756922.30063
2025-09-28 14:43:57,3865236787528.12,88594756922.30063
2025-09-28 14:45:27,3865236787528.12,88594756922.30063
2025-09-28 14:45:29,3865236787528.12,88594756922.30063
2025-09-28 14:46:22,3865236787528.12,88594756922.30063
2025-09-28 14:46:27,3865236787528.12,88594756922.30063
2025-09-28 14:46:53,3865236787528.12,88594756922.30063
2025-09-28 14:48:08,3865236787528.12,88594756922.30063
2025-09-28 14:48:44,3865236787528.12,88594756922.30063
2025-09-28 14:48:58,3865236787528.12,88594756922.30063
2025-09-28 14:50:28,3865236787528.12,88594756922.30063
2025-09-28 14:50:30,3865236787528.12,88594756922.30063
2025-09-28 14:51:22,3865236787528.12,88594756922.30063
2025-09-28 14:51:27,3865236787528.12,88594756922.30063
2025-09-28 14:51:54,3865236787528.12,88594756922.30063
2025-09-28 14:53:09,3865713437017.5127,88309983395.32553
2025-09-28 14:53:26,3865713437017.5127,88309983395.32553
2025-09-28 14:53:45,3865713437017.5127,88309983395.32553
2025-09-28 14:53:59,3865713437017.5127,88309983395.32553
2025-09-28 14:55:54,3865713437017.5127,88309983395.32553
2025-09-28 14:56:29,3865713437017.5127,88309983395.32553
2025-09-28 14:59:50,3865713437017.5127,88309983395.32553
2025-09-28 15:00:54,3865713437017.5127,88309983395.32553
2025-09-28 15:01:30,3865713437017.5127,88309983395.32553
2025-09-28 15:04:50,3867172808091.8,88307325719.57802
2025-09-28 15:05:55,3867172808091.8,88307325719.57802
2025-09-28 15:06:31,3867172808091.8,88307325719.57802
2025-09-28 15:06:33,3867172808091.8,88307325719.57802
2025-09-28 15:08:23,3867172808091.8,88307325719.57802
2025-09-28 15:09:52,3867172808091.8,88307325719.57802
2025-09-28 15:10:22,3867172808091.8,88307325719.57802
2025-09-28 15:10:56,3867172808091.8,88307325719.57802
2025-09-28 15:11:32,3867172808091.8,88307325719.57802
2025-09-28 15:11:34,3867172808091.8,88307325719.57802
2025-09-28 15:13:24,3866302761719.3774,87586088524.35455
2025-09-28 15:14:52,3866302761719.3774,87586088524.35455
2025-09-28 15:15:23,3866302761719.3774,87586088524.35455
2025-09-28 15:15:57,3866302761719.3774,87586088524.35455
2025-09-28 15:16:32,3866302761719.3774,87586088524.35455
2025-09-28 15:16:35,3866302761719.3774,87586088524.35455
2025-09-28 15:16:59,3866302761719.3774,87586088524.35455
2025-09-28 15:18:25,3866302761719.3774,87586088524.35455
2025-09-28 15:19:53,3866302761719.3774,87586088524.35455
2025-09-28 15:20:21,3866302761719.3774,87586088524.35455
2025-09-28 15:20:24,3866302761719.3774,87586088524.35455
2025-09-28 15:20:57,3866302761719.3774,87586088524.35455
2025-09-28 15:21:33,3866302761719.3774,87586088524.35455
2025-09-28 15:21:35,3866302761719.3774,87586088524.35455
2025-09-28 15:22:00,3866302761719.3774,87586088524.35455
2025-09-28 15:23:25,3865301765194.317,86956893197.26796
2025-09-28 15:24:47,3865301765194.317,86956893197.26796
2025-09-28 15:24:54,3865301765194.317,86956893197.26796
2025-09-28 15:25:22,3865301765194.317,86956893197.26796
2025-09-28 15:25:25,3865301765194.317,86956893197.26796
2025-09-28 15:25:58,3865301765194.317,86956893197.26796
2025-09-28 15:26:34,3865301765194.317,86956893197.26796
2025-09-28 15:26:36,3865301765194.317,86956893197.26796
2025-09-28 15:27:01,3865301765194.317,86956893197.26796
2025-09-28 15:27:06,3865301765194.317,86956893197.26796
2025-09-28 15:28:26,3865301765194.317,86956893197.26796
2025-09-28 15:29:47,3865301765194.317,86956893197.26796
2025-09-28 15:29:55,3865301765194.317,86956893197.26796
2025-09-28 15:30:22,3865301765194.317,86956893197.26796
2025-09-28 15:30:25,3865301765194.317,86956893197.26796
2025-09-28 15:30:37,3865301765194.317,86956893197.26796
2025-09-28 15:30:59,3865301765194.317,86956893197.26796
2025-09-28 15:31:35,3865301765194.317,86956893197.26796
2025-09-28 15:31:37,3865301765194.317,86956893197.26796
2025-09-28 15:32:02,3865301765194.317,86956893197.26796
2025-09-28 15:32:06,3865301765194.317,86956893197.26796
2025-09-28 15:33:27,3864349934207.597,86822763421.08867
2025-09-28 15:34:13,3864349934207.597,86822763421.08867
2025-09-28 15:34:48,3864349934207.597,86822763421.08867
2025-09-28 15:34:55,3864349934207.597,86822763421.08867
2025-09-28 15:35:23,3864349934207.597,86822763421.08867
2025-09-28 15:35:26,3864349934207.597,86822763421.08867
2025-09-28 15:35:38,3864349934207.597,86822763421.08867
2025-09-28 15:36:00,3864349934207.597,86822763421.08867
2025-09-28 15:36:35,3864349934207.597,86822763421.08867
2025-09-28 15:36:38,3864349934207.597,86822763421.08867
2025-09-28 15:37:02,3864349934207.597,86822763421.08867
2025-09-28 15:37:07,3864349934207.597,86822763421.08867
2025-09-28 15:38:28,3864349934207.597,86822763421.08867
2025-09-28 15:39:14,3864349934207.597,86822763421.08867
2025-09-28 15:39:40,3864349934207.597,86822763421.08867
2025-09-28 15:39:49,3864349934207.597,86822763421.08867
2025-09-28 15:39:56,3864349934207.597,86822763421.08867
2025-09-28 15:40:24,3864349934207.597,86822763421.08867
2025-09-28 15:40:27,3864349934207.597,86822763421.08867
2025-09-28 15:40:39,3864349934207.597,86822763421.08867
2025-09-28 15:41:01,3864349934207.597,86822763421.08867
2025-09-28 15:41:36,3864349934207.597,86822763421.08867
2025-09-28 15:41:38,3864349934207.597,86822763421.08867
2025-09-28 15:42:03,3864349934207.597,86822763421.08867
2025-09-28 15:42:08,3864349934207.597,86822763421.08867
2025-09-28 15:43:29,3863142388660.773,86815707569.18837
2025-09-28 15:44:15,3863142388660.773,86815707569.18837
2025-09-28 15:44:41,3863142388660.773,86815707569.18837
2025-09-28 15:44:41,3863142388660.773,86815707569.18837
2025-09-28 15:44:50,3863142388660.773,86815707569.18837
2025-09-28 15:44:57,3863142388660.773,86815707569.18837
2025-09-28 15:45:25,3863142388660.773,86815707569.18837
2025-09-28 15:45:28,3863142388660.773,86815707569.18837
2025-09-28 15:45:40,3863142388660.773,86815707569.18837
2025-09-28 15:46:01,3863142388660.773,86815707569.18837
2025-09-28 15:46:37,3863142388660.773,86815707569.18837
2025-09-28 15:46:39,3863142388660.773,86815707569.18837
2025-09-28 15:47:04,3863142388660.773,86815707569.18837
2025-09-28 15:47:09,3863142388660.773,86815707569.18837
2025-09-28 15:48:01,3863142388660.773,86815707569.18837
2025-09-28 15:48:29,3863142388660.773,86815707569.18837
2025-09-28 15:48:48,3863142388660.773,86815707569.18837
2025-09-28 15:49:15,3863142388660.773,86815707569.18837
2025-09-28 15:49:42,3863142388660.773,86815707569.18837
2025-09-28 15:49:42,3863142388660.773,86815707569.18837
2025-09-28 15:49:50,3863142388660.773,86815707569.18837
2025-09-28 15:49:58,3863142388660.773,86815707569.18837
2025-09-28 15:50:26,3863142388660.773,86815707569.18837
2025-09-28 15:50:29,3863142388660.773,86815707569.18837
2025-09-28 15:50:41,3863142388660.773,86815707569.18837
2025-09-28 15:51:02,3863142388660.773,86815707569.18837
2025-09-28 15:51:38,3863142388660.773,86815707569.18837
2025-09-28 15:51:40,3863142388660.773,86815707569.18837
2025-09-28 15:52:05,3863142388660.773,86815707569.18837
2025-09-28 15:52:09,3863142388660.773,86815707569.18837
2025-09-28 15:53:02,3865354561796.6006,86923963534.62378
2025-09-28 15:53:14,3865354561796.6006,86923963534.62378
2025-09-28 15:53:30,3865354561796.6006,86923963534.62378
2025-09-28 15:53:49,3865354561796.6006,86923963534.62378
2025-09-28 15:54:16,3865354561796.6006,86923963534.62378
2025-09-28 15:54:42,3865354561796.6006,86923963534.62378
2025-09-28 15:54:43,3865354561796.6006,86923963534.62378
2025-09-28 15:54:51,3865354561796.6006,86923963534.62378
2025-09-28 15:54:58,3865354561796.6006,86923963534.62378
2025-09-28 15:55:26,3865354561796.6006,86923963534.62378
2025-09-28 15:55:30,3865354561796.6006,86923963534.62378
2025-09-28 15:55:41,3865354561796.6006,86923963534.62378
2025-09-28 15:56:03,3865354561796.6006,86923963534.62378
2025-09-28 15:56:38,3865354561796.6006,86923963534.62378
2025-09-28 15:56:41,3865354561796.6006,86923963534.62378
2025-09-28 15:56:54,3865354561796.6006,86923963534.62378
2025-09-28 15:57:05,3865354561796.6006,86923963534.62378
2025-09-28 15:57:10,3865354561796.6006,86923963534.62378
2025-09-28 15:58:02,3865354561796.6006,86923963534.62378
2025-09-28 15:58:15,3865354561796.6006,86923963534.62378
2025-09-28 15:58:31,3865354561796.6006,86923963534.62378
2025-09-28 15:58:50,3865354561796.6006,86923963534.62378
2025-09-28 15:59:17,3865354561796.6006,86923963534.62378
2025-09-28 15:59:43,3865354561796.6006,86923963534.62378
2025-09-28 15:59:44,3865354561796.6006,86923963534.62378
2025-09-28 15:59:52,3865354561796.6006,86923963534.62378
2025-09-28 15:59:59,3865354561796.6006,86923963534.62378
2025-09-28 16:00:27,3865354561796.6006,86923963534.62378
2025-09-28 16:00:30,3865354561796.6006,86923963534.62378
2025-09-28 16:00:42,3865354561796.6006,86923963534.62378
2025-09-28 16:01:04,3865354561796.6006,86923963534.62378
2025-09-28 16:01:39,3865354561796.6006,86923963534.62378
2025-09-28 16:01:42,3865354561796.6006,86923963534.62378
2025-09-28 16:01:54,3865354561796.6006,86923963534.62378
2025-09-28 16:02:06,3865354561796.6006,86923963534.62378
2025-09-28 16:02:11,3865354561796.6006,86923963534.62378
2025-09-28 16:03:03,3864481851111.096,86760716276.2631
2025-09-28 16:03:16,3864481851111.096,86760716276.2631
2025-09-28 16:03:32,3864481851111.096,86760716276.2631
2025-09-28 16:03:51,3864481851111.096,86760716276.2631
2025-09-28 16:04:18,3864481851111.096,86760716276.2631
2025-09-28 16:04:44,3864481851111.096,86760716276.2631
2025-09-28 16:04:44,3864481851111.096,86760716276.2631
2025-09-28 16:04:53,3864481851111.096,86760716276.2631
2025-09-28 16:05:00,3864481851111.096,86760716276.2631
2025-09-28 16:05:28,3864481851111.096,86760716276.2631
2025-09-28 16:05:31,3864481851111.096,86760716276.2631
2025-09-28 16:05:43,3864481851111.096,86760716276.2631
2025-09-28 16:06:05,3864481851111.096,86760716276.2631
2025-09-28 16:06:40,3864481851111.096,86760716276.2631
2025-09-28 16:06:43,3864481851111.096,86760716276.2631
2025-09-28 16:06:55,3864481851111.096,86760716276.2631
2025-09-28 16:07:07,3864481851111.096,86760716276.2631
2025-09-28 16:07:12,3864481851111.096,86760716276.2631
2025-09-28 16:07:27,3864481851111.096,86760716276.2631
2025-09-28 16:08:04,3864481851111.096,86760716276.2631
2025-09-28 16:08:17,3864481851111.096,86760716276.2631
2025-09-28 16:08:33,3864481851111.096,86760716276.2631
2025-09-28 16:08:51,3864481851111.096,86760716276.2631
2025-09-28 16:09:18,3864481851111.096,86760716276.2631
2025-09-28 16:09:45,3864481851111.096,86760716276.2631
2025-09-28 16:09:45,3864481851111.096,86760716276.2631
2025-09-28 16:09:53,3864481851111.096,86760716276.2631
2025-09-28 16:10:01,3864481851111.096,86760716276.2631
2025-09-28 16:10:20,3864481851111.096,86760716276.2631
2025-09-28 16:10:29,3864481851111.096,86760716276.2631
2025-09-28 16:10:32,3864481851111.096,86760716276.2631
2025-09-28 16:11:56,3864481851111.096,86760716276.2631
2025-09-28 16:12:08,3864481851111.096,86760716276.2631
2025-09-28 16:12:13,3864481851111.096,86760716276.2631
2025-09-28 16:12:20,3860907530632.511,86296770691.66211
2025-09-28 16:12:28,3860907530632.511,86296770691.66211
2025-09-28 16:13:05,3860907530632.511,86296770691.66211
2025-09-28 16:13:18,3860907530632.511,86296770691.66211
2025-09-28 16:13:33,3860907530632.511,86296770691.66211
2025-09-28 16:13:52,3860907530632.511,86296770691.66211
2025-09-28 16:14:19,3860907530632.511,86296770691.66211
2025-09-28 16:14:46,3860907530632.511,86296770691.66211
2025-09-28 16:14:46,3860907530632.511,86296770691.66211
2025-09-28 16:14:54,3860907530632.511,86296770691.66211
2025-09-28 16:15:01,3860907530632.511,86296770691.66211
2025-09-28 16:15:21,3860907530632.511,86296770691.66211
2025-09-28 16:15:29,3860907530632.511,86296770691.66211
2025-09-28 16:15:33,3860907530632.511,86296770691.66211
2025-09-28 16:16:57,3860907530632.511,86296770691.66211
2025-09-28 16:17:09,3860907530632.511,86296770691.66211
2025-09-28 16:17:14,3860907530632.511,86296770691.66211
2025-09-28 16:17:21,3860907530632.511,86296770691.66211
2025-09-28 16:17:29,3860907530632.511,86296770691.66211
2025-09-28 16:18:05,3860907530632.511,86296770691.66211
2025-09-28 16:18:18,3860907530632.511,86296770691.66211
2025-09-28 16:18:34,3860907530632.511,86296770691.66211
2025-09-28 16:19:06,3860907530632.511,86296770691.66211
2025-09-28 16:24:07,3858809931259.507,86143831708.65834
2025-09-28 16:29:08,3858809931259.507,86143831708.65834
2025-09-28 16:34:08,3859827951908.777,85911519119.03232
2025-09-28 16:39:09,3859827951908.777,85911519119.03232
2025-09-28 16:42:28,3862798498789.316,85652114894.85452
2025-09-28 16:44:10,3862798498789.316,85652114894.85452
2025-09-28 16:47:28,3862798498789.316,85652114894.85452
2025-09-28 16:49:11,3862798498789.316,85652114894.85452
2025-09-28 16:52:29,3861949611930.692,85559362161.46861
2025-09-28 16:54:11,3861949611930.692,85559362161.46861
2025-09-28 16:57:30,3861949611930.692,85559362161.46861
2025-09-28 16:59:12,3861949611930.692,85559362161.46861
2025-09-28 17:02:31,3860731244789.755,85341803010.28964
2025-09-28 17:04:13,3860731244789.755,85341803010.28964
2025-09-28 17:07:31,3860731244789.755,85341803010.28964
2025-09-28 17:09:14,3860731244789.755,85341803010.28964
2025-09-28 17:10:34,3860731244789.755,85341803010.28964
2025-09-28 17:12:32,3857428514176.2656,85252013119.2841
2025-09-28 17:14:15,3857428514176.2656,85252013119.2841
2025-09-28 17:15:34,3857428514176.2656,85252013119.2841
2025-09-28 17:16:05,3857428514176.2656,85252013119.2841
2025-09-28 17:17:33,3857428514176.2656,85252013119.2841
2025-09-28 17:19:15,3857428514176.2656,85252013119.2841
2025-09-28 17:20:00,3857428514176.2656,85252013119.2841
2025-09-28 17:20:35,3857428514176.2656,85252013119.2841
2025-09-28 17:21:05,3857428514176.2656,85252013119.2841
2025-09-28 17:22:34,3859231936278.16,85281728597.14053
2025-09-28 17:24:16,3859231936278.16,85281728597.14053
2025-09-28 17:25:01,3859231936278.16,85281728597.14053
2025-09-28 17:25:03,3859231936278.16,85281728597.14053
2025-09-28 17:25:36,3859231936278.16,85281728597.14053
2025-09-28 17:26:06,3859231936278.16,85281728597.14053
2025-09-28 17:27:34,3859231936278.16,85281728597.14053
2025-09-28 17:29:17,3859231936278.16,85281728597.14053
2025-09-28 17:30:02,3859231936278.16,85281728597.14053
2025-09-28 17:30:03,3859231936278.16,85281728597.14053
2025-09-28 17:30:37,3859231936278.16,85281728597.14053
2025-09-28 17:31:07,3859231936278.16,85281728597.14053
2025-09-28 17:32:35,3858539474081.136,85182108144.31015
2025-09-28 17:34:18,3858539474081.136,85182108144.31015
2025-09-28 17:35:03,3858539474081.136,85182108144.31015
2025-09-28 17:35:04,3858539474081.136,85182108144.31015
2025-09-28 17:35:38,3858539474081.136,85182108144.31015
2025-09-28 17:36:08,3858539474081.136,85182108144.31015
2025-09-28 17:36:31,3858539474081.136,85182108144.31015
2025-09-28 17:37:36,3858539474081.136,85182108144.31015
2025-09-28 17:38:51,3858539474081.136,85182108144.31015
2025-09-28 17:39:18,3858539474081.136,85182108144.31015
2025-09-28 17:40:03,3858539474081.136,85182108144.31015
2025-09-28 17:40:05,3858539474081.136,85182108144.31015
2025-09-28 17:40:38,3858539474081.136,85182108144.31015
2025-09-28 17:41:08,3858539474081.136,85182108144.31015
2025-09-28 17:41:31,3858539474081.136,85182108144.31015
2025-09-28 17:42:07,3858539474081.136,85182108144.31015
2025-09-28 17:42:37,3859461835226.718,84938397649.57579
2025-09-28 17:43:52,3859461835226.718,84938397649.57579
2025-09-28 17:44:19,3859461835226.718,84938397649.57579
2025-09-28 17:45:04,3859461835226.718,84938397649.57579
2025-09-28 17:45:06,3859461835226.718,84938397649.57579
2025-09-28 17:45:07,3859461835226.718,84938397649.57579
2025-09-28 17:45:39,3859461835226.718,84938397649.57579
2025-09-28 17:46:09,3859461835226.718,84938397649.57579
2025-09-28 17:46:32,3859461835226.718,84938397649.57579
2025-09-28 17:47:08,3859461835226.718,84938397649.57579
2025-09-28 17:47:37,3859461835226.718,84938397649.57579
2025-09-28 17:48:52,3859461835226.718,84938397649.57579
2025-09-28 17:49:07,3859461835226.718,84938397649.57579
2025-09-28 17:49:20,3859461835226.718,84938397649.57579
2025-09-28 17:50:05,3859461835226.718,84938397649.57579
2025-09-28 17:50:06,3859461835226.718,84938397649.57579
2025-09-28 17:50:08,3859461835226.718,84938397649.57579
2025-09-28 17:50:40,3859461835226.718,84938397649.57579
2025-09-28 17:51:10,3859461835226.718,84938397649.57579
2025-09-28 17:51:33,3859461835226.718,84938397649.57579
2025-09-28 17:52:09,3859461835226.718,84938397649.57579
2025-09-28 17:52:38,3858938861542.747,84734961017.92328
2025-09-28 17:53:53,3858938861542.747,84734961017.92328
2025-09-28 17:54:08,3858938861542.747,84734961017.92328
2025-09-28 17:54:21,3858938861542.747,84734961017.92328
2025-09-28 17:54:57,3858938861542.747,84734961017.92328
2025-09-28 17:55:06,3858938861542.747,84734961017.92328
2025-09-28 17:55:07,3858938861542.747,84734961017.92328
2025-09-28 17:56:11,3858938861542.747,84734961017.92328
2025-09-28 17:56:33,3858938861542.747,84734961017.92328
2025-09-28 17:57:10,3858938861542.747,84734961017.92328
2025-09-28 17:57:39,3858938861542.747,84734961017.92328
2025-09-28 17:57:41,3858938861542.747,84734961017.92328
2025-09-28 17:58:54,3858938861542.747,84734961017.92328
2025-09-28 17:59:09,3858938861542.747,84734961017.92328
2025-09-28 18:08:06,3859069347448.396,84381398040.75352
2025-09-28 18:12:44,3857931992141.439,84098995012.16972
2025-09-28 18:13:07,3857931992141.439,84098995012.16972
2025-09-28 18:28:58,3856135553011.723,84076339668.1042
2025-09-28 18:33:20,3854015735525.812,84392165889.42047
2025-09-28 18:37:49,3854015735525.812,84392165889.42047
2025-09-28 18:38:20,3854015735525.812,84392165889.42047
2025-09-28 18:39:43,3854015735525.812,84392165889.42047
2025-09-28 18:41:37,3854015735525.812,84392165889.42047
2025-09-28 18:42:50,3854568901078.233,84683658822.14302
2025-09-28 18:43:21,3854568901078.233,84683658822.14302
2025-09-28 18:44:44,3854568901078.233,84683658822.14302
2025-09-28 18:45:00,3854568901078.233,84683658822.14302
2025-09-28 18:46:20,3854568901078.233,84683658822.14302
2025-09-28 18:46:38,3854568901078.233,84683658822.14302
2025-09-28 18:47:50,3854568901078.233,84683658822.14302
2025-09-28 18:48:22,3854568901078.233,84683658822.14302
2025-09-28 18:49:45,3854568901078.233,84683658822.14302
2025-09-28 18:50:00,3854568901078.233,84683658822.14302
2025-09-28 18:51:21,3854568901078.233,84683658822.14302
2025-09-28 18:51:39,3854568901078.233,84683658822.14302
2025-09-28 18:52:51,3852846758930.385,84657021650.81812
2025-09-28 18:53:23,3852846758930.385,84657021650.81812
2025-09-28 18:54:46,3852846758930.385,84657021650.81812
2025-09-28 18:55:01,3852846758930.385,84657021650.81812
2025-09-28 18:56:15,3852846758930.385,84657021650.81812
2025-09-28 19:14:21,3857067524254.5225,84624744243.98279
2025-09-28 19:15:29,3857067524254.5225,84624744243.98279
2025-09-28 19:19:22,3857067524254.5225,84624744243.98279
2025-09-28 19:20:29,3857067524254.5225,84624744243.98279
2025-09-28 19:24:23,3855603773738.3975,84629143595.30873
2025-09-28 19:24:23,3855603773738.3975,84629143595.30873
2025-09-28 19:25:30,3855603773738.3975,84629143595.30873
2025-09-28 19:29:24,3855603773738.3975,84629143595.30873
2025-09-28 19:29:24,3855603773738.3975,84629143595.30873
2025-09-28 19:30:31,3855603773738.3975,84629143595.30873
2025-09-28 19:34:24,3856293833670.644,84824180633.2199
2025-09-28 19:34:24,3856293833670.644,84824180633.2199
2025-09-28 19:35:34,3856293833670.644,84824180633.2199
2025-09-28 19:39:25,3856293833670.644,84824180633.2199
2025-09-28 19:39:25,3856293833670.644,84824180633.2199
2025-09-28 19:40:34,3856293833670.644,84824180633.2199
2025-09-28 19:44:26,3851994198120.497,84873881479.01039
2025-09-28 19:44:26,3851994198120.497,84873881479.01039
2025-09-28 19:45:35,3851994198120.497,84873881479.01039
2025-09-28 19:46:35,3851994198120.497,84873881479.01039
2025-09-28 19:49:27,3851994198120.497,84873881479.01039
2025-09-28 19:49:27,3851994198120.497,84873881479.01039
2025-09-28 19:50:36,3851994198120.497,84873881479.01039
2025-09-28 19:51:35,3851994198120.497,84873881479.01039
2025-09-28 19:54:27,3849134026336.165,84913298406.67702
2025-09-28 19:54:28,3849134026336.165,84913298406.67702
2025-09-28 19:55:37,3849134026336.165,84913298406.67702
2025-09-28 19:56:36,3849134026336.165,84913298406.67702
2025-09-28 20:11:43,3852451159642.861,84950143927.72981
2025-09-28 20:16:43,3855892454774.6304,84648625148.84807
2025-09-28 20:16:43,3855892454774.6304,84648625148.84807
2025-09-28 20:19:14,3855892454774.6304,84648625148.84807
2025-09-28 20:21:44,3855892454774.6304,84648625148.84807
2025-09-28 20:21:45,3855892454774.6304,84648625148.84807
2025-09-28 20:24:16,3859551534448.874,84658386248.11853
2025-09-28 20:26:45,3859551534448.874,84658386248.11853
2025-09-28 20:26:46,3859551534448.874,84658386248.11853
2025-09-28 20:29:17,3859551534448.874,84658386248.11853
2025-09-28 20:30:16,3859551534448.874,84658386248.11853
2025-09-28 20:31:46,3859551534448.874,84658386248.11853
2025-09-28 20:31:48,3859551534448.874,84658386248.11853
2025-09-28 20:34:21,3862287693591.641,85005070309.11876
2025-09-28 20:35:17,3862287693591.641,85005070309.11876
2025-09-28 20:36:48,3862287693591.641,85005070309.11876
2025-09-28 20:36:50,3862287693591.641,85005070309.11876
2025-09-28 20:39:17,3862287693591.641,85005070309.11876
2025-09-28 20:39:25,3862287693591.641,85005070309.11876
2025-09-28 20:40:19,3862287693591.641,85005070309.11876
2025-09-28 20:41:49,3862287693591.641,85005070309.11876
2025-09-28 20:41:51,3862287693591.641,85005070309.11876
2025-09-28 20:42:22,3862287693591.641,85005070309.11876
2025-09-28 20:43:30,3866453888333.7417,85345754421.01332
2025-09-28 20:48:31,3866453888333.7417,85345754421.01332
2025-09-28 20:53:32,3865368687391.1978,85572242613.50334
2025-09-28 20:58:33,3865368687391.1978,85572242613.50334
2025-09-28 21:03:34,3869603843036.246,86231878477.09264
2025-09-28 21:08:35,3869603843036.246,86231878477.09264
2025-09-28 21:13:36,3867176878977.848,86453036408.83205
2025-09-28 21:18:37,3867176878977.848,86453036408.83205
2025-09-28 21:23:38,3870923071459.476,86567977254.5397
2025-09-28 21:28:40,3870923071459.476,86567977254.5397
2025-09-28 21:33:42,3874562009460.4175,86957128786.88733
2025-09-28 21:38:43,3874562009460.4175,86957128786.88733
2025-09-28 21:43:44,3872800689944.272,87044314457.31003
2025-09-28 21:48:46,3872800689944.272,87044314457.31003
2025-09-28 21:53:48,3876085083808.145,87057748269.87318
2025-09-28 21:56:38,3876085083808.145,87057748269.87318
2025-09-28 21:57:52,3876085083808.145,87057748269.87318
2025-09-28 22:02:55,3879002166386.97,87388962438.87202
2025-09-28 22:06:31,3879002166386.97,87388962438.87202
2025-09-28 22:07:56,3879002166386.97,87388962438.87202
2025-09-28 22:11:32,3879002166386.97,87388962438.87202
2025-09-28 22:12:57,3876713850744.351,87377230408.09088
2025-09-28 22:16:33,3876713850744.351,87377230408.09088
2025-09-28 22:17:59,3876713850744.351,87377230408.09088
2025-09-28 22:21:34,3876713850744.351,87377230408.09088
2025-09-28 22:23:00,3878857972781.7217,87525188591.42757
2025-09-28 22:26:36,3878857972781.7217,87525188591.42757
2025-09-28 22:28:03,3878857972781.7217,87525188591.42757
2025-09-28 22:31:38,3878857972781.7217,87525188591.42757
2025-09-28 22:33:09,3880975500874.828,87509550617.12698
2025-09-28 22:37:47,3880975500874.828,87509550617.12698
2025-09-28 22:38:10,3880975500874.828,87509550617.12698
2025-09-28 22:42:48,3880975500874.828,87509550617.12698
2025-09-28 22:43:11,3879145698018.8926,87437696004.19034
2025-09-28 22:47:49,3879145698018.8926,87437696004.19034
2025-09-28 22:48:11,3879145698018.8926,87437696004.19034
2025-09-28 22:52:50,3879145698018.8926,87437696004.19034
2025-09-28 22:53:13,3881817864984.223,87627728676.57735
2025-09-28 22:54:24,3881817864984.223,87627728676.57735
2025-09-28 22:56:16,3881817864984.223,87627728676.57735
2025-09-28 22:58:45,3881817864984.223,87627728676.57735
2025-09-28 23:03:46,3885727152621.003,87898455162.28296
2025-09-28 23:08:47,3885727152621.003,87898455162.28296
2025-09-28 23:13:50,3891792302332.548,88711904259.71548
2025-09-28 23:18:51,3891792302332.548,88711904259.71548
2025-09-28 23:19:17,3891792302332.548,88711904259.71548
2025-09-28 23:23:52,3889570537650.3696,89337382331.63004
2025-09-28 23:24:12,3889570537650.3696,89337382331.63004
2025-09-28 23:24:18,3889570537650.3696,89337382331.63004
2025-09-28 23:28:53,3889570537650.3696,89337382331.63004
2025-09-28 23:29:13,3889570537650.3696,89337382331.63004
2025-09-28 23:29:20,3889570537650.3696,89337382331.63004
2025-09-28 23:33:54,3890101652671.71,89646833369.57887
2025-09-28 23:34:15,3890101652671.71,89646833369.57887
2025-09-28 23:34:23,3890101652671.71,89646833369.57887
2025-09-28 23:38:54,3890101652671.71,89646833369.57887
2025-09-28 23:38:56,3890101652671.71,89646833369.57887
2025-09-28 23:39:16,3890101652671.71,89646833369.57887
2025-09-28 23:39:23,3890101652671.71,89646833369.57887
2025-09-28 23:43:55,3887716994026.43,89885357356.31802
2025-09-28 23:43:56,3887716994026.43,89885357356.31802
2025-09-28 23:44:17,3887716994026.43,89885357356.31802
2025-09-28 23:44:24,3887716994026.43,89885357356.31802
2025-09-28 23:48:56,3887716994026.43,89885357356.31802
2025-09-28 23:48:57,3887716994026.43,89885357356.31802
2025-09-28 23:49:18,3887716994026.43,89885357356.31802
2025-09-28 23:49:25,3887716994026.43,89885357356.31802
2025-09-28 23:50:33,3887716994026.43,89885357356.31802
2025-09-28 23:53:57,3889352587658.898,90072835566.40157
2025-09-28 23:53:58,3889352587658.898,90072835566.40157
2025-09-28 23:54:19,3889352587658.898,90072835566.40157
2025-09-28 23:54:26,3889352587658.898,90072835566.40157
2025-09-28 23:55:33,3889352587658.898,90072835566.40157
2025-09-28 23:58:58,3889352587658.898,90072835566.40157
2025-09-28 23:58:59,3889352587658.898,90072835566.40157
2025-09-28 23:59:20,3889352587658.898,90072835566.40157
2025-09-28 23:59:27,3889352587658.898,90072835566.40157
2025-09-29 00:00:34,3889352587658.898,90072835566.40157
2025-09-29 00:03:59,3892443921963.252,90046651098.42967
2025-09-29 00:04:00,3892443921963.252,90046651098.42967
2025-09-29 00:04:21,3892443921963.252,90046651098.42967
2025-09-29 00:04:28,3892443921963.252,90046651098.42967
2025-09-29 00:05:35,3892443921963.252,90046651098.42967
2025-09-29 00:08:59,3892443921963.252,90046651098.42967
2025-09-29 00:09:01,3892443921963.252,90046651098.42967
2025-09-29 00:09:22,3892443921963.252,90046651098.42967
2025-09-29 00:09:29,3892443921963.252,90046651098.42967
2025-09-29 00:10:36,3892443921963.252,90046651098.42967
2025-09-29 00:14:00,3896709491545.783,89933726184.91255
2025-09-29 00:14:02,3896709491545.783,89933726184.91255
2025-09-29 00:14:23,3896709491545.783,89933726184.91255
2025-09-29 00:14:30,3896709491545.783,89933726184.91255
2025-09-29 00:15:37,3896709491545.783,89933726184.91255
2025-09-29 00:19:01,3896709491545.783,89933726184.91255
2025-09-29 00:19:02,3896709491545.783,89933726184.91255
2025-09-29 00:19:23,3896709491545.783,89933726184.91255
2025-09-29 00:19:30,3896709491545.783,89933726184.91255
2025-09-29 00:20:38,3896709491545.783,89933726184.91255
2025-09-29 00:24:02,3894395256668.2266,89956954403.37941
2025-09-29 00:24:03,3894395256668.2266,89956954403.37941
2025-09-29 00:24:24,3894395256668.2266,89956954403.37941
2025-09-29 00:24:31,3894395256668.2266,89956954403.37941
2025-09-29 00:25:38,3894395256668.2266,89956954403.37941
2025-09-29 00:29:03,3894395256668.2266,89956954403.37941
2025-09-29 00:29:04,3894395256668.2266,89956954403.37941
2025-09-29 00:29:25,3894395256668.2266,89956954403.37941
2025-09-29 00:29:32,3894395256668.2266,89956954403.37941
2025-09-29 00:30:39,3894395256668.2266,89956954403.37941
2025-09-29 00:34:03,3893405921074.812,90288635143.33176
2025-09-29 00:34:05,3893405921074.812,90288635143.33176
2025-09-29 00:34:26,3893405921074.812,90288635143.33176
2025-09-29 00:34:33,3893405921074.812,90288635143.33176
2025-09-29 00:35:40,3893405921074.812,90288635143.33176
2025-09-29 00:39:04,3893405921074.812,90288635143.33176
2025-09-29 00:39:06,3893405921074.812,90288635143.33176
2025-09-29 00:39:30,3893405921074.812,90288635143.33176
2025-09-29 00:39:34,3893405921074.812,90288635143.33176
2025-09-29 00:40:32,3893405921074.812,90288635143.33176
2025-09-29 00:40:41,3893405921074.812,90288635143.33176
2025-09-29 00:44:05,3898570183113.274,90582382207.56976
2025-09-29 00:44:07,3898570183113.274,90582382207.56976
2025-09-29 00:44:30,3898570183113.274,90582382207.56976
2025-09-29 00:44:34,3898570183113.274,90582382207.56976
2025-09-29 00:45:32,3898570183113.274,90582382207.56976
2025-09-29 00:45:42,3898570183113.274,90582382207.56976
2025-09-29 00:46:08,3898570183113.274,90582382207.56976
2025-09-29 00:50:58,3898570183113.274,90582382207.56976
2025-09-29 00:51:09,3898570183113.274,90582382207.56976
2025-09-29 00:55:59,3897526111966.113,90942570948.0873
2025-09-29 00:56:09,3897526111966.113,90942570948.0873
2025-09-29 01:01:00,3897526111966.113,90942570948.0873
2025-09-29 01:01:10,3897526111966.113,90942570948.0873
2025-09-29 01:05:15,3895339973877.156,91142895908.05304
2025-09-29 01:06:38,3895339973877.156,91142895908.05304
2025-09-29 01:07:38,3895339973877.156,91142895908.05304
2025-09-29 01:09:01,3895339973877.156,91142895908.05304
2025-09-29 01:10:09,3895339973877.156,91142895908.05304
2025-09-29 01:10:16,3895339973877.156,91142895908.05304
2025-09-29 01:11:39,3895339973877.156,91142895908.05304
2025-09-29 01:12:13,3895339973877.156,91142895908.05304
2025-09-29 01:12:39,3895339973877.156,91142895908.05304
2025-09-29 01:14:02,3892238457218.018,90915650635.22723
2025-09-29 01:15:10,3892238457218.018,90915650635.22723
2025-09-29 01:15:17,3892238457218.018,90915650635.22723
2025-09-29 01:16:03,3892238457218.018,90915650635.22723
2025-09-29 01:16:40,3892238457218.018,90915650635.22723
2025-09-29 01:17:14,3892238457218.018,90915650635.22723
2025-09-29 01:17:40,3892238457218.018,90915650635.22723
2025-09-29 01:19:03,3892238457218.018,90915650635.22723
2025-09-29 01:20:11,3892238457218.018,90915650635.22723
2025-09-29 01:20:17,3892238457218.018,90915650635.22723
2025-09-29 01:21:04,3892238457218.018,90915650635.22723
2025-09-29 01:21:40,3892238457218.018,90915650635.22723
2025-09-29 01:21:59,3892238457218.018,90915650635.22723
2025-09-29 01:22:15,3892238457218.018,90915650635.22723
2025-09-29 01:22:40,3892238457218.018,90915650635.22723
2025-09-29 01:24:03,3893989941779.597,91113785018.91476
2025-09-29 01:25:11,3893989941779.597,91113785018.91476
2025-09-29 01:25:18,3893989941779.597,91113785018.91476
2025-09-29 01:26:05,3893989941779.597,91113785018.91476
2025-09-29 01:26:41,3893989941779.597,91113785018.91476
2025-09-29 01:27:00,3893989941779.597,91113785018.91476
2025-09-29 01:27:16,3893989941779.597,91113785018.91476
2025-09-29 01:27:41,3893989941779.597,91113785018.91476
2025-09-29 01:27:56,3893989941779.597,91113785018.91476
2025-09-29 01:29:04,3893989941779.597,91113785018.91476
2025-09-29 01:30:12,3893989941779.597,91113785018.91476
2025-09-29 01:30:19,3893989941779.597,91113785018.91476
2025-09-29 01:31:06,3893989941779.597,91113785018.91476
2025-09-29 01:31:16,3893989941779.597,91113785018.91476
2025-09-29 01:31:42,3893989941779.597,91113785018.91476
2025-09-29 01:32:01,3893989941779.597,91113785018.91476
2025-09-29 01:32:17,3893989941779.597,91113785018.91476
2025-09-29 01:32:42,3893989941779.597,91113785018.91476
2025-09-29 01:32:57,3893989941779.597,91113785018.91476
2025-09-29 01:34:05,3892952440416.4927,91133560547.21236
2025-09-29 01:35:13,3892952440416.4927,91133560547.21236
2025-09-29 01:35:20,3892952440416.4927,91133560547.21236
2025-09-29 01:36:01,3892952440416.4927,91133560547.21236
2025-09-29 01:36:06,3892952440416.4927,91133560547.21236
2025-09-29 01:36:17,3892952440416.4927,91133560547.21236
2025-09-29 01:36:43,3892952440416.4927,91133560547.21236
2025-09-29 01:37:02,3892952440416.4927,91133560547.21236
2025-09-29 01:37:17,3892952440416.4927,91133560547.21236
2025-09-29 01:37:43,3892952440416.4927,91133560547.21236
2025-09-29 01:37:58,3892952440416.4927,91133560547.21236
2025-09-29 01:38:27,3892952440416.4927,91133560547.21236
2025-09-29 01:43:28,3895155030751.086,90983720172.60556
2025-09-29 01:48:29,3895155030751.086,90983720172.60556
2025-09-29 01:51:44,3895155030751.086,90983720172.60556
2025-09-29 01:53:30,3896000041835.589,90842932205.22807
2025-09-29 01:56:44,3896000041835.589,90842932205.22807
2025-09-29 01:58:30,3896000041835.589,90842932205.22807
2025-09-29 02:01:44,3896000041835.589,90842932205.22807
2025-09-29 02:01:45,3896000041835.589,90842932205.22807
2025-09-29 02:03:31,3898872361582.4097,90925224095.0071
2025-09-29 02:04:41,3898872361582.4097,90925224095.0071
2025-09-29 02:06:44,3898872361582.4097,90925224095.0071
2025-09-29 02:06:46,3898872361582.4097,90925224095.0071
2025-09-29 02:08:28,3898872361582.4097,90925224095.0071
2025-09-29 02:08:32,3898872361582.4097,90925224095.0071
2025-09-29 02:09:41,3898872361582.4097,90925224095.0071
2025-09-29 02:11:45,3898872361582.4097,90925224095.0071
2025-09-29 02:11:47,3898872361582.4097,90925224095.0071
2025-09-29 02:13:29,3894224401982.845,90767709853.2957
2025-09-29 02:13:33,3894224401982.845,90767709853.2957
2025-09-29 02:14:42,3894224401982.845,90767709853.2957
2025-09-29 02:16:46,3894224401982.845,90767709853.2957
2025-09-29 02:16:47,3894224401982.845,90767709853.2957
2025-09-29 02:18:29,3894224401982.845,90767709853.2957
2025-09-29 02:18:33,3894224401982.845,90767709853.2957
2025-09-29 02:19:43,3894224401982.845,90767709853.2957
2025-09-29 02:21:47,3894224401982.845,90767709853.2957
2025-09-29 02:21:48,3894224401982.845,90767709853.2957
2025-09-29 02:23:30,3896200718580.57,91029968717.4405
2025-09-29 02:23:34,3896200718580.57,91029968717.4405
2025-09-29 02:24:44,3896200718580.57,91029968717.4405
2025-09-29 02:26:47,3896200718580.57,91029968717.4405
2025-09-29 02:26:49,3896200718580.57,91029968717.4405
2025-09-29 02:28:31,3896200718580.57,91029968717.4405
2025-09-29 02:28:35,3896200718580.57,91029968717.4405
2025-09-29 02:29:44,3896200718580.57,91029968717.4405
2025-09-29 02:31:48,3896200718580.57,91029968717.4405
2025-09-29 02:31:50,3896200718580.57,91029968717.4405
2025-09-29 02:33:32,3897216704379.171,91043603875.6658
2025-09-29 02:33:36,3897216704379.171,91043603875.6658
2025-09-29 02:34:45,3897216704379.171,91043603875.6658
2025-09-29 02:36:49,3897216704379.171,91043603875.6658
2025-09-29 02:36:50,3897216704379.171,91043603875.6658
2025-09-29 02:38:32,3897216704379.171,91043603875.6658
2025-09-29 02:38:36,3897216704379.171,91043603875.6658
2025-09-29 02:39:46,3897216704379.171,91043603875.6658
2025-09-29 02:41:50,3897216704379.171,91043603875.6658
2025-09-29 02:41:51,3897216704379.171,91043603875.6658
2025-09-29 02:43:33,3898079593360.398,91052378274.00934
2025-09-29 02:43:37,3898079593360.398,91052378274.00934
2025-09-29 02:44:47,3898079593360.398,91052378274.00934
2025-09-29 02:46:50,3898079593360.398,91052378274.00934
2025-09-29 02:46:52,3898079593360.398,91052378274.00934
2025-09-29 02:48:34,3898079593360.398,91052378274.00934
2025-09-29 02:48:38,3898079593360.398,91052378274.00934
2025-09-29 02:49:47,3898079593360.398,91052378274.00934
2025-09-29 02:51:51,3898079593360.398,91052378274.00934
2025-09-29 02:51:53,3898079593360.398,91052378274.00934
2025-09-29 02:53:35,3898708953169.704,91083261081.98564
2025-09-29 02:53:39,3898708953169.704,91083261081.98564
2025-09-29 02:54:48,3898708953169.704,91083261081.98564
2025-09-29 02:56:52,3898708953169.704,91083261081.98564
2025-09-29 02:56:53,3898708953169.704,91083261081.98564
2025-09-29 02:58:35,3898708953169.704,91083261081.98564
2025-09-29 02:58:39,3898708953169.704,91083261081.98564
2025-09-29 02:59:49,3898708953169.704,91083261081.98564
2025-09-29 03:01:53,3898708953169.704,91083261081.98564
2025-09-29 03:01:54,3898708953169.704,91083261081.98564
2025-09-29 03:03:36,3899575603229.67,91195426394.77107
2025-09-29 03:03:40,3899575603229.67,91195426394.77107
2025-09-29 03:04:50,3899575603229.67,91195426394.77107
2025-09-29 03:06:54,3899575603229.67,91195426394.77107
2025-09-29 03:06:55,3899575603229.67,91195426394.77107
2025-09-29 03:08:37,3899575603229.67,91195426394.77107
2025-09-29 03:08:41,3899575603229.67,91195426394.77107
2025-09-29 03:09:50,3899575603229.67,91195426394.77107
2025-09-29 03:11:54,3899575603229.67,91195426394.77107
2025-09-29 03:11:56,3899575603229.67,91195426394.77107
2025-09-29 03:13:38,3900382750121.956,91162534716.07845
2025-09-29 03:13:42,3900382750121.956,91162534716.07845
2025-09-29 03:14:51,3900382750121.956,91162534716.07845
2025-09-29 03:16:55,3900382750121.956,91162534716.07845
2025-09-29 03:16:56,3900382750121.956,91162534716.07845
2025-09-29 03:18:38,3900382750121.956,91162534716.07845
2025-09-29 03:18:42,3900382750121.956,91162534716.07845
2025-09-29 03:19:52,3900382750121.956,91162534716.07845
2025-09-29 03:21:56,3900382750121.956,91162534716.07845
2025-09-29 03:21:57,3900382750121.956,91162534716.07845
2025-09-29 03:23:39,3906221443506.634,91363306945.2091
2025-09-29 03:23:43,3906221443506.634,91363306945.2091
2025-09-29 03:24:53,3906221443506.634,91363306945.2091
2025-09-29 03:26:57,3906221443506.634,91363306945.2091
2025-09-29 03:26:58,3906221443506.634,91363306945.2091
2025-09-29 03:28:40,3906221443506.634,91363306945.2091
2025-09-29 03:28:44,3906221443506.634,91363306945.2091
2025-09-29 03:29:54,3906221443506.634,91363306945.2091
2025-09-29 03:31:57,3906221443506.634,91363306945.2091
2025-09-29 03:31:59,3906221443506.634,91363306945.2091
2025-09-29 03:33:41,3914000971185.909,92083051991.01125
2025-09-29 03:33:45,3914000971185.909,92083051991.01125
2025-09-29 03:34:54,3914000971185.909,92083051991.01125
2025-09-29 03:36:58,3914000971185.909,92083051991.01125
2025-09-29 03:36:59,3914000971185.909,92083051991.01125
2025-09-29 03:38:41,3914000971185.909,92083051991.01125
2025-09-29 03:38:45,3914000971185.909,92083051991.01125
2025-09-29 03:39:55,3914000971185.909,92083051991.01125
2025-09-29 03:41:59,3914000971185.909,92083051991.01125
2025-09-29 03:42:00,3914000971185.909,92083051991.01125
2025-09-29 03:43:42,3918717196968.327,93148569013.517
2025-09-29 03:43:46,3918717196968.327,93148569013.517
2025-09-29 03:44:56,3918717196968.327,93148569013.517
2025-09-29 03:46:59,3918717196968.327,93148569013.517
2025-09-29 03:47:01,3918717196968.327,93148569013.517
2025-09-29 03:48:43,3918717196968.327,93148569013.517
2025-09-29 03:48:47,3918717196968.327,93148569013.517
2025-09-29 03:49:57,3918717196968.327,93148569013.517
2025-09-29 03:52:00,3918717196968.327,93148569013.517
2025-09-29 03:52:02,3918717196968.327,93148569013.517
2025-09-29 03:53:44,3916649550867.561,93565871576.26184
2025-09-29 03:53:48,3916649550867.561,93565871576.26184
2025-09-29 03:54:57,3916649550867.561,93565871576.26184
2025-09-29 03:57:01,3916649550867.561,93565871576.26184
2025-09-29 03:57:03,3916649550867.561,93565871576.26184
2025-09-29 03:58:44,3916649550867.561,93565871576.26184
2025-09-29 03:58:48,3916649550867.561,93565871576.26184
2025-09-29 03:59:58,3916649550867.561,93565871576.26184
2025-09-29 04:02:02,3916649550867.561,93565871576.26184
2025-09-29 04:02:03,3916649550867.561,93565871576.26184
2025-09-29 04:03:47,3915049153113.959,94094906719.2936
2025-09-29 04:03:59,3915049153113.959,94094906719.2936
2025-09-29 04:08:50,3915049153113.959,94094906719.2936
2025-09-29 04:09:04,3915049153113.959,94094906719.2936
2025-09-29 04:10:13,3915049153113.959,94094906719.2936
2025-09-29 04:12:14,3915049153113.959,94094906719.2936
2025-09-29 04:12:22,3915049153113.959,94094906719.2936
2025-09-29 04:13:51,3918786557668.554,94343567205.3496
2025-09-29 04:14:05,3918786557668.554,94343567205.3496
2025-09-29 04:15:13,3918786557668.554,94343567205.3496
2025-09-29 04:17:15,3918786557668.554,94343567205.3496
2025-09-29 04:17:22,3918786557668.554,94343567205.3496
2025-09-29 04:18:52,3918786557668.554,94343567205.3496
2025-09-29 04:19:05,3918786557668.554,94343567205.3496
2025-09-29 04:20:14,3918786557668.554,94343567205.3496
2025-09-29 04:22:15,3918786557668.554,94343567205.3496
2025-09-29 04:22:23,3918786557668.554,94343567205.3496
2025-09-29 04:23:52,3915806829473.013,94587729511.83775
2025-09-29 04:24:06,3915806829473.013,94587729511.83775
2025-09-29 04:25:15,3915806829473.013,94587729511.83775
2025-09-29 04:27:16,3915806829473.013,94587729511.83775
2025-09-29 04:27:24,3915806829473.013,94587729511.83775
2025-09-29 04:28:53,3915806829473.013,94587729511.83775
2025-09-29 04:29:07,3915806829473.013,94587729511.83775
2025-09-29 04:30:16,3915806829473.013,94587729511.83775
2025-09-29 04:32:17,3915806829473.013,94587729511.83775
2025-09-29 04:32:25,3915806829473.013,94587729511.83775
2025-09-29 04:33:54,3912925276865.024,94618784595.05264
2025-09-29 04:34:08,3912925276865.024,94618784595.05264
2025-09-29 04:35:16,3912925276865.024,94618784595.05264
2025-09-29 04:37:22,3912925276865.024,94618784595.05264
2025-09-29 04:37:27,3912925276865.024,94618784595.05264
2025-09-29 04:38:58,3912925276865.024,94618784595.05264
2025-09-29 04:39:09,3912925276865.024,94618784595.05264
2025-09-29 04:40:26,3912925276865.024,94618784595.05264
2025-09-29 04:42:24,3912925276865.024,94618784595.05264
2025-09-29 04:42:29,3912925276865.024,94618784595.05264
2025-09-29 04:44:07,3909806851051.327,94785778209.1481
2025-09-29 04:44:17,3909806851051.327,94785778209.1481
2025-09-29 04:45:27,3909806851051.327,94785778209.1481
2025-09-29 04:47:25,3909806851051.327,94785778209.1481
2025-09-29 04:47:30,3909806851051.327,94785778209.1481
2025-09-29 04:49:07,3909806851051.327,94785778209.1481
2025-09-29 04:49:18,3909806851051.327,94785778209.1481
2025-09-29 04:50:28,3909806851051.327,94785778209.1481
2025-09-29 04:52:26,3909806851051.327,94785778209.1481
2025-09-29 04:52:30,3909806851051.327,94785778209.1481
2025-09-29 04:54:08,3911051003198.584,94805307828.87546
2025-09-29 04:54:19,3911051003198.584,94805307828.87546
2025-09-29 04:55:29,3911051003198.584,94805307828.87546
2025-09-29 04:57:27,3911051003198.584,94805307828.87546
2025-09-29 04:57:31,3911051003198.584,94805307828.87546
2025-09-29 04:59:09,3911051003198.584,94805307828.87546
2025-09-29 04:59:20,3911051003198.584,94805307828.87546
2025-09-29 05:00:29,3911051003198.584,94805307828.87546
2025-09-29 05:02:27,3911051003198.584,94805307828.87546
2025-09-29 05:02:32,3911051003198.584,94805307828.87546
2025-09-29 05:04:10,3917995417455.6616,95035497761.89514
2025-09-29 05:04:20,3917995417455.6616,95035497761.89514
2025-09-29 05:05:30,3917995417455.6616,95035497761.89514
2025-09-29 05:07:28,3917995417455.6616,95035497761.89514
2025-09-29 05:07:33,3917995417455.6616,95035497761.89514
2025-09-29 05:09:10,3917995417455.6616,95035497761.89514
2025-09-29 05:09:21,3917995417455.6616,95035497761.89514
2025-09-29 05:10:31,3917995417455.6616,95035497761.89514
2025-09-29 05:12:29,3917995417455.6616,95035497761.89514
2025-09-29 05:12:33,3917995417455.6616,95035497761.89514
2025-09-29 05:14:11,3938595114498.213,96988492500.38728
2025-09-29 05:14:22,3938595114498.213,96988492500.38728
2025-09-29 05:15:32,3938595114498.213,96988492500.38728
2025-09-29 05:17:30,3938595114498.213,96988492500.38728
2025-09-29 05:17:34,3938595114498.213,96988492500.38728
2025-09-29 05:19:12,3938595114498.213,96988492500.38728
2025-09-29 05:19:23,3938595114498.213,96988492500.38728
2025-09-29 05:20:33,3938595114498.213,96988492500.38728
2025-09-29 05:22:30,3938595114498.213,96988492500.38728
2025-09-29 05:22:35,3938595114498.213,96988492500.38728
2025-09-29 05:24:13,3947603340060.964,98396241106.84712
2025-09-29 05:24:23,3947603340060.964,98396241106.84712
2025-09-29 05:25:33,3947603340060.964,98396241106.84712
2025-09-29 05:27:31,3947603340060.964,98396241106.84712
2025-09-29 05:27:36,3947603340060.964,98396241106.84712
2025-09-29 05:29:13,3947603340060.964,98396241106.84712
2025-09-29 05:29:24,3947603340060.964,98396241106.84712
2025-09-29 05:30:34,3947603340060.964,98396241106.84712
2025-09-29 05:32:32,3947603340060.964,98396241106.84712
2025-09-29 05:32:36,3947603340060.964,98396241106.84712
2025-09-29 05:34:14,3953682972826.742,99519438917.31094
2025-09-29 05:34:25,3953682972826.742,99519438917.31094
2025-09-29 05:35:35,3953682972826.742,99519438917.31094
2025-09-29 05:37:33,3953682972826.742,99519438917.31094
2025-09-29 05:37:37,3953682972826.742,99519438917.31094
2025-09-29 05:39:22,3953682972826.742,99519438917.31094
2025-09-29 08:58:59,3952750409553.552,108522595621.98544
2025-09-29 08:59:24,3952750409553.552,108522595621.98544
2025-09-29 08:59:37,3952750409553.552,108522595621.98544
2025-09-29 09:01:01,3952750409553.552,108522595621.98544
2025-09-29 09:02:47,3952750409553.552,108522595621.98544
2025-09-29 09:02:47,3952750409553.552,108522595621.98544
2025-09-29 09:04:00,3949706316991.972,109295586442.36794
2025-09-29 09:04:25,3949706316991.972,109295586442.36794
2025-09-29 09:04:37,3949706316991.972,109295586442.36794
2025-09-29 09:06:02,3949706316991.972,109295586442.36794
2025-09-29 09:07:47,3949706316991.972,109295586442.36794
2025-09-29 09:09:01,3949706316991.972,109295586442.36794
2025-09-29 09:09:26,3949706316991.972,109295586442.36794
2025-09-29 09:09:38,3949706316991.972,109295586442.36794
2025-09-29 09:11:03,3949706316991.972,109295586442.36794
2025-09-29 09:12:48,3949706316991.972,109295586442.36794
2025-09-29 09:12:48,3949706316991.972,109295586442.36794
2025-09-29 09:14:02,3949819075643.8784,109825185519.035
2025-09-29 09:14:27,3949819075643.8784,109825185519.035
2025-09-29 09:14:39,3949819075643.8784,109825185519.035
2025-09-29 09:16:04,3949819075643.8784,109825185519.035
2025-09-29 09:17:23,3949819075643.8784,109825185519.035
2025-09-29 09:17:49,3949819075643.8784,109825185519.035
2025-09-29 09:17:49,3949819075643.8784,109825185519.035
2025-09-29 09:19:03,3949819075643.8784,109825185519.035
2025-09-29 09:19:28,3949819075643.8784,109825185519.035
2025-09-29 09:19:40,3949819075643.8784,109825185519.035
2025-09-29 09:21:05,3949819075643.8784,109825185519.035
2025-09-29 09:22:24,3949819075643.8784,109825185519.035
2025-09-29 09:22:50,3949819075643.8784,109825185519.035
2025-09-29 09:22:51,3949819075643.8784,109825185519.035
2025-09-29 09:24:04,3951186411996.232,110315170860.5684
2025-09-29 09:24:29,3951186411996.232,110315170860.5684
2025-09-29 09:24:41,3951186411996.232,110315170860.5684
2025-09-29 09:26:06,3951186411996.232,110315170860.5684
2025-09-29 09:27:25,3951186411996.232,110315170860.5684
2025-09-29 09:27:51,3951186411996.232,110315170860.5684
2025-09-29 09:27:51,3951186411996.232,110315170860.5684
2025-09-29 09:29:05,3951186411996.232,110315170860.5684
2025-09-29 09:29:30,3951186411996.232,110315170860.5684
2025-09-29 09:29:42,3951186411996.232,110315170860.5684
2025-09-29 09:31:06,3951186411996.232,110315170860.5684
2025-09-29 09:31:44,3951186411996.232,110315170860.5684
2025-09-29 09:32:26,3951186411996.232,110315170860.5684
2025-09-29 09:32:52,3951186411996.232,110315170860.5684
2025-09-29 09:32:52,3951186411996.232,110315170860.5684
2025-09-29 09:34:06,3954868898742.385,110913289144.30067
2025-09-29 09:34:31,3954868898742.385,110913289144.30067
2025-09-29 09:34:43,3954868898742.385,110913289144.30067
2025-09-29 09:36:07,3954868898742.385,110913289144.30067
2025-09-29 09:36:39,3954868898742.385,110913289144.30067
2025-09-29 20:24:27,3944067206480.507,139020144604.32144
2025-09-29 20:26:48,3951654458713.72,139913859190.90787
2025-09-29 20:29:19,3951654458713.72,139913859190.90787
2025-09-29 20:34:21,3951654458713.72,139913859190.90787
2025-09-29 20:34:37,3951654458713.72,139913859190.90787
2025-09-29 20:44:22,3948930183951.3726,140238621324.4274
2025-09-29 20:44:38,3948930183951.3726,140238621324.4274
2025-09-29 20:46:50,3973099798982.204,142642388846.062
2025-09-29 20:47:45,3973099798982.204,142642388846.062
2025-09-29 20:52:46,3973099798982.204,142642388846.062
2025-09-29 20:57:46,3987152749536.719,146410912774.80612
2025-09-29 21:02:47,3987152749536.719,146410912774.80612
2025-09-29 21:07:48,3993450978681.379,148892184118.36118
2025-09-29 21:12:50,3993450978681.379,148892184118.36118
2025-09-29 21:16:07,4005830160660.041,151322312663.99548
2025-09-29 21:17:51,4005830160660.041,151322312663.99548
2025-09-30 00:23:42,3993378192546.471,166423015494.36493
2025-09-30 00:25:23,3993378192546.471,166423015494.36493
2025-09-30 00:28:38,3992836795082.951,167226673183.1461
2025-09-30 00:32:55,3992836795082.951,167226673183.1461
2025-09-30 00:37:56,3993606464879.416,167111273154.04956
2025-09-30 00:39:33,3993606464879.416,167111273154.04956
2025-09-30 00:45:07,3993606464879.416,167111273154.04956
2025-09-30 00:45:20,3993606464879.416,167111273154.04956
2025-09-30 00:50:10,3996706011727.095,167569627519.7846
2025-09-30 00:50:21,3996706011727.095,167569627519.7846
2025-09-30 00:55:11,3996706011727.095,167569627519.7846
2025-09-30 00:55:22,3996706011727.095,167569627519.7846
2025-09-30 00:56:09,4005189228311.443,168109072510.4264
2025-09-30 00:59:49,4005189228311.443,168109072510.4264
2025-09-30 01:00:12,4005189228311.443,168109072510.4264
2025-09-30 01:00:24,4005189228311.443,168109072510.4264
2025-09-30 01:01:10,4005189228311.443,168109072510.4264
2025-09-30 01:03:43,4005189228311.443,168109072510.4264
2025-09-30 01:04:50,4005189228311.443,168109072510.4264
2025-09-30 01:05:14,4005189228311.443,168109072510.4264
2025-09-30 01:05:26,4005189228311.443,168109072510.4264
2025-09-30 01:06:12,4004620686265.217,168269616955.36594
2025-09-30 01:08:44,4004620686265.217,168269616955.36594
2025-09-30 01:09:51,4004620686265.217,168269616955.36594
2025-09-30 01:10:15,4004620686265.217,168269616955.36594
2025-09-30 01:10:26,4004620686265.217,168269616955.36594
2025-09-30 01:11:13,4004620686265.217,168269616955.36594
2025-09-30 01:13:45,4004620686265.217,168269616955.36594
2025-09-30 01:14:52,4004620686265.217,168269616955.36594
2025-09-30 01:15:16,4004620686265.217,168269616955.36594
2025-09-30 01:15:28,4004620686265.217,168269616955.36594
2025-09-30 01:16:14,4002287462345.397,168388093052.27554
2025-09-30 01:18:46,4002287462345.397,168388093052.27554
2025-09-30 01:19:54,4002287462345.397,168388093052.27554
2025-09-30 01:20:17,4002287462345.397,168388093052.27554
2025-09-30 01:20:29,4002287462345.397,168388093052.27554
2025-09-30 01:21:15,4002287462345.397,168388093052.27554
2025-09-30 01:23:47,4002287462345.397,168388093052.27554
2025-09-30 01:24:55,4002287462345.397,168388093052.27554
2025-09-30 01:25:18,4002287462345.397,168388093052.27554
2025-09-30 01:25:30,4002287462345.397,168388093052.27554
2025-09-30 01:26:16,3995894517715.098,168653452449.04083
2025-09-30 01:27:31,3995894517715.098,168653452449.04083
2025-09-30 01:28:49,3995894517715.098,168653452449.04083
2025-09-30 01:29:56,3995894517715.098,168653452449.04083
2025-09-30 01:30:20,3995894517715.098,168653452449.04083
2025-09-30 01:30:31,3995894517715.098,168653452449.04083
2025-09-30 01:31:17,3995894517715.098,168653452449.04083
2025-09-30 01:32:32,3995894517715.098,168653452449.04083
2025-09-30 01:33:49,3995894517715.098,168653452449.04083
2025-09-30 01:34:58,3995894517715.098,168653452449.04083
2025-09-30 01:35:21,3995894517715.098,168653452449.04083
2025-09-30 01:35:32,3995894517715.098,168653452449.04083
2025-09-30 01:36:18,3999469415343.996,169225378424.63
2025-09-30 01:37:33,3999469415343.996,169225378424.63
2025-09-30 01:38:51,3999469415343.996,169225378424.63
2025-09-30 01:39:59,3999469415343.996,169225378424.63
2025-09-30 01:40:22,3999469415343.996,169225378424.63
2025-09-30 01:40:33,3999469415343.996,169225378424.63
2025-09-30 01:41:19,3999469415343.996,169225378424.63
2025-09-30 01:41:27,3999469415343.996,169225378424.63
2025-09-30 01:42:34,3999469415343.996,169225378424.63
2025-09-30 01:43:52,3999469415343.996,169225378424.63
2025-09-30 01:45:01,3999469415343.996,169225378424.63
2025-09-30 01:45:22,3999469415343.996,169225378424.63
2025-09-30 01:45:34,3999469415343.996,169225378424.63
2025-09-30 01:46:20,3999345793279.8896,169569991882.09418
2025-09-30 01:46:28,3999345793279.8896,169569991882.09418
2025-09-30 01:47:35,3999345793279.8896,169569991882.09418
2025-09-30 01:48:53,3999345793279.8896,169569991882.09418
2025-09-30 01:50:02,3999345793279.8896,169569991882.09418
2025-09-30 01:50:24,3999345793279.8896,169569991882.09418
2025-09-30 01:50:35,3999345793279.8896,169569991882.09418
2025-09-30 01:51:21,3999345793279.8896,169569991882.09418
2025-09-30 01:51:25,3999345793279.8896,169569991882.09418
2025-09-30 01:51:29,3999345793279.8896,169569991882.09418
2025-09-30 01:52:36,3999345793279.8896,169569991882.09418
2025-09-30 01:53:18,3999345793279.8896,169569991882.09418
2025-09-30 01:58:19,4001819002335.437,169953997334.45734
2025-09-30 02:01:44,4001819002335.437,169953997334.45734
2025-09-30 02:04:54,4001819002335.437,169953997334.45734
2025-09-30 02:06:45,4003268126761.619,170276332671.8506
2025-09-30 02:09:55,4003268126761.619,170276332671.8506
2025-09-30 02:11:46,4003268126761.619,170276332671.8506
2025-09-30 02:14:57,4003268126761.619,170276332671.8506
2025-09-30 02:16:37,4004246094414.412,170775130246.31348
2025-09-30 02:16:47,4004246094414.412,170775130246.31348
2025-09-30 02:19:59,4004246094414.412,170775130246.31348
2025-09-30 02:21:39,4004246094414.412,170775130246.31348
2025-09-30 02:21:49,4004246094414.412,170775130246.31348
2025-09-30 02:28:25,4004418865043.535,171313915414.00406
2025-09-30 02:30:05,4004418865043.535,171313915414.00406
2025-09-30 02:30:15,4004418865043.535,171313915414.00406
2025-09-30 02:33:26,4004418865043.535,171313915414.00406
2025-09-30 02:35:06,4004418865043.535,171313915414.00406
2025-09-30 02:35:16,4004418865043.535,171313915414.00406
2025-09-30 02:38:27,4003860879401.609,171731187311.2868
2025-09-30 02:40:07,4003860879401.609,171731187311.2868
2025-09-30 02:40:17,4003860879401.609,171731187311.2868
2025-09-30 02:43:28,4003860879401.609,171731187311.2868
2025-09-30 02:45:08,4003860879401.609,171731187311.2868
2025-09-30 02:45:19,4003860879401.609,171731187311.2868
2025-09-30 02:48:29,4010329499504.872,172537716353.68213
2025-09-30 02:50:09,4010329499504.872,172537716353.68213
2025-09-30 02:50:20,4010329499504.872,172537716353.68213
2025-09-30 02:53:30,4010329499504.872,172537716353.68213
2025-09-30 02:55:10,4010329499504.872,172537716353.68213
2025-09-30 02:55:21,4010329499504.872,172537716353.68213
2025-09-30 03:02:50,4014434201575.6943,174000711494.60684
2025-09-30 03:04:30,4014434201575.6943,174000711494.60684
2025-09-30 03:04:40,4014434201575.6943,174000711494.60684
2025-09-30 03:07:51,4014345007961.5127,174930792137.34183
2025-09-30 03:09:31,4014345007961.5127,174930792137.34183
2025-09-30 03:09:41,4014345007961.5127,174930792137.34183
2025-09-30 03:12:52,4014345007961.5127,174930792137.34183
2025-09-30 03:14:32,4014345007961.5127,174930792137.34183
2025-09-30 03:14:42,4014345007961.5127,174930792137.34183
2025-09-30 03:17:53,4021485291430.8833,175883925670.8788
2025-09-30 03:19:33,4021485291430.8833,175883925670.8788
2025-09-30 03:19:43,4021485291430.8833,175883925670.8788
2025-09-30 03:22:54,4021485291430.8833,175883925670.8788
2025-09-30 03:24:34,4021485291430.8833,175883925670.8788
2025-09-30 03:24:45,4021485291430.8833,175883925670.8788
2025-09-30 03:27:55,4020555441674.887,176065446854.31006
2025-09-30 03:29:35,4020555441674.887,176065446854.31006
2025-09-30 03:29:46,4020555441674.887,176065446854.31006
2025-09-30 03:38:35,4020702098481.187,175907322256.7016
2025-09-30 03:40:12,4020702098481.187,175907322256.7016
2025-09-30 03:40:23,4020702098481.187,175907322256.7016
2025-09-30 03:43:37,4020702098481.187,175907322256.7016
2025-09-30 03:45:13,4020702098481.187,175907322256.7016
2025-09-30 03:45:24,4020702098481.187,175907322256.7016
2025-09-30 03:48:38,4029196096244.2207,176690173550.4591
2025-09-30 03:50:14,4029196096244.2207,176690173550.4591
2025-09-30 03:50:25,4029196096244.2207,176690173550.4591
2025-09-30 03:53:39,4029196096244.2207,176690173550.4591
2025-09-30 03:55:15,4029196096244.2207,176690173550.4591
2025-09-30 03:55:26,4029196096244.2207,176690173550.4591
2025-09-30 03:58:41,4027773626998.851,177182954843.0907
2025-09-30 04:00:16,4027773626998.851,177182954843.0907
2025-09-30 04:00:27,4027773626998.851,177182954843.0907
2025-09-30 04:03:42,4027773626998.851,177182954843.0907
2025-09-30 04:05:17,4027773626998.851,177182954843.0907
2025-09-30 04:05:28,4027773626998.851,177182954843.0907
2025-09-30 04:08:43,4026738711650.0015,177288294184.9372
2025-09-30 04:15:55,4027233603079.336,177513153033.2027
2025-09-30 04:16:05,4027233603079.336,177513153033.2027
2025-09-30 04:19:20,4027233603079.336,177513153033.2027
2025-09-30 04:20:56,4027233603079.336,177513153033.2027
2025-09-30 04:21:06,4027233603079.336,177513153033.2027
2025-09-30 04:24:21,4027233603079.336,177513153033.2027
2025-09-30 04:25:57,4023870933911.702,177683468478.37375
2025-09-30 04:26:07,4023870933911.702,177683468478.37375
2025-09-30 04:29:22,4023870933911.702,177683468478.37375
2025-09-30 04:30:58,4023870933911.702,177683468478.37375
2025-09-30 04:31:08,4023870933911.702,177683468478.37375
2025-09-30 04:34:23,4023870933911.702,177683468478.37375
2025-09-30 04:35:59,4022706611707.0615,177693053720.7262
2025-09-30 04:36:09,4022706611707.0615,177693053720.7262
2025-09-30 04:39:24,4022706611707.0615,177693053720.7262
2025-09-30 04:41:00,4022706611707.0615,177693053720.7262
2025-09-30 04:41:10,4022706611707.0615,177693053720.7262
2025-09-30 04:44:25,4022706611707.0615,177693053720.7262
2025-09-30 04:46:01,4024321784572.2856,177823838408.25845
2025-09-30 04:46:11,4024321784572.2856,177823838408.25845
2025-09-30 21:41:53,3966369178705.811,164464577053.03647
2025-09-30 21:43:19,3966369178705.811,164464577053.03647
2025-09-30 21:44:56,3966369178705.811,164464577053.03647
2025-09-30 21:45:05,3966369178705.811,164464577053.03647
2025-09-30 21:46:55,3966369178705.811,164464577053.03647
2025-09-30 21:48:20,3968125095168.832,163671814401.29834
2025-09-30 21:49:56,3968125095168.832,163671814401.29834
2025-09-30 21:50:06,3968125095168.832,163671814401.29834
2025-09-30 21:51:56,3968125095168.832,163671814401.29834
2025-09-30 21:53:21,3968125095168.832,163671814401.29834
2025-09-30 21:54:58,3968125095168.832,163671814401.29834
2025-09-30 21:55:07,3968125095168.832,163671814401.29834
2025-09-30 21:56:58,3968125095168.832,163671814401.29834
2025-09-30 21:58:22,3977879722218.759,163127470340.90854
2025-09-30 21:59:59,3977879722218.759,163127470340.90854
2025-09-30 22:00:09,3977879722218.759,163127470340.90854
2025-09-30 22:01:59,3977879722218.759,163127470340.90854
2025-09-30 22:03:04,3977879722218.759,163127470340.90854
2025-09-30 22:03:23,3977879722218.759,163127470340.90854
2025-09-30 22:05:00,3977879722218.759,163127470340.90854
2025-09-30 22:05:10,3977879722218.759,163127470340.90854
2025-09-30 22:07:01,3977879722218.759,163127470340.90854
2025-09-30 22:07:22,3977879722218.759,163127470340.90854
2025-09-30 22:08:05,3974476179659.646,162128663027.17673
2025-09-30 22:08:25,3974476179659.646,162128663027.17673
2025-09-30 22:10:02,3974476179659.646,162128663027.17673
2025-09-30 22:10:11,3974476179659.646,162128663027.17673
2025-09-30 22:12:02,3974476179659.646,162128663027.17673
2025-09-30 22:12:23,3974476179659.646,162128663027.17673
2025-09-30 22:12:38,3974476179659.646,162128663027.17673
2025-09-30 22:13:06,3974476179659.646,162128663027.17673
2025-09-30 22:13:26,3974476179659.646,162128663027.17673
2025-09-30 22:15:03,3974476179659.646,162128663027.17673
2025-09-30 22:15:14,3974476179659.646,162128663027.17673
2025-09-30 22:15:33,3974476179659.646,162128663027.17673
2025-09-30 22:17:03,3974476179659.646,162128663027.17673
2025-09-30 22:17:24,3974476179659.646,162128663027.17673
2025-09-30 22:17:40,3963291787127.2856,161575757008.28867
2025-09-30 22:18:08,3963291787127.2856,161575757008.28867
2025-09-30 22:18:27,3963291787127.2856,161575757008.28867
2025-09-30 22:20:06,3963291787127.2856,161575757008.28867
2025-09-30 22:20:08,3963291787127.2856,161575757008.28867
2025-09-30 22:20:15,3963291787127.2856,161575757008.28867
2025-09-30 22:20:35,3963291787127.2856,161575757008.28867
2025-09-30 22:22:04,3963291787127.2856,161575757008.28867
2025-09-30 22:22:25,3963291787127.2856,161575757008.28867
2025-09-30 22:22:41,3963291787127.2856,161575757008.28867
2025-09-30 22:23:09,3963291787127.2856,161575757008.28867
2025-09-30 22:23:29,3963291787127.2856,161575757008.28867
2025-09-30 22:23:47,3963291787127.2856,161575757008.28867
2025-09-30 22:25:09,3963291787127.2856,161575757008.28867
2025-09-30 22:25:10,3963291787127.2856,161575757008.28867
2025-09-30 22:25:18,3963291787127.2856,161575757008.28867
2025-09-30 22:25:37,3963291787127.2856,161575757008.28867
2025-09-30 22:25:48,3963291787127.2856,161575757008.28867
2025-09-30 22:27:05,3963291787127.2856,161575757008.28867
2025-09-30 22:27:27,3963291787127.2856,161575757008.28867
2025-09-30 22:27:42,3954222442419.738,161616794229.82468
2025-09-30 22:28:10,3954222442419.738,161616794229.82468
2025-09-30 22:28:30,3954222442419.738,161616794229.82468
2025-09-30 22:28:38,3954222442419.738,161616794229.82468
2025-09-30 22:28:49,3954222442419.738,161616794229.82468
2025-09-30 22:30:10,3954222442419.738,161616794229.82468
2025-09-30 22:30:12,3954222442419.738,161616794229.82468
2025-09-30 22:30:20,3954222442419.738,161616794229.82468
2025-09-30 22:30:38,3954222442419.738,161616794229.82468
2025-09-30 22:30:50,3954222442419.738,161616794229.82468
2025-09-30 22:32:07,3954222442419.738,161616794229.82468
2025-09-30 22:32:28,3954222442419.738,161616794229.82468
2025-09-30 22:32:43,3954222442419.738,161616794229.82468
2025-09-30 22:33:12,3954222442419.738,161616794229.82468
2025-09-30 22:33:32,3954222442419.738,161616794229.82468
2025-09-30 22:33:40,3954222442419.738,161616794229.82468
2025-09-30 22:33:50,3954222442419.738,161616794229.82468
2025-09-30 22:35:11,3954222442419.738,161616794229.82468
2025-09-30 22:35:13,3954222442419.738,161616794229.82468
2025-09-30 22:35:21,3954222442419.738,161616794229.82468
2025-09-30 22:35:40,3954222442419.738,161616794229.82468
2025-09-30 22:35:51,3954222442419.738,161616794229.82468
2025-09-30 22:37:08,3954222442419.738,161616794229.82468
2025-09-30 22:37:29,3954222442419.738,161616794229.82468
2025-09-30 22:37:44,3956659809472.16,162418336148.35788
2025-09-30 22:38:13,3956659809472.16,162418336148.35788
2025-09-30 22:38:34,3956659809472.16,162418336148.35788
2025-09-30 22:38:43,3956659809472.16,162418336148.35788
2025-09-30 22:38:52,3956659809472.16,162418336148.35788
2025-09-30 22:40:13,3956659809472.16,162418336148.35788
2025-09-30 22:40:15,3956659809472.16,162418336148.35788
2025-09-30 22:40:24,3956659809472.16,162418336148.35788
2025-09-30 22:40:41,3956659809472.16,162418336148.35788
2025-09-30 22:40:54,3956659809472.16,162418336148.35788
2025-09-30 22:42:09,3956659809472.16,162418336148.35788
2025-09-30 22:42:30,3956659809472.16,162418336148.35788
2025-09-30 22:42:46,3956659809472.16,162418336148.35788
2025-09-30 22:43:15,3956659809472.16,162418336148.35788
2025-09-30 22:43:37,3956659809472.16,162418336148.35788
2025-09-30 22:43:45,3956659809472.16,162418336148.35788
2025-09-30 22:43:57,3956659809472.16,162418336148.35788
2025-09-30 22:45:15,3956659809472.16,162418336148.35788
2025-09-30 22:45:16,3956659809472.16,162418336148.35788
2025-09-30 22:45:26,3956659809472.16,162418336148.35788
2025-09-30 22:45:42,3956659809472.16,162418336148.35788
2025-09-30 22:45:56,3956659809472.16,162418336148.35788
2025-09-30 22:47:11,3956659809472.16,162418336148.35788
2025-09-30 22:47:31,3956659809472.16,162418336148.35788
2025-09-30 22:47:47,3954989747834.384,162517160196.02002
2025-09-30 22:48:16,3954989747834.384,162517160196.02002
2025-09-30 22:48:39,3954989747834.384,162517160196.02002
2025-09-30 22:48:46,3954989747834.384,162517160196.02002
2025-09-30 22:48:58,3954989747834.384,162517160196.02002
2025-09-30 22:50:16,3954989747834.384,162517160196.02002
2025-09-30 22:50:17,3954989747834.384,162517160196.02002
2025-09-30 22:50:27,3954989747834.384,162517160196.02002
2025-09-30 22:50:43,3954989747834.384,162517160196.02002
2025-09-30 22:50:58,3954989747834.384,162517160196.02002
2025-09-30 22:52:13,3954989747834.384,162517160196.02002
2025-09-30 22:52:33,3954989747834.384,162517160196.02002
2025-09-30 22:52:48,3954989747834.384,162517160196.02002
2025-09-30 22:53:18,3954989747834.384,162517160196.02002
2025-09-30 22:53:41,3954989747834.384,162517160196.02002
2025-09-30 22:53:50,3954989747834.384,162517160196.02002
2025-09-30 22:54:00,3954989747834.384,162517160196.02002
2025-09-30 22:55:18,3954989747834.384,162517160196.02002
2025-09-30 22:55:19,3954989747834.384,162517160196.02002
2025-09-30 22:55:29,3954989747834.384,162517160196.02002
2025-09-30 22:55:45,3954989747834.384,162517160196.02002
2025-09-30 22:56:01,3954989747834.384,162517160196.02002
2025-09-30 22:56:15,3954989747834.384,162517160196.02002
2025-09-30 22:57:15,3954989747834.384,162517160196.02002
2025-09-30 22:57:36,3954989747834.384,162517160196.02002
2025-09-30 22:57:53,3956139908185.3154,162303458968.56012
2025-09-30 22:58:19,3956139908185.3154,162303458968.56012
2025-09-30 22:58:43,3956139908185.3154,162303458968.56012
2025-09-30 22:58:52,3956139908185.3154,162303458968.56012
2025-09-30 22:59:01,3956139908185.3154,162303458968.56012
2025-09-30 23:00:19,3956139908185.3154,162303458968.56012
2025-09-30 23:00:20,3956139908185.3154,162303458968.56012
2025-09-30 23:00:30,3956139908185.3154,162303458968.56012
2025-09-30 23:00:49,3956139908185.3154,162303458968.56012
2025-09-30 23:01:03,3956139908185.3154,162303458968.56012
2025-09-30 23:01:17,3956139908185.3154,162303458968.56012
2025-09-30 23:02:17,3956139908185.3154,162303458968.56012
2025-09-30 23:02:38,3956139908185.3154,162303458968.56012
2025-09-30 23:02:54,3956139908185.3154,162303458968.56012
2025-09-30 23:03:20,3956139908185.3154,162303458968.56012
2025-09-30 23:03:44,3956139908185.3154,162303458968.56012
2025-09-30 23:03:53,3956139908185.3154,162303458968.56012
2025-09-30 23:04:03,3956139908185.3154,162303458968.56012
2025-09-30 23:05:20,3956139908185.3154,162303458968.56012
2025-09-30 23:05:22,3956139908185.3154,162303458968.56012
2025-09-30 23:05:32,3956139908185.3154,162303458968.56012
2025-09-30 23:05:50,3956139908185.3154,162303458968.56012
2025-09-30 23:06:04,3956139908185.3154,162303458968.56012
2025-09-30 23:06:18,3956139908185.3154,162303458968.56012
2025-09-30 23:07:19,3956139908185.3154,162303458968.56012
2025-09-30 23:07:40,3960066240305.437,161985710731.54517
2025-09-30 23:07:55,3960066240305.437,161985710731.54517
2025-09-30 23:08:22,3960066240305.437,161985710731.54517
2025-09-30 23:08:46,3960066240305.437,161985710731.54517
2025-09-30 23:08:54,3960066240305.437,161985710731.54517
2025-09-30 23:09:05,3960066240305.437,161985710731.54517
2025-09-30 23:10:24,3960066240305.437,161985710731.54517
2025-09-30 23:10:26,3960066240305.437,161985710731.54517
2025-09-30 23:10:34,3960066240305.437,161985710731.54517
2025-09-30 23:10:52,3960066240305.437,161985710731.54517
2025-09-30 23:11:06,3960066240305.437,161985710731.54517
2025-09-30 23:11:20,3960066240305.437,161985710731.54517
2025-09-30 23:12:20,3960066240305.437,161985710731.54517
2025-09-30 23:12:41,3960066240305.437,161985710731.54517
2025-09-30 23:12:57,3960066240305.437,161985710731.54517
2025-09-30 23:13:23,3960066240305.437,161985710731.54517
2025-09-30 23:13:39,3960066240305.437,161985710731.54517
2025-09-30 23:13:48,3960066240305.437,161985710731.54517
2025-09-30 23:13:56,3960066240305.437,161985710731.54517
2025-09-30 23:14:08,3960066240305.437,161985710731.54517
2025-09-30 23:15:26,3960066240305.437,161985710731.54517
2025-09-30 23:15:27,3960066240305.437,161985710731.54517
2025-09-30 23:15:37,3960066240305.437,161985710731.54517
2025-09-30 23:15:57,3960066240305.437,161985710731.54517
2025-09-30 23:16:08,3960066240305.437,161985710731.54517
2025-09-30 23:16:21,3960066240305.437,161985710731.54517
2025-09-30 23:17:21,3960066240305.437,161985710731.54517
2025-09-30 23:17:42,3956662605330.606,161790944339.42368
2025-09-30 23:17:58,3956662605330.606,161790944339.42368
2025-09-30 23:18:24,3956662605330.606,161790944339.42368
2025-09-30 23:18:40,3956662605330.606,161790944339.42368
2025-09-30 23:18:49,3956662605330.606,161790944339.42368
2025-09-30 23:18:58,3956662605330.606,161790944339.42368
2025-09-30 23:19:11,3956662605330.606,161790944339.42368
2025-09-30 23:20:27,3956662605330.606,161790944339.42368
2025-09-30 23:20:28,3956662605330.606,161790944339.42368
2025-09-30 23:20:38,3956662605330.606,161790944339.42368
2025-09-30 23:20:53,3956662605330.606,161790944339.42368
2025-09-30 23:20:59,3956662605330.606,161790944339.42368
2025-09-30 23:21:12,3956662605330.606,161790944339.42368
2025-09-30 23:21:24,3956662605330.606,161790944339.42368
2025-09-30 23:22:22,3956662605330.606,161790944339.42368
2025-09-30 23:22:44,3956662605330.606,161790944339.42368
2025-09-30 23:23:00,3956662605330.606,161790944339.42368
2025-09-30 23:23:25,3956662605330.606,161790944339.42368
2025-09-30 23:23:41,3956662605330.606,161790944339.42368
2025-09-30 23:23:53,3956662605330.606,161790944339.42368
2025-09-30 23:23:59,3956662605330.606,161790944339.42368
2025-09-30 23:24:12,3956662605330.606,161790944339.42368
2025-09-30 23:25:28,3956662605330.606,161790944339.42368
2025-09-30 23:25:29,3956662605330.606,161790944339.42368
2025-09-30 23:25:40,3956662605330.606,161790944339.42368
2025-09-30 23:25:56,3956662605330.606,161790944339.42368
2025-09-30 23:26:00,3956662605330.606,161790944339.42368
2025-09-30 23:26:14,3956662605330.606,161790944339.42368
2025-09-30 23:26:28,3956662605330.606,161790944339.42368
2025-09-30 23:27:07,3956662605330.606,161790944339.42368
2025-09-30 23:27:25,3956662605330.606,161790944339.42368
2025-09-30 23:27:46,3957513135785.581,161769759518.5769
2025-09-30 23:28:03,3957513135785.581,161769759518.5769
2025-09-30 23:28:27,3957513135785.581,161769759518.5769
2025-09-30 23:28:43,3957513135785.581,161769759518.5769
2025-09-30 23:28:56,3957513135785.581,161769759518.5769
2025-09-30 23:29:01,3957513135785.581,161769759518.5769
2025-09-30 23:29:15,3957513135785.581,161769759518.5769
2025-09-30 23:30:30,3957513135785.581,161769759518.5769
2025-09-30 23:30:31,3957513135785.581,161769759518.5769
2025-09-30 23:30:41,3957513135785.581,161769759518.5769
2025-09-30 23:30:57,3957513135785.581,161769759518.5769
2025-09-30 23:31:03,3957513135785.581,161769759518.5769
2025-09-30 23:31:16,3957513135785.581,161769759518.5769
2025-09-30 23:31:30,3957513135785.581,161769759518.5769
2025-09-30 23:32:09,3957513135785.581,161769759518.5769
2025-09-30 23:32:28,3957513135785.581,161769759518.5769
2025-09-30 23:32:47,3957513135785.581,161769759518.5769
2025-09-30 23:33:04,3957513135785.581,161769759518.5769
2025-09-30 23:33:28,3957513135785.581,161769759518.5769
2025-09-30 23:33:43,3957513135785.581,161769759518.5769
2025-09-30 23:33:59,3957513135785.581,161769759518.5769
2025-09-30 23:34:02,3957513135785.581,161769759518.5769
2025-09-30 23:34:17,3957513135785.581,161769759518.5769
2025-09-30 23:35:31,3957513135785.581,161769759518.5769
2025-09-30 23:35:32,3957513135785.581,161769759518.5769
2025-09-30 23:35:43,3957513135785.581,161769759518.5769
2025-09-30 23:35:58,3957513135785.581,161769759518.5769
2025-09-30 23:36:04,3957513135785.581,161769759518.5769
2025-09-30 23:36:17,3957513135785.581,161769759518.5769
2025-09-30 23:36:31,3957513135785.581,161769759518.5769
2025-09-30 23:37:11,3957513135785.581,161769759518.5769
2025-09-30 23:37:29,3957513135785.581,161769759518.5769
2025-09-30 23:37:50,3955591697411.1255,161917369391.24194
2025-09-30 23:38:06,3955591697411.1255,161917369391.24194
2025-09-30 23:38:30,3955591697411.1255,161917369391.24194
2025-09-30 23:38:45,3955591697411.1255,161917369391.24194
2025-09-30 23:39:02,3955591697411.1255,161917369391.24194
2025-09-30 23:39:05,3955591697411.1255,161917369391.24194
2025-09-30 23:39:19,3955591697411.1255,161917369391.24194
2025-09-30 23:40:33,3955591697411.1255,161917369391.24194
2025-09-30 23:40:34,3955591697411.1255,161917369391.24194
2025-09-30 23:40:46,3955591697411.1255,161917369391.24194
2025-09-30 23:41:00,3955591697411.1255,161917369391.24194
2025-09-30 23:41:06,3955591697411.1255,161917369391.24194
2025-09-30 23:41:19,3955591697411.1255,161917369391.24194
2025-09-30 23:41:32,3955591697411.1255,161917369391.24194
2025-09-30 23:42:16,3955591697411.1255,161917369391.24194
2025-09-30 23:42:33,3955591697411.1255,161917369391.24194
2025-09-30 23:42:52,3955591697411.1255,161917369391.24194
2025-09-30 23:43:07,3955591697411.1255,161917369391.24194
2025-09-30 23:43:33,3955591697411.1255,161917369391.24194
2025-09-30 23:43:47,3955591697411.1255,161917369391.24194
2025-09-30 23:44:04,3955591697411.1255,161917369391.24194
2025-09-30 23:44:06,3955591697411.1255,161917369391.24194
2025-09-30 23:44:21,3955591697411.1255,161917369391.24194
2025-09-30 23:45:34,3955591697411.1255,161917369391.24194
2025-09-30 23:45:36,3955591697411.1255,161917369391.24194
2025-09-30 23:45:47,3955591697411.1255,161917369391.24194
2025-09-30 23:46:01,3955591697411.1255,161917369391.24194
2025-09-30 23:46:07,3955591697411.1255,161917369391.24194
2025-09-30 23:46:20,3955591697411.1255,161917369391.24194
2025-09-30 23:46:33,3955591697411.1255,161917369391.24194
2025-09-30 23:47:17,3955591697411.1255,161917369391.24194
2025-09-30 23:47:35,3955591697411.1255,161917369391.24194
2025-09-30 23:47:53,3952915564054.665,161781749645.42578
2025-09-30 23:48:08,3952915564054.665,161781749645.42578
2025-09-30 23:48:34,3952915564054.665,161781749645.42578
2025-09-30 23:48:48,3952915564054.665,161781749645.42578
2025-09-30 23:49:06,3952915564054.665,161781749645.42578
2025-09-30 23:49:08,3952915564054.665,161781749645.42578
2025-09-30 23:49:23,3952915564054.665,161781749645.42578
2025-09-30 23:50:37,3952915564054.665,161781749645.42578
2025-09-30 23:50:37,3952915564054.665,161781749645.42578
2025-09-30 23:50:49,3952915564054.665,161781749645.42578
2025-09-30 23:51:02,3952915564054.665,161781749645.42578
2025-09-30 23:51:09,3952915564054.665,161781749645.42578
2025-09-30 23:51:22,3952915564054.665,161781749645.42578
2025-09-30 23:51:35,3952915564054.665,161781749645.42578
2025-09-30 23:52:19,3952915564054.665,161781749645.42578
2025-09-30 23:52:36,3952915564054.665,161781749645.42578
2025-09-30 23:52:56,3952915564054.665,161781749645.42578
2025-09-30 23:53:10,3952915564054.665,161781749645.42578
2025-09-30 23:53:38,3952915564054.665,161781749645.42578
2025-09-30 23:53:50,3952915564054.665,161781749645.42578
2025-09-30 23:54:07,3952915564054.665,161781749645.42578
2025-09-30 23:54:10,3952915564054.665,161781749645.42578
2025-09-30 23:54:24,3952915564054.665,161781749645.42578
2025-09-30 23:55:39,3952915564054.665,161781749645.42578
2025-09-30 23:55:40,3952915564054.665,161781749645.42578
2025-09-30 23:55:50,3952915564054.665,161781749645.42578
2025-09-30 23:56:04,3952915564054.665,161781749645.42578
2025-09-30 23:56:12,3952915564054.665,161781749645.42578
2025-09-30 23:56:23,3952915564054.665,161781749645.42578
2025-09-30 23:56:36,3952915564054.665,161781749645.42578
2025-09-30 23:57:20,3952915564054.665,161781749645.42578
2025-09-30 23:57:38,3952915564054.665,161781749645.42578
2025-09-30 23:57:58,3949513517618.798,161567500260.84314
2025-09-30 23:58:13,3949513517618.798,161567500260.84314
2025-09-30 23:58:39,3949513517618.798,161567500260.84314
2025-09-30 23:58:51,3949513517618.798,161567500260.84314
2025-09-30 23:59:08,3949513517618.798,161567500260.84314
2025-09-30 23:59:12,3949513517618.798,161567500260.84314
2025-09-30 23:59:25,3949513517618.798,161567500260.84314
2025-10-01 00:00:41,3949513517618.798,161567500260.84314
2025-10-01 00:00:42,3949513517618.798,161567500260.84314
2025-10-01 00:00:52,3949513517618.798,161567500260.84314
2025-10-01 00:01:08,3949513517618.798,161567500260.84314
2025-10-01 00:01:16,3949513517618.798,161567500260.84314
2025-10-01 00:01:25,3949513517618.798,161567500260.84314
2025-10-01 00:01:38,3949513517618.798,161567500260.84314
2025-10-01 00:02:22,3949513517618.798,161567500260.84314
2025-10-01 00:02:39,3949513517618.798,161567500260.84314
2025-10-01 00:03:00,3949513517618.798,161567500260.84314
2025-10-01 00:03:15,3949513517618.798,161567500260.84314
2025-10-01 00:03:43,3949513517618.798,161567500260.84314
2025-10-01 00:03:53,3949513517618.798,161567500260.84314
2025-10-01 00:04:09,3949513517618.798,161567500260.84314
2025-10-01 00:04:13,3949513517618.798,161567500260.84314
2025-10-01 00:04:26,3949513517618.798,161567500260.84314
2025-10-01 00:05:42,3949513517618.798,161567500260.84314
2025-10-01 00:05:44,3949513517618.798,161567500260.84314
2025-10-01 00:05:54,3949513517618.798,161567500260.84314
2025-10-01 00:06:09,3949513517618.798,161567500260.84314
2025-10-01 00:06:18,3949513517618.798,161567500260.84314
2025-10-01 00:06:27,3949513517618.798,161567500260.84314
2025-10-01 00:06:39,3949513517618.798,161567500260.84314
2025-10-01 00:07:24,3949513517618.798,161567500260.84314
2025-10-01 00:07:41,3949513517618.798,161567500260.84314
2025-10-01 00:08:01,3958511023665.957,160923653505.6373
2025-10-01 00:08:17,3958511023665.957,160923653505.6373
2025-10-01 00:08:46,3958511023665.957,160923653505.6373
2025-10-01 00:08:56,3958511023665.957,160923653505.6373
2025-10-01 00:09:13,3958511023665.957,160923653505.6373
2025-10-01 00:09:17,3958511023665.957,160923653505.6373
2025-10-01 00:09:28,3958511023665.957,160923653505.6373
2025-10-01 00:10:44,3958511023665.957,160923653505.6373
2025-10-01 00:10:46,3958511023665.957,160923653505.6373
2025-10-01 00:10:55,3958511023665.957,160923653505.6373
2025-10-01 00:11:10,3958511023665.957,160923653505.6373
2025-10-01 00:11:19,3958511023665.957,160923653505.6373
2025-10-01 00:11:28,3958511023665.957,160923653505.6373
2025-10-01 00:11:41,3958511023665.957,160923653505.6373
2025-10-01 00:12:25,3958511023665.957,160923653505.6373
2025-10-01 00:12:42,3958511023665.957,160923653505.6373
2025-10-01 00:13:02,3958511023665.957,160923653505.6373
2025-10-01 00:13:19,3958511023665.957,160923653505.6373
2025-10-01 00:13:47,3958511023665.957,160923653505.6373
2025-10-01 00:13:58,3958511023665.957,160923653505.6373
2025-10-01 00:14:16,3958511023665.957,160923653505.6373
2025-10-01 00:14:22,3958511023665.957,160923653505.6373
2025-10-01 00:14:31,3958511023665.957,160923653505.6373
2025-10-01 00:15:45,3958511023665.957,160923653505.6373
2025-10-01 00:15:48,3958511023665.957,160923653505.6373
2025-10-01 00:15:56,3958511023665.957,160923653505.6373
2025-10-01 00:16:12,3958511023665.957,160923653505.6373
2025-10-01 00:16:21,3958511023665.957,160923653505.6373
2025-10-01 00:16:30,3958511023665.957,160923653505.6373
2025-10-01 00:16:45,3958511023665.957,160923653505.6373
2025-10-01 00:17:27,3958511023665.957,160923653505.6373
2025-10-01 00:17:43,3958511023665.957,160923653505.6373
2025-10-01 00:18:04,3959688709076.737,160402432710.0798
2025-10-01 00:18:20,3959688709076.737,160402432710.0798
2025-10-01 00:18:36,3959688709076.737,160402432710.0798
2025-10-01 00:18:51,3959688709076.737,160402432710.0798
2025-10-01 00:20:48,3959688709076.737,160402432710.0798
2025-10-01 00:20:51,3959688709076.737,160402432710.0798
2025-10-01 00:20:59,3959688709076.737,160402432710.0798
2025-10-01 00:21:15,3959688709076.737,160402432710.0798
2025-10-01 00:21:23,3959688709076.737,160402432710.0798
2025-10-01 00:21:33,3959688709076.737,160402432710.0798
2025-10-01 00:21:46,3959688709076.737,160402432710.0798
2025-10-01 00:22:27,3959688709076.737,160402432710.0798
2025-10-01 00:22:44,3959688709076.737,160402432710.0798
2025-10-01 00:23:05,3959688709076.737,160402432710.0798
2025-10-01 00:23:23,3959688709076.737,160402432710.0798
2025-10-01 00:23:37,3959688709076.737,160402432710.0798
2025-10-01 00:23:54,3959688709076.737,160402432710.0798
2025-10-01 00:24:02,3959688709076.737,160402432710.0798
2025-10-01 00:24:18,3959688709076.737,160402432710.0798
2025-10-01 00:24:25,3959688709076.737,160402432710.0798
2025-10-01 00:24:35,3959688709076.737,160402432710.0798
2025-10-01 00:25:36,3959688709076.737,160402432710.0798
2025-10-01 00:25:50,3959688709076.737,160402432710.0798
2025-10-01 00:25:52,3959688709076.737,160402432710.0798
2025-10-01 00:26:00,3959688709076.737,160402432710.0798
2025-10-01 00:26:17,3959688709076.737,160402432710.0798
2025-10-01 00:26:25,3959688709076.737,160402432710.0798
2025-10-01 00:26:35,3959688709076.737,160402432710.0798
2025-10-01 00:26:48,3959688709076.737,160402432710.0798
2025-10-01 00:27:29,3959688709076.737,160402432710.0798
2025-10-01 00:27:46,3959688709076.737,160402432710.0798
2025-10-01 00:28:06,3960163800003.1567,159972268914.45898
2025-10-01 00:28:24,3960163800003.1567,159972268914.45898
2025-10-01 00:28:39,3960163800003.1567,159972268914.45898
2025-10-01 00:28:55,3960163800003.1567,159972268914.45898
2025-10-01 00:29:03,3960163800003.1567,159972268914.45898
2025-10-01 00:29:21,3960163800003.1567,159972268914.45898
2025-10-01 00:29:26,3960163800003.1567,159972268914.45898
2025-10-01 00:29:38,3960163800003.1567,159972268914.45898
2025-10-01 00:30:37,3960163800003.1567,159972268914.45898
2025-10-01 00:30:51,3960163800003.1567,159972268914.45898
2025-10-01 00:30:53,3960163800003.1567,159972268914.45898
2025-10-01 00:31:01,3960163800003.1567,159972268914.45898
2025-10-01 00:31:20,3960163800003.1567,159972268914.45898
2025-10-01 00:31:28,3960163800003.1567,159972268914.45898
2025-10-01 00:31:36,3960163800003.1567,159972268914.45898
2025-10-01 00:31:49,3960163800003.1567,159972268914.45898
2025-10-01 00:32:31,3960163800003.1567,159972268914.45898
2025-10-01 00:32:47,3960163800003.1567,159972268914.45898
2025-10-01 00:33:07,3960163800003.1567,159972268914.45898
2025-10-01 00:33:26,3960163800003.1567,159972268914.45898
2025-10-01 00:33:41,3960163800003.1567,159972268914.45898
2025-10-01 00:33:57,3960163800003.1567,159972268914.45898
2025-10-01 00:34:05,3960163800003.1567,159972268914.45898
2025-10-01 00:34:23,3960163800003.1567,159972268914.45898
2025-10-01 00:34:28,3960163800003.1567,159972268914.45898
2025-10-01 00:34:41,3960163800003.1567,159972268914.45898
2025-10-01 00:35:42,3960163800003.1567,159972268914.45898
2025-10-01 00:35:52,3960163800003.1567,159972268914.45898
2025-10-01 00:35:55,3960163800003.1567,159972268914.45898
2025-10-01 00:36:05,3960163800003.1567,159972268914.45898
2025-10-01 00:36:22,3960163800003.1567,159972268914.45898
2025-10-01 00:36:31,3960163800003.1567,159972268914.45898
2025-10-01 00:36:39,3960163800003.1567,159972268914.45898
2025-10-01 00:36:51,3960163800003.1567,159972268914.45898
2025-10-01 00:37:34,3960163800003.1567,159972268914.45898
2025-10-01 00:37:50,3960247315958.821,159994596789.79907
2025-10-01 00:38:09,3960247315958.821,159994596789.79907
2025-10-01 00:38:28,3960247315958.821,159994596789.79907
2025-10-01 00:38:42,3960247315958.821,159994596789.79907
2025-10-01 00:38:58,3960247315958.821,159994596789.79907
2025-10-01 00:39:07,3960247315958.821,159994596789.79907
2025-10-01 00:39:24,3960247315958.821,159994596789.79907
2025-10-01 00:39:29,3960247315958.821,159994596789.79907
2025-10-01 00:39:42,3960247315958.821,159994596789.79907
2025-10-01 00:40:46,3960247315958.821,159994596789.79907
2025-10-01 00:40:56,3960247315958.821,159994596789.79907
2025-10-01 00:40:58,3960247315958.821,159994596789.79907
2025-10-01 00:41:07,3960247315958.821,159994596789.79907
2025-10-01 00:41:24,3960247315958.821,159994596789.79907
2025-10-01 00:41:34,3960247315958.821,159994596789.79907
2025-10-01 00:41:40,3960247315958.821,159994596789.79907
2025-10-01 00:41:54,3960247315958.821,159994596789.79907
2025-10-01 00:42:35,3960247315958.821,159994596789.79907
2025-10-01 00:42:52,3960247315958.821,159994596789.79907
2025-10-01 00:43:10,3960247315958.821,159994596789.79907
2025-10-01 00:43:30,3960247315958.821,159994596789.79907
2025-10-01 00:43:44,3960247315958.821,159994596789.79907
2025-10-01 00:43:59,3960247315958.821,159994596789.79907
2025-10-01 00:44:08,3960247315958.821,159994596789.79907
2025-10-01 00:44:27,3960247315958.821,159994596789.79907
2025-10-01 00:44:30,3960247315958.821,159994596789.79907
2025-10-01 00:44:44,3960247315958.821,159994596789.79907
2025-10-01 00:45:47,3960247315958.821,159994596789.79907
2025-10-01 00:45:58,3960247315958.821,159994596789.79907
2025-10-01 00:46:02,3960247315958.821,159994596789.79907
2025-10-01 00:46:10,3960247315958.821,159994596789.79907
2025-10-01 00:46:27,3960247315958.821,159994596789.79907
2025-10-01 00:46:39,3960247315958.821,159994596789.79907
2025-10-01 00:46:41,3960247315958.821,159994596789.79907
2025-10-01 00:48:11,3960426263384.348,160771323323.97794
2025-10-01 00:48:33,3960426263384.348,160771323323.97794
2025-10-01 00:48:47,3960426263384.348,160771323323.97794
2025-10-01 00:49:01,3960426263384.348,160771323323.97794
2025-10-01 00:49:09,3960426263384.348,160771323323.97794
2025-10-01 00:49:29,3960426263384.348,160771323323.97794
2025-10-01 00:49:31,3960426263384.348,160771323323.97794
2025-10-01 00:49:46,3960426263384.348,160771323323.97794
2025-10-01 00:50:50,3960426263384.348,160771323323.97794
2025-10-01 00:50:59,3960426263384.348,160771323323.97794
2025-10-01 00:51:04,3960426263384.348,160771323323.97794
2025-10-01 00:51:12,3960426263384.348,160771323323.97794
2025-10-01 00:51:32,3960426263384.348,160771323323.97794
2025-10-01 00:51:41,3960426263384.348,160771323323.97794
2025-10-01 00:51:43,3960426263384.348,160771323323.97794
2025-10-01 00:53:13,3960426263384.348,160771323323.97794
2025-10-01 00:53:35,3960426263384.348,160771323323.97794
2025-10-01 00:53:49,3960426263384.348,160771323323.97794
2025-10-01 00:54:03,3960426263384.348,160771323323.97794
2025-10-01 00:54:12,3960426263384.348,160771323323.97794
2025-10-01 00:54:30,3960426263384.348,160771323323.97794
2025-10-01 00:54:33,3960426263384.348,160771323323.97794
2025-10-01 00:54:47,3960426263384.348,160771323323.97794
2025-10-01 00:55:51,3960426263384.348,160771323323.97794
2025-10-01 00:56:00,3960426263384.348,160771323323.97794
2025-10-01 00:56:05,3960426263384.348,160771323323.97794
2025-10-01 00:56:13,3960426263384.348,160771323323.97794
2025-10-01 00:56:34,3960426263384.348,160771323323.97794
2025-10-01 00:56:46,3960426263384.348,160771323323.97794
2025-10-01 00:57:56,3962020198293.492,161383741826.09985
2025-10-01 00:58:15,3962020198293.492,161383741826.09985
2025-10-01 00:58:57,3962020198293.492,161383741826.09985
2025-10-01 01:03:58,3962020198293.492,161383741826.09985
2025-10-01 01:05:04,3962020198293.492,161383741826.09985
2025-10-01 01:08:59,3961343037630.2617,161332636484.59195
2025-10-01 01:10:05,3961343037630.2617,161332636484.59195
2025-10-01 01:12:59,3961343037630.2617,161332636484.59195
2025-10-01 01:14:01,3961343037630.2617,161332636484.59195
2025-10-01 01:15:06,3961343037630.2617,161332636484.59195
2025-10-01 01:18:00,3968704988142.024,161784923541.30618
2025-10-01 01:19:02,3968704988142.024,161784923541.30618
2025-10-01 01:20:07,3968704988142.024,161784923541.30618
2025-10-01 01:21:05,3968704988142.024,161784923541.30618
2025-10-01 01:23:02,3968704988142.024,161784923541.30618
2025-10-01 01:24:03,3968704988142.024,161784923541.30618
2025-10-01 01:25:09,3968704988142.024,161784923541.30618
2025-10-01 01:25:10,3968704988142.024,161784923541.30618
2025-10-01 01:26:07,3968704988142.024,161784923541.30618
2025-10-01 01:28:02,3970199681571.821,162058374656.57074
2025-10-01 01:29:05,3970199681571.821,162058374656.57074
2025-10-01 01:29:16,3970199681571.821,162058374656.57074
2025-10-01 01:34:18,3970199681571.821,162058374656.57074
2025-10-01 01:35:21,3970199681571.821,162058374656.57074
2025-10-01 01:39:19,3968910759493.8975,162108304348.21786
2025-10-01 01:40:22,3968910759493.8975,162108304348.21786
2025-10-01 01:44:20,3968910759493.8975,162108304348.21786
2025-10-01 01:45:23,3968910759493.8975,162108304348.21786
2025-10-01 01:49:21,3970094766114.408,162286402129.82568
2025-10-01 01:50:24,3970094766114.408,162286402129.82568
2025-10-01 01:54:22,3970094766114.408,162286402129.82568
2025-10-01 01:55:25,3970094766114.408,162286402129.82568
2025-10-01 02:14:12,3979574320543.01,162633903950.8146
2025-10-01 02:19:13,3980753414151.292,163169839000.90674
2025-10-01 02:24:14,3980753414151.292,163169839000.90674
2025-10-01 02:25:49,3980753414151.292,163169839000.90674
2025-10-01 02:29:15,3982701961284.812,163511298163.49173
2025-10-01 02:30:50,3982701961284.812,163511298163.49173
2025-10-01 02:34:17,3982701961284.812,163511298163.49173
2025-10-01 02:35:51,3982701961284.812,163511298163.49173
2025-10-01 02:39:18,3992586565869.8896,164497452805.91257
2025-10-01 02:40:46,3992586565869.8896,164497452805.91257
2025-10-01 02:44:33,3992586565869.8896,164497452805.91257
2025-10-01 02:49:34,3994711450820.599,164897273307.23788
2025-10-01 02:57:33,3994711450820.599,164897273307.23788
2025-10-01 03:02:43,4004268508933.362,165163003430.45422
2025-10-01 03:07:44,4004268508933.362,165163003430.45422
2025-10-01 03:16:58,3998617282711.5415,165109852750.20856
2025-10-01 03:21:59,3997549537600.1895,165530203972.9059
2025-10-01 03:27:00,3997549537600.1895,165530203972.9059
2025-10-01 03:32:01,4005990070598.4688,165964075796.7659
2025-10-01 03:37:03,4005990070598.4688,165964075796.7659
2025-10-01 03:42:04,4004050776704.229,165818264318.58014
2025-10-01 03:47:06,4004050776704.229,165818264318.58014
2025-10-01 03:47:08,4004050776704.229,165818264318.58014
2025-10-01 03:51:57,4005216086588.0713,164905169981.39133
2025-10-01 03:51:57,4005216086588.0713,164905169981.39133
2025-10-01 03:57:13,4005216086588.0713,164905169981.39133
2025-10-01 03:59:37,4015590584121.504,165310246725.65512
2025-10-01 04:02:21,4015590584121.504,165310246725.65512
2025-10-01 04:04:42,4015590584121.504,165310246725.65512
2025-10-01 04:07:57,4015590584121.504,165310246725.65512
2025-10-01 04:12:58,4018824447886.061,165407142268.5304
2025-10-01 04:14:33,4018824447886.061,165407142268.5304
2025-10-01 04:16:35,4018824447886.061,165407142268.5304
2025-10-01 04:21:36,4013357160508.301,165696010407.15958
2025-10-01 04:23:25,4013357160508.301,165696010407.15958
2025-10-01 04:30:21,4009596434729.5527,166091179552.49844
2025-10-01 04:32:29,4009596434729.5527,166091179552.49844
2025-10-01 04:36:46,4009596434729.5527,166091179552.49844
2025-10-01 04:37:31,4009596434729.5527,166091179552.49844
2025-10-01 04:43:29,4007926856181.074,166562194812.5028
2025-10-01 04:44:12,4007926856181.074,166562194812.5028
2025-10-01 04:48:31,4005115811813.941,167167782429.29135
2025-10-01 04:49:14,4005115811813.941,167167782429.29135
2025-10-01 04:53:32,4005115811813.941,167167782429.29135
2025-10-01 04:54:16,4005115811813.941,167167782429.29135
2025-10-01 04:58:34,4006211826751.114,167545401036.60538
2025-10-01 04:59:17,4006211826751.114,167545401036.60538
2025-10-01 05:03:35,4006211826751.114,167545401036.60538
2025-10-01 05:04:18,4006211826751.114,167545401036.60538
2025-10-01 05:08:36,4001237453654.8086,167674638179.16904
2025-10-01 05:09:19,4001237453654.8086,167674638179.16904
2025-10-01 05:13:37,4001237453654.8086,167674638179.16904
2025-10-01 19:21:23,4097497426983.626,183989373769.72983
2025-10-01 19:25:39,4097497426983.626,183989373769.72983
2025-10-01 19:26:24,4097497426983.626,183989373769.72983
2025-10-01 19:30:40,4097714766259.773,184861045489.96805
2025-10-01 19:31:25,4097714766259.773,184861045489.96805
2025-10-01 19:35:41,4097714766259.773,184861045489.96805
2025-10-01 19:36:26,4097714766259.773,184861045489.96805
2025-10-01 19:40:42,4092991617171.721,185237726150.5856
2025-10-01 19:41:27,4092991617171.721,185237726150.5856
2025-10-01 19:45:43,4092991617171.721,185237726150.5856
2025-10-01 19:46:29,4092991617171.721,185237726150.5856
2025-10-01 21:02:56,4099683314466.3833,187520060140.6077
2025-10-01 21:04:06,4099683314466.3833,187520060140.6077
2025-10-01 21:04:52,4099683314466.3833,187520060140.6077
2025-10-01 21:08:48,4099683314466.3833,187520060140.6077
2025-10-01 21:09:54,4106866584203.322,187894032932.9886
2025-10-01 21:13:50,4106866584203.322,187894032932.9886
2025-10-01 21:14:57,4106866584203.322,187894032932.9886
2025-10-01 21:18:51,4106866584203.322,187894032932.9886
2025-10-01 21:19:59,4113307018362.467,188942688068.4955
2025-10-01 21:23:07,4113307018362.467,188942688068.4955
2025-10-01 21:23:49,4113307018362.467,188942688068.4955
2025-10-01 21:23:52,4113307018362.467,188942688068.4955
2025-10-01 21:25:02,4113307018362.467,188942688068.4955
2025-10-01 21:28:50,4113307018362.467,188942688068.4955
2025-10-01 21:28:54,4113307018362.467,188942688068.4955
2025-10-01 21:30:04,4113044280339.2695,189782941647.622
2025-10-01 21:32:07,4113044280339.2695,189782941647.622
2025-10-01 21:35:06,4113044280339.2695,189782941647.622
2025-10-01 21:37:08,4113044280339.2695,189782941647.622
2025-10-01 21:40:07,4119252161808.8486,190128564223.04752
2025-10-01 21:42:10,4119252161808.8486,190128564223.04752
2025-10-01 21:45:08,4119252161808.8486,190128564223.04752
2025-10-01 21:47:13,4119252161808.8486,190128564223.04752
2025-10-01 21:50:09,4111918774592.153,190591864808.7493
2025-10-01 21:52:14,4111918774592.153,190591864808.7493
2025-10-01 21:52:27,4111918774592.153,190591864808.7493
2025-10-01 21:55:10,4111918774592.153,190591864808.7493
2025-10-01 21:57:15,4111918774592.153,190591864808.7493
2025-10-01 21:57:30,4111918774592.153,190591864808.7493
2025-10-01 22:00:12,4115066214418.663,191659673454.6701
2025-10-01 22:02:16,4115066214418.663,191659673454.6701
2025-10-01 22:02:34,4115066214418.663,191659673454.6701
2025-10-01 22:05:13,4115066214418.663,191659673454.6701
2025-10-01 22:07:18,4115066214418.663,191659673454.6701
2025-10-01 22:07:35,4115066214418.663,191659673454.6701
2025-10-01 22:10:15,4110775551584.803,191266771131.96304
2025-10-01 22:12:19,4110775551584.803,191266771131.96304
2025-10-01 22:12:37,4110775551584.803,191266771131.96304
2025-10-01 22:15:19,4110775551584.803,191266771131.96304
2025-10-01 22:17:20,4110775551584.803,191266771131.96304
2025-10-01 22:17:38,4110775551584.803,191266771131.96304
2025-10-01 22:17:43,4110775551584.803,191266771131.96304
2025-10-01 22:20:23,4112559386128.321,191142074058.5068
2025-10-01 22:22:21,4112559386128.321,191142074058.5068
2025-10-01 22:22:39,4112559386128.321,191142074058.5068
2025-10-01 22:22:44,4112559386128.321,191142074058.5068
2025-10-01 22:25:25,4112559386128.321,191142074058.5068
2025-10-01 22:26:14,4112559386128.321,191142074058.5068
2025-10-01 22:27:25,4112559386128.321,191142074058.5068
2025-10-01 22:27:41,4112559386128.321,191142074058.5068
2025-10-01 22:27:46,4112559386128.321,191142074058.5068
2025-10-01 22:30:27,4121538535906.22,191016435161.70715
2025-10-01 22:31:18,4121538535906.22,191016435161.70715
2025-10-01 22:35:29,4121538535906.22,191016435161.70715
2025-10-01 22:35:35,4121538535906.22,191016435161.70715
2025-10-01 22:40:30,4120682133535.74,190884694197.4148
2025-10-01 22:40:36,4120682133535.74,190884694197.4148
2025-10-01 22:45:32,4120682133535.74,190884694197.4148
2025-10-01 22:50:34,4118986938564.073,190821749327.2228
2025-10-01 22:55:36,4118986938564.073,190821749327.2228
2025-10-01 22:57:28,4118986938564.073,190821749327.2228
2025-10-01 22:58:27,4118986938564.073,190821749327.2228
2025-10-01 23:00:38,4117908057935.7344,190998095723.3875
2025-10-01 23:05:39,4117908057935.7344,190998095723.3875
2025-10-01 23:07:31,4117908057935.7344,190998095723.3875
2025-10-01 23:10:40,4124398517503.128,191391304675.42844
2025-10-01 23:15:41,4124398517503.128,191391304675.42844
2025-10-01 23:20:14,4126590727476.868,191993096718.06885
2025-10-01 23:20:42,4126590727476.868,191993096718.06885
2025-10-01 23:25:43,4126590727476.868,191993096718.06885
2025-10-01 23:30:44,4128266509993.073,192596028662.7593
2025-10-01 23:31:00,4128266509993.073,192596028662.7593
2025-10-01 23:35:45,4128266509993.073,192596028662.7593
2025-10-01 23:39:28,4128266509993.073,192596028662.7593
2025-10-01 23:40:46,4133212746295.2754,193616391395.29703
2025-10-01 23:41:42,4133212746295.2754,193616391395.29703
2025-10-01 23:43:32,4133212746295.2754,193616391395.29703
2025-10-01 23:45:48,4133212746295.2754,193616391395.29703
2025-10-01 23:45:51,4133212746295.2754,193616391395.29703
2025-10-01 23:47:23,4133212746295.2754,193616391395.29703
2025-10-01 23:48:22,4133212746295.2754,193616391395.29703
2025-10-01 23:48:33,4133212746295.2754,193616391395.29703
2025-10-01 23:50:49,4131360767356.39,195494280270.86023
2025-10-01 23:50:52,4131360767356.39,195494280270.86023
2025-10-01 23:52:25,4131360767356.39,195494280270.86023
2025-10-01 23:53:23,4131360767356.39,195494280270.86023
2025-10-01 23:53:34,4131360767356.39,195494280270.86023
2025-10-01 23:55:50,4131360767356.39,195494280270.86023
2025-10-01 23:55:53,4131360767356.39,195494280270.86023
2025-10-01 23:57:26,4131360767356.39,195494280270.86023
2025-10-01 23:58:25,4131360767356.39,195494280270.86023
2025-10-01 23:58:36,4131360767356.39,195494280270.86023
2025-10-02 00:00:52,4120411900941.508,195736468651.508
2025-10-02 00:00:54,4120411900941.508,195736468651.508
2025-10-02 00:05:10,4120411900941.508,195736468651.508
2025-10-02 00:10:11,4118602683245.813,196037103226.2344
2025-10-02 00:15:13,4118602683245.813,196037103226.2344
2025-10-02 00:20:14,4115884798935.372,196177230155.4288
2025-10-02 00:25:15,4115884798935.372,196177230155.4288
2025-10-02 00:30:17,4118268527505.9033,196700386894.8595
2025-10-02 00:35:18,4118268527505.9033,196700386894.8595
2025-10-02 00:36:18,4118268527505.9033,196700386894.8595
2025-10-02 00:40:19,4115119510013.452,196637992425.60327
2025-10-02 00:41:20,4115119510013.452,196637992425.60327
2025-10-02 00:45:20,4115119510013.452,196637992425.60327
2025-10-02 00:46:21,4115119510013.452,196637992425.60327
2025-10-02 00:50:23,4108407531364.38,196019096875.92508
2025-10-02 00:51:22,4108407531364.38,196019096875.92508
2025-10-02 00:54:34,4108407531364.38,196019096875.92508
2025-10-02 00:55:24,4108407531364.38,196019096875.92508
2025-10-02 00:56:23,4108407531364.38,196019096875.92508
2025-10-02 00:59:35,4108407531364.38,196019096875.92508
2025-10-02 01:00:26,4099195179310.088,196362122666.1277
2025-10-02 01:01:25,4099195179310.088,196362122666.1277
2025-10-02 01:04:38,4099195179310.088,196362122666.1277
2025-10-02 01:05:27,4099195179310.088,196362122666.1277
2025-10-02 01:06:26,4099195179310.088,196362122666.1277
2025-10-02 01:09:40,4099195179310.088,196362122666.1277
2025-10-02 01:10:28,4103767029580.984,196944886096.1385
2025-10-02 01:11:27,4103767029580.984,196944886096.1385
2025-10-02 01:14:42,4103767029580.984,196944886096.1385
2025-10-02 01:15:29,4103767029580.984,196944886096.1385
2025-10-02 01:16:28,4103767029580.984,196944886096.1385
2025-10-02 01:19:43,4103767029580.984,196944886096.1385
2025-10-02 01:20:31,4103635414733.96,196821160718.21906
2025-10-02 01:21:29,4103635414733.96,196821160718.21906
2025-10-02 01:22:23,4103635414733.96,196821160718.21906
2025-10-02 01:24:45,4103635414733.96,196821160718.21906
2025-10-02 01:25:32,4103635414733.96,196821160718.21906
2025-10-02 01:26:30,4103635414733.96,196821160718.21906
2025-10-02 01:27:26,4103635414733.96,196821160718.21906
2025-10-02 01:29:46,4103635414733.96,196821160718.21906
2025-10-02 01:30:33,4107888075725.409,197016763557.1222
2025-10-02 01:31:31,4107888075725.409,197016763557.1222
2025-10-02 01:32:27,4107888075725.409,197016763557.1222
2025-10-02 01:34:47,4107888075725.409,197016763557.1222
2025-10-02 01:35:36,4107888075725.409,197016763557.1222
2025-10-02 01:36:32,4107888075725.409,197016763557.1222
2025-10-02 01:37:28,4107888075725.409,197016763557.1222
2025-10-02 01:39:49,4107888075725.409,197016763557.1222
2025-10-02 01:40:39,4112978708804.2817,197450923841.12708
2025-10-02 01:40:48,4112978708804.2817,197450923841.12708
2025-10-02 01:41:35,4112978708804.2817,197450923841.12708
2025-10-02 01:42:30,4112978708804.2817,197450923841.12708
2025-10-02 01:43:41,4112978708804.2817,197450923841.12708
2025-10-02 01:44:51,4112978708804.2817,197450923841.12708
2025-10-02 01:45:41,4112978708804.2817,197450923841.12708
2025-10-02 01:45:50,4112978708804.2817,197450923841.12708
2025-10-02 01:46:20,4112978708804.2817,197450923841.12708
2025-10-02 01:46:36,4112978708804.2817,197450923841.12708
2025-10-02 01:46:49,4112978708804.2817,197450923841.12708
2025-10-02 01:51:51,4115351016456.036,197657548539.4568
2025-10-02 01:53:58,4115351016456.036,197657548539.4568
2025-10-02 01:55:25,4115351016456.036,197657548539.4568
2025-10-02 01:56:52,4115351016456.036,197657548539.4568
2025-10-02 01:58:12,4115351016456.036,197657548539.4568
2025-10-02 01:58:59,4115351016456.036,197657548539.4568
2025-10-02 02:00:27,4114973662012.016,197974441620.20795
2025-10-02 02:00:42,4114973662012.016,197974441620.20795
2025-10-02 02:01:53,4114973662012.016,197974441620.20795
2025-10-02 02:02:32,4114973662012.016,197974441620.20795
2025-10-02 02:03:13,4114973662012.016,197974441620.20795
2025-10-02 02:04:01,4114973662012.016,197974441620.20795
2025-10-02 02:05:28,4114973662012.016,197974441620.20795
2025-10-02 02:05:44,4114973662012.016,197974441620.20795
2025-10-02 02:06:56,4114973662012.016,197974441620.20795
2025-10-02 02:07:33,4114973662012.016,197974441620.20795
2025-10-02 02:08:15,4114973662012.016,197974441620.20795
2025-10-02 02:09:02,4114973662012.016,197974441620.20795
2025-10-02 02:10:29,4118896694849.497,197110268932.10425
2025-10-02 02:10:45,4118896694849.497,197110268932.10425
2025-10-02 02:11:57,4118896694849.497,197110268932.10425
2025-10-02 02:12:36,4118896694849.497,197110268932.10425
2025-10-02 02:13:17,4118896694849.497,197110268932.10425
2025-10-02 02:14:04,4118896694849.497,197110268932.10425
2025-10-02 02:15:21,4118896694849.497,197110268932.10425
2025-10-02 02:15:31,4118896694849.497,197110268932.10425
2025-10-02 02:15:47,4118896694849.497,197110268932.10425
2025-10-02 02:16:59,4118896694849.497,197110268932.10425
2025-10-02 02:17:38,4118896694849.497,197110268932.10425
2025-10-02 02:18:19,4118896694849.497,197110268932.10425
2025-10-02 02:19:05,4118896694849.497,197110268932.10425
2025-10-02 02:20:23,4121893925030.556,196839989030.478
2025-10-02 02:20:32,4121893925030.556,196839989030.478
2025-10-02 02:20:48,4121893925030.556,196839989030.478
2025-10-02 02:22:01,4121893925030.556,196839989030.478
2025-10-02 02:22:40,4121893925030.556,196839989030.478
2025-10-02 02:23:20,4121893925030.556,196839989030.478
2025-10-02 02:24:09,4121893925030.556,196839989030.478
2025-10-02 02:25:26,4121893925030.556,196839989030.478
2025-10-02 02:25:33,4121893925030.556,196839989030.478
2025-10-02 02:25:50,4121893925030.556,196839989030.478
2025-10-02 02:27:03,4121893925030.556,196839989030.478
2025-10-02 02:27:42,4121893925030.556,196839989030.478
2025-10-02 02:28:21,4121893925030.556,196839989030.478
2025-10-02 02:29:11,4121893925030.556,196839989030.478
2025-10-02 02:30:27,4123586131757.237,196957630778.04453
2025-10-02 02:30:35,4123586131757.237,196957630778.04453
2025-10-02 02:30:52,4123586131757.237,196957630778.04453
2025-10-02 02:32:04,4123586131757.237,196957630778.04453
2025-10-02 02:32:43,4123586131757.237,196957630778.04453
2025-10-02 02:33:23,4123586131757.237,196957630778.04453
2025-10-02 02:34:12,4123586131757.237,196957630778.04453
2025-10-02 02:35:28,4123586131757.237,196957630778.04453
2025-10-02 02:35:37,4123586131757.237,196957630778.04453
2025-10-02 02:35:53,4123586131757.237,196957630778.04453
2025-10-02 02:37:05,4123586131757.237,196957630778.04453
2025-10-02 02:37:45,4123586131757.237,196957630778.04453
2025-10-02 02:38:25,4123586131757.237,196957630778.04453
2025-10-02 02:39:13,4123586131757.237,196957630778.04453
2025-10-02 02:40:29,4122703266770.939,196263335431.45
2025-10-02 02:40:39,4122703266770.939,196263335431.45
2025-10-02 02:40:54,4122703266770.939,196263335431.45
2025-10-02 02:42:07,4122703266770.939,196263335431.45
2025-10-02 02:42:47,4122703266770.939,196263335431.45
2025-10-02 02:43:27,4122703266770.939,196263335431.45
2025-10-02 02:44:15,4122703266770.939,196263335431.45
2025-10-02 02:45:30,4122703266770.939,196263335431.45
2025-10-02 02:45:40,4122703266770.939,196263335431.45
2025-10-02 02:45:56,4122703266770.939,196263335431.45
2025-10-02 02:47:08,4122703266770.939,196263335431.45
2025-10-02 02:47:48,4122703266770.939,196263335431.45
2025-10-02 02:48:12,4122703266770.939,196263335431.45
2025-10-02 02:53:13,4127180406443.944,196436537820.4004
2025-10-02 02:58:15,4127180406443.944,196436537820.4004
2025-10-02 03:03:16,4124542615926.324,195799903549.78503
2025-10-02 03:08:17,4124542615926.324,195799903549.78503
2025-10-02 03:13:20,4118463333651.275,195029135166.21045
2025-10-02 03:16:00,4118463333651.275,195029135166.21045
2025-10-02 03:18:22,4118463333651.275,195029135166.21045
2025-10-02 03:19:58,4118463333651.275,195029135166.21045
2025-10-02 03:25:00,4119782051414.263,195061649784.10703
2025-10-02 03:25:00,4119782051414.263,195061649784.10703
2025-10-02 03:30:02,4119782051414.263,195061649784.10703
2025-10-02 03:30:02,4119782051414.263,195061649784.10703
2025-10-02 03:35:03,4120847262929.089,195098330786.8845
2025-10-02 03:35:03,4120847262929.089,195098330786.8845
2025-10-02 03:40:04,4120847262929.089,195098330786.8845
2025-10-02 03:40:04,4120847262929.089,195098330786.8845
2025-10-02 03:45:05,4120173224119.681,194992263494.8321
2025-10-02 03:45:05,4120173224119.681,194992263494.8321
2025-10-02 03:50:06,4120173224119.681,194992263494.8321
2025-10-02 03:50:06,4120173224119.681,194992263494.8321
2025-10-02 04:56:03,4120113412887.5776,192428428533.1191
2025-10-02 04:56:03,4120113412887.5776,192428428533.1191
2025-10-02 05:01:04,4117990877476.456,192430590637.8321
2025-10-02 05:01:04,4117990877476.456,192430590637.8321
2025-10-02 05:06:05,4117990877476.456,192430590637.8321
2025-10-02 05:06:05,4117990877476.456,192430590637.8321
2025-10-02 05:11:06,4130807290455.098,192697657665.7223
2025-10-02 05:11:06,4130807290455.098,192697657665.7223
2025-10-02 05:16:07,4130807290455.098,192697657665.7223
2025-10-02 05:16:08,4130807290455.098,192697657665.7223
2025-10-02 05:21:08,4130135928947.842,192965596227.75848
2025-10-02 05:21:09,4130135928947.842,192965596227.75848
2025-10-02 05:26:09,4130135928947.842,192965596227.75848
2025-10-02 05:26:10,4130135928947.842,192965596227.75848
2025-10-02 05:58:12,4128457649814.0654,192494827674.44672
2025-10-02 05:58:12,4128457649814.0654,192494827674.44672
2025-10-02 06:03:13,4126645554196.7246,192478558835.37823
2025-10-02 06:08:24,4126645554196.7246,192478558835.37823
2025-10-02 06:13:26,4129451529568.072,192029260833.5749
2025-10-02 06:13:26,4129451529568.072,192029260833.5749
2025-10-02 06:18:27,4129451529568.072,192029260833.5749
2025-10-02 06:23:28,4143260413204.5103,194311004909.5622
2025-10-02 06:57:28,4145367912509.468,195428518650.4579
2025-10-02 06:57:28,4145367912509.468,195428518650.4579
2025-10-02 07:02:29,4151252057168.36,196440078776.6984
2025-10-02 07:02:30,4151252057168.36,196440078776.6984
2025-10-02 07:07:30,4151252057168.36,196440078776.6984
2025-10-02 07:07:31,4151252057168.36,196440078776.6984
2025-10-02 07:12:31,4177148061570.135,200311209069.48013
2025-10-02 07:12:32,4177148061570.135,200311209069.48013
2025-10-02 07:17:32,4177148061570.135,200311209069.48013
2025-10-02 07:17:33,4177148061570.135,200311209069.48013
2025-10-02 07:22:33,4164398882603.0513,202037747576.33484
2025-10-02 07:22:34,4164398882603.0513,202037747576.33484
2025-10-02 09:10:45,4167452363529.789,206889459017.94995
2025-10-02 09:10:46,4167452363529.789,206889459017.94995
2025-10-02 09:10:58,4164334141229.6494,207288216027.14624
2025-10-02 09:15:46,4164334141229.6494,207288216027.14624
2025-10-02 09:15:47,4164334141229.6494,207288216027.14624
2025-10-02 09:16:00,4164334141229.6494,207288216027.14624
2025-10-02 09:20:47,4164334141229.6494,207288216027.14624
2025-10-02 09:20:48,4164334141229.6494,207288216027.14624
2025-10-02 09:21:01,4167312617202.568,207837440845.9405
2025-10-02 09:25:48,4167312617202.568,207837440845.9405
2025-10-02 09:25:50,4167312617202.568,207837440845.9405
2025-10-02 09:26:02,4167312617202.568,207837440845.9405
2025-10-02 09:30:49,4167312617202.568,207837440845.9405
2025-10-02 09:30:51,4167312617202.568,207837440845.9405
2025-10-02 09:31:03,4160978631472.045,208206787127.5881
2025-10-02 09:35:50,4160978631472.045,208206787127.5881
2025-10-02 09:35:52,4160978631472.045,208206787127.5881
2025-10-02 09:36:04,4160978631472.045,208206787127.5881
2025-10-02 09:40:52,4160978631472.045,208206787127.5881
2025-10-02 09:40:53,4160978631472.045,208206787127.5881
2025-10-02 09:41:05,4168157979764.549,209242202932.9632
2025-10-02 09:43:59,4168157979764.549,209242202932.9632
2025-10-02 09:45:53,4168157979764.549,209242202932.9632
2025-10-02 09:45:54,4168157979764.549,209242202932.9632
2025-10-02 09:46:06,4168157979764.549,209242202932.9632
2025-10-02 09:49:00,4168157979764.549,209242202932.9632
2025-10-02 09:50:54,4168157979764.549,209242202932.9632
2025-10-02 09:50:55,4168157979764.549,209242202932.9632
2025-10-02 09:51:07,4172138193032.7456,209597010165.09097
2025-10-02 21:42:13,4186986948242.708,189746852443.3506
2025-10-02 21:47:15,4186986948242.708,189746852443.3506
2025-10-02 21:52:16,4171331807869.5225,189448986868.38232
2025-10-02 21:57:18,4171331807869.5225,189448986868.38232
2025-10-02 22:02:19,4164934753949.828,190396365997.51743
2025-10-02 22:07:20,4164934753949.828,190396365997.51743
2025-10-02 22:09:45,4164934753949.828,190396365997.51743
2025-10-02 22:12:21,4174788370912.731,191595096983.0123
2025-10-02 22:14:29,4174788370912.731,191595096983.0123
2025-10-02 22:14:47,4174788370912.731,191595096983.0123
2025-10-02 22:17:23,4174788370912.731,191595096983.0123
2025-10-02 22:19:30,4174788370912.731,191595096983.0123
2025-10-02 22:19:50,4174788370912.731,191595096983.0123
2025-10-02 22:20:21,4174788370912.731,191595096983.0123
2025-10-02 22:25:22,4177002635067.687,192322174831.42813
2025-10-02 22:26:22,4177002635067.687,192322174831.42813
2025-10-02 22:31:23,4177002635067.687,192322174831.42813
2025-10-02 22:36:15,4185931523798.073,193120125159.605
2025-10-02 22:41:17,4185931523798.073,193120125159.605
2025-10-02 22:46:18,4187795842569.351,192989503077.00665
2025-10-02 22:51:19,4187795842569.351,192989503077.00665
2025-10-02 22:54:42,4195264957580.176,193476586962.41345
2025-10-02 22:57:54,4195264957580.176,193476586962.41345
2025-10-02 23:02:56,4205784954135.143,195193026005.49872
2025-10-02 23:07:58,4205784954135.143,195193026005.49872
2025-10-02 23:12:59,4213332554735.855,195890093506.8406
2025-10-02 23:18:00,4213332554735.855,195890093506.8406
2025-10-02 23:23:01,4217098678665.317,197800909582.5758
2025-10-02 23:30:57,4217098678665.317,197800909582.5758
2025-10-02 23:35:58,4216816432908.207,198181005800.4309
2025-10-02 23:40:59,4216816432908.207,198181005800.4309
2025-10-02 23:46:01,4210047734975.984,197191125500.5598
2025-10-02 23:53:12,4212433962126.585,196608671746.19632
2025-10-02 23:58:13,4212433962126.585,196608671746.19632
2025-10-03 00:03:15,4207130872336.868,196115366567.6064
2025-10-03 00:08:16,4207130872336.868,196115366567.6064
2025-10-03 00:13:17,4210624997692.882,195988143513.6988
2025-10-03 00:18:18,4210624997692.882,195988143513.6988
2025-10-03 00:23:20,4206163458380.204,195874332788.51083
2025-10-03 00:28:21,4206163458380.204,195874332788.51083
2025-10-03 00:33:24,4207765043086.67,196575271403.58945
2025-10-03 00:35:26,4207765043086.67,196575271403.58945
2025-10-03 01:43:20,4233010963515.6177,198610157998.38425
2025-10-03 01:48:21,4233010963515.6177,198610157998.38425
2025-10-03 02:23:48,4252966722280.099,203945519787.32416
2025-10-04 11:59:04,4293602196411.5312,211828442451.9712
2025-10-04 12:03:36,4293602196411.5312,211828442451.9712
2025-10-04 12:04:06,4293602196411.5312,211828442451.9712
2025-10-04 12:04:50,4293602196411.5312,211828442451.9712
2025-10-04 12:06:33,4290542325390.605,211474209696.63617
2025-10-04 12:10:14,4290542325390.605,211474209696.63617
2025-10-04 12:11:49,4290542325390.605,211474209696.63617
2025-10-04 12:16:50,4299282375186.4873,211874317522.47665
2025-10-04 12:18:40,4299282375186.4873,211874317522.47665
2025-10-04 12:22:21,4299282375186.4873,211874317522.47665
2025-10-04 12:23:23,4299282375186.4873,211874317522.47665
2025-10-04 12:27:23,4301489334852.846,211978777491.2573
2025-10-04 12:28:24,4301489334852.846,211978777491.2573
2025-10-04 12:32:24,4301489334852.846,211978777491.2573
2025-10-04 12:33:26,4301489334852.846,211978777491.2573
2025-10-04 12:37:25,4300232423687.725,212034837889.7125
2025-10-04 12:38:27,4300232423687.725,212034837889.7125
2025-10-04 12:42:26,4300232423687.725,212034837889.7125
2025-10-04 12:47:28,4292993905529.681,211904938119.6737
2025-10-04 12:52:13,4292993905529.681,211904938119.6737
2025-10-04 12:52:29,4292993905529.681,211904938119.6737
2025-10-04 12:57:15,4297173831106.674,211892888883.68155
2025-10-04 12:58:48,4297173831106.674,211892888883.68155
2025-10-04 13:02:16,4297173831106.674,211892888883.68155
2025-10-04 13:03:50,4297173831106.674,211892888883.68155
2025-10-04 13:07:42,4295163950486.2354,211367736520.16925
2025-10-04 13:08:09,4295163950486.2354,211367736520.16925
2025-10-04 13:12:24,4295163950486.2354,211367736520.16925
2025-10-04 13:13:58,4295163950486.2354,211367736520.16925
2025-10-04 13:15:14,4295163950486.2354,211367736520.16925
2025-10-04 13:17:25,4293008035332.603,211136765475.3329
2025-10-04 13:17:50,4293008035332.603,211136765475.3329
2025-10-04 13:18:59,4293008035332.603,211136765475.3329
2025-10-04 13:20:16,4293008035332.603,211136765475.3329
2025-10-04 13:22:27,4293008035332.603,211136765475.3329
2025-10-04 13:24:01,4293008035332.603,211136765475.3329
2025-10-04 13:27:59,4298775460259.9,211464768672.96643
2025-10-04 13:29:52,4298775460259.9,211464768672.96643
2025-10-04 13:30:24,4298775460259.9,211464768672.96643
2025-10-04 13:33:04,4298775460259.9,211464768672.96643
2025-10-04 13:34:36,4298775460259.9,211464768672.96643
2025-10-04 13:34:41,4298775460259.9,211464768672.96643
2025-10-04 13:37:44,4297707938060.276,211568588548.50912
2025-10-04 13:46:51,4297168904137.663,211572651469.88687
2025-10-04 13:47:11,4297168904137.663,211572651469.88687
2025-10-04 13:51:52,4297168904137.663,211572651469.88687
2025-10-04 13:52:12,4297168904137.663,211572651469.88687
2025-10-04 13:55:12,4297168904137.663,211572651469.88687
2025-10-04 13:58:21,4294804782224.616,210797336138.4525
2025-10-04 13:59:21,4294804782224.616,210797336138.4525
2025-10-04 14:03:08,4294804782224.616,210797336138.4525
2025-10-04 14:03:23,4294804782224.616,210797336138.4525
2025-10-04 14:08:10,4295289740279.083,210047985533.0713
2025-10-04 14:08:24,4295289740279.083,210047985533.0713
2025-10-04 14:08:47,4295289740279.083,210047985533.0713
2025-10-04 14:09:50,4295289740279.083,210047985533.0713
2025-10-04 14:10:02,4295289740279.083,210047985533.0713
2025-10-04 14:12:48,4295289740279.083,210047985533.0713
2025-10-04 14:14:29,4295289740279.083,210047985533.0713
2025-10-04 14:14:38,4295289740279.083,210047985533.0713
2025-10-04 14:18:33,4294481098158.187,209653900931.541
2025-10-04 14:19:24,4294481098158.187,209653900931.541
2025-10-04 14:21:56,4294481098158.187,209653900931.541
2025-10-04 14:22:28,4294481098158.187,209653900931.541
2025-10-04 14:24:49,4294481098158.187,209653900931.541
2025-10-04 14:27:30,4290261349156.508,209209652530.70145
2025-10-04 14:29:51,4290261349156.508,209209652530.70145
2025-10-04 14:30:07,4290261349156.508,209209652530.70145
2025-10-04 14:34:53,4290261349156.508,209209652530.70145
2025-10-04 14:35:10,4290261349156.508,209209652530.70145
2025-10-04 14:38:53,4291886928757.131,208677771777.09903
2025-10-04 14:40:29,4291886928757.131,208677771777.09903
2025-10-04 14:43:55,4291886928757.131,208677771777.09903
2025-10-04 14:45:02,4291886928757.131,208677771777.09903
2025-10-04 14:45:05,4291886928757.131,208677771777.09903
2025-10-04 14:48:40,4289977781396.0415,207670047254.41257
2025-10-04 14:50:03,4289977781396.0415,207670047254.41257
2025-10-04 14:53:42,4289977781396.0415,207670047254.41257
2025-10-04 14:54:02,4289977781396.0415,207670047254.41257
2025-10-04 14:55:05,4289977781396.0415,207670047254.41257
2025-10-04 14:59:11,4287368332199.88,206391119008.61288
2025-10-04 15:03:06,4287368332199.88,206391119008.61288
2025-10-04 15:05:13,4287368332199.88,206391119008.61288
2025-10-04 15:06:44,4290995201834.1074,205301508608.0227
2025-10-04 15:07:14,4290995201834.1074,205301508608.0227
2025-10-04 15:07:27,4290995201834.1074,205301508608.0227
2025-10-04 17:24:17,4278783340059.332,196277479274.955
2025-10-04 17:29:19,4280900970296.268,195853414159.7047
2025-10-04 17:33:07,4280900970296.268,195853414159.7047
2025-10-04 17:38:09,4282318832014.787,195508869937.6237
2025-10-04 17:43:43,4282318832014.787,195508869937.6237
2025-10-04 17:48:53,4275825039873.426,194970141563.6396
2025-10-04 17:53:55,4275825039873.426,194970141563.6396
2025-10-04 17:58:57,4270614833928.7954,194731833128.71524
2025-10-04 17:59:58,4270614833928.7954,194731833128.71524
2025-10-04 18:03:58,4270614833928.7954,194731833128.71524
2025-10-04 18:04:59,4270614833928.7954,194731833128.71524
2025-10-04 18:09:00,4273662792152.1694,194546385075.9592
2025-10-04 18:10:01,4273662792152.1694,194546385075.9592
2025-10-04 18:14:01,4273662792152.1694,194546385075.9592
2025-10-04 18:15:03,4273662792152.1694,194546385075.9592
2025-10-04 18:17:07,4268230228098.185,194105312907.32605
2025-10-04 18:20:05,4268230228098.185,194105312907.32605
2025-10-04 18:21:01,4268230228098.185,194105312907.32605
2025-10-04 18:23:12,4268230228098.185,194105312907.32605
2025-10-04 18:28:14,4269966591057.1934,193939420941.07983
2025-10-04 18:31:40,4269966591057.1934,193939420941.07983
2025-10-04 18:33:16,4269966591057.1934,193939420941.07983
2025-10-04 18:36:10,4269966591057.1934,193939420941.07983
2025-10-04 18:41:13,4272264321641.971,193819434616.99643
2025-10-04 18:44:46,4272264321641.971,193819434616.99643
2025-10-04 18:46:15,4272264321641.971,193819434616.99643
2025-10-04 18:49:47,4270559037158.84,193517495508.35004
2025-10-04 18:50:35,4270559037158.84,193517495508.35004
2025-10-04 18:51:17,4270559037158.84,193517495508.35004
2025-10-04 18:53:04,4270559037158.84,193517495508.35004
2025-10-04 18:55:37,4270559037158.84,193517495508.35004
2025-10-04 18:58:06,4270804751842.4062,193298906239.42065
2025-10-04 19:00:38,4270804751842.4062,193298906239.42065
2025-10-04 19:54:10,4270306554562.982,191411932462.4046
2025-10-04 19:59:11,4267588277418.1816,191110278758.33185
2025-10-04 20:02:06,4267588277418.1816,191110278758.33185
2025-10-04 20:04:13,4267588277418.1816,191110278758.33185
2025-10-04 20:07:07,4276282753774.3706,190854978794.4097
2025-10-04 20:09:14,4276282753774.3706,190854978794.4097
2025-10-04 20:12:09,4276282753774.3706,190854978794.4097
2025-10-04 20:14:15,4276282753774.3706,190854978794.4097
2025-10-04 20:15:37,4276282753774.3706,190854978794.4097
2025-10-04 20:17:10,4282619321687.826,190900534085.788
2025-10-04 20:19:17,4282619321687.826,190900534085.788
2025-10-04 20:20:38,4282619321687.826,190900534085.788
2025-10-04 20:24:19,4282619321687.826,190900534085.788
2025-10-04 20:27:47,4279737588378.967,190681804447.4458
2025-10-04 20:30:45,4279737588378.967,190681804447.4458
2025-10-04 20:32:48,4279737588378.967,190681804447.4458
2025-10-04 20:34:26,4279737588378.967,190681804447.4458
2025-10-04 20:35:46,4279737588378.967,190681804447.4458
2025-10-04 20:37:50,4281555405395.274,189267173411.60324
2025-10-04 20:39:28,4281555405395.274,189267173411.60324
2025-10-04 20:40:48,4281555405395.274,189267173411.60324
2025-10-04 20:42:51,4281555405395.274,189267173411.60324
2025-10-04 20:43:33,4281555405395.274,189267173411.60324
2025-10-04 20:49:35,4283101640478.77,187722502911.1053
2025-10-04 20:50:56,4283101640478.77,187722502911.1053
2025-10-04 20:52:40,4283101640478.77,187722502911.1053
2025-10-04 20:54:36,4283101640478.77,187722502911.1053
2025-10-04 20:57:21,4281673175886.218,186664791420.1616
2025-10-04 20:58:43,4281673175886.218,186664791420.1616
2025-10-04 20:59:40,4281673175886.218,186664791420.1616
2025-10-04 21:04:42,4281673175886.218,186664791420.1616
2025-10-04 21:05:09,4281673175886.218,186664791420.1616
2025-10-04 21:05:29,4281673175886.218,186664791420.1616
2025-10-04 21:08:28,4278798424130.8926,184848361207.11108
2025-10-04 21:09:43,4278798424130.8926,184848361207.11108
2025-10-04 21:10:11,4278798424130.8926,184848361207.11108
2025-10-04 21:10:30,4278798424130.8926,184848361207.11108
2025-10-04 21:14:46,4278798424130.8926,184848361207.11108
2025-10-04 21:19:47,4283337173300.364,184016332185.748
2025-10-04 21:20:18,4283337173300.364,184016332185.748
2025-10-04 21:20:38,4283337173300.364,184016332185.748
2025-10-04 21:23:59,4283337173300.364,184016332185.748
2025-10-04 21:24:49,4283337173300.364,184016332185.748
2025-10-04 21:28:48,4280919753461.4624,182368832179.8948
2025-10-04 21:30:26,4280919753461.4624,182368832179.8948
2025-10-04 21:33:49,4280919753461.4624,182368832179.8948
2025-10-04 21:35:28,4280919753461.4624,182368832179.8948
2025-10-04 21:38:51,4278403532471.143,181462961715.68964
2025-10-04 21:40:30,4278403532471.143,181462961715.68964
2025-10-04 21:42:30,4278403532471.143,181462961715.68964
2025-10-04 21:43:52,4278403532471.143,181462961715.68964
2025-10-04 21:44:19,4278403532471.143,181462961715.68964
2025-10-04 21:45:31,4278403532471.143,181462961715.68964
2025-10-04 21:48:53,4277394024673.188,180135499702.34125
2025-10-04 21:49:20,4277394024673.188,180135499702.34125
2025-10-04 21:50:33,4277394024673.188,180135499702.34125
2025-10-04 21:55:57,4277394024673.188,180135499702.34125
2025-10-04 21:58:01,4267480378944.605,179120863509.5663
2025-10-04 22:00:59,4267480378944.605,179120863509.5663
2025-10-04 22:03:04,4267480378944.605,179120863509.5663
2025-10-04 22:06:01,4267480378944.605,179120863509.5663
2025-10-04 22:08:06,4266064968904.5054,178341930218.23953
2025-10-04 22:11:03,4266064968904.5054,178341930218.23953
2025-10-04 22:12:25,4266064968904.5054,178341930218.23953
2025-10-04 22:13:07,4266064968904.5054,178341930218.23953
2025-10-04 22:16:04,4266064968904.5054,178341930218.23953
2025-10-04 22:17:26,4259941417330.066,177663703244.61618
2025-10-04 22:18:09,4259941417330.066,177663703244.61618
2025-10-04 22:21:07,4259941417330.066,177663703244.61618
2025-10-04 22:22:27,4259941417330.066,177663703244.61618
2025-10-04 22:23:10,4259941417330.066,177663703244.61618
2025-10-04 22:26:08,4259941417330.066,177663703244.61618
2025-10-04 22:27:29,4255715104247.332,176253822346.3003
2025-10-04 22:28:11,4255715104247.332,176253822346.3003
2025-10-04 22:31:09,4255715104247.332,176253822346.3003
2025-10-04 22:33:13,4255715104247.332,176253822346.3003
2025-10-04 22:36:11,4255715104247.332,176253822346.3003
2025-10-04 22:37:37,4249636783696.415,175598557842.61667
2025-10-04 22:38:15,4249636783696.415,175598557842.61667
2025-10-04 22:41:13,4249636783696.415,175598557842.61667
2025-10-04 22:43:17,4249636783696.415,175598557842.61667
2025-10-04 22:46:15,4249636783696.415,175598557842.61667
2025-10-04 22:46:51,4249636783696.415,175598557842.61667
2025-10-04 22:47:46,4255191796900.278,174962263387.62018
2025-10-04 22:48:19,4255191796900.278,174962263387.62018
2025-10-04 22:50:11,4255191796900.278,174962263387.62018
2025-10-04 23:47:17,4252883645589.893,156123506206.14127
2025-10-04 23:52:19,4252883645589.893,156123506206.14127
2025-10-04 23:57:21,4250638450550.1455,153625993172.48495
2025-10-04 23:58:31,4250638450550.1455,153625993172.48495
2025-10-05 01:50:32,4251271791233.507,127523048402.59238
2025-10-05 01:55:11,4251271791233.507,127523048402.59238
2025-10-05 01:55:34,4251271791233.507,127523048402.59238
2025-10-05 02:00:13,4248223864280.054,126516453743.67136
2025-10-05 02:00:35,4248223864280.054,126516453743.67136
2025-10-05 02:05:14,4248223864280.054,126516453743.67136
2025-10-05 02:05:36,4248223864280.054,126516453743.67136
2025-10-05 02:10:16,4252050222866.407,125502081883.5147
2025-10-05 02:10:38,4252050222866.407,125502081883.5147
2025-10-05 02:15:18,4252050222866.407,125502081883.5147
2025-10-05 02:15:39,4252050222866.407,125502081883.5147
2025-10-05 02:19:52,4256223959715.741,124931461890.2503
2025-10-05 02:24:53,4256223959715.741,124931461890.2503
2025-10-05 02:25:26,4256223959715.741,124931461890.2503
2025-10-05 02:29:55,4258147841585.189,123775930876.28424
2025-10-05 02:34:11,4258147841585.189,123775930876.28424
2025-10-05 02:35:59,4258147841585.189,123775930876.28424
2025-10-05 02:36:00,4258147841585.189,123775930876.28424
2025-10-05 02:39:14,4258692018333.416,122897238189.89716
2025-10-11 21:24:31,3844432085049.1934,553520556955.5417
2025-10-11 21:29:32,3844432085049.1934,553520556955.5417
2025-10-11 21:34:33,3837530179199.5576,552753931433.849
2025-10-11 21:52:13,3841874812650.1016,553717528925.239
2025-10-11 21:57:18,3835966201312.7393,553185191639.391
2025-10-11 21:59:34,3835966201312.7393,553185191639.391
2025-10-11 22:02:19,3835966201312.7393,553185191639.391
2025-10-11 22:04:36,3840005794089.78,553507109317.3949
2025-10-11 22:08:03,3840005794089.78,553507109317.3949
2025-10-11 22:10:15,3840005794089.78,553507109317.3949
2025-10-11 22:13:04,3848560595055.346,548036528078.7795
2025-10-11 22:15:17,3848560595055.346,548036528078.7795
2025-10-11 22:18:06,3848560595055.346,548036528078.7795
2025-10-11 22:20:20,3848560595055.346,548036528078.7795
2025-10-11 22:23:07,3857954071189.414,546472897426.6118
2025-10-11 22:25:22,3857954071189.414,546472897426.6118
2025-10-11 22:28:09,3857954071189.414,546472897426.6118
2025-10-11 22:30:23,3857954071189.414,546472897426.6118
2025-10-11 22:33:11,3853757127695.057,540185904281.4394
2025-10-11 22:35:25,3853757127695.057,540185904281.4394
2025-10-11 22:38:12,3853757127695.057,540185904281.4394
2025-10-11 22:40:26,3853757127695.057,540185904281.4394
2025-10-11 22:43:14,3848195067652.0977,531105074921.142
2025-10-11 22:45:28,3848195067652.0977,531105074921.142
2025-10-11 22:48:16,3848195067652.0977,531105074921.142
2025-10-11 22:54:01,3845664934081.458,527072455216.8848
2025-10-11 22:59:02,3845664934081.458,527072455216.8848
2025-10-11 23:04:03,3844862811566.039,525087687189.49225
2025-10-11 23:09:05,3844862811566.039,525087687189.49225
2025-10-11 23:14:07,3851090142668.494,522642004529.385
2025-10-11 23:17:39,3851090142668.494,522642004529.385
2025-10-11 23:22:42,3851090142668.494,522642004529.385
2025-10-11 23:28:39,3849123102853.036,520396013617.63416
2025-10-11 23:33:40,3844994926370.6353,518920153849.1433
2025-10-11 23:38:22,3844994926370.6353,518920153849.1433
2025-10-11 23:43:24,3833020177104.6,516837794058.9056
2025-10-11 23:47:08,3833020177104.6,516837794058.9056
2025-10-11 23:52:10,3833020177104.6,516837794058.9056
2025-10-11 23:55:14,3838835222060.384,516965940146.9345
2025-10-11 23:56:54,3838835222060.384,516965940146.9345
2025-10-12 00:01:55,3838835222060.384,516965940146.9345
2025-10-12 00:05:30,3843400140654.385,514956874015.1376
2025-10-12 00:08:06,3843400140654.385,514956874015.1376
2025-10-12 00:13:07,3843400140654.385,514956874015.1376
2025-10-12 00:18:08,3851066362726.4087,513019736330.62384
2025-10-12 01:27:21,3847722029508.184,504212957992.4743
2025-10-12 01:32:23,3847722029508.184,504212957992.4743
2025-10-12 01:37:24,3845847444279.629,503175743163.58185
2025-10-12 01:42:25,3845847444279.629,503175743163.58185
2025-10-12 01:47:27,3849683398102.264,502758481866.8323
2025-10-12 01:52:28,3849683398102.264,502758481866.8323
2025-10-12 01:57:29,3848427081786.2056,502435194970.7311
2025-10-12 02:02:30,3848427081786.2056,502435194970.7311
2025-10-12 02:07:31,3847104951648.835,501065741823.0156
2025-10-12 02:12:32,3847104951648.835,501065741823.0156
2025-10-12 02:17:33,3831938767469.6655,497304026540.1616
2025-10-12 02:22:35,3831938767469.6655,497304026540.1616
2025-10-12 02:27:37,3811029877146.157,494287976098.6599
2025-10-12 02:32:38,3811029877146.157,494287976098.6599
2025-10-12 02:37:39,3813762894997.868,493699305738.7816
2025-10-12 02:42:39,3813762894997.868,493699305738.7816
2025-10-12 02:47:40,3802816073897.634,490315474645.00336
2025-10-12 02:52:41,3802816073897.634,490315474645.00336
2025-10-12 02:57:42,3804567338219.083,489446733962.5433
2025-10-12 03:02:43,3804567338219.083,489446733962.5433
2025-10-12 03:07:44,3802426089143.173,488801886640.2806
2025-10-12 03:12:45,3802426089143.173,488801886640.2806
2025-10-12 03:17:46,3792158324364.9033,486227665188.84735
2025-10-12 03:22:47,3792158324364.9033,486227665188.84735
2025-10-12 03:27:48,3786015577398.393,486255484131.15546
2025-10-12 03:32:49,3786015577398.393,486255484131.15546
2025-10-12 03:37:50,3775266718136.684,486454409021.13074
2025-10-12 03:47:52,3770309542604.258,486783142120.3913
2025-10-12 03:52:53,3770309542604.258,486783142120.3913
2025-10-12 03:57:55,3766053667929.05,487165924867.52246
2025-10-12 04:02:56,3766053667929.05,487165924867.52246
2025-10-12 04:07:57,3765270158914.363,478093578027.6518
2025-10-12 04:12:58,3765270158914.363,478093578027.6518
2025-10-12 04:17:59,3745191420921.573,462904850380.8368
2025-10-12 04:23:00,3745191420921.573,462904850380.8368
2025-10-12 04:28:00,3767217484993.53,442807048269.4376
2025-10-12 04:33:01,3767217484993.53,442807048269.4376
2025-10-12 04:38:02,3778633761955.174,422414486914.594
2025-10-12 04:43:03,3778633761955.174,422414486914.594
2025-10-12 04:48:04,3783515733863.407,411285094491.436
2025-10-12 04:53:05,3783515733863.407,411285094491.436
2025-10-12 04:58:06,3790500705840.203,399684493728.3219
2025-10-12 05:03:07,3790500705840.203,399684493728.3219
2025-10-12 05:08:09,3789991536125.159,386780585440.948
2025-10-12 05:13:10,3789991536125.159,386780585440.948
2025-10-12 05:18:11,3792527806960.465,372707976905.9282
2025-10-12 05:23:12,3792527806960.465,372707976905.9282
2025-10-12 05:28:14,3784968800993.664,363510339785.7648
2025-10-12 05:33:15,3784968800993.664,363510339785.7648
2025-10-12 05:38:16,3792787562200.2056,355934631789.8821
2025-10-12 05:43:17,3792787562200.2056,355934631789.8821
2025-10-12 05:48:18,3799175243288.72,348690024747.15826
2025-10-12 05:53:18,3799175243288.72,348690024747.15826
2025-10-12 05:58:19,3798625054250.8135,341739610819.2456
2025-10-12 06:03:21,3798625054250.8135,341739610819.2456
2025-10-12 06:08:22,3796145706083.863,334823625995.23413
2025-10-12 06:13:23,3796145706083.863,334823625995.23413
2025-10-12 06:18:24,3794722299812.261,328062695615.3336
2025-10-12 06:23:24,3794722299812.261,328062695615.3336
2025-10-12 06:28:25,3795157479906.1777,323253974230.50165
2025-10-12 06:33:26,3795157479906.1777,323253974230.50165
2025-10-12 06:38:27,3795969229173.734,318433115176.7125
2025-10-12 06:43:28,3795969229173.734,318433115176.7125
2025-10-12 06:48:29,3792899194569.888,313671055132.2228
2025-10-12 06:53:30,3792899194569.888,313671055132.2228
2025-10-12 06:58:31,3792179174682.273,308746082366.0296
2025-10-12 07:03:32,3792179174682.273,308746082366.0296
2025-10-12 07:08:33,3782978014562.252,303200029708.605
2025-10-12 07:13:34,3782978014562.252,303200029708.605
2025-10-12 07:18:34,3775881335518.8447,297690380437.2615
2025-10-12 07:23:37,3775881335518.8447,297690380437.2615
2025-10-12 07:28:38,3772995374168.733,293588721214.0989
2025-10-12 07:33:39,3772995374168.733,293588721214.0989
2025-10-12 07:38:41,3768205721583.184,290225943385.3344
2025-10-12 07:43:42,3768205721583.184,290225943385.3344
2025-10-12 07:48:43,3760362374104.093,287633219386.1599
2025-10-12 07:53:44,3760362374104.093,287633219386.1599
2025-10-12 07:58:45,3756110805025.504,285995981136.30774
2025-10-12 08:03:46,3756110805025.504,285995981136.30774
2025-10-12 08:08:47,3753260305951.324,284512670889.5784
2025-10-12 08:13:47,3753260305951.324,284512670889.5784
2025-10-12 08:18:48,3755432535959.748,282103864921.25714
2025-10-12 08:23:49,3755432535959.748,282103864921.25714
2025-10-12 08:28:50,3753967727158.268,279838858253.7734
2025-10-12 08:33:51,3753967727158.268,279838858253.7734
2025-10-12 08:38:52,3754131547587.256,277632467925.3634
2025-10-12 08:43:53,3754131547587.256,277632467925.3634
2025-10-12 08:48:54,3755003004717.7954,275436026012.0628
2025-10-12 08:53:55,3755003004717.7954,275436026012.0628
2025-10-12 08:58:56,3762917576730.7646,273733013334.61148
2025-10-12 09:03:57,3762917576730.7646,273733013334.61148
2025-10-12 09:08:58,3758764356531.978,270953711110.5484
2025-10-12 09:13:59,3758764356531.978,270953711110.5484
2025-10-12 09:19:00,3753088648723.521,266880915184.3283
2025-10-12 09:24:01,3753088648723.521,266880915184.3283
2025-10-12 09:29:01,3764446963226.348,265591661275.2816
2025-10-12 09:34:02,3764446963226.348,265591661275.2816
2025-10-12 09:39:03,3775742955241.4346,263919802418.5294
2025-10-12 09:44:04,3775742955241.4346,263919802418.5294
2025-10-12 09:49:05,3758210655470.831,260856307905.63287
2025-10-12 09:54:06,3758210655470.831,260856307905.63287
2025-10-12 09:59:07,3745652546708.519,257927633808.1654
2025-10-12 10:04:08,3745652546708.519,257927633808.1654
2025-10-12 10:09:09,3758547865291.351,258042984520.79
2025-10-12 10:14:10,3758547865291.351,258042984520.79
2025-10-12 10:19:11,3784625939894.353,257155969030.8425
2025-10-12 10:24:12,3784625939894.353,257155969030.8425
2025-10-12 10:29:13,3793672281427.677,256901274599.4371
2025-10-12 10:34:14,3793672281427.677,256901274599.4371
2025-10-12 10:39:15,3791749082619.676,255941859193.2568
2025-10-12 10:44:16,3791749082619.676,255941859193.2568
2025-10-12 10:49:18,3795243975901.0654,255113406396.59467
2025-10-12 10:54:19,3795243975901.0654,255113406396.59467
2025-10-12 10:59:21,3788053491271.936,252389583520.6316
2025-10-12 11:04:22,3788053491271.936,252389583520.6316
2025-10-12 11:11:07,3785866692657.764,251368584956.496
2025-10-12 11:14:25,3785866692657.764,251368584956.496
2025-10-12 11:16:09,3799967079586.4688,250377806119.79105
2025-10-12 11:19:26,3799967079586.4688,250377806119.79105
2025-10-12 11:24:28,3806889997932.448,249891779195.81143
2025-10-12 11:29:31,3806889997932.448,249891779195.81143
2025-10-12 11:31:14,3806889997932.448,249891779195.81143
2025-10-12 11:34:32,3810986083489.3086,249553252916.6716
2025-10-12 11:39:34,3810986083489.3086,249553252916.6716
2025-10-12 11:46:22,3808002923618.289,248750250405.3867
2025-10-12 11:49:38,3808002923618.289,248750250405.3867
2025-10-12 11:54:39,3810156038036.26,248156198034.15552
2025-10-12 11:56:28,3810156038036.26,248156198034.15552
2025-10-12 11:59:42,3810156038036.26,248156198034.15552
2025-10-12 12:04:45,3807367326113.087,247373515696.4294
2025-10-12 12:09:48,3807367326113.087,247373515696.4294
2025-10-12 12:14:51,3809322706272.077,246155792147.60104
2025-10-12 12:19:52,3809322706272.077,246155792147.60104
2025-10-12 12:24:53,3814327163803.2974,245354338488.89868
2025-10-12 12:26:44,3814327163803.2974,245354338488.89868
2025-10-12 12:29:55,3814327163803.2974,245354338488.89868
2025-10-12 12:34:57,3816342720014.258,244046932464.38687
2025-10-12 12:36:47,3816342720014.258,244046932464.38687
2025-10-12 12:40:00,3816342720014.258,244046932464.38687
2025-10-12 12:45:02,3817153726014.951,242566646403.1785
2025-10-12 12:50:04,3817153726014.951,242566646403.1785
2025-10-12 12:51:51,3817153726014.951,242566646403.1785
2025-10-12 12:55:05,3824672560845.589,241869518339.95047
2025-10-12 13:00:06,3824672560845.589,241869518339.95047
2025-10-12 13:05:07,3821100108243.645,240732592147.1664
2025-10-12 13:10:09,3821100108243.645,240732592147.1664
2025-10-12 13:15:10,3826914317654.2407,239574676438.3248
2025-10-12 13:20:13,3826914317654.2407,239574676438.3248
2025-10-12 13:25:18,3826764020671.6216,238567891203.8767
2025-10-12 13:54:43,3830369088161.271,236788690881.1888
2025-10-12 13:59:46,3830369088161.271,236788690881.1888
2025-10-12 14:04:48,3830805370660.9766,235972216409.29343
2025-10-12 14:14:41,3830805370660.9766,235972216409.29343
2025-10-12 14:19:44,3830520328863.519,233234400802.9116
2025-10-12 14:24:47,3837199832569.544,231728872642.72467
2025-10-12 14:29:48,3837199832569.544,231728872642.72467
2025-10-12 14:34:51,3825250604289.066,229120024491.556
2025-10-12 14:39:52,3825250604289.066,229120024491.556
2025-10-12 14:44:54,3828966114642.1104,227700278765.3264
2025-10-12 14:49:55,3828966114642.1104,227700278765.3264
2025-10-12 14:54:57,3829825132311.34,225928400140.4998
2025-10-12 14:59:58,3829825132311.34,225928400140.4998
2025-10-12 15:03:50,3829825132311.34,225928400140.4998
2025-10-12 15:05:01,3829704880382.1953,224304138742.98447
2025-10-12 15:06:54,3829704880382.1953,224304138742.98447
2025-10-12 15:51:54,3834071548030.256,217253677023.2042
2025-10-12 15:56:56,3823012176330.849,215826804059.793
2025-10-12 16:50:15,3827568986660.816,212946750309.23505
2025-10-12 16:55:16,3832348298626.9614,212421420465.94067
2025-10-12 17:00:17,3832348298626.9614,212421420465.94067
2025-10-12 21:50:43,3829271097587.186,205819880547.71265
2025-10-12 21:55:16,3829271097587.186,205819880547.71265
2025-10-12 22:00:18,3888445423510.9233,215293897056.5708
2025-10-12 22:05:21,3888445423510.9233,215293897056.5708
2025-10-12 22:10:24,3901182552645.06,222066413697.39767
2025-10-12 22:11:40,3901182552645.06,222066413697.39767
2025-10-12 22:15:26,3901182552645.06,222066413697.39767
2025-10-12 22:30:36,3940329232336.544,232946239974.90463
2025-10-12 22:35:37,3919636253468.116,235326298845.7957
2025-10-12 22:40:39,3919636253468.116,235326298845.7957
2025-10-12 22:45:41,3914851982069.0464,238507417017.05392
2025-10-12 23:23:16,3964744799940.565,248626316836.1366
2025-10-12 23:28:18,3954910775964.961,250292603051.5556
2025-10-12 23:33:20,3954910775964.961,250292603051.5556
2025-10-12 23:38:22,3955535203525.855,251958451407.7664
2025-10-12 23:43:24,3955535203525.855,251958451407.7664
2025-10-12 23:48:25,3967800503881.797,253836987016.64783
2025-10-12 23:53:27,3967800503881.797,253836987016.64783
2025-10-12 23:58:09,3972001872598.8735,258788016760.7175
2025-10-13 00:03:14,3972001872598.8735,258788016760.7175
2025-10-13 00:08:15,3971517040309.744,260575392844.8882
2025-10-13 00:13:17,3971517040309.744,260575392844.8882
2025-10-13 00:18:22,3984844541028.631,259998787124.39487
2025-10-13 00:32:10,3985524257801.986,261595013076.22943
2025-10-13 00:37:11,3981091324409.952,262454975286.7957
2025-10-13 00:42:12,3981091324409.952,262454975286.7957
2025-10-13 00:47:13,3986296081657.924,263370253026.8085
2025-10-13 00:52:15,3986296081657.924,263370253026.8085
2025-10-13 00:56:08,3971189793991.357,264401432792.4705
2025-10-13 00:58:18,3971189793991.357,264401432792.4705
2025-10-13 01:01:10,3971189793991.357,264401432792.4705
2025-10-13 01:03:20,3971189793991.357,264401432792.4705
2025-10-13 01:06:12,3976630958928.01,265719149327.59805
2025-10-13 01:07:44,3976630958928.01,265719149327.59805
2025-10-13 01:11:13,3976630958928.01,265719149327.59805
2025-10-13 01:13:02,3976630958928.01,265719149327.59805
2025-10-13 01:16:14,3980146960303.01,266468186199.50705
2025-10-13 01:18:03,3980146960303.01,266468186199.50705
2025-10-13 01:19:23,3980146960303.01,266468186199.50705
2025-10-13 01:21:16,3980146960303.01,266468186199.50705
2025-10-13 01:23:05,3980146960303.01,266468186199.50705
2025-10-13 01:24:24,3980146960303.01,266468186199.50705
2025-10-13 01:26:17,3977868304709.176,267164909224.6727
2025-10-13 01:28:08,3977868304709.176,267164909224.6727
2025-10-13 01:29:25,3977868304709.176,267164909224.6727
2025-10-13 01:31:18,3977868304709.176,267164909224.6727
2025-10-13 01:33:09,3977868304709.176,267164909224.6727
2025-10-13 01:34:26,3977868304709.176,267164909224.6727
2025-10-13 01:36:11,3975927716127.5366,267576218289.51395
2025-10-13 01:37:20,3975927716127.5366,267576218289.51395
2025-10-13 01:38:23,3975927716127.5366,267576218289.51395
2025-10-13 01:39:33,3975927716127.5366,267576218289.51395
2025-10-13 01:40:42,3975927716127.5366,267576218289.51395
2025-10-13 01:42:13,3975927716127.5366,267576218289.51395
2025-10-13 01:43:36,3975927716127.5366,267576218289.51395
2025-10-13 01:44:41,3975927716127.5366,267576218289.51395
2025-10-13 01:45:43,3975927716127.5366,267576218289.51395
2025-10-13 01:48:13,3963397282677.445,268039551698.93103
2025-10-13 01:49:22,3963397282677.445,268039551698.93103
2025-10-13 01:50:25,3963397282677.445,268039551698.93103
2025-10-13 01:51:38,3963397282677.445,268039551698.93103
2025-10-13 01:53:14,3963397282677.445,268039551698.93103
2025-10-13 01:54:57,3963397282677.445,268039551698.93103
2025-10-13 01:57:16,3964594551655.754,269040287738.55325
2025-10-13 01:58:29,3964594551655.754,269040287738.55325
2025-10-13 01:59:59,3964594551655.754,269040287738.55325
2025-10-13 02:02:17,3964594551655.754,269040287738.55325
2025-10-13 02:03:55,3964594551655.754,269040287738.55325
2025-10-13 02:05:00,3964594551655.754,269040287738.55325
2025-10-13 02:06:12,3971050278715.5767,268958078132.1597
2025-10-13 02:07:28,3971050278715.5767,268958078132.1597
2025-10-13 02:08:56,3971050278715.5767,268958078132.1597
2025-10-13 02:10:55,3971050278715.5767,268958078132.1597
2025-10-13 02:12:15,3971050278715.5767,268958078132.1597
2025-10-13 02:14:57,3971050278715.5767,268958078132.1597
2025-10-13 02:16:11,3989046207073.949,269159477045.53683
2025-10-13 02:17:23,3989046207073.949,269159477045.53683
2025-10-13 02:18:29,3989046207073.949,269159477045.53683
2025-10-13 02:19:32,3989046207073.949,269159477045.53683
2025-10-13 02:20:43,3989046207073.949,269159477045.53683
2025-10-13 02:21:47,3989046207073.949,269159477045.53683
2025-10-13 02:22:58,3989046207073.949,269159477045.53683
2025-10-13 02:24:20,3989046207073.949,269159477045.53683
2025-10-13 02:25:24,3989046207073.949,269159477045.53683
2025-10-13 02:26:33,3987011329682.313,267631594058.31564
2025-10-13 02:27:34,3987011329682.313,267631594058.31564
2025-10-13 02:28:54,3987011329682.313,267631594058.31564
2025-10-13 02:29:55,3987011329682.313,267631594058.31564
2025-10-13 02:31:20,3987011329682.313,267631594058.31564
2025-10-13 02:32:34,3987011329682.313,267631594058.31564
2025-10-13 02:33:57,3987011329682.313,267631594058.31564
2025-10-13 02:35:34,3987011329682.313,267631594058.31564
2025-10-13 02:36:37,3991393262815.4346,266803211204.674
2025-10-13 02:37:48,3991393262815.4346,266803211204.674
2025-10-13 02:38:59,3991393262815.4346,266803211204.674
2025-10-13 02:41:14,3991393262815.4346,266803211204.674
2025-10-13 02:42:16,3991393262815.4346,266803211204.674
2025-10-13 02:43:19,3991393262815.4346,266803211204.674
2025-10-13 02:44:21,3991393262815.4346,266803211204.674
2025-10-13 02:46:37,3983344222860.916,266002138455.51312
2025-10-13 02:47:41,3983344222860.916,266002138455.51312
2025-10-13 02:48:52,3983344222860.916,266002138455.51312
2025-10-13 02:49:54,3983344222860.916,266002138455.51312
2025-10-13 02:52:18,3983344222860.916,266002138455.51312
2025-10-13 02:53:29,3983344222860.916,266002138455.51312
2025-10-13 02:54:32,3983344222860.916,266002138455.51312
2025-10-13 02:55:33,3983344222860.916,266002138455.51312
2025-10-13 02:57:47,3989763758367.35,265871383697.9266
2025-10-13 02:58:59,3989763758367.35,265871383697.9266
2025-10-13 03:00:08,3989763758367.35,265871383697.9266
2025-10-13 03:01:08,3989763758367.35,265871383697.9266
2025-10-13 03:03:14,3989763758367.35,265871383697.9266
2025-10-13 03:04:21,3989763758367.35,265871383697.9266
2025-10-13 03:05:25,3989763758367.35,265871383697.9266
2025-10-13 03:06:29,4000720412073.4224,264868989056.53503
2025-10-13 03:08:38,4000720412073.4224,264868989056.53503
2025-10-13 03:09:40,4000720412073.4224,264868989056.53503
2025-10-13 03:10:52,4000720412073.4224,264868989056.53503
2025-10-13 03:11:58,4000720412073.4224,264868989056.53503
2025-10-13 03:14:07,4000720412073.4224,264868989056.53503
2025-10-13 03:15:16,4000720412073.4224,264868989056.53503
2025-10-13 03:16:21,3997177000160.472,264185519700.917
2025-10-13 03:17:25,3997177000160.472,264185519700.917
2025-10-13 03:19:37,3997177000160.472,264185519700.917
2025-10-13 03:20:41,3997177000160.472,264185519700.917
2025-10-13 03:21:51,3997177000160.472,264185519700.917
2025-10-13 03:22:54,3997177000160.472,264185519700.917
2025-10-13 03:25:09,3997177000160.472,264185519700.917
2025-10-13 03:26:12,4003438223491.575,263933301675.14584
2025-10-13 03:27:25,4003438223491.575,263933301675.14584
2025-10-13 03:28:28,4003438223491.575,263933301675.14584
2025-10-13 03:30:37,4003438223491.575,263933301675.14584
2025-10-13 03:31:47,4003438223491.575,263933301675.14584
2025-10-13 03:32:54,4003438223491.575,263933301675.14584
2025-10-13 03:34:13,4003438223491.575,263933301675.14584
2025-10-13 03:36:34,4021793773417.946,264906739820.09225
2025-10-13 03:37:48,4021793773417.946,264906739820.09225
2025-10-13 03:38:57,4021793773417.946,264906739820.09225
2025-10-13 03:42:35,4021793773417.946,264906739820.09225
2025-10-13 03:43:46,4021793773417.946,264906739820.09225
2025-10-13 03:44:55,4021793773417.946,264906739820.09225
2025-10-13 03:48:15,4016214752894.0703,264928779955.05548
2025-10-13 03:49:16,4016214752894.0703,264928779955.05548
2025-10-13 03:50:33,4016214752894.0703,264928779955.05548
2025-10-13 03:51:34,4016214752894.0703,264928779955.05548
2025-10-13 03:53:44,4016214752894.0703,264928779955.05548
2025-10-13 03:54:54,4016214752894.0703,264928779955.05548
2025-10-13 03:55:56,4016214752894.0703,264928779955.05548
2025-10-13 03:57:08,4023898689457.319,265321789690.41565
2025-10-13 03:59:20,4023898689457.319,265321789690.41565
2025-10-13 04:00:29,4023898689457.319,265321789690.41565
2025-10-13 04:01:30,4023898689457.319,265321789690.41565
2025-10-13 04:02:33,4023898689457.319,265321789690.41565
2025-10-13 04:04:45,4023898689457.319,265321789690.41565
2025-10-13 04:06:07,4011622416870.516,263724703698.542
2025-10-13 04:07:08,4011622416870.516,263724703698.542
2025-10-13 04:08:10,4011622416870.516,263724703698.542
2025-10-13 04:09:20,4011622416870.516,263724703698.542
2025-10-13 04:10:31,4011622416870.516,263724703698.542
2025-10-13 04:11:34,4011622416870.516,263724703698.542
2025-10-13 04:12:42,4011622416870.516,263724703698.542
2025-10-13 04:13:58,4011622416870.516,263724703698.542
2025-10-13 04:15:07,4011622416870.516,263724703698.542
2025-10-13 04:16:26,4021534157265.105,263046991189.5001
2025-10-13 04:17:31,4021534157265.105,263046991189.5001
2025-10-13 04:18:59,4021534157265.105,263046991189.5001
2025-10-13 04:20:24,4021534157265.105,263046991189.5001
2025-10-13 04:22:10,4021534157265.105,263046991189.5001
2025-10-13 04:23:21,4021534157265.105,263046991189.5001
2025-10-13 04:24:22,4021534157265.105,263046991189.5001
2025-10-13 04:25:28,4021534157265.105,263046991189.5001
2025-10-13 04:27:43,4007793130521.4336,261896987860.9296
2025-10-13 04:28:44,4007793130521.4336,261896987860.9296
2025-10-13 04:30:03,4007793130521.4336,261896987860.9296
2025-10-13 04:31:09,4007793130521.4336,261896987860.9296
2025-10-13 04:33:28,4007793130521.4336,261896987860.9296
2025-10-13 04:34:31,4007793130521.4336,261896987860.9296
2025-10-13 04:35:43,4007793130521.4336,261896987860.9296
2025-10-13 04:36:49,3982111875256.647,261327641835.2086
2025-10-13 04:39:15,3982111875256.647,261327641835.2086
2025-10-13 04:40:18,3982111875256.647,261327641835.2086
2025-10-13 04:41:28,3982111875256.647,261327641835.2086
2025-10-13 04:42:33,3982111875256.647,261327641835.2086
2025-10-13 04:44:44,3982111875256.647,261327641835.2086
2025-10-13 04:45:46,3982111875256.647,261327641835.2086
2025-10-13 04:46:58,3987834928960.996,262824405012.975
2025-10-13 04:48:01,3987834928960.996,262824405012.975
2025-10-13 04:50:15,3987834928960.996,262824405012.975
2025-10-13 04:51:20,3987834928960.996,262824405012.975
2025-10-13 04:52:22,3987834928960.996,262824405012.975
2025-10-13 04:53:27,3987834928960.996,262824405012.975
2025-10-13 04:55:34,3987834928960.996,262824405012.975
2025-10-13 04:56:39,3991654280305.035,263134421382.9325
2025-10-13 04:57:53,3991654280305.035,263134421382.9325
2025-10-13 04:58:56,3991654280305.035,263134421382.9325
2025-10-13 05:01:22,3991654280305.035,263134421382.9325
2025-10-13 05:02:22,3991654280305.035,263134421382.9325
2025-10-13 05:03:37,3991654280305.035,263134421382.9325
2025-10-13 05:04:43,3991654280305.035,263134421382.9325
2025-10-13 05:06:24,4007897700689.197,264013783740.79263
2025-10-13 05:07:26,4007897700689.197,264013783740.79263
2025-10-13 05:09:36,4007897700689.197,264013783740.79263
2025-10-13 05:10:41,4007897700689.197,264013783740.79263
2025-10-13 05:11:52,4007897700689.197,264013783740.79263
2025-10-13 05:12:54,4007897700689.197,264013783740.79263
2025-10-13 05:15:15,4007897700689.197,264013783740.79263
2025-10-13 05:16:17,4009468752852.284,265531253260.0271
2025-10-13 05:17:18,4009468752852.284,265531253260.0271
2025-10-13 05:18:22,4009468752852.284,265531253260.0271
2025-10-13 05:20:32,4009468752852.284,265531253260.0271
2025-10-13 05:21:37,4009468752852.284,265531253260.0271
2025-10-13 05:22:44,4009468752852.284,265531253260.0271
2025-10-13 05:23:47,4009468752852.284,265531253260.0271
2025-10-13 05:26:09,4009468752852.284,265531253260.0271
2025-10-13 05:27:26,4007346614336.5234,266196105315.22668
2025-10-13 05:28:43,4007346614336.5234,266196105315.22668
2025-10-13 05:31:24,4007346614336.5234,266196105315.22668
2025-10-13 05:32:27,4007346614336.5234,266196105315.22668
2025-10-13 05:33:30,4007346614336.5234,266196105315.22668
2025-10-13 05:34:45,4007346614336.5234,266196105315.22668
2025-10-13 05:35:45,4007346614336.5234,266196105315.22668
2025-10-13 05:37:00,4002626393484.229,266943384385.2183
2025-10-13 05:38:02,4002626393484.229,266943384385.2183
2025-10-13 05:39:03,4002626393484.229,266943384385.2183
2025-10-13 05:40:19,4002626393484.229,266943384385.2183
2025-10-13 05:41:21,4002626393484.229,266943384385.2183
2025-10-13 05:42:26,4002626393484.229,266943384385.2183
2025-10-13 05:43:28,4002626393484.229,266943384385.2183
2025-10-13 05:44:38,4002626393484.229,266943384385.2183
2025-10-13 05:45:41,4002626393484.229,266943384385.2183
2025-10-13 05:46:50,4007343293029.376,267252251584.0109
2025-10-13 05:47:57,4007343293029.376,267252251584.0109
2025-10-13 05:49:07,4007343293029.376,267252251584.0109
2025-10-13 05:50:25,4007343293029.376,267252251584.0109
2025-10-13 05:51:28,4007343293029.376,267252251584.0109
2025-10-13 05:53:38,4007343293029.376,267252251584.0109
2025-10-13 05:54:40,4007343293029.376,267252251584.0109
2025-10-13 05:55:50,4007343293029.376,267252251584.0109
2025-10-13 05:56:58,4007367446243.954,267851750084.79065
2025-10-13 05:58:16,4007367446243.954,267851750084.79065
2025-10-13 05:59:19,4007367446243.954,267851750084.79065
2025-10-13 06:00:20,4007367446243.954,267851750084.79065
2025-10-13 06:01:24,4007367446243.954,267851750084.79065
2025-10-13 06:02:33,4007367446243.954,267851750084.79065
2025-10-13 06:03:35,4007367446243.954,267851750084.79065
2025-10-13 06:04:40,4007367446243.954,267851750084.79065
2025-10-13 06:05:42,4007367446243.954,267851750084.79065
2025-10-13 06:06:49,3994644126756.6494,267937908978.20776
2025-10-13 06:08:08,3994644126756.6494,267937908978.20776
2025-10-13 06:09:14,3994644126756.6494,267937908978.20776
2025-10-13 06:10:25,3994644126756.6494,267937908978.20776
2025-10-13 06:11:27,3994644126756.6494,267937908978.20776
2025-10-13 06:12:30,3994644126756.6494,267937908978.20776
2025-10-13 06:13:33,3994644126756.6494,267937908978.20776
2025-10-13 06:14:42,3994644126756.6494,267937908978.20776
2025-10-13 06:15:50,3994644126756.6494,267937908978.20776
2025-10-13 06:17:01,3993060891290.633,268702660938.486
2025-10-13 06:18:09,3993060891290.633,268702660938.486
2025-10-13 06:19:10,3993060891290.633,268702660938.486
2025-10-13 06:20:26,3993060891290.633,268702660938.486
2025-10-13 06:21:28,3993060891290.633,268702660938.486
2025-10-13 06:22:30,3993060891290.633,268702660938.486
2025-10-13 06:23:36,3993060891290.633,268702660938.486
2025-10-13 06:24:43,3993060891290.633,268702660938.486
2025-10-13 06:25:46,3993060891290.633,268702660938.486
2025-10-13 06:26:52,4004369550420.862,269636320964.13425
2025-10-13 06:27:55,4004369550420.862,269636320964.13425
2025-10-13 06:29:04,4004369550420.862,269636320964.13425
2025-10-13 06:30:10,4004369550420.862,269636320964.13425
2025-10-13 06:31:20,4004369550420.862,269636320964.13425
2025-10-13 06:32:24,4004369550420.862,269636320964.13425
2025-10-13 06:33:26,4004369550420.862,269636320964.13425
2025-10-13 06:34:28,4004369550420.862,269636320964.13425
2025-10-13 06:35:37,4004369550420.862,269636320964.13425
2025-10-13 06:36:39,4008973205183.312,270028242917.0638
2025-10-13 06:37:43,4008973205183.312,270028242917.0638
2025-10-13 06:38:46,4008973205183.312,270028242917.0638
2025-10-13 06:40:04,4008973205183.312,270028242917.0638
2025-10-13 06:42:10,4008973205183.312,270028242917.0638
2025-10-13 06:43:35,4008973205183.312,270028242917.0638
2025-10-13 06:44:38,4008973205183.312,270028242917.0638
2025-10-13 06:45:46,4008973205183.312,270028242917.0638
2025-10-13 06:48:04,3999038254251.943,270031704863.67307
2025-10-13 06:49:17,3999038254251.943,270031704863.67307
2025-10-13 06:50:17,3999038254251.943,270031704863.67307
2025-10-13 06:51:36,3999038254251.943,270031704863.67307
2025-10-13 06:53:54,3999038254251.943,270031704863.67307
2025-10-13 06:54:59,3999038254251.943,270031704863.67307
2025-10-13 06:56:17,3999038254251.943,270031704863.67307
2025-10-13 06:57:18,4003330357360.3823,270428077729.69467
2025-10-13 06:59:57,4003330357360.3823,270428077729.69467
2025-10-13 07:01:01,4003330357360.3823,270428077729.69467
2025-10-13 07:02:16,4003330357360.3823,270428077729.69467
2025-10-13 07:03:17,4003330357360.3823,270428077729.69467
2025-10-13 07:05:30,4003330357360.3823,270428077729.69467
2025-10-13 07:06:35,4005877298646.18,271078366675.4229
2025-10-13 07:07:41,4005877298646.18,271078366675.4229
2025-10-13 07:08:43,4005877298646.18,271078366675.4229
2025-10-13 07:10:58,4005877298646.18,271078366675.4229
2025-10-13 07:12:02,4005877298646.18,271078366675.4229
2025-10-13 07:13:07,4005877298646.18,271078366675.4229
2025-10-13 07:14:07,4005877298646.18,271078366675.4229
2025-10-13 07:16:28,4007960371961.4434,271295053339.4476
2025-10-13 07:17:32,4007960371961.4434,271295053339.4476
2025-10-13 07:18:39,4007960371961.4434,271295053339.4476
2025-10-13 07:19:45,4007960371961.4434,271295053339.4476
2025-10-13 07:21:57,4007960371961.4434,271295053339.4476
2025-10-13 07:23:16,4007960371961.4434,271295053339.4476
2025-10-13 07:24:25,4007960371961.4434,271295053339.4476
2025-10-13 07:25:41,4007960371961.4434,271295053339.4476
2025-10-13 07:26:59,4014509899422.252,272974784489.7469
2025-10-13 07:28:00,4014509899422.252,272974784489.7469
2025-10-13 07:29:07,4014509899422.252,272974784489.7469
2025-10-13 07:30:07,4014509899422.252,272974784489.7469
2025-10-13 07:31:31,4014509899422.252,272974784489.7469
2025-10-13 07:32:33,4014509899422.252,272974784489.7469
2025-10-13 07:33:53,4014509899422.252,272974784489.7469
2025-10-13 07:34:58,4014509899422.252,272974784489.7469
2025-10-13 07:36:34,4004290338571.1074,272726209100.27777
2025-10-13 07:37:34,4004290338571.1074,272726209100.27777
2025-10-13 07:39:55,4004290338571.1074,272726209100.27777
2025-10-13 07:40:57,4004290338571.1074,272726209100.27777
2025-10-13 07:42:12,4004290338571.1074,272726209100.27777
2025-10-13 07:43:23,4004290338571.1074,272726209100.27777
2025-10-13 07:45:27,4004290338571.1074,272726209100.27777
2025-10-13 07:46:30,4000274551729.792,272664681410.14053
2025-10-13 07:47:41,4000274551729.792,272664681410.14053
2025-10-13 07:48:45,4000274551729.792,272664681410.14053
2025-10-13 07:51:04,4000274551729.792,272664681410.14053
2025-10-13 07:52:12,4000274551729.792,272664681410.14053
2025-10-13 07:53:14,4000274551729.792,272664681410.14053
2025-10-13 07:54:19,4000274551729.792,272664681410.14053
2025-10-13 07:56:28,4000274551729.792,272664681410.14053
2025-10-13 07:57:32,4007566399350.906,273000140634.9221
2025-10-13 07:58:43,4007566399350.906,273000140634.9221
2025-10-13 07:59:46,4007566399350.906,273000140634.9221
2025-10-13 08:02:00,4007566399350.906,273000140634.9221
2025-10-13 08:04:09,4007566399350.906,273000140634.9221
2025-10-13 08:05:21,4007566399350.906,273000140634.9221
2025-10-13 08:07:29,4002501295829.4897,272099787252.7292
2025-10-13 08:09:43,4002501295829.4897,272099787252.7292
2025-10-13 08:10:49,4002501295829.4897,272099787252.7292
2025-10-13 08:13:02,4002501295829.4897,272099787252.7292
2025-10-13 08:15:11,4002501295829.4897,272099787252.7292
2025-10-13 08:16:11,4002501295829.4897,272099787252.7292
2025-10-13 08:18:29,4001818175792.312,272411070943.69144
2025-10-13 08:20:36,4001818175792.312,272411070943.69144
2025-10-13 08:21:50,4001818175792.312,272411070943.69144
2025-10-13 08:24:13,4001818175792.312,272411070943.69144
2025-10-13 08:26:29,4001818175792.312,272411070943.69144
2025-10-13 08:27:31,4011540580825.381,272695070153.4026
2025-10-13 08:29:39,4011540580825.381,272695070153.4026
2025-10-13 08:31:51,4011540580825.381,272695070153.4026
2025-10-13 08:32:54,4011540580825.381,272695070153.4026
2025-10-13 08:35:21,4011540580825.381,272695070153.4026
2025-10-13 08:36:23,4011540580825.381,272695070153.4026
2025-10-13 08:37:28,4021374213673.43,273214541970.8424
2025-10-13 08:38:29,4021374213673.43,273214541970.8424
2025-10-13 08:40:43,4021374213673.43,273214541970.8424
2025-10-13 08:41:47,4021374213673.43,273214541970.8424
2025-10-13 08:42:58,4021374213673.43,273214541970.8424
2025-10-13 08:44:00,4021374213673.43,273214541970.8424
2025-10-13 08:46:12,4021374213673.43,273214541970.8424
2025-10-13 08:47:18,4021448785314.109,272818555055.404
2025-10-13 08:48:25,4021448785314.109,272818555055.404
2025-10-13 08:49:27,4021448785314.109,272818555055.404
2025-10-13 08:50:28,4021448785314.109,272818555055.404
2025-10-13 08:51:37,4021448785314.109,272818555055.404
2025-10-13 08:52:41,4021448785314.109,272818555055.404
2025-10-13 08:53:47,4021448785314.109,272818555055.404
2025-10-13 08:54:54,4021448785314.109,272818555055.404
2025-10-13 08:55:57,4021448785314.109,272818555055.404
2025-10-13 08:57:03,4018519699909.722,272255542633.2496
2025-10-13 08:58:07,4018519699909.722,272255542633.2496
2025-10-13 08:59:18,4018519699909.722,272255542633.2496
2025-10-13 09:00:22,4018519699909.722,272255542633.2496
2025-10-13 09:01:25,4018519699909.722,272255542633.2496
2025-10-13 09:02:31,4018519699909.722,272255542633.2496
2025-10-13 09:03:37,4018519699909.722,272255542633.2496
2025-10-13 09:04:44,4018519699909.722,272255542633.2496
2025-10-13 09:05:47,4018519699909.722,272255542633.2496
2025-10-13 09:06:53,4015586003427.09,272271877695.2932
2025-10-13 09:08:02,4015586003427.09,272271877695.2932
2025-10-13 09:09:10,4015586003427.09,272271877695.2932
2025-10-13 09:10:15,4015586003427.09,272271877695.2932
2025-10-13 09:11:25,4015586003427.09,272271877695.2932
2025-10-13 09:12:26,4015586003427.09,272271877695.2932
2025-10-13 09:13:29,4015586003427.09,272271877695.2932
2025-10-13 09:14:35,4015586003427.09,272271877695.2932
2025-10-13 09:15:45,4015586003427.09,272271877695.2932
2025-10-13 09:16:56,4013459886940.634,272461124645.0928
2025-10-13 09:18:02,4013459886940.634,272461124645.0928
2025-10-13 09:19:12,4013459886940.634,272461124645.0928
2025-10-13 09:20:14,4013459886940.634,272461124645.0928
2025-10-13 09:21:29,4013459886940.634,272461124645.0928
2025-10-13 09:22:32,4013459886940.634,272461124645.0928
2025-10-13 09:23:38,4013459886940.634,272461124645.0928
2025-10-13 09:24:39,4013459886940.634,272461124645.0928
2025-10-13 09:25:49,4013459886940.634,272461124645.0928
2025-10-13 09:26:56,4010037905951.522,272702757675.2844
2025-10-13 09:28:08,4010037905951.522,272702757675.2844
2025-10-13 09:29:21,4010037905951.522,272702757675.2844
2025-10-13 09:30:29,4010037905951.522,272702757675.2844
2025-10-13 09:31:34,4010037905951.522,272702757675.2844
2025-10-13 09:32:50,4010037905951.522,272702757675.2844
2025-10-13 09:33:54,4010037905951.522,272702757675.2844
2025-10-13 09:35:04,4010037905951.522,272702757675.2844
2025-10-13 09:37:10,4011618224217.077,272561089073.5366
2025-10-13 09:38:25,4011618224217.077,272561089073.5366
2025-10-13 09:39:30,4011618224217.077,272561089073.5366
2025-10-13 09:40:31,4011618224217.077,272561089073.5366
2025-10-13 09:42:44,4011618224217.077,272561089073.5366
2025-10-13 09:43:54,4011618224217.077,272561089073.5366
2025-10-13 09:44:57,4011618224217.077,272561089073.5366
2025-10-13 09:46:03,4011618224217.077,272561089073.5366
2025-10-13 09:48:25,4011786610944.443,272465868927.4895
2025-10-13 09:49:27,4011786610944.443,272465868927.4895
2025-10-13 09:50:34,4011786610944.443,272465868927.4895
2025-10-13 09:51:35,4011786610944.443,272465868927.4895
2025-10-13 09:53:54,4011786610944.443,272465868927.4895
2025-10-13 09:55:01,4011786610944.443,272465868927.4895
2025-10-13 09:56:07,4011786610944.443,272465868927.4895
2025-10-13 09:57:08,4014462045234.525,272302028941.66028
2025-10-13 09:59:28,4014462045234.525,272302028941.66028
2025-10-13 10:00:32,4014462045234.525,272302028941.66028
2025-10-13 10:01:33,4014462045234.525,272302028941.66028
2025-10-13 10:02:36,4014462045234.525,272302028941.66028
2025-10-13 10:04:48,4014462045234.525,272302028941.66028
2025-10-13 10:06:11,4014462045234.525,272302028941.66028
2025-10-13 10:07:15,4016944528290.928,271725086526.531
2025-10-13 10:08:16,4016944528290.928,271725086526.531
2025-10-13 10:10:36,4016944528290.928,271725086526.531
2025-10-13 10:11:41,4016944528290.928,271725086526.531
2025-10-13 10:12:49,4016944528290.928,271725086526.531
2025-10-13 10:14:15,4016944528290.928,271725086526.531
2025-10-13 10:16:35,4016944528290.928,271725086526.531
2025-10-13 10:17:42,4019099627177.9824,270217687279.5868
2025-10-13 10:20:04,4019099627177.9824,270217687279.5868
2025-10-13 10:21:37,4019099627177.9824,270217687279.5868
2025-10-13 10:22:45,4019099627177.9824,270217687279.5868
2025-10-13 10:23:46,4019099627177.9824,270217687279.5868
2025-10-13 10:26:07,4019099627177.9824,270217687279.5868
2025-10-13 10:27:10,4010238352549.608,268906459524.26813
2025-10-13 10:28:36,4010238352549.608,268906459524.26813
2025-10-13 10:29:38,4010238352549.608,268906459524.26813
2025-10-13 10:31:53,4010238352549.608,268906459524.26813
2025-10-13 10:32:59,4010238352549.608,268906459524.26813
2025-10-13 10:34:31,4010238352549.608,268906459524.26813
2025-10-13 10:35:41,4010238352549.608,268906459524.26813
2025-10-13 10:36:59,4002114761512.114,268257313888.29257
2025-10-13 10:38:13,4002114761512.114,268257313888.29257
2025-10-13 10:40:30,4002114761512.114,268257313888.29257
2025-10-13 10:41:34,4002114761512.114,268257313888.29257
2025-10-13 10:42:35,4002114761512.114,268257313888.29257
2025-10-13 10:43:46,4002114761512.114,268257313888.29257
2025-10-13 10:46:14,4002114761512.114,268257313888.29257
2025-10-13 10:47:14,4001231099036.313,267996890257.9297
2025-10-13 10:48:16,4001231099036.313,267996890257.9297
2025-10-13 10:49:22,4001231099036.313,267996890257.9297
2025-10-13 10:51:40,4001231099036.313,267996890257.9297
2025-10-13 10:52:43,4001231099036.313,267996890257.9297
2025-10-13 10:53:56,4001231099036.313,267996890257.9297
2025-10-13 10:55:01,4001231099036.313,267996890257.9297
2025-10-13 10:57:06,3994951909395.149,267793995419.4186
2025-10-13 10:58:23,3994951909395.149,267793995419.4186
2025-10-13 10:59:25,3994951909395.149,267793995419.4186
2025-10-13 11:00:28,3994951909395.149,267793995419.4186
2025-10-13 11:02:43,3994951909395.149,267793995419.4186
2025-10-13 11:03:56,3994951909395.149,267793995419.4186
2025-10-13 11:05:02,3994951909395.149,267793995419.4186
2025-10-13 11:06:12,3994951909395.149,267793995419.4186
2025-10-13 11:08:26,4001977042624.799,268119084007.61017
2025-10-13 11:09:32,4001977042624.799,268119084007.61017
2025-10-13 11:10:34,4001977042624.799,268119084007.61017
2025-10-13 11:11:41,4001977042624.799,268119084007.61017
2025-10-13 11:14:01,4001977042624.799,268119084007.61017
2025-10-13 11:15:03,4001977042624.799,268119084007.61017
2025-10-13 11:16:03,4001977042624.799,268119084007.61017
2025-10-13 11:17:11,3991869153257.567,267067305737.36377
2025-10-13 11:18:11,3991869153257.567,267067305737.36377
2025-10-13 11:19:25,3991869153257.567,267067305737.36377
2025-10-13 11:20:30,3991869153257.567,267067305737.36377
2025-10-13 11:21:43,3991869153257.567,267067305737.36377
2025-10-13 11:22:46,3991869153257.567,267067305737.36377
2025-10-13 11:23:59,3991869153257.567,267067305737.36377
2025-10-13 11:25:09,3991869153257.567,267067305737.36377
2025-10-13 11:26:10,3991869153257.567,267067305737.36377
2025-10-13 11:27:26,3990627090710.2856,267048498777.4677
2025-10-13 11:28:27,3990627090710.2856,267048498777.4677
2025-10-13 11:29:42,3990627090710.2856,267048498777.4677
2025-10-13 11:30:50,3990627090710.2856,267048498777.4677
2025-10-13 11:31:59,3990627090710.2856,267048498777.4677
2025-10-13 11:33:11,3990627090710.2856,267048498777.4677
2025-10-13 11:34:13,3990627090710.2856,267048498777.4677
2025-10-13 11:35:14,3990627090710.2856,267048498777.4677
2025-10-13 11:36:24,3990627090710.2856,267048498777.4677
2025-10-13 12:19:05,3996298587835.959,268090273849.4492
2025-10-13 12:20:23,3996298587835.959,268090273849.4492
2025-10-13 12:21:32,3996298587835.959,268090273849.4492
2025-10-13 12:22:37,3996298587835.959,268090273849.4492
2025-10-13 12:23:46,3996298587835.959,268090273849.4492
2025-10-13 12:24:48,3996298587835.959,268090273849.4492
2025-10-13 12:25:55,3996298587835.959,268090273849.4492
2025-10-13 12:27:13,3991896518100.698,268227497497.37167
2025-10-13 12:28:19,3991896518100.698,268227497497.37167
2025-10-13 12:29:26,3991896518100.698,268227497497.37167
2025-10-13 12:30:32,3991896518100.698,268227497497.37167
2025-10-13 12:31:42,3991896518100.698,268227497497.37167
2025-10-13 12:32:44,3991896518100.698,268227497497.37167
2025-10-13 12:33:52,3991896518100.698,268227497497.37167
2025-10-13 12:34:56,3991896518100.698,268227497497.37167
2025-10-13 12:36:09,3991896518100.698,268227497497.37167
2025-10-13 12:37:22,3988203607948.578,268188369375.52032
2025-10-13 12:38:25,3988203607948.578,268188369375.52032
2025-10-13 12:39:27,3988203607948.578,268188369375.52032
2025-10-13 12:40:27,3988203607948.578,268188369375.52032
2025-10-13 12:41:33,3988203607948.578,268188369375.52032
2025-10-13 12:42:39,3988203607948.578,268188369375.52032
2025-10-13 12:43:43,3988203607948.578,268188369375.52032
2025-10-13 12:44:48,3988203607948.578,268188369375.52032
2025-10-13 12:45:53,3988203607948.578,268188369375.52032
2025-10-13 12:46:57,3988203607948.578,268188369375.52032
2025-10-13 12:48:07,3987531363100.717,268769273080.8316
2025-10-13 12:49:16,3987531363100.717,268769273080.8316
2025-10-13 12:50:19,3987531363100.717,268769273080.8316
2025-10-13 12:51:20,3987531363100.717,268769273080.8316
2025-10-13 12:52:24,3987531363100.717,268769273080.8316
2025-10-13 12:53:26,3987531363100.717,268769273080.8316
2025-10-13 12:54:27,3987531363100.717,268769273080.8316
2025-10-13 12:55:35,3987531363100.717,268769273080.8316
2025-10-13 12:56:39,3987531363100.717,268769273080.8316
2025-10-13 12:57:44,3990473294063.559,269212322160.27484
2025-10-13 12:58:49,3990473294063.559,269212322160.27484
2025-10-13 12:59:56,3990473294063.559,269212322160.27484
2025-10-13 13:01:10,3990473294063.559,269212322160.27484
2025-10-13 13:02:10,3990473294063.559,269212322160.27484
2025-10-13 13:03:21,3990473294063.559,269212322160.27484
2025-10-13 13:04:24,3990473294063.559,269212322160.27484
2025-10-13 13:05:27,3990473294063.559,269212322160.27484
2025-10-13 13:06:30,3990473294063.559,269212322160.27484
2025-10-13 13:07:33,3986517051171.37,268752411002.9001
2025-10-13 13:08:34,3986517051171.37,268752411002.9001
2025-10-13 13:09:42,3986517051171.37,268752411002.9001
2025-10-13 13:10:46,3986517051171.37,268752411002.9001
2025-10-13 13:11:51,3986517051171.37,268752411002.9001
2025-10-13 13:12:57,3986517051171.37,268752411002.9001
2025-10-13 13:14:01,3986517051171.37,268752411002.9001
2025-10-13 13:15:14,3986517051171.37,268752411002.9001
2025-10-13 13:16:15,3986517051171.37,268752411002.9001
2025-10-13 13:17:20,3997571959466.0,269838057163.092
2025-10-13 13:18:24,3997571959466.0,269838057163.092
2025-10-13 13:19:27,3997571959466.0,269838057163.092
2025-10-13 13:20:29,3997571959466.0,269838057163.092
2025-10-13 13:21:33,3997571959466.0,269838057163.092
2025-10-13 13:22:33,3997571959466.0,269838057163.092
2025-10-13 13:23:44,3997571959466.0,269838057163.092
2025-10-13 13:24:48,3997571959466.0,269838057163.092
2025-10-13 13:25:57,3997571959466.0,269838057163.092
2025-10-13 13:27:04,4003646801871.117,270118710056.7056
2025-10-13 13:28:08,4003646801871.117,270118710056.7056
2025-10-13 13:29:12,4003646801871.117,270118710056.7056
2025-10-13 13:30:13,4003646801871.117,270118710056.7056
2025-10-13 13:31:15,4003646801871.117,270118710056.7056
2025-10-13 13:32:19,4003646801871.117,270118710056.7056
2025-10-13 13:33:27,4003646801871.117,270118710056.7056
2025-10-13 13:34:28,4003646801871.117,270118710056.7056
2025-10-13 13:35:36,4003646801871.117,270118710056.7056
2025-10-13 13:36:40,4003646801871.117,270118710056.7056
2025-10-13 13:37:42,4015305761968.482,273737187908.38147
2025-10-13 13:38:54,4015305761968.482,273737187908.38147
2025-10-13 13:40:00,4015305761968.482,273737187908.38147
2025-10-13 13:41:09,4015305761968.482,273737187908.38147
2025-10-13 13:42:09,4015305761968.482,273737187908.38147
2025-10-13 13:43:11,4015305761968.482,273737187908.38147
2025-10-13 13:44:12,4015305761968.482,273737187908.38147
2025-10-13 13:45:19,4015305761968.482,273737187908.38147
2025-10-13 13:46:27,4015305761968.482,273737187908.38147
2025-10-13 13:47:35,4009699627941.506,270815495219.888
2025-10-13 13:48:38,4009699627941.506,270815495219.888
2025-10-13 13:49:41,4009699627941.506,270815495219.888
2025-10-13 13:50:45,4009699627941.506,270815495219.888
2025-10-13 13:51:57,4009699627941.506,270815495219.888
2025-10-13 13:53:10,4009699627941.506,270815495219.888
2025-10-13 13:54:11,4009699627941.506,270815495219.888
2025-10-13 13:55:15,4009699627941.506,270815495219.888
2025-10-13 13:56:15,4009699627941.506,270815495219.888
2025-10-13 13:57:20,4020571239682.146,271965003709.04337
2025-10-13 13:58:23,4020571239682.146,271965003709.04337
2025-10-13 13:59:24,4020571239682.146,271965003709.04337
2025-10-13 14:00:30,4020571239682.146,271965003709.04337
2025-10-13 14:01:31,4020571239682.146,271965003709.04337
2025-10-13 14:02:39,4020571239682.146,271965003709.04337
2025-10-13 14:03:45,4020571239682.146,271965003709.04337
2025-10-13 14:04:51,4020571239682.146,271965003709.04337
2025-10-13 14:05:56,4020571239682.146,271965003709.04337
2025-10-13 14:07:01,4020571239682.146,271965003709.04337
2025-10-13 14:08:11,4020269004396.869,272038945172.11588
2025-10-13 14:09:12,4020269004396.869,272038945172.11588
2025-10-13 14:10:14,4020269004396.869,272038945172.11588
2025-10-13 14:11:15,4020269004396.869,272038945172.11588
2025-10-13 14:12:19,4020269004396.869,272038945172.11588
2025-10-13 14:13:19,4020269004396.869,272038945172.11588
2025-10-13 14:14:30,4020269004396.869,272038945172.11588
2025-10-13 14:15:33,4020269004396.869,272038945172.11588
2025-10-13 14:16:39,4020269004396.869,272038945172.11588
2025-10-13 14:17:40,4029898926029.1055,273125075926.3264
2025-10-13 14:18:45,4029898926029.1055,273125075926.3264
2025-10-13 14:19:48,4029898926029.1055,273125075926.3264
2025-10-13 14:20:51,4029898926029.1055,273125075926.3264
2025-10-13 14:22:11,4029898926029.1055,273125075926.3264
2025-10-13 14:23:14,4029898926029.1055,273125075926.3264
2025-10-13 14:24:15,4029898926029.1055,273125075926.3264
2025-10-13 14:25:20,4029898926029.1055,273125075926.3264
2025-10-13 14:26:22,4029898926029.1055,273125075926.3264
2025-10-13 14:27:28,4032418255082.1694,273385390671.0912
2025-10-13 14:28:28,4032418255082.1694,273385390671.0912
2025-10-13 14:29:33,4032418255082.1694,273385390671.0912
2025-10-13 14:30:36,4032418255082.1694,273385390671.0912
2025-10-13 14:31:39,4032418255082.1694,273385390671.0912
2025-10-13 14:32:44,4032418255082.1694,273385390671.0912
2025-10-13 14:33:51,4032418255082.1694,273385390671.0912
2025-10-13 14:34:51,4032418255082.1694,273385390671.0912
2025-10-13 14:36:00,4032418255082.1694,273385390671.0912
2025-10-13 14:38:05,4034336245077.544,274144329973.9553
2025-10-13 14:39:13,4034336245077.544,274144329973.9553
2025-10-13 14:40:13,4034336245077.544,274144329973.9553
2025-10-13 14:41:18,4034336245077.544,274144329973.9553
2025-10-13 14:43:36,4034336245077.544,274144329973.9553
2025-10-13 14:44:37,4034336245077.544,274144329973.9553
2025-10-13 14:45:45,4034336245077.544,274144329973.9553
2025-10-13 14:46:47,4034336245077.544,274144329973.9553
2025-10-13 14:49:16,4030179522823.6553,274766867833.16104
2025-10-13 14:50:16,4030179522823.6553,274766867833.16104
2025-10-13 14:51:23,4030179522823.6553,274766867833.16104
2025-10-13 14:52:28,4030179522823.6553,274766867833.16104
2025-10-13 14:54:37,4030179522823.6553,274766867833.16104
2025-10-13 14:55:42,4030179522823.6553,274766867833.16104
2025-10-13 14:56:48,4030179522823.6553,274766867833.16104
2025-10-13 14:57:59,4026560515874.294,276150785283.06573
2025-10-13 15:00:12,4026560515874.294,276150785283.06573
2025-10-13 15:01:18,4026560515874.294,276150785283.06573
2025-10-13 15:02:18,4026560515874.294,276150785283.06573
2025-10-13 15:03:19,4026560515874.294,276150785283.06573
2025-10-13 15:05:29,4026560515874.294,276150785283.06573
2025-10-13 15:06:31,4026560515874.294,276150785283.06573
2025-10-13 15:07:35,4027007619526.46,276577096963.76154
2025-10-13 15:08:36,4027007619526.46,276577096963.76154
2025-10-13 15:10:45,4027007619526.46,276577096963.76154
2025-10-13 15:11:48,4027007619526.46,276577096963.76154
2025-10-13 15:12:57,4027007619526.46,276577096963.76154
2025-10-13 15:14:03,4027007619526.46,276577096963.76154
2025-10-13 15:16:10,4027007619526.46,276577096963.76154
2025-10-13 15:17:19,4031564048249.676,277483886002.6516
2025-10-13 15:18:26,4031564048249.676,277483886002.6516
2025-10-13 15:19:27,4031564048249.676,277483886002.6516
2025-10-13 15:20:29,4031564048249.676,277483886002.6516
2025-10-13 15:21:34,4031564048249.676,277483886002.6516
2025-10-13 15:22:39,4031564048249.676,277483886002.6516
2025-10-13 15:23:45,4031564048249.676,277483886002.6516
2025-10-13 15:24:56,4031564048249.676,277483886002.6516
2025-10-13 15:25:58,4031564048249.676,277483886002.6516
2025-10-13 15:27:06,4031564048249.676,277483886002.6516
2025-10-13 15:29:23,4028852799010.004,278020864912.56464
2025-10-13 15:30:25,4028852799010.004,278020864912.56464
2025-10-13 15:31:27,4028852799010.004,278020864912.56464
2025-10-13 15:32:36,4028852799010.004,278020864912.56464
2025-10-13 15:33:38,4028852799010.004,278020864912.56464
2025-10-13 15:34:41,4028852799010.004,278020864912.56464
2025-10-13 15:35:43,4028852799010.004,278020864912.56464
2025-10-13 15:36:44,4028852799010.004,278020864912.56464
2025-10-13 15:37:47,4034797804213.877,278665724253.9309
2025-10-13 15:38:51,4034797804213.877,278665724253.9309
2025-10-13 15:40:00,4034797804213.877,278665724253.9309
2025-10-13 15:41:03,4034797804213.877,278665724253.9309
2025-10-13 15:42:05,4034797804213.877,278665724253.9309
2025-10-13 15:43:12,4034797804213.877,278665724253.9309
2025-10-13 15:45:16,4034797804213.877,278665724253.9309
2025-10-13 15:46:18,4034797804213.877,278665724253.9309
2025-10-13 15:47:19,4033226926500.087,278829160914.7964
2025-10-13 15:48:22,4033226926500.087,278829160914.7964
2025-10-13 15:50:28,4033226926500.087,278829160914.7964
2025-10-13 15:51:29,4033226926500.087,278829160914.7964
2025-10-13 15:52:33,4033226926500.087,278829160914.7964
2025-10-13 15:53:36,4033226926500.087,278829160914.7964
2025-10-13 15:55:41,4033226926500.087,278829160914.7964
2025-10-13 15:56:43,4033226926500.087,278829160914.7964
2025-10-13 15:57:45,4038865008253.654,278883839134.25616
2025-10-13 15:58:46,4038865008253.654,278883839134.25616
2025-10-13 16:00:54,4038865008253.654,278883839134.25616
2025-10-13 16:01:57,4038865008253.654,278883839134.25616
2025-10-13 16:03:01,4038865008253.654,278883839134.25616
2025-10-13 16:04:03,4038865008253.654,278883839134.25616
2025-10-13 16:06:11,4038865008253.654,278883839134.25616
2025-10-13 16:07:13,4038865008253.654,278883839134.25616
2025-10-13 16:08:17,4034066810739.792,278852923234.4636
2025-10-13 16:09:21,4034066810739.792,278852923234.4636
2025-10-13 16:10:24,4034066810739.792,278852923234.4636
2025-10-13 16:11:28,4034066810739.792,278852923234.4636
2025-10-13 16:12:29,4034066810739.792,278852923234.4636
2025-10-13 16:13:31,4034066810739.792,278852923234.4636
2025-10-13 16:14:33,4034066810739.792,278852923234.4636
2025-10-13 16:15:35,4034066810739.792,278852923234.4636
2025-10-13 16:16:37,4034066810739.792,278852923234.4636
2025-10-13 16:17:41,4018104659664.763,278500673234.2018
2025-10-13 16:19:47,4018104659664.763,278500673234.2018
2025-10-13 16:21:59,4018104659664.763,278500673234.2018
2025-10-13 16:23:00,4018104659664.763,278500673234.2018
2025-10-13 16:25:04,4018104659664.763,278500673234.2018
2025-10-13 16:27:09,4018104659664.763,278500673234.2018
2025-10-13 16:29:13,4020988610553.061,280065525059.31067
2025-10-13 16:30:21,4020988610553.061,280065525059.31067
2025-10-13 16:31:22,4020988610553.061,280065525059.31067
2025-10-13 16:32:26,4020988610553.061,280065525059.31067
2025-10-13 16:33:28,4020988610553.061,280065525059.31067
2025-10-13 16:34:30,4020988610553.061,280065525059.31067
2025-10-13 16:35:32,4020988610553.061,280065525059.31067
2025-10-13 16:36:34,4020988610553.061,280065525059.31067
2025-10-13 16:37:37,4026004859913.728,280864419139.5113
2025-10-13 16:39:42,4026004859913.728,280864419139.5113
2025-10-13 16:40:45,4026004859913.728,280864419139.5113
2025-10-13 16:41:48,4026004859913.728,280864419139.5113
2025-10-13 16:42:50,4026004859913.728,280864419139.5113
2025-10-13 16:44:56,4026004859913.728,280864419139.5113
2025-10-13 16:46:01,4026004859913.728,280864419139.5113
2025-10-13 16:48:05,4028735758092.386,281406952683.9824
2025-10-13 16:50:19,4028735758092.386,281406952683.9824
2025-10-13 16:51:19,4028735758092.386,281406952683.9824
2025-10-13 16:52:22,4028735758092.386,281406952683.9824
2025-10-13 16:53:25,4028735758092.386,281406952683.9824
2025-10-13 16:54:28,4028735758092.386,281406952683.9824
2025-10-13 16:55:30,4028735758092.386,281406952683.9824
2025-10-13 16:56:32,4028735758092.386,281406952683.9824
2025-10-13 16:57:36,4028667772992.296,281175291788.7685
2025-10-13 16:58:39,4028667772992.296,281175291788.7685
2025-10-13 16:59:42,4028667772992.296,281175291788.7685
2025-10-13 17:00:45,4028667772992.296,281175291788.7685
2025-10-13 17:01:49,4028667772992.296,281175291788.7685
2025-10-13 17:02:51,4028667772992.296,281175291788.7685
2025-10-13 17:03:54,4028667772992.296,281175291788.7685
2025-10-13 17:04:58,4028667772992.296,281175291788.7685
2025-10-13 17:06:04,4028667772992.296,281175291788.7685
2025-10-13 17:07:06,4028667772992.296,281175291788.7685
2025-10-13 17:08:11,4024400596905.24,280192105258.5027
2025-10-13 17:09:11,4024400596905.24,280192105258.5027
2025-10-13 17:10:12,4024400596905.24,280192105258.5027
2025-10-13 17:11:26,4024400596905.24,280192105258.5027
2025-10-13 17:12:29,4024400596905.24,280192105258.5027
2025-10-13 17:13:34,4024400596905.24,280192105258.5027
2025-10-13 17:14:38,4024400596905.24,280192105258.5027
2025-10-13 17:15:42,4024400596905.24,280192105258.5027
2025-10-13 17:16:46,4024400596905.24,280192105258.5027
2025-10-13 17:17:50,4016456808164.404,280280964316.742
2025-10-13 17:18:54,4016456808164.404,280280964316.742
2025-10-13 17:19:57,4016456808164.404,280280964316.742
2025-10-13 17:21:02,4016456808164.404,280280964316.742
2025-10-13 17:22:07,4016456808164.404,280280964316.742
2025-10-13 17:23:12,4016456808164.404,280280964316.742
2025-10-13 17:25:18,4016456808164.404,280280964316.742
2025-10-13 17:26:21,4016456808164.404,280280964316.742
2025-10-13 17:27:22,4016456808164.404,280280964316.742
2025-10-13 17:28:24,4018410836280.011,281155836968.08887
2025-10-13 17:30:28,4018410836280.011,281155836968.08887
2025-10-13 17:31:31,4018410836280.011,281155836968.08887
2025-10-13 17:32:33,4018410836280.011,281155836968.08887
2025-10-13 17:33:36,4018410836280.011,281155836968.08887
2025-10-13 17:35:43,4018410836280.011,281155836968.08887
2025-10-13 17:36:46,4018410836280.011,281155836968.08887
2025-10-13 17:37:50,4011040072990.179,281392988447.82983
2025-10-13 17:38:55,4011040072990.179,281392988447.82983
2025-10-13 17:41:01,4011040072990.179,281392988447.82983
2025-10-13 17:42:02,4011040072990.179,281392988447.82983
2025-10-13 17:44:02,4011040072990.179,281392988447.82983
2025-10-13 17:46:17,4011040072990.179,281392988447.82983
2025-10-13 17:47:19,4011040072990.179,281392988447.82983
2025-10-13 17:48:21,4009134471086.9688,282052168932.6136
2025-10-13 17:49:24,4009134471086.9688,282052168932.6136
2025-10-13 17:50:25,4009134471086.9688,282052168932.6136
2025-10-13 17:51:27,4009134471086.9688,282052168932.6136
2025-10-13 17:52:32,4009134471086.9688,282052168932.6136
2025-10-13 17:53:33,4009134471086.9688,282052168932.6136
2025-10-13 17:54:36,4009134471086.9688,282052168932.6136
2025-10-13 17:55:36,4009134471086.9688,282052168932.6136
2025-10-13 17:56:39,4009134471086.9688,282052168932.6136
2025-10-13 17:57:41,4013010690906.855,282519858683.53906
2025-10-13 17:58:44,4013010690906.855,282519858683.53906
2025-10-13 17:59:47,4013010690906.855,282519858683.53906
2025-10-13 18:00:52,4013010690906.855,282519858683.53906
2025-10-13 18:01:54,4013010690906.855,282519858683.53906
2025-10-13 18:02:59,4013010690906.855,282519858683.53906
2025-10-13 18:04:03,4013010690906.855,282519858683.53906
2025-10-13 18:05:05,4013010690906.855,282519858683.53906
2025-10-13 18:06:10,4013010690906.855,282519858683.53906
2025-10-13 18:07:12,4013010690906.855,282519858683.53906
2025-10-13 18:08:19,3993291464529.904,282034444901.58936
2025-10-13 18:09:23,3993291464529.904,282034444901.58936
2025-10-13 18:10:25,3993291464529.904,282034444901.58936
2025-10-13 18:11:28,3993291464529.904,282034444901.58936
2025-10-13 18:13:33,3993291464529.904,282034444901.58936
2025-10-13 18:14:38,3993291464529.904,282034444901.58936
2025-10-13 18:15:39,3993291464529.904,282034444901.58936
2025-10-13 18:16:42,3993291464529.904,282034444901.58936
2025-10-13 18:18:46,3997324432097.098,284910168381.2565
2025-10-13 18:19:49,3997324432097.098,284910168381.2565
2025-10-13 18:20:52,3997324432097.098,284910168381.2565
2025-10-13 18:21:54,3997324432097.098,284910168381.2565
2025-10-13 18:24:03,3997324432097.098,284910168381.2565
2025-10-13 18:25:05,3997324432097.098,284910168381.2565
2025-10-13 18:27:08,3997324432097.098,284910168381.2565
2025-10-13 18:28:12,3981832777936.6777,284240068770.538
2025-10-13 18:29:15,3981832777936.6777,284240068770.538
2025-10-13 18:30:21,3981832777936.6777,284240068770.538
2025-10-13 18:31:21,3981832777936.6777,284240068770.538
2025-10-13 18:32:24,3981832777936.6777,284240068770.538
2025-10-13 18:33:26,3981832777936.6777,284240068770.538
2025-10-13 18:34:28,3981832777936.6777,284240068770.538
2025-10-13 18:35:32,3981832777936.6777,284240068770.538
2025-10-13 18:36:34,3981832777936.6777,284240068770.538
2025-10-13 18:37:39,3973918132291.0977,287057948433.2408
2025-10-13 18:38:42,3973918132291.0977,287057948433.2408
2025-10-13 18:39:47,3973918132291.0977,287057948433.2408
2025-10-13 18:40:50,3973918132291.0977,287057948433.2408
2025-10-13 18:41:52,3973918132291.0977,287057948433.2408
2025-10-13 18:42:57,3973918132291.0977,287057948433.2408
2025-10-13 18:44:01,3973918132291.0977,287057948433.2408
2025-10-13 18:45:04,3973918132291.0977,287057948433.2408
2025-10-13 18:46:09,3973918132291.0977,287057948433.2408
2025-10-13 18:47:12,3973918132291.0977,287057948433.2408
2025-10-13 18:48:17,3975361808487.0073,288362546480.6872
2025-10-13 18:49:20,3975361808487.0073,288362546480.6872
2025-10-13 18:50:25,3975361808487.0073,288362546480.6872
2025-10-13 18:51:29,3975361808487.0073,288362546480.6872
2025-10-13 18:52:29,3975361808487.0073,288362546480.6872
2025-10-13 18:53:32,3975361808487.0073,288362546480.6872
2025-10-13 18:54:35,3975361808487.0073,288362546480.6872
2025-10-13 18:55:36,3975361808487.0073,288362546480.6872
2025-10-13 18:56:39,3975361808487.0073,288362546480.6872
2025-10-13 18:57:41,3980607978440.906,289553047521.72345
2025-10-13 18:58:44,3980607978440.906,289553047521.72345
2025-10-13 18:59:48,3980607978440.906,289553047521.72345
2025-10-13 19:00:51,3980607978440.906,289553047521.72345
2025-10-13 19:01:54,3980607978440.906,289553047521.72345
2025-10-13 19:03:00,3980607978440.906,289553047521.72345
2025-10-13 19:04:02,3980607978440.906,289553047521.72345
2025-10-13 19:05:03,3980607978440.906,289553047521.72345
2025-10-13 19:06:06,3980607978440.906,289553047521.72345
2025-10-13 19:07:08,3980607978440.906,289553047521.72345
2025-10-13 19:08:12,3968080649359.737,289091456555.5116
2025-10-13 19:09:14,3968080649359.737,289091456555.5116
2025-10-13 19:10:22,3968080649359.737,289091456555.5116
2025-10-13 19:11:22,3968080649359.737,289091456555.5116
2025-10-13 19:12:26,3968080649359.737,289091456555.5116
2025-10-13 19:13:28,3968080649359.737,289091456555.5116
2025-10-13 19:14:30,3968080649359.737,289091456555.5116
2025-10-13 19:15:33,3968080649359.737,289091456555.5116
2025-10-13 19:16:34,3968080649359.737,289091456555.5116
2025-10-13 19:17:38,3979047257705.3657,290516955029.4776
2025-10-13 19:18:40,3979047257705.3657,290516955029.4776
2025-10-13 19:19:42,3979047257705.3657,290516955029.4776
2025-10-13 19:20:45,3979047257705.3657,290516955029.4776
2025-10-13 19:21:51,3979047257705.3657,290516955029.4776
2025-10-13 19:22:55,3979047257705.3657,290516955029.4776
2025-10-13 19:24:00,3979047257705.3657,290516955029.4776
2025-10-13 19:25:05,3979047257705.3657,290516955029.4776
2025-10-13 19:26:06,3979047257705.3657,290516955029.4776
2025-10-13 19:27:11,3979047257705.3657,290516955029.4776
2025-10-13 19:28:12,3983078041482.097,290222575426.4403
2025-10-13 19:29:13,3983078041482.097,290222575426.4403
2025-10-13 19:30:17,3983078041482.097,290222575426.4403
2025-10-13 19:31:23,3983078041482.097,290222575426.4403
2025-10-13 19:32:25,3983078041482.097,290222575426.4403
2025-10-13 19:33:26,3983078041482.097,290222575426.4403
2025-10-13 19:34:28,3983078041482.097,290222575426.4403
2025-10-13 19:35:30,3983078041482.097,290222575426.4403
2025-10-13 19:36:34,3983078041482.097,290222575426.4403
2025-10-13 19:37:36,3993254073033.553,290839508818.8067
2025-10-13 19:38:39,3993254073033.553,290839508818.8067
2025-10-13 19:39:43,3993254073033.553,290839508818.8067
2025-10-13 19:40:45,3993254073033.553,290839508818.8067
2025-10-13 19:41:51,3993254073033.553,290839508818.8067
2025-10-13 19:42:54,3993254073033.553,290839508818.8067
2025-10-13 19:43:56,3993254073033.553,290839508818.8067
2025-10-13 19:45:03,3993254073033.553,290839508818.8067
2025-10-13 19:46:05,3993254073033.553,290839508818.8067
2025-10-13 19:47:09,3993254073033.553,290839508818.8067
2025-10-13 19:48:15,3990323932348.36,290883730785.65594
2025-10-13 19:49:21,3990323932348.36,290883730785.65594
2025-10-13 19:50:25,3990323932348.36,290883730785.65594
2025-10-13 19:51:28,3990323932348.36,290883730785.65594
2025-10-13 19:52:31,3990323932348.36,290883730785.65594
2025-10-13 19:53:33,3990323932348.36,290883730785.65594
2025-10-13 19:54:37,3990323932348.36,290883730785.65594
2025-10-13 19:55:41,3990323932348.36,290883730785.65594
2025-10-13 19:56:49,3990323932348.36,290883730785.65594
2025-10-13 19:57:50,3983883184513.6216,290913428651.8919
2025-10-13 19:58:55,3983883184513.6216,290913428651.8919
2025-10-13 20:00:00,3983883184513.6216,290913428651.8919
2025-10-13 20:02:22,3983883184513.6216,290913428651.8919
2025-10-13 20:03:28,3983883184513.6216,290913428651.8919
2025-10-13 20:05:20,3983883184513.6216,290913428651.8919
2025-10-13 20:07:26,3983883184513.6216,290913428651.8919
2025-10-13 20:08:30,3986231859758.285,291516565234.92267
2025-10-13 20:09:32,3986231859758.285,291516565234.92267
2025-10-13 20:10:34,3986231859758.285,291516565234.92267
2025-10-13 20:12:39,3986231859758.285,291516565234.92267
2025-10-13 20:13:42,3986231859758.285,291516565234.92267
2025-10-13 20:14:44,3986231859758.285,291516565234.92267
2025-10-13 20:15:46,3986231859758.285,291516565234.92267
2025-10-13 20:17:52,3981551959917.552,291970992779.4879
2025-10-13 20:18:55,3981551959917.552,291970992779.4879
2025-10-13 20:19:59,3981551959917.552,291970992779.4879
2025-10-13 20:21:02,3981551959917.552,291970992779.4879
2025-10-13 20:23:10,3981551959917.552,291970992779.4879
2025-10-13 20:24:15,3981551959917.552,291970992779.4879
2025-10-13 20:25:22,3981551959917.552,291970992779.4879
2025-10-13 20:26:23,3981551959917.552,291970992779.4879
2025-10-13 20:28:32,3980300202987.719,292135765648.2838
2025-10-13 20:29:35,3980300202987.719,292135765648.2838
2025-10-13 20:30:39,3980300202987.719,292135765648.2838
2025-10-13 20:31:42,3980300202987.719,292135765648.2838
2025-10-13 20:33:53,3980300202987.719,292135765648.2838
2025-10-13 20:34:55,3980300202987.719,292135765648.2838
2025-10-13 20:35:59,3980300202987.719,292135765648.2838
2025-10-13 20:38:03,4004807007067.5454,294672588959.57355
2025-10-13 20:39:10,4004807007067.5454,294672588959.57355
2025-10-13 20:40:10,4004807007067.5454,294672588959.57355
2025-10-13 20:41:12,4004807007067.5454,294672588959.57355
2025-10-13 20:43:18,4004807007067.5454,294672588959.57355
2025-10-13 20:44:21,4004807007067.5454,294672588959.57355
2025-10-13 20:45:22,4004807007067.5454,294672588959.57355
2025-10-13 20:46:27,4004807007067.5454,294672588959.57355
2025-10-13 20:48:34,4002431209578.64,297643287407.7229
2025-10-13 20:49:35,4002431209578.64,297643287407.7229
2025-10-13 20:50:37,4002431209578.64,297643287407.7229
2025-10-13 20:51:39,4002431209578.64,297643287407.7229
2025-10-13 20:53:42,4002431209578.64,297643287407.7229
2025-10-13 20:54:46,4002431209578.64,297643287407.7229
2025-10-13 20:55:48,4002431209578.64,297643287407.7229
2025-10-13 20:56:52,4002431209578.64,297643287407.7229
2025-10-13 20:59:01,4012226950576.016,299748451588.7645
2025-10-13 21:00:04,4012226950576.016,299748451588.7645
2025-10-13 21:01:08,4012226950576.016,299748451588.7645
2025-10-13 21:02:10,4012226950576.016,299748451588.7645
2025-10-13 21:36:40,3988351345223.1255,300744078263.40424
2025-10-13 21:38:44,3990214278346.385,303389091636.4362
2025-10-13 21:41:41,3990214278346.385,303389091636.4362
2025-10-13 21:43:47,3990214278346.385,303389091636.4362
2025-10-13 21:49:22,3986523239158.552,303611825308.60376
2025-10-13 21:54:24,3986523239158.552,303611825308.60376
2025-10-13 21:59:25,3966026482353.156,296146161431.19336
2025-10-13 22:03:34,3966026482353.156,296146161431.19336
2025-10-13 22:08:37,3977766342384.451,290526063894.2461
2025-10-13 22:13:38,3977766342384.451,290526063894.2461
2025-10-13 22:48:54,3989680627381.1367,277655201783.86206
2025-10-13 22:53:57,3989680627381.1367,277655201783.86206
2025-10-13 22:59:00,3990424580291.524,276277975491.8423
2025-10-13 23:04:02,3990424580291.524,276277975491.8423
2025-10-13 17:27:51,4005660932339.847,260491876926.5732
2025-10-13 17:32:52,4002706491283.497,258710041820.08984
2025-10-13 17:37:52,4002706491283.497,258710041820.08984
2025-10-13 17:42:52,4005956481581.958,258085696543.02805
2025-10-13 17:44:20,4005956481581.958,258085696543.02805
2025-10-13 17:47:52,4005956481581.958,258085696543.02805
2025-10-13 17:49:21,4002874154544.76,257283229249.75552
2025-10-13 17:52:52,4002874154544.76,257283229249.75552
2025-10-13 17:57:53,4002874154544.76,257283229249.75552
2025-10-13 17:59:21,4000961721447.185,256146266507.8116
2025-10-13 18:02:53,4000961721447.185,256146266507.8116
2025-10-13 18:04:22,4000961721447.185,256146266507.8116
2025-10-13 18:07:53,4000961721447.185,256146266507.8116
2025-10-13 18:09:22,4023989960046.099,257725818382.81293
2025-10-13 18:12:53,4023989960046.099,257725818382.81293
2025-10-13 18:14:22,4023989960046.099,257725818382.81293
2025-10-13 18:17:53,4023989960046.099,257725818382.81293
2025-10-13 18:19:23,4020355347323.767,257847291496.386
2025-10-13 18:22:54,4020355347323.767,257847291496.386
2025-10-13 18:24:23,4020355347323.767,257847291496.386
2025-10-13 18:27:17,4020355347323.767,257847291496.386
2025-10-13 18:32:17,4036333743980.9136,258915149807.91888
2025-10-13 18:34:39,4036333743980.9136,258915149807.91888
2025-10-13 18:38:04,4036333743980.9136,258915149807.91888
2025-10-13 18:43:05,4030609271661.517,258781139844.5068
2025-10-13 18:45:33,4030609271661.517,258781139844.5068
2025-10-13 18:47:13,4030609271661.517,258781139844.5068
2025-10-13 18:50:34,4034009081002.309,258688842627.8896
2025-10-13 18:52:14,4034009081002.309,258688842627.8896
2025-10-13 19:00:23,4028175380209.54,258273593490.45493
2025-10-13 19:05:24,4028175380209.54,258273593490.45493
2025-10-13 19:10:24,4031784663079.711,258200438041.58008
2025-10-13 19:15:24,4031784663079.711,258200438041.58008
2025-10-13 19:20:24,4042864314903.629,259327331313.3997
2025-10-13 19:25:24,4042864314903.629,259327331313.3997
2025-10-13 19:30:25,4045281215866.46,259420825627.15463
2025-10-13 19:35:25,4045281215866.46,259420825627.15463
2025-10-13 19:40:25,4045480675932.006,259903134922.6022
2025-10-13 19:45:25,4045480675932.006,259903134922.6022
2025-10-13 19:50:25,4053842153608.176,260753449564.21484
2025-10-13 19:55:25,4053842153608.176,260753449564.21484
2025-10-13 20:00:25,4054586207235.3447,261307056273.0896
2025-10-13 20:05:26,4054586207235.3447,261307056273.0896
2025-10-13 20:10:26,4054729571946.156,260941416387.8288
2025-10-14 13:03:47,3848058084254.681,241782769196.08984
2025-10-14 13:08:48,3848058084254.681,241782769196.08984
2025-10-14 13:13:48,3846324593182.304,240693029245.11523
2025-10-14 13:18:48,3846324593182.304,240693029245.11523
2025-10-14 13:23:48,3835321250197.34,239892994004.0993
2025-10-14 13:27:02,3835321250197.34,239892994004.0993
2025-10-14 13:28:48,3835321250197.34,239892994004.0993
2025-10-14 13:32:03,3846955342187.678,241357775907.01044
2025-10-14 13:33:48,3846955342187.678,241357775907.01044
2025-10-14 13:37:03,3846955342187.678,241357775907.01044
2025-10-14 13:38:49,3846955342187.678,241357775907.01044
2025-10-14 13:42:03,3824464574670.397,238387353393.1833
2025-10-14 13:43:49,3824464574670.397,238387353393.1833
2025-10-14 13:47:03,3824464574670.397,238387353393.1833
2025-10-14 13:48:49,3824464574670.397,238387353393.1833
2025-10-14 13:52:03,3858369206458.218,240998418993.51657
2025-10-14 13:54:33,3858369206458.218,240998418993.51657
2025-10-14 13:57:04,3858369206458.218,240998418993.51657
2025-10-14 13:58:49,3858369206458.218,240998418993.51657
2025-10-14 14:02:04,3859109208525.615,241835687401.98096
2025-10-14 14:03:49,3859109208525.615,241835687401.98096
2025-10-14 14:07:04,3859109208525.615,241835687401.98096
2025-10-14 14:08:49,3859109208525.615,241835687401.98096
2025-10-14 14:12:04,3861743836535.6606,241670193104.763
2025-10-14 14:14:34,3861743836535.6606,241670193104.763
2025-10-14 14:17:04,3861743836535.6606,241670193104.763
2025-10-14 14:18:50,3861743836535.6606,241670193104.763
2025-10-14 14:22:04,3893239955557.502,244337947491.2993
2025-10-14 14:24:34,3893239955557.502,244337947491.2993
2025-10-14 14:27:04,3893239955557.502,244337947491.2993
2025-10-14 14:28:50,3893239955557.502,244337947491.2993
2025-10-14 14:32:05,3886614386262.97,245728360133.2344
2025-10-14 14:37:05,3886614386262.97,245728360133.2344
2025-10-14 14:38:50,3886614386262.97,245728360133.2344
2025-10-14 14:42:05,3874671806135.159,245192627214.07697
2025-10-14 14:43:50,3874671806135.159,245192627214.07697
2025-10-14 14:47:06,3874671806135.159,245192627214.07697
2025-10-14 14:48:50,3874671806135.159,245192627214.07697
2025-10-14 14:52:06,3895745661158.84,246443828637.12616
2025-10-14 14:54:35,3895745661158.84,246443828637.12616
2025-10-14 14:57:12,3895745661158.84,246443828637.12616
2025-10-14 15:02:13,3876836371946.321,245625655685.88828
2025-10-14 15:07:13,3876836371946.321,245625655685.88828
2025-10-14 15:10:02,3877944110768.825,245856389976.30112
2025-10-14 15:12:24,3877944110768.825,245856389976.30112
2025-10-14 15:17:25,3877944110768.825,245856389976.30112
2025-10-14 15:22:25,3868551283460.9146,245799126006.6696
2025-10-14 15:27:25,3868551283460.9146,245799126006.6696
2025-10-14 15:32:25,3878633119056.139,246361160308.20013
2025-10-14 15:37:25,3878633119056.139,246361160308.20013
2025-10-14 15:42:25,3891012225750.303,247554835813.6201
2025-10-14 15:47:25,3891012225750.303,247554835813.6201
2025-10-14 15:51:48,3905894627110.177,248802824970.0321
2025-10-14 15:56:49,3905894627110.177,248802824970.0321
2025-10-14 16:01:49,3932059999701.719,252199856096.9337
2025-10-14 16:06:49,3932059999701.719,252199856096.9337
2025-10-14 16:13:49,3923198334138.308,253147014521.5928
2025-10-14 16:18:50,3923198334138.308,253147014521.5928
2025-10-14 16:20:00,3923198334138.308,253147014521.5928
2025-10-14 16:23:50,3937560502497.816,254641115295.5566
2025-10-14 16:25:00,3937560502497.816,254641115295.5566
2025-10-14 16:28:50,3937560502497.816,254641115295.5566
2025-10-14 16:30:00,3937560502497.816,254641115295.5566
2025-10-14 16:33:52,3948488816413.444,258050886413.71872
2025-10-14 16:38:52,3948488816413.444,258050886413.71872
2025-10-14 16:40:01,3948488816413.444,258050886413.71872
2025-10-14 16:43:52,3939780431748.154,259073703164.9632
2025-10-14 16:45:01,3939780431748.154,259073703164.9632
2025-10-14 16:47:16,3939780431748.154,259073703164.9632
2025-10-14 16:48:52,3939780431748.154,259073703164.9632
2025-10-14 16:50:02,3939780431748.154,259073703164.9632
2025-10-14 16:52:17,3944152802955.714,260258203976.90903
2025-10-14 16:55:02,3944152802955.714,260258203976.90903
2025-10-14 16:58:51,3944152802955.714,260258203976.90903
2025-10-14 17:03:52,3933454197796.217,260594934009.8316
2025-10-14 17:08:52,3933454197796.217,260594934009.8316
2025-10-14 17:13:52,3938507743993.728,263625383445.7201
2025-10-14 17:18:52,3938507743993.728,263625383445.7201
2025-10-14 17:23:53,3947093292565.453,265091853832.7205
2025-10-14 17:28:53,3947093292565.453,265091853832.7205
2025-10-14 17:33:53,3946854336233.076,266212956295.9787
2025-10-14 17:38:53,3946854336233.076,266212956295.9787
2025-10-14 17:43:54,3935114786723.5474,266726091825.67737
2025-10-14 17:47:42,3935114786723.5474,266726091825.67737
2025-10-14 17:50:01,3935114786723.5474,266726091825.67737
2025-10-14 17:54:22,3942921985307.26,267536793108.084
2025-10-14 18:01:33,3940932806244.0537,267329071290.6552
2025-10-14 18:06:33,3940932806244.0537,267329071290.6552
2025-10-14 18:09:40,3940932806244.0537,267329071290.6552
2025-10-14 18:14:40,3953217452574.681,266797449571.4325
2025-10-14 18:19:41,3953217452574.681,266797449571.4325
2025-10-14 18:24:41,3958718012592.149,267283102812.73148
2025-10-14 18:26:57,3958718012592.149,267283102812.73148
2025-10-14 18:31:58,3955888707833.4536,267187001629.05728
2025-10-14 18:36:48,3955888707833.4536,267187001629.05728
2025-10-14 18:41:49,3953885404265.2334,267320702977.44385
2025-10-14 18:46:49,3953885404265.2334,267320702977.44385
2025-10-14 18:49:17,3953885404265.2334,267320702977.44385
2025-10-14 18:54:18,3947690448555.9946,268004219739.5797
2025-10-14 18:59:18,3947690448555.9946,268004219739.5797
2025-10-14 19:04:18,3940667060237.58,267795814811.00305
2025-10-14 19:09:19,3940667060237.58,267795814811.00305
2025-10-14 19:12:41,3951439878286.103,268018848799.1885
2025-10-14 19:14:19,3951439878286.103,268018848799.1885
2025-10-14 19:17:42,3951439878286.103,268018848799.1885
2025-10-14 19:19:12,3951439878286.103,268018848799.1885
2025-10-14 19:23:26,3956763403836.797,267925346640.7708
2025-10-14 19:33:27,3960105514126.618,267701537058.52515
2025-10-15 14:46:31,3895410135145.9336,223220092772.33807
2025-10-15 14:51:32,3895410135145.9336,223220092772.33807
2025-10-15 15:01:32,3881503743954.504,223127632757.51584
2025-10-15 15:06:32,3873849307236.514,223073646534.2028
2025-10-15 15:11:32,3873849307236.514,223073646534.2028
2025-10-15 15:16:32,3875057659429.296,222469095255.10635
2025-10-15 15:21:33,3875057659429.296,222469095255.10635
2025-10-15 15:26:33,3871951153501.357,222959772887.6075
2025-10-15 15:31:33,3871951153501.357,222959772887.6075
2025-10-15 15:35:17,3876663830639.917,224003979583.8427
2025-10-15 15:40:18,3876663830639.917,224003979583.8427
2025-10-15 15:45:18,3863514831561.873,223700042493.93628
2025-10-15 15:46:33,3863514831561.873,223700042493.93628
2025-10-15 15:50:19,3863514831561.873,223700042493.93628
2025-10-15 15:51:33,3863514831561.873,223700042493.93628
2025-10-15 15:55:19,3853355607352.544,222901833524.67
2025-10-15 16:00:19,3853355607352.544,222901833524.67
2025-10-15 16:01:34,3853355607352.544,222901833524.67
2025-10-15 16:05:19,3864767277566.005,222984869445.4676
2025-10-15 16:06:34,3864767277566.005,222984869445.4676
2025-10-15 16:10:19,3864767277566.005,222984869445.4676
2025-10-15 16:11:34,3864767277566.005,222984869445.4676
2025-10-15 16:15:20,3862525589926.8745,220904895658.43744
2025-10-15 16:16:34,3862525589926.8745,220904895658.43744
2025-10-15 16:20:20,3862525589926.8745,220904895658.43744
2025-10-15 16:21:34,3862525589926.8745,220904895658.43744
2025-10-15 16:25:20,3863672578088.065,219871807531.7365
2025-10-15 16:26:34,3863672578088.065,219871807531.7365
2025-10-15 16:30:20,3863672578088.065,219871807531.7365
2025-10-15 16:31:34,3863672578088.065,219871807531.7365
2025-10-15 16:35:20,3866638428675.9634,216612565839.18835
2025-10-15 16:36:35,3866638428675.9634,216612565839.18835
2025-10-15 16:40:20,3866638428675.9634,216612565839.18835
2025-10-15 16:41:35,3866638428675.9634,216612565839.18835
2025-10-15 16:45:20,3861141457978.3135,214934832847.0374
2025-10-15 16:46:35,3861141457978.3135,214934832847.0374
2025-10-15 16:50:21,3861141457978.3135,214934832847.0374
2025-10-15 16:51:35,3861141457978.3135,214934832847.0374
2025-10-15 16:55:21,3865210261178.176,214601651972.1052
2025-10-15 16:56:35,3865210261178.176,214601651972.1052
2025-10-15 17:00:21,3865210261178.176,214601651972.1052
2025-10-15 17:01:35,3865210261178.176,214601651972.1052
2025-10-15 17:05:21,3857900733031.823,212796636484.1357
2025-10-15 17:06:36,3857900733031.823,212796636484.1357
2025-10-15 17:10:21,3857900733031.823,212796636484.1357
2025-10-15 17:11:36,3857900733031.823,212796636484.1357
2025-10-15 17:15:22,3846443381807.3696,209382633484.01453
2025-10-15 17:16:36,3846443381807.3696,209382633484.01453
2025-10-15 17:20:22,3846443381807.3696,209382633484.01453
2025-10-15 17:21:36,3846443381807.3696,209382633484.01453
2025-10-15 17:25:22,3847182801442.327,209814338673.8364
2025-10-15 17:26:36,3847182801442.327,209814338673.8364
2025-10-15 17:30:22,3847182801442.327,209814338673.8364
2025-10-15 17:31:36,3847182801442.327,209814338673.8364
2025-10-15 17:35:22,3839864148049.2,209203984707.5861
2025-10-15 17:36:36,3839864148049.2,209203984707.5861
2025-10-15 17:40:23,3839864148049.2,209203984707.5861
2025-10-15 17:41:37,3839864148049.2,209203984707.5861
2025-10-15 17:45:23,3852495449870.556,209308619549.8432
2025-10-15 17:46:37,3852495449870.556,209308619549.8432
2025-10-15 17:50:23,3852495449870.556,209308619549.8432
2025-10-15 17:51:37,3852495449870.556,209308619549.8432
2025-10-15 17:55:23,3866296973253.615,209564881903.7694
2025-10-15 17:56:37,3866296973253.615,209564881903.7694
2025-10-15 18:00:23,3866296973253.615,209564881903.7694
2025-10-15 18:01:37,3866296973253.615,209564881903.7694
2025-10-15 18:05:23,3861994275514.855,209006976467.05264
2025-10-15 18:06:37,3861994275514.855,209006976467.05264
2025-10-15 18:10:24,3861994275514.855,209006976467.05264
2025-10-15 18:11:37,3861994275514.855,209006976467.05264
2025-10-15 18:15:24,3865480162093.315,208196054827.2517
2025-10-15 18:16:38,3865480162093.315,208196054827.2517
2025-10-15 18:20:24,3865480162093.315,208196054827.2517
2025-10-15 18:21:38,3865480162093.315,208196054827.2517
2025-10-15 18:25:24,3872983586370.183,207843935070.4036
2025-10-15 18:26:38,3872983586370.183,207843935070.4036
2025-10-15 18:30:24,3872983586370.183,207843935070.4036
2025-10-15 18:31:38,3872983586370.183,207843935070.4036
2025-10-15 18:35:24,3873855922182.081,207451253551.84247
2025-10-15 18:36:38,3873855922182.081,207451253551.84247
2025-10-15 18:40:25,3873855922182.081,207451253551.84247
2025-10-15 18:41:38,3873855922182.081,207451253551.84247
2025-10-15 18:45:25,3869091780933.2817,206711515887.0793
2025-10-15 18:46:39,3869091780933.2817,206711515887.0793
2025-10-15 18:50:25,3869091780933.2817,206711515887.0793
2025-10-15 18:51:39,3869091780933.2817,206711515887.0793
2025-10-15 18:55:25,3875481265789.561,206014566500.7085
2025-10-15 18:56:39,3875481265789.561,206014566500.7085
2025-10-15 18:58:41,3875481265789.561,206014566500.7085
2025-10-15 19:00:52,3875481265789.561,206014566500.7085
2025-10-15 19:05:53,3875422737897.615,205341912660.98087
2025-10-15 19:15:54,3870537058374.327,210215304972.56647
2025-10-15 19:20:54,3870537058374.327,210215304972.56647
2025-10-15 19:31:09,3878100503478.217,204436816257.3749
2025-10-15 19:36:09,3879631051424.693,204006900756.23068
2025-10-15 19:41:09,3879631051424.693,204006900756.23068
2025-10-15 19:46:09,3872129509707.432,202211292692.8285
2025-10-15 19:51:10,3872129509707.432,202211292692.8285
2025-10-15 20:01:25,3865439089317.357,199249739772.31223
2025-10-15 20:06:25,3872117104364.004,198765984248.95105
2025-10-15 20:11:25,3872117104364.004,198765984248.95105
2025-10-15 20:16:25,3871136165404.813,197788133285.4831
2025-10-15 20:21:25,3871136165404.813,197788133285.4831
2025-10-15 20:26:25,3875031951469.4287,197123957555.93643
2025-10-15 20:31:26,3875031951469.4287,197123957555.93643
2025-10-15 20:36:26,3852928902234.957,196027510255.34744
2025-10-15 20:41:26,3852928902234.957,196027510255.34744
2025-10-15 20:46:26,3861922602329.391,198852662369.2548
2025-10-15 20:51:26,3861922602329.391,198852662369.2548
2025-10-15 20:56:26,3862682857677.471,199303807381.9448
2025-10-15 21:01:27,3862682857677.471,199303807381.9448
2025-10-15 21:06:27,3855281204502.565,199450110731.1083
2025-10-15 21:11:27,3855281204502.565,199450110731.1083
2025-10-15 21:16:27,3846625469151.183,199500906289.58698
2025-10-15 21:21:27,3846625469151.183,199500906289.58698
2025-10-15 21:26:27,3846984148342.5737,200348933528.946
2025-10-15 21:31:28,3846984148342.5737,200348933528.946
2025-10-15 21:36:28,3860723916668.4126,201153561216.4414
2025-10-15 21:41:28,3860723916668.4126,201153561216.4414
2025-10-15 21:46:28,3862901262026.72,201401517945.7301
2025-10-15 21:51:28,3862901262026.72,201401517945.7301
2025-10-15 21:56:28,3844249469193.713,201120279783.3545
2025-10-15 22:01:28,3844249469193.713,201120279783.3545
2025-10-15 22:06:29,3850526250113.389,201473053047.9629
2025-10-15 22:11:29,3850526250113.389,201473053047.9629
2025-10-15 22:16:29,3855437540137.451,201158424468.40585
2025-10-15 22:21:29,3855437540137.451,201158424468.40585
2025-10-15 22:26:29,3861848950122.6494,201434758582.9632
2025-10-15 22:31:29,3861848950122.6494,201434758582.9632
2025-10-15 22:36:30,3860120132077.48,201381988287.068
2025-10-15 22:41:30,3860120132077.48,201381988287.068
2025-10-15 22:46:30,3862367687518.881,201460370995.65985
2025-10-15 22:51:30,3862367687518.881,201460370995.65985
2025-10-15 22:56:30,3848221461879.5337,201039992532.3996
2025-10-15 23:01:30,3848221461879.5337,201039992532.3996
2025-10-15 23:06:31,3847012843108.568,200881667248.6045
2025-10-15 23:11:31,3847012843108.568,200881667248.6045
2025-10-15 23:16:31,3855990103521.515,201780662445.64032
2025-10-15 23:21:31,3855990103521.515,201780662445.64032
2025-10-15 23:26:31,3853787165547.484,201260002430.89087
2025-10-15 23:31:31,3853787165547.484,201260002430.89087
2025-10-15 23:36:32,3857728595965.826,201231552523.3431
2025-10-15 23:41:32,3857728595965.826,201231552523.3431
2025-10-15 23:46:32,3859975586418.6094,201237277781.61526
2025-10-15 23:51:33,3859975586418.6094,201237277781.61526
2025-10-15 23:56:33,3851822924349.759,201052392105.50885
2025-10-16 00:01:33,3851822924349.759,201052392105.50885
2025-10-16 00:06:33,3855880993738.084,200757946431.402
2025-10-16 00:11:33,3855880993738.084,200757946431.402
2025-10-16 00:16:33,3849619103702.861,200242293185.6873
2025-10-16 00:21:33,3849619103702.861,200242293185.6873
2025-10-16 00:26:33,3856509007517.268,200288960044.8245
2025-10-16 00:31:34,3856509007517.268,200288960044.8245
2025-10-16 00:36:34,3849907946519.7305,199725178428.79425
2025-10-16 00:41:34,3849907946519.7305,199725178428.79425
2025-10-16 00:46:34,3846713049388.089,199756602396.382
2025-10-16 00:51:34,3846713049388.089,199756602396.382
2025-10-16 00:56:34,3850924932640.0273,199715336543.2964
2025-10-16 01:01:35,3850924932640.0273,199715336543.2964
2025-10-16 01:06:35,3854621476411.232,199201455512.31787
2025-10-16 01:11:35,3854621476411.232,199201455512.31787
2025-10-16 01:16:35,3868485553554.432,199256042618.8674
2025-10-16 01:21:35,3868485553554.432,199256042618.8674
2025-10-16 01:26:35,3857637795445.0063,198920461067.6949
2025-10-16 01:31:36,3857637795445.0063,198920461067.6949
2025-10-16 01:36:36,3865104578531.0806,199002237540.50085
2025-10-16 01:41:36,3865104578531.0806,199002237540.50085
2025-10-16 01:46:36,3869069727132.528,199041061156.9504
2025-10-16 01:51:36,3869069727132.528,199041061156.9504
2025-10-16 01:56:36,3873126576612.951,199083588519.63028
2025-10-16 02:01:36,3873126576612.951,199083588519.63028
2025-10-16 02:06:37,3872340544127.336,199306662918.815
2025-10-16 02:11:37,3872340544127.336,199306662918.815
2025-10-16 02:16:37,3880044652870.2856,199942731559.29608
2025-10-16 02:21:37,3880044652870.2856,199942731559.29608
2025-10-16 02:26:37,3879610182778.113,199547530782.8446
2025-10-16 10:52:49,3889307013120.1753,199045660731.86526
2025-10-16 10:57:51,3892402077409.738,199185422541.67905
2025-10-16 11:02:51,3892402077409.738,199185422541.67905
2025-10-16 11:07:51,3888682905532.823,198777385261.4397
2025-10-16 11:12:51,3888682905532.823,198777385261.4397
2025-10-16 11:17:51,3888483627580.7695,198972974936.0599
2025-10-16 11:22:51,3888483627580.7695,198972974936.0599
2025-10-16 11:27:52,3881818238351.551,197338033868.6099
2025-10-16 11:32:52,3881818238351.551,197338033868.6099
2025-10-16 11:37:52,3880299174686.4814,197446350839.2964
2025-10-16 11:42:52,3880299174686.4814,197446350839.2964
2025-10-16 11:47:52,3880503543040.207,197682541303.93503
2025-10-16 11:52:53,3880503543040.207,197682541303.93503
2025-10-16 11:57:53,3884840066156.758,198042050267.23163
2025-10-16 12:02:53,3884840066156.758,198042050267.23163
2025-10-16 12:07:53,3906184913718.4575,198918856446.0091
2025-10-16 12:12:53,3906184913718.4575,198918856446.0091
2025-10-16 12:17:53,3895948628545.515,199031787395.93497
2025-10-16 12:22:53,3895948628545.515,199031787395.93497
2025-10-16 12:27:54,3888143862197.5,198795572761.25256
2025-10-16 12:32:54,3888143862197.5,198795572761.25256
2025-10-16 12:37:54,3891234615039.039,198539345153.5001
2025-10-16 12:42:54,3891234615039.039,198539345153.5001
2025-10-16 12:47:54,3893599796673.1,198536355754.73743
2025-10-16 12:52:55,3893599796673.1,198536355754.73743
2025-10-16 12:57:55,3895492358270.987,198309647859.3326
2025-10-16 13:02:55,3895492358270.987,198309647859.3326
2025-10-16 13:07:55,3887129725154.7935,197383953373.61505
2025-10-16 13:12:55,3887129725154.7935,197383953373.61505
2025-10-16 13:17:55,3887201503239.838,197071024376.84125
2025-10-16 13:22:56,3887201503239.838,197071024376.84125
2025-10-16 13:27:56,3880478293735.365,197066153000.4156
2025-10-16 13:32:56,3880478293735.365,197066153000.4156
2025-10-16 13:37:56,3889211353482.852,197090706591.62268
2025-10-16 13:42:56,3889211353482.852,197090706591.62268
2025-10-16 13:47:56,3888590205326.4014,196329079565.243
2025-10-16 13:52:57,3888590205326.4014,196329079565.243
2025-10-16 13:57:57,3874357987589.109,193723338126.0901
2025-10-16 14:02:57,3874357987589.109,193723338126.0901
2025-10-16 14:07:57,3865325922552.8594,192529388229.89407
2025-10-16 14:12:57,3865325922552.8594,192529388229.89407
2025-10-16 14:17:57,3850333756893.486,191716149802.4645
2025-10-16 14:22:57,3850333756893.486,191716149802.4645
2025-10-16 14:27:58,3849274146038.431,193690682713.62863
2025-10-16 14:32:58,3849274146038.431,193690682713.62863
2025-10-16 14:37:58,3851147880011.26,194323201329.34967
2025-10-16 14:42:58,3851147880011.26,194323201329.34967
2025-10-16 14:47:58,3885175225365.0303,196453006519.1177
2025-10-16 14:52:59,3885175225365.0303,196453006519.1177
2025-10-16 15:02:59,3867679949046.664,195877609355.1769
2025-10-16 15:03:59,3867679949046.664,195877609355.1769
2025-10-16 15:07:59,3849534273308.46,193978548175.0581
2025-10-16 15:08:59,3849534273308.46,193978548175.0581
2025-10-16 15:12:59,3849534273308.46,193978548175.0581
2025-10-16 15:13:59,3849534273308.46,193978548175.0581
2025-10-16 15:17:59,3857879878706.1934,194236385556.729
2025-10-16 15:18:59,3857879878706.1934,194236385556.729
2025-10-16 15:22:59,3857879878706.1934,194236385556.729
2025-10-16 15:23:59,3857879878706.1934,194236385556.729
2025-10-16 15:28:00,3849545060980.304,193166475120.9275
2025-10-16 15:33:00,3849545060980.304,193166475120.9275
2025-10-16 15:34:00,3849545060980.304,193166475120.9275
2025-10-16 15:38:00,3837379294152.975,192962898413.58865
2025-10-16 15:39:00,3837379294152.975,192962898413.58865
2025-10-16 15:43:00,3837379294152.975,192962898413.58865
2025-10-16 15:48:00,3806890599320.229,193199085254.61865
2025-10-16 15:49:00,3806890599320.229,193199085254.61865
2025-10-16 15:53:00,3806890599320.229,193199085254.61865
2025-10-16 15:54:00,3806890599320.229,193199085254.61865
2025-10-16 15:58:00,3791286602519.014,195007425465.71936
2025-10-16 15:59:00,3791286602519.014,195007425465.71936
2025-10-16 16:03:01,3791286602519.014,195007425465.71936
2025-10-16 16:08:01,3774006545861.096,198099223987.78607
2025-10-16 16:13:01,3774006545861.096,198099223987.78607
2025-10-16 16:18:01,3786412292309.92,200641952747.8397
2025-10-16 16:19:01,3786412292309.92,200641952747.8397
2025-10-16 16:23:01,3786412292309.92,200641952747.8397
2025-10-16 16:28:01,3766870354241.5913,202179588487.9452
2025-10-16 16:29:01,3766870354241.5913,202179588487.9452
2025-10-16 16:33:01,3766870354241.5913,202179588487.9452
2025-10-16 16:39:01,3757303048128.36,204204165576.39432
2025-10-16 16:43:02,3757303048128.36,204204165576.39432
2025-10-16 16:44:08,3757303048128.36,204204165576.39432
2025-10-16 16:48:02,3770631660329.011,207016839043.6606
2025-10-16 16:49:08,3770631660329.011,207016839043.6606
2025-10-16 16:53:02,3770631660329.011,207016839043.6606
2025-10-16 16:54:02,3770631660329.011,207016839043.6606
2025-10-16 16:58:02,3799285255991.459,209735341733.40952
2025-10-16 16:59:02,3799285255991.459,209735341733.40952
2025-10-16 17:03:02,3799285255991.459,209735341733.40952
2025-10-16 17:08:02,3795373437392.428,210878053581.1468
2025-10-16 17:13:03,3795373437392.428,210878053581.1468
2025-10-16 17:14:09,3795373437392.428,210878053581.1468
2025-10-16 17:26:18,3796437538303.985,211585297996.0753
2025-10-16 17:31:55,3793507474735.0464,211416985419.784
2025-10-16 17:33:27,3793507474735.0464,211416985419.784
2025-10-16 17:36:20,3793507474735.0464,211416985419.784
2025-10-16 17:38:28,3800024622579.069,211518423390.6332
2025-10-16 17:41:20,3800024622579.069,211518423390.6332
2025-10-16 17:43:28,3800024622579.069,211518423390.6332
2025-10-16 17:46:20,3800024622579.069,211518423390.6332
2025-10-16 17:48:28,3789246609741.824,211253364413.1365
2025-10-16 17:51:20,3789246609741.824,211253364413.1365
2025-10-16 17:53:29,3789246609741.824,211253364413.1365
2025-10-16 17:56:20,3789246609741.824,211253364413.1365
2025-10-16 17:58:29,3783520966050.64,211303080263.5642
2025-10-16 18:01:20,3783520966050.64,211303080263.5642
2025-10-16 18:03:29,3783520966050.64,211303080263.5642
2025-10-16 18:06:21,3783520966050.64,211303080263.5642
2025-10-16 18:08:29,3770184523305.261,210707028029.2329
2025-10-16 18:11:21,3770184523305.261,210707028029.2329
2025-10-16 18:13:29,3770184523305.261,210707028029.2329
2025-10-16 18:16:21,3770184523305.261,210707028029.2329
2025-10-16 18:18:29,3770065414602.901,211775233566.0844
2025-10-16 18:21:21,3770065414602.901,211775233566.0844
2025-10-16 18:23:30,3770065414602.901,211775233566.0844
2025-10-16 18:26:21,3770065414602.901,211775233566.0844
2025-10-16 18:28:30,3766451332818.015,212800620559.48645
2025-10-16 18:31:21,3766451332818.015,212800620559.48645
2025-10-16 18:33:30,3766451332818.015,212800620559.48645
2025-10-16 18:36:21,3766451332818.015,212800620559.48645
2025-10-16 18:38:30,3773469898768.6846,213701471709.56424
2025-10-16 18:41:23,3773469898768.6846,213701471709.56424
2025-10-16 18:43:30,3773469898768.6846,213701471709.56424
2025-10-16 18:46:23,3773469898768.6846,213701471709.56424
2025-10-16 18:48:30,3783418329801.252,215059171528.63336
2025-10-16 18:51:23,3783418329801.252,215059171528.63336
2025-10-16 18:53:30,3783418329801.252,215059171528.63336
2025-10-16 18:56:23,3783418329801.252,215059171528.63336
2025-10-16 18:58:31,3785055568697.204,215961010446.6309
2025-10-16 19:01:23,3785055568697.204,215961010446.6309
2025-10-16 19:03:31,3785055568697.204,215961010446.6309
2025-10-16 19:06:23,3785055568697.204,215961010446.6309
2025-10-16 19:08:31,3776568048168.1904,216068482714.936
2025-10-16 19:11:24,3776568048168.1904,216068482714.936
2025-10-16 19:13:31,3776568048168.1904,216068482714.936
2025-10-16 19:16:24,3776568048168.1904,216068482714.936
2025-10-16 19:18:31,3768600751166.046,217447292604.16345
2025-10-16 19:21:24,3768600751166.046,217447292604.16345
2025-10-16 19:23:32,3768600751166.046,217447292604.16345
2025-10-16 19:26:24,3768600751166.046,217447292604.16345
2025-10-16 19:28:32,3761790954215.8633,217990538495.5312
2025-10-16 19:31:24,3761790954215.8633,217990538495.5312
2025-10-16 19:33:32,3761790954215.8633,217990538495.5312
2025-10-16 19:36:24,3761790954215.8633,217990538495.5312
2025-10-16 19:38:32,3756518083016.2056,218455739358.4293
2025-10-16 19:41:24,3756518083016.2056,218455739358.4293
2025-10-16 19:43:32,3756518083016.2056,218455739358.4293
2025-10-16 19:46:25,3756518083016.2056,218455739358.4293
2025-10-16 19:48:32,3758150175123.381,219232515069.5023
2025-10-16 19:51:25,3758150175123.381,219232515069.5023
2025-10-16 19:53:33,3758150175123.381,219232515069.5023
2025-10-16 19:56:25,3758150175123.381,219232515069.5023
2025-10-16 19:58:33,3767655966483.119,220330941464.09207
2025-10-16 20:01:25,3767655966483.119,220330941464.09207
2025-10-16 20:03:33,3767655966483.119,220330941464.09207
2025-10-16 20:06:25,3767655966483.119,220330941464.09207
2025-10-16 20:08:33,3761175213640.165,220006518510.2062
2025-10-16 20:11:25,3761175213640.165,220006518510.2062
2025-10-16 20:13:34,3761175213640.165,220006518510.2062
2025-10-16 20:16:26,3761175213640.165,220006518510.2062
2025-10-16 20:18:34,3763000370656.2783,220772114146.1976
2025-10-16 20:21:26,3763000370656.2783,220772114146.1976
2025-10-16 20:23:34,3763000370656.2783,220772114146.1976
2025-10-16 20:26:26,3763000370656.2783,220772114146.1976
2025-10-16 20:28:34,3758146762830.556,220862007322.62244
2025-10-16 20:31:26,3758146762830.556,220862007322.62244
2025-10-16 20:33:34,3758146762830.556,220862007322.62244
2025-10-16 20:36:26,3758146762830.556,220862007322.62244
2025-10-16 20:38:34,3746415515700.235,220046540338.62137
2025-10-16 20:41:26,3746415515700.235,220046540338.62137
2025-10-16 20:43:34,3746415515700.235,220046540338.62137
2025-10-16 20:46:26,3746415515700.235,220046540338.62137
2025-10-16 20:48:35,3747040512358.1255,220563990171.6264
2025-10-16 20:51:27,3747040512358.1255,220563990171.6264
2025-10-16 20:53:35,3747040512358.1255,220563990171.6264
2025-10-16 20:56:27,3747040512358.1255,220563990171.6264
2025-10-16 20:58:35,3747076026903.109,220630031489.2048
2025-10-16 21:01:27,3747076026903.109,220630031489.2048
2025-10-16 21:03:35,3747076026903.109,220630031489.2048
2025-10-16 21:06:27,3747076026903.109,220630031489.2048
2025-10-16 21:08:35,3749983770497.579,220876209411.87863
2025-10-16 21:11:27,3749983770497.579,220876209411.87863
2025-10-16 21:16:27,3749983770497.579,220876209411.87863
2025-10-16 21:21:27,3757943908829.719,221144290806.16992
2025-10-16 21:23:36,3757943908829.719,221144290806.16992
2025-10-16 21:26:28,3757943908829.719,221144290806.16992
2025-10-16 21:28:36,3756478774261.8975,221083340024.59952
2025-10-16 21:31:28,3756478774261.8975,221083340024.59952
2025-10-16 21:36:28,3756478774261.8975,221083340024.59952
2025-10-16 21:41:28,3766231055109.822,221209611770.84
2025-10-16 21:43:36,3766231055109.822,221209611770.84
2025-10-16 21:46:28,3766231055109.822,221209611770.84
2025-10-16 21:51:28,3765258810968.4014,220844299240.3093
2025-10-16 21:53:36,3765258810968.4014,220844299240.3093
2025-10-16 21:56:28,3765258810968.4014,220844299240.3093
2025-10-16 21:58:36,3769634836893.825,220738047995.2682
2025-10-16 22:01:29,3769634836893.825,220738047995.2682
2025-10-16 22:03:36,3769634836893.825,220738047995.2682
2025-10-16 22:06:29,3769634836893.825,220738047995.2682
2025-10-16 22:08:37,3768467634749.4575,220388303542.7165
2025-10-16 22:11:29,3768467634749.4575,220388303542.7165
2025-10-16 22:13:37,3768467634749.4575,220388303542.7165
2025-10-16 22:16:29,3768467634749.4575,220388303542.7165
2025-10-16 22:18:37,3761190227093.948,220099549660.9777
2025-10-16 22:21:29,3761190227093.948,220099549660.9777
2025-10-16 22:23:37,3761190227093.948,220099549660.9777
2025-10-16 22:26:29,3761190227093.948,220099549660.9777
2025-10-16 22:28:37,3762170419594.202,220234368220.3179
2025-10-16 22:31:29,3762170419594.202,220234368220.3179
2025-10-16 22:33:37,3762170419594.202,220234368220.3179
2025-10-16 22:36:30,3762170419594.202,220234368220.3179
2025-10-16 22:38:38,3757738557035.033,220226693105.90097
2025-10-16 22:41:30,3757738557035.033,220226693105.90097
2025-10-16 22:43:38,3757738557035.033,220226693105.90097
2025-10-16 22:46:30,3757738557035.033,220226693105.90097
2025-10-16 22:48:38,3756113353416.69,220299039041.68628
2025-10-16 22:51:30,3756113353416.69,220299039041.68628
2025-10-16 22:53:38,3756113353416.69,220299039041.68628
2025-10-16 22:56:30,3756113353416.69,220299039041.68628
2025-10-16 22:58:38,3755624732401.788,220178622309.96783
2025-10-16 23:01:30,3755624732401.788,220178622309.96783
2025-10-16 23:03:38,3755624732401.788,220178622309.96783
2025-10-16 23:06:30,3755624732401.788,220178622309.96783
2025-10-16 23:08:39,3753206045355.259,220085925086.48312
2025-10-16 23:11:31,3753206045355.259,220085925086.48312
2025-10-16 23:13:39,3753206045355.259,220085925086.48312
2025-10-16 23:16:31,3753206045355.259,220085925086.48312
2025-10-16 23:18:39,3758017997983.4585,220198429435.92288
2025-10-16 23:21:31,3758017997983.4585,220198429435.92288
2025-10-16 23:23:39,3758017997983.4585,220198429435.92288
2025-10-16 23:26:31,3758017997983.4585,220198429435.92288
2025-10-16 23:28:39,3769614490645.2607,220688667105.52628
2025-10-16 23:31:31,3769614490645.2607,220688667105.52628
2025-10-16 23:33:39,3769614490645.2607,220688667105.52628
2025-10-16 23:36:31,3769614490645.2607,220688667105.52628
2025-10-16 23:38:40,3765383360841.96,220606858286.72293
2025-10-16 23:41:31,3765383360841.96,220606858286.72293
2025-10-16 23:43:40,3765383360841.96,220606858286.72293
2025-10-16 23:46:32,3765383360841.96,220606858286.72293
2025-10-16 23:48:40,3763133649690.593,220858492468.58548
2025-10-16 23:51:32,3763133649690.593,220858492468.58548
2025-10-16 23:53:40,3763133649690.593,220858492468.58548
2025-10-16 23:56:32,3763133649690.593,220858492468.58548
2025-10-16 23:58:40,3762481466739.632,220643095321.563
2025-10-17 00:01:32,3762481466739.632,220643095321.563
2025-10-17 00:03:40,3762481466739.632,220643095321.563
2025-10-17 00:06:32,3762481466739.632,220643095321.563
2025-10-17 00:08:40,3759596831931.37,220514271231.5561
2025-10-17 00:11:32,3759596831931.37,220514271231.5561
2025-10-17 00:13:41,3759596831931.37,220514271231.5561
2025-10-17 00:16:33,3759596831931.37,220514271231.5561
2025-10-17 00:18:41,3768653476713.3706,221202455603.9362
2025-10-17 00:21:33,3768653476713.3706,221202455603.9362
2025-10-17 00:23:41,3768653476713.3706,221202455603.9362
2025-10-17 00:26:33,3768653476713.3706,221202455603.9362
2025-10-17 00:28:41,3773418232884.516,221070728781.27103
2025-10-17 00:31:33,3773418232884.516,221070728781.27103
2025-10-17 00:33:41,3773418232884.516,221070728781.27103
2025-10-17 00:36:34,3773418232884.516,221070728781.27103
2025-10-17 00:38:42,3782174671166.092,221405155332.6308
2025-10-17 00:41:34,3782174671166.092,221405155332.6308
2025-10-17 00:43:42,3782174671166.092,221405155332.6308
2025-10-17 00:46:34,3782174671166.092,221405155332.6308
2025-10-17 00:48:42,3780143546126.639,221133489031.85577
2025-10-17 00:51:34,3780143546126.639,221133489031.85577
2025-10-17 00:53:42,3780143546126.639,221133489031.85577
2025-10-17 00:56:34,3780143546126.639,221133489031.85577
2025-10-17 00:58:42,3782644448674.2,221262413199.04736
2025-10-17 01:01:34,3782644448674.2,221262413199.04736
2025-10-17 01:03:42,3782644448674.2,221262413199.04736
2025-10-17 01:06:35,3782644448674.2,221262413199.04736
2025-10-17 01:08:42,3793097397802.057,221434426337.1076
2025-10-17 01:11:35,3793097397802.057,221434426337.1076
2025-10-17 01:13:43,3793097397802.057,221434426337.1076
2025-10-17 01:16:35,3793097397802.057,221434426337.1076
2025-10-17 01:21:35,3796926908350.1343,222014897999.1152
2025-10-17 01:26:35,3796926908350.1343,222014897999.1152
2025-10-17 01:31:36,3790256941408.2334,221625424533.41992
2025-10-17 01:33:43,3790256941408.2334,221625424533.41992
2025-10-17 01:36:36,3790256941408.2334,221625424533.41992
2025-10-17 01:41:36,3786030482198.633,221418625213.76385
2025-10-17 01:46:36,3786030482198.633,221418625213.76385
2025-10-17 01:48:43,3782933807739.6167,221589485836.3906
2025-10-17 01:51:36,3782933807739.6167,221589485836.3906
2025-10-17 01:53:43,3782933807739.6167,221589485836.3906
2025-10-17 01:56:36,3782933807739.6167,221589485836.3906
2025-10-17 01:58:43,3778112703375.848,221206288382.5788
2025-10-17 02:01:37,3778112703375.848,221206288382.5788
2025-10-17 02:03:44,3778112703375.848,221206288382.5788
2025-10-17 02:06:37,3778112703375.848,221206288382.5788
2025-10-17 02:08:44,3780404281648.183,220936544045.868
2025-10-17 02:11:37,3780404281648.183,220936544045.868
2025-10-17 02:13:44,3780404281648.183,220936544045.868
2025-10-17 02:16:37,3780404281648.183,220936544045.868
2025-10-17 02:18:44,3774636669058.7017,220148383837.2564
2025-10-17 02:21:37,3774636669058.7017,220148383837.2564
2025-10-17 02:23:44,3774636669058.7017,220148383837.2564
2025-10-17 02:26:37,3774636669058.7017,220148383837.2564
2025-10-17 02:28:44,3773590863755.618,220033589213.8756
2025-10-17 02:31:38,3773590863755.618,220033589213.8756
2025-10-17 02:33:45,3773590863755.618,220033589213.8756
2025-10-17 02:36:38,3773590863755.618,220033589213.8756
2025-10-17 02:38:45,3778838535327.535,220382326205.56644
2025-10-17 02:41:38,3778838535327.535,220382326205.56644
2025-10-17 02:43:45,3778838535327.535,220382326205.56644
2025-10-17 02:46:38,3778838535327.535,220382326205.56644
2025-10-17 02:48:45,3785839022239.105,220598361327.32355
2025-10-17 02:51:38,3785839022239.105,220598361327.32355
2025-10-17 02:53:45,3785839022239.105,220598361327.32355
2025-10-17 02:56:38,3785839022239.105,220598361327.32355
2025-10-17 02:58:45,3790823510556.935,220787380816.18268
2025-10-17 03:01:39,3790823510556.935,220787380816.18268
2025-10-17 03:03:45,3790823510556.935,220787380816.18268
2025-10-17 03:06:39,3790823510556.935,220787380816.18268
2025-10-17 03:08:46,3790905994334.515,220775197600.22144
2025-10-17 03:11:39,3790905994334.515,220775197600.22144
2025-10-17 03:13:46,3790905994334.515,220775197600.22144
2025-10-17 03:16:39,3790905994334.515,220775197600.22144
2025-10-17 03:18:46,3793405218698.474,220915794491.76443
2025-10-17 03:21:39,3793405218698.474,220915794491.76443
2025-10-17 03:23:46,3793405218698.474,220915794491.76443
2025-10-17 03:26:39,3793405218698.474,220915794491.76443
2025-10-17 03:28:46,3794076126040.248,220780119197.18625
2025-10-17 03:31:40,3794076126040.248,220780119197.18625
2025-10-17 03:33:46,3794076126040.248,220780119197.18625
2025-10-17 03:36:40,3794076126040.248,220780119197.18625
2025-10-17 03:38:47,3793259432344.081,220521279888.23016
2025-10-17 03:41:40,3793259432344.081,220521279888.23016
2025-10-17 03:43:47,3793259432344.081,220521279888.23016
2025-10-17 03:46:40,3793259432344.081,220521279888.23016
2025-10-17 03:48:47,3790423048783.989,220389053962.1988
2025-10-17 03:51:40,3790423048783.989,220389053962.1988
2025-10-17 03:53:47,3790423048783.989,220389053962.1988
2025-10-17 03:56:41,3790423048783.989,220389053962.1988
2025-10-17 03:58:47,3796739584621.156,220750730080.2469
2025-10-17 04:01:41,3796739584621.156,220750730080.2469
2025-10-17 04:03:47,3796739584621.156,220750730080.2469
2025-10-17 04:06:41,3796739584621.156,220750730080.2469
2025-10-17 04:08:47,3796169162752.247,220389214295.8035
2025-10-17 04:11:41,3796169162752.247,220389214295.8035
2025-10-17 04:13:48,3796169162752.247,220389214295.8035
2025-10-17 04:16:41,3796169162752.247,220389214295.8035
2025-10-17 04:18:48,3794569398202.797,220434546169.94244
2025-10-17 04:21:41,3794569398202.797,220434546169.94244
2025-10-17 04:23:48,3794569398202.797,220434546169.94244
2025-10-17 04:26:42,3794569398202.797,220434546169.94244
2025-10-17 04:28:48,3789637591631.665,220133104088.24463
2025-10-17 04:31:42,3789637591631.665,220133104088.24463
2025-10-17 04:33:48,3789637591631.665,220133104088.24463
2025-10-17 04:36:42,3789637591631.665,220133104088.24463
2025-10-17 04:38:49,3790679962312.229,220316070410.68204
2025-10-17 04:41:42,3790679962312.229,220316070410.68204
2025-10-17 04:43:49,3790679962312.229,220316070410.68204
2025-10-17 04:46:42,3790679962312.229,220316070410.68204
2025-10-17 04:48:49,3787116805072.09,220081581514.2936
2025-10-17 04:51:42,3787116805072.09,220081581514.2936
2025-10-17 04:53:49,3787116805072.09,220081581514.2936
2025-10-17 04:56:42,3787116805072.09,220081581514.2936
2025-10-17 04:58:49,3785188060075.808,219357929637.9729
2025-10-17 05:01:43,3785188060075.808,219357929637.9729
2025-10-17 05:03:49,3785188060075.808,219357929637.9729
2025-10-17 05:06:43,3785188060075.808,219357929637.9729
2025-10-17 05:08:50,3786833059641.1855,219542058855.82703
2025-10-17 05:11:43,3786833059641.1855,219542058855.82703
2025-10-17 05:13:50,3786833059641.1855,219542058855.82703
2025-10-17 05:16:43,3786833059641.1855,219542058855.82703
2025-10-17 05:18:50,3781030712282.072,219066481742.7384
2025-10-17 05:21:43,3781030712282.072,219066481742.7384
2025-10-17 05:23:50,3781030712282.072,219066481742.7384
2025-10-17 14:28:07,3659410518670.12,278012604305.01416
2025-10-17 14:33:08,3655511935688.687,276714748512.90125
2025-10-17 14:38:08,3655511935688.687,276714748512.90125
2025-10-17 14:43:08,3639677903661.207,276004948579.7
2025-10-17 14:48:08,3639677903661.207,276004948579.7
2025-10-17 14:53:09,3664451297342.417,278240664638.2236
2025-10-17 14:58:09,3664451297342.417,278240664638.2236
2025-10-17 15:03:09,3651225460689.639,277250347310.05786
2025-10-17 15:06:41,3651225460689.639,277250347310.05786
2025-10-17 15:08:09,3651225460689.639,277250347310.05786
2025-10-17 15:13:09,3665591503748.1807,277792638377.96625
2025-10-17 15:16:42,3665591503748.1807,277792638377.96625
2025-10-17 15:18:09,3665591503748.1807,277792638377.96625
2025-10-17 15:21:42,3672377908407.2544,278313539515.52386
2025-10-17 15:23:09,3672377908407.2544,278313539515.52386
2025-10-17 15:26:42,3672377908407.2544,278313539515.52386
2025-10-17 15:28:10,3672377908407.2544,278313539515.52386
2025-10-17 15:31:43,3675217463712.335,278961197838.743
2025-10-17 15:33:47,3675217463712.335,278961197838.743
2025-10-17 15:36:43,3675217463712.335,278961197838.743
2025-10-17 15:38:10,3675217463712.335,278961197838.743
2025-10-17 15:41:43,3664795954274.576,277394808055.40936
2025-10-17 15:43:10,3664795954274.576,277394808055.40936
2025-10-17 15:46:43,3664795954274.576,277394808055.40936
2025-10-17 15:48:10,3664795954274.576,277394808055.40936
2025-10-17 15:51:43,3679091626210.973,277290208321.6449
2025-10-17 15:53:10,3679091626210.973,277290208321.6449
2025-10-17 15:56:43,3679091626210.973,277290208321.6449
2025-10-17 15:58:10,3679091626210.973,277290208321.6449
2025-10-17 16:01:44,3697173066999.53,275695028859.0702
2025-10-17 16:03:11,3697173066999.53,275695028859.0702
2025-10-17 16:08:11,3697173066999.53,275695028859.0702
2025-10-17 16:11:44,3722652446665.894,273562414628.6705
2025-10-17 16:13:11,3722652446665.894,273562414628.6705
2025-10-17 16:16:44,3722652446665.894,273562414628.6705
2025-10-17 16:18:11,3722652446665.894,273562414628.6705
2025-10-17 16:21:44,3717608101751.9775,272649807193.07303
2025-10-17 16:23:11,3717608101751.9775,272649807193.07303
2025-10-17 16:26:44,3717608101751.9775,272649807193.07303
2025-10-17 16:28:12,3717608101751.9775,272649807193.07303
2025-10-17 16:31:44,3707923009166.715,270801946634.236
2025-10-18 16:47:45,3726204370873.748,194274273859.02032
2025-10-18 16:52:49,3726442328028.902,193006369081.40784
2025-10-18 16:54:24,3726442328028.902,193006369081.40784
2025-10-18 16:57:51,3726442328028.902,193006369081.40784
2025-10-18 16:59:29,3726442328028.902,193006369081.40784
2025-10-18 17:02:52,3729509711739.084,191555566494.07745
2025-10-18 17:07:49,3729509711739.084,191555566494.07745
2025-10-18 17:12:52,3729355264452.156,189112118567.3613
2025-10-18 17:17:54,3729355264452.156,189112118567.3613
2025-10-18 17:22:55,3726286480013.731,187361384375.84384
2025-10-18 17:27:22,3726286480013.731,187361384375.84384
2025-10-18 17:32:24,3729955510342.024,184004369536.32205
2025-10-18 17:33:41,3729955510342.024,184004369536.32205
2025-10-18 17:38:44,3729955510342.024,184004369536.32205
2025-10-18 17:43:45,3735856318023.09,182005387505.0968
2025-10-18 17:48:47,3735856318023.09,182005387505.0968
2025-10-18 17:53:48,3730655447717.0137,180657096158.2476
2025-10-18 17:58:51,3730655447717.0137,180657096158.2476
2025-10-18 18:03:52,3729212123912.4897,179306748887.35284
2025-10-18 18:08:53,3729212123912.4897,179306748887.35284
2025-10-18 18:13:55,3725221788290.0513,176937859514.85687
2025-10-18 18:23:57,3730012752835.275,173160732567.18362
2025-10-18 18:28:58,3730012752835.275,173160732567.18362
2025-10-18 18:33:59,3726894382341.245,169778528115.9939
2025-10-18 18:39:00,3726894382341.245,169778528115.9939
2025-10-18 18:44:02,3730279868991.5264,167821732510.63217
2025-10-18 18:49:03,3730279868991.5264,167821732510.63217
2025-10-18 18:54:04,3731386775236.709,166236095181.36395
2025-10-18 18:59:05,3731386775236.709,166236095181.36395
2025-10-18 19:04:07,3738289644972.919,165445463109.3932
2025-10-18 19:09:08,3738289644972.919,165445463109.3932
2025-10-18 19:14:09,3736977676487.293,163962266931.068
2025-10-18 19:19:10,3736977676487.293,163962266931.068
2025-10-18 19:24:10,3741832173631.138,163086371790.46823
2025-10-18 19:29:12,3741832173631.138,163086371790.46823
2025-10-18 19:34:13,3734908653629.364,162029375221.53375
2025-10-18 19:39:14,3734908653629.364,162029375221.53375
2025-10-18 19:44:15,3731501066365.6846,160892353690.61005
2025-10-18 19:49:16,3731501066365.6846,160892353690.61005
2025-10-18 19:54:17,3732087884639.9688,160382127155.01785
2025-10-18 19:59:18,3732087884639.9688,160382127155.01785
2025-10-18 20:04:19,3733118916902.559,159482788340.40714
2025-10-18 20:09:21,3733118916902.559,159482788340.40714
2025-10-18 20:14:22,3726655897734.689,157693842619.228
2025-10-18 20:19:23,3726655897734.689,157693842619.228
2025-10-18 20:24:24,3726074565252.302,156452672852.70746
2025-10-18 20:29:25,3726074565252.302,156452672852.70746
2025-10-18 20:34:26,3727516753746.532,155583876307.8967
2025-10-18 20:39:27,3727516753746.532,155583876307.8967
2025-10-18 20:44:28,3721958240434.4688,153573414522.8078
2025-10-18 20:49:29,3721958240434.4688,153573414522.8078
2025-10-18 20:54:30,3720014351759.055,151278522782.4726
2025-10-18 20:59:31,3720014351759.055,151278522782.4726
2025-10-18 21:04:32,3722494311315.852,149111346600.42368
2025-10-18 21:09:33,3722494311315.852,149111346600.42368
2025-10-18 21:14:34,3719548800089.77,146747276596.52475
2025-10-18 21:19:35,3719548800089.77,146747276596.52475
2025-10-18 21:24:37,3721911194249.005,146038174973.90094
2025-10-18 21:29:38,3721911194249.005,146038174973.90094
2025-10-18 21:34:39,3722051215473.7554,145013165474.41882
2025-10-18 21:39:40,3722051215473.7554,145013165474.41882
2025-10-18 21:44:41,3729192355389.1353,143264762369.28094
2025-10-18 21:49:42,3729192355389.1353,143264762369.28094
2025-10-18 21:54:43,3729514237568.512,141026706273.57886
2025-10-18 21:59:03,3729514237568.512,141026706273.57886
2025-10-18 22:02:26,3728658728608.612,139748176280.28467
2025-10-18 22:04:06,3728658728608.612,139748176280.28467
2025-10-18 22:07:28,3728658728608.612,139748176280.28467
2025-10-18 22:09:09,3728658728608.612,139748176280.28467
2025-10-18 22:12:29,3729507908618.317,137759153268.01306
2025-10-18 22:14:14,3729507908618.317,137759153268.01306
2025-10-18 22:19:17,3729507908618.317,137759153268.01306
2025-10-18 22:24:19,3729724201060.4473,136045551091.6732
2025-10-18 22:25:49,3729724201060.4473,136045551091.6732
2025-10-18 22:26:57,3729724201060.4473,136045551091.6732
2025-10-18 22:29:20,3729724201060.4473,136045551091.6732
2025-10-18 22:30:51,3729724201060.4473,136045551091.6732
2025-10-18 22:34:21,3725198825099.4375,134921322623.57376
2025-10-18 22:37:00,3725198825099.4375,134921322623.57376
2025-10-18 22:39:22,3725198825099.4375,134921322623.57376
2025-10-18 22:40:53,3725198825099.4375,134921322623.57376
2025-10-18 22:42:01,3720672570435.5264,133719713492.36122
2025-10-18 22:44:24,3720672570435.5264,133719713492.36122
2025-10-18 22:45:54,3720672570435.5264,133719713492.36122
2025-10-18 22:47:02,3720672570435.5264,133719713492.36122
2025-10-18 22:49:26,3720672570435.5264,133719713492.36122
2025-10-18 22:50:56,3720672570435.5264,133719713492.36122
2025-10-18 22:52:03,3724011170846.818,132455662940.7097
2025-10-18 22:54:27,3724011170846.818,132455662940.7097
2025-10-18 22:55:58,3724011170846.818,132455662940.7097
2025-10-18 22:57:06,3724011170846.818,132455662940.7097
2025-10-18 22:59:28,3724011170846.818,132455662940.7097
2025-10-18 23:00:59,3724011170846.818,132455662940.7097
2025-10-18 23:02:07,3724901659028.2607,130737917405.65776
2025-10-18 23:04:29,3724901659028.2607,130737917405.65776
2025-10-18 23:06:00,3724901659028.2607,130737917405.65776
2025-10-18 23:07:08,3724901659028.2607,130737917405.65776
2025-10-18 23:48:53,3706847468996.518,122053040406.39604
2025-10-18 23:53:56,3712961448660.246,121746043869.12463
2025-10-18 23:58:57,3712961448660.246,121746043869.12463
2025-10-19 00:03:58,3714466607875.495,120831085478.97047
2025-10-19 00:08:59,3714466607875.495,120831085478.97047
2025-10-19 00:14:00,3714066067927.9126,119887112315.04066
2025-10-19 00:19:02,3714066067927.9126,119887112315.04066
2025-10-19 00:24:02,3718865343018.728,119478695363.46976
2025-10-19 00:28:53,3718865343018.728,119478695363.46976
2025-10-19 00:33:56,3727803143681.5513,119359130778.30388
2025-10-19 00:38:58,3727803143681.5513,119359130778.30388
2025-10-19 00:41:21,3727803143681.5513,119359130778.30388
2025-10-19 00:46:24,3725366330981.887,118659341603.93304
2025-10-19 00:49:01,3725366330981.887,118659341603.93304
2025-10-19 00:51:27,3725366330981.887,118659341603.93304
2025-10-19 00:54:03,3723951371559.821,118063009615.36343
2025-10-19 00:56:30,3723951371559.821,118063009615.36343
2025-10-19 00:59:05,3723951371559.821,118063009615.36343
2025-10-19 01:01:32,3723951371559.821,118063009615.36343
2025-10-19 01:04:06,3728828288227.932,117717599340.09656
2025-10-19 01:11:35,3728828288227.932,117717599340.09656
2025-10-19 01:14:13,3726765077707.373,116872749414.85738
2025-10-19 01:15:41,3726765077707.373,116872749414.85738
2025-10-19 01:18:36,3726765077707.373,116872749414.85738
2025-10-19 01:20:45,3726765077707.373,116872749414.85738
2025-10-19 01:27:37,3724954782316.031,115913399260.95824
2025-10-19 01:32:40,3725901970936.874,115366779542.75172
2025-10-19 01:37:41,3725901970936.874,115366779542.75172
2025-10-19 01:42:06,3728656147447.444,114576791174.63638
2025-10-19 01:47:09,3728656147447.444,114576791174.63638
2025-10-19 01:57:12,3726505970040.514,114024109360.0394
2025-10-19 02:00:29,3726505970040.514,114024109360.0394
2025-10-19 02:02:13,3727256282379.346,113651699621.82156
2025-10-19 02:05:36,3727256282379.346,113651699621.82156
2025-10-19 02:07:14,3727256282379.346,113651699621.82156
2025-10-19 02:10:38,3727256282379.346,113651699621.82156
2025-10-19 02:14:21,3729096884696.694,112780650249.77255
2025-10-19 02:15:40,3729096884696.694,112780650249.77255
2025-10-19 02:19:27,3729096884696.694,112780650249.77255
2025-10-19 02:21:36,3729096884696.694,112780650249.77255
2025-10-19 02:24:29,3731281031123.164,112203495345.61987
2025-10-19 02:25:41,3731281031123.164,112203495345.61987
2025-10-19 02:27:18,3731281031123.164,112203495345.61987
2025-10-19 02:29:31,3731281031123.164,112203495345.61987
2025-10-19 02:30:43,3731281031123.164,112203495345.61987
2025-10-19 02:32:19,3731951963980.7896,111799491895.38512
2025-10-19 02:34:32,3731951963980.7896,111799491895.38512
2025-10-19 02:35:44,3731951963980.7896,111799491895.38512
2025-10-19 02:37:22,3731951963980.7896,111799491895.38512
2025-10-19 02:39:32,3731951963980.7896,111799491895.38512
2025-10-19 02:40:45,3731951963980.7896,111799491895.38512
2025-10-19 02:42:24,3731998429129.372,110990798673.0078
2025-10-19 02:44:34,3731998429129.372,110990798673.0078
2025-10-19 02:46:42,3731998429129.372,110990798673.0078
2025-10-19 02:49:36,3731998429129.372,110990798673.0078
2025-10-19 02:50:47,3731998429129.372,110990798673.0078
2025-10-19 02:52:14,3734775723228.5566,110679199552.02193
2025-10-19 02:54:37,3734775723228.5566,110679199552.02193
2025-10-19 02:55:48,3734775723228.5566,110679199552.02193
2025-10-19 02:58:19,3734775723228.5566,110679199552.02193
2025-10-19 02:59:38,3734775723228.5566,110679199552.02193
2025-10-19 03:00:49,3734775723228.5566,110679199552.02193
2025-10-19 03:03:20,3734812930228.773,110036273292.88434
2025-10-19 03:05:50,3734812930228.773,110036273292.88434
2025-10-19 03:08:22,3734812930228.773,110036273292.88434
2025-10-19 03:09:40,3734812930228.773,110036273292.88434
2025-10-19 03:10:51,3734812930228.773,110036273292.88434
2025-10-19 03:13:25,3738005671260.5513,109691402819.16302
2025-10-19 03:14:41,3738005671260.5513,109691402819.16302
2025-10-19 03:15:52,3738005671260.5513,109691402819.16302
2025-10-19 03:18:27,3738005671260.5513,109691402819.16302
2025-10-19 03:19:42,3738005671260.5513,109691402819.16302
2025-10-19 03:21:24,3738005671260.5513,109691402819.16302
2025-10-19 03:23:28,3735607909722.94,109387033745.2487
2025-10-19 03:24:43,3735607909722.94,109387033745.2487
2025-10-19 03:26:26,3735607909722.94,109387033745.2487
2025-10-19 03:28:29,3735607909722.94,109387033745.2487
2025-10-19 03:29:44,3735607909722.94,109387033745.2487
2025-10-19 03:31:27,3735607909722.94,109387033745.2487
2025-10-19 03:33:31,3741662542605.465,109046298219.80698
2025-10-19 03:34:46,3741662542605.465,109046298219.80698
2025-10-19 03:36:29,3741662542605.465,109046298219.80698
2025-10-19 03:38:32,3741662542605.465,109046298219.80698
2025-10-19 03:39:48,3741662542605.465,109046298219.80698
2025-10-19 03:41:30,3741662542605.465,109046298219.80698
2025-10-19 03:43:33,3738040945018.318,108652770456.44987
2025-10-19 03:44:50,3738040945018.318,108652770456.44987
2025-10-19 03:46:31,3738040945018.318,108652770456.44987
2025-10-19 03:49:51,3738040945018.318,108652770456.44987
2025-10-19 03:51:32,3738040945018.318,108652770456.44987
2025-10-19 03:52:41,3736534807720.406,108397813073.21951
2025-10-19 03:54:52,3736534807720.406,108397813073.21951
2025-10-19 03:56:33,3736534807720.406,108397813073.21951
2025-10-19 03:57:44,3736534807720.406,108397813073.21951
2025-10-19 03:59:53,3736534807720.406,108397813073.21951
2025-10-19 04:01:58,3736534807720.406,108397813073.21951
2025-10-19 04:04:55,3732823029191.1294,107839390445.29633
2025-10-19 04:06:59,3732823029191.1294,107839390445.29633
2025-10-19 04:09:56,3732823029191.1294,107839390445.29633
2025-10-19 04:12:00,3732823029191.1294,107839390445.29633
2025-10-19 04:14:57,3727517784955.045,107166005206.94116
2025-10-19 04:16:03,3727517784955.045,107166005206.94116
2025-10-19 04:17:34,3727517784955.045,107166005206.94116
2025-10-19 04:19:59,3727517784955.045,107166005206.94116
2025-10-19 04:21:04,3727517784955.045,107166005206.94116
2025-10-19 04:22:36,3726776803980.544,106406551702.43018
2025-10-19 04:25:00,3726776803980.544,106406551702.43018
2025-10-19 04:26:05,3726776803980.544,106406551702.43018
2025-10-19 04:27:37,3726776803980.544,106406551702.43018
2025-10-19 04:30:01,3726776803980.544,106406551702.43018
2025-10-19 04:31:06,3726776803980.544,106406551702.43018
2025-10-19 04:32:52,3734495322451.887,106230693549.14607
2025-10-19 04:35:02,3734495322451.887,106230693549.14607
2025-10-19 04:36:07,3734495322451.887,106230693549.14607
2025-10-19 04:37:39,3734495322451.887,106230693549.14607
2025-10-19 04:40:04,3734495322451.887,106230693549.14607
2025-10-19 04:41:09,3734495322451.887,106230693549.14607
2025-10-19 04:42:54,3735020445399.9175,105775766743.89142
2025-10-19 04:45:05,3735020445399.9175,105775766743.89142
2025-10-19 04:46:10,3735020445399.9175,105775766743.89142
2025-10-19 04:47:55,3735020445399.9175,105775766743.89142
2025-10-19 04:50:06,3735020445399.9175,105775766743.89142
2025-10-19 04:51:11,3735020445399.9175,105775766743.89142
2025-10-19 04:53:47,3734562769964.3,105405742563.73198
2025-10-19 04:55:08,3734562769964.3,105405742563.73198
2025-10-19 04:56:12,3734562769964.3,105405742563.73198
2025-10-19 04:58:48,3734562769964.3,105405742563.73198
2025-10-19 05:00:09,3734562769964.3,105405742563.73198
2025-10-19 05:01:13,3734562769964.3,105405742563.73198
2025-10-19 05:03:49,3735559026017.3984,105132803354.07144
2025-10-19 05:06:14,3735559026017.3984,105132803354.07144
2025-10-19 05:08:50,3735559026017.3984,105132803354.07144
2025-10-19 05:11:15,3735559026017.3984,105132803354.07144
2025-10-19 05:13:51,3736423302500.924,104553828067.05876
2025-10-19 05:16:16,3736423302500.924,104553828067.05876
2025-10-19 05:18:52,3736423302500.924,104553828067.05876
2025-10-19 05:21:17,3736423302500.924,104553828067.05876
2025-10-19 05:23:53,3735439689399.8687,104013283119.92258
2025-10-19 05:26:18,3735439689399.8687,104013283119.92258
2025-10-19 05:28:54,3735439689399.8687,104013283119.92258
2025-10-19 05:31:19,3735439689399.8687,104013283119.92258
2025-10-19 05:32:49,3737489524932.4014,103910078828.79216
2025-10-19 05:35:15,3737489524932.4014,103910078828.79216
2025-10-19 05:36:55,3737489524932.4014,103910078828.79216
2025-10-19 05:40:16,3737489524932.4014,103910078828.79216
2025-10-19 05:41:55,3737489524932.4014,103910078828.79216
2025-10-19 05:43:07,3737216786920.683,103328941402.872
2025-10-19 05:45:17,3737216786920.683,103328941402.872
2025-10-19 05:46:57,3737216786920.683,103328941402.872
2025-10-19 05:48:08,3737216786920.683,103328941402.872
2025-10-19 05:50:18,3737216786920.683,103328941402.872
2025-10-19 05:51:58,3737216786920.683,103328941402.872
2025-10-19 05:53:09,3733791640925.477,103036041006.54253
2025-10-19 05:55:19,3733791640925.477,103036041006.54253
2025-10-19 05:56:59,3733791640925.477,103036041006.54253
2025-10-19 05:58:10,3733791640925.477,103036041006.54253
2025-10-19 06:00:20,3733791640925.477,103036041006.54253
2025-10-19 06:02:00,3733791640925.477,103036041006.54253
2025-10-19 06:03:11,3733177100664.3774,102882296813.90996
2025-10-19 06:05:22,3733177100664.3774,102882296813.90996
2025-10-19 06:07:01,3733177100664.3774,102882296813.90996
2025-10-19 06:08:12,3733177100664.3774,102882296813.90996
2025-10-19 06:10:23,3733177100664.3774,102882296813.90996
2025-10-19 06:12:02,3733177100664.3774,102882296813.90996
2025-10-19 06:13:13,3733042533790.237,102444483140.19057
2025-10-19 06:15:25,3733042533790.237,102444483140.19057
2025-10-19 06:17:03,3733042533790.237,102444483140.19057
2025-10-19 06:18:15,3733042533790.237,102444483140.19057
2025-10-19 06:20:26,3733042533790.237,102444483140.19057
2025-10-19 06:22:22,3731335599386.241,102220942348.57825
2025-10-19 06:25:28,3731335599386.241,102220942348.57825
2025-10-19 06:28:00,3731335599386.241,102220942348.57825
2025-10-19 06:30:31,3731335599386.241,102220942348.57825
2025-10-19 06:33:01,3733148608574.971,102086763668.33086
2025-10-19 06:35:32,3733148608574.971,102086763668.33086
2025-10-19 06:36:34,3733148608574.971,102086763668.33086
2025-10-19 06:38:03,3733148608574.971,102086763668.33086
2025-10-19 06:40:33,3733148608574.971,102086763668.33086
2025-10-19 06:41:35,3733148608574.971,102086763668.33086
2025-10-19 06:43:04,3734280108777.34,101764500305.01328
2025-10-19 06:45:34,3734280108777.34,101764500305.01328
2025-10-19 06:46:37,3734280108777.34,101764500305.01328
2025-10-19 06:48:20,3734280108777.34,101764500305.01328
2025-10-19 06:50:36,3734280108777.34,101764500305.01328
2025-10-19 06:51:37,3734280108777.34,101764500305.01328
2025-10-19 06:53:21,3734150665887.431,101530102533.21606
2025-10-19 06:55:37,3734150665887.431,101530102533.21606
2025-10-19 06:56:39,3734150665887.431,101530102533.21606
2025-10-19 06:58:22,3734150665887.431,101530102533.21606
2025-10-19 07:00:38,3734150665887.431,101530102533.21606
2025-10-19 07:01:40,3734150665887.431,101530102533.21606
2025-10-19 07:04:08,3735872138023.555,101306040976.53004
2025-10-19 07:05:39,3735872138023.555,101306040976.53004
2025-10-19 07:06:41,3735872138023.555,101306040976.53004
2025-10-19 07:09:09,3735872138023.555,101306040976.53004
2025-10-19 07:10:40,3735872138023.555,101306040976.53004
2025-10-19 07:11:42,3735872138023.555,101306040976.53004
2025-10-19 07:14:10,3734632331572.9697,101132286021.64836
2025-10-19 07:15:41,3734632331572.9697,101132286021.64836
2025-10-19 07:17:14,3734632331572.9697,101132286021.64836
2025-10-19 07:19:11,3734632331572.9697,101132286021.64836
2025-10-19 07:20:42,3734632331572.9697,101132286021.64836
2025-10-19 07:22:15,3734632331572.9697,101132286021.64836
2025-10-19 07:24:12,3730365537454.398,100968559813.27252
2025-10-19 07:25:45,3730365537454.398,100968559813.27252
2025-10-19 07:27:16,3730365537454.398,100968559813.27252
2025-10-19 07:29:13,3730365537454.398,100968559813.27252
2025-10-19 07:30:46,3730365537454.398,100968559813.27252
2025-10-19 07:32:17,3730365537454.398,100968559813.27252
2025-10-19 07:34:15,3730778493270.569,100652316676.39764
2025-10-19 07:35:47,3730778493270.569,100652316676.39764
2025-10-19 07:37:18,3730778493270.569,100652316676.39764
2025-10-19 07:39:16,3730778493270.569,100652316676.39764
2025-10-19 07:40:48,3730778493270.569,100652316676.39764
2025-10-19 07:42:43,3724422761497.196,100363673634.88724
2025-10-19 07:44:17,3724422761497.196,100363673634.88724
2025-10-19 07:45:50,3724422761497.196,100363673634.88724
2025-10-19 07:48:14,3724422761497.196,100363673634.88724
2025-10-19 07:50:51,3724422761497.196,100363673634.88724
2025-10-19 07:53:15,3718459606306.287,100527289398.14458
2025-10-19 07:55:52,3718459606306.287,100527289398.14458
2025-10-19 07:58:17,3718459606306.287,100527289398.14458
2025-10-19 08:00:54,3718459606306.287,100527289398.14458
2025-10-19 08:03:18,3721660283614.2295,100574237332.2952
2025-10-19 08:05:55,3721660283614.2295,100574237332.2952
2025-10-19 08:08:19,3721660283614.2295,100574237332.2952
2025-10-19 08:10:56,3721660283614.2295,100574237332.2952
2025-10-19 08:13:21,3716886813809.897,99940461612.59029
2025-10-19 08:15:57,3716886813809.897,99940461612.59029
2025-10-19 08:18:22,3716886813809.897,99940461612.59029
2025-10-19 08:20:59,3716886813809.897,99940461612.59029
2025-10-19 08:22:27,3716886813809.897,99940461612.59029
2025-10-19 08:23:46,3723294950276.706,99044092508.76312
2025-10-19 08:26:00,3723294950276.706,99044092508.76312
2025-10-19 08:27:29,3723294950276.706,99044092508.76312
2025-10-19 08:28:47,3723294950276.706,99044092508.76312
2025-10-19 08:31:01,3723294950276.706,99044092508.76312
2025-10-19 08:32:30,3723294950276.706,99044092508.76312
2025-10-19 08:33:48,3724323508343.938,98502502028.26508
2025-10-19 08:36:03,3724323508343.938,98502502028.26508
2025-10-19 08:37:34,3724323508343.938,98502502028.26508
2025-10-19 08:39:28,3724323508343.938,98502502028.26508
2025-10-19 08:41:04,3724323508343.938,98502502028.26508
2025-10-19 08:42:35,3724323508343.938,98502502028.26508
2025-10-19 08:44:30,3721805887391.911,97906188761.31892
2025-10-19 08:46:18,3721805887391.911,97906188761.31892
2025-10-19 08:47:36,3721805887391.911,97906188761.31892
2025-10-19 08:49:32,3721805887391.911,97906188761.31892
2025-10-19 08:51:22,3721805887391.911,97906188761.31892
2025-10-19 08:52:37,3721805887391.911,97906188761.31892
2025-10-19 08:54:33,3724798163278.024,97840841102.95636
2025-10-19 08:57:05,3724798163278.024,97840841102.95636
2025-10-19 08:59:35,3724798163278.024,97840841102.95636
2025-10-19 09:02:06,3724798163278.024,97840841102.95636
2025-10-19 09:04:36,3725321230201.891,97770006827.31313
2025-10-19 09:06:10,3725321230201.891,97770006827.31313
2025-10-19 09:07:40,3725321230201.891,97770006827.31313
2025-10-19 09:09:37,3725321230201.891,97770006827.31313
2025-10-19 09:11:11,3725321230201.891,97770006827.31313
2025-10-19 09:12:41,3725815957770.388,97364823281.63371
2025-10-19 09:14:38,3725815957770.388,97364823281.63371
2025-10-19 09:16:13,3725815957770.388,97364823281.63371
2025-10-19 09:17:42,3725815957770.388,97364823281.63371
2025-10-19 09:19:39,3725815957770.388,97364823281.63371
2025-10-19 09:21:14,3725815957770.388,97364823281.63371
2025-10-19 09:22:43,3724215576690.573,96658856375.80704
2025-10-19 09:26:16,3724215576690.573,96658856375.80704
2025-10-19 09:27:44,3724215576690.573,96658856375.80704
2025-10-19 09:31:17,3724215576690.573,96658856375.80704
2025-10-19 09:32:45,3723135193023.676,96300992052.89165
2025-10-19 09:36:18,3723135193023.676,96300992052.89165
2025-10-19 09:37:46,3723135193023.676,96300992052.89165
2025-10-19 09:41:19,3723135193023.676,96300992052.89165
2025-10-19 09:42:47,3721303331349.496,95596671173.06432
2025-10-19 09:44:00,3721303331349.496,95596671173.06432
2025-10-19 09:46:20,3721303331349.496,95596671173.06432
2025-10-19 09:48:09,3721303331349.496,95596671173.06432
2025-10-19 09:51:21,3721303331349.496,95596671173.06432
2025-10-19 09:53:10,3722085625267.5537,95029016923.01424
2025-10-19 09:56:22,3722085625267.5537,95029016923.01424
2025-10-19 09:58:11,3722085625267.5537,95029016923.01424
2025-10-19 10:01:23,3722085625267.5537,95029016923.01424
2025-10-19 10:03:12,3721809457690.8,94654680342.10538
2025-10-19 10:06:24,3721809457690.8,94654680342.10538
2025-10-19 10:08:14,3721809457690.8,94654680342.10538
2025-10-19 10:11:25,3721809457690.8,94654680342.10538
2025-10-19 10:13:45,3721244371438.242,94151835421.428
2025-10-19 10:16:26,3721244371438.242,94151835421.428
2025-10-19 10:18:46,3721244371438.242,94151835421.428
2025-10-19 10:21:27,3721244371438.242,94151835421.428
2025-10-19 10:23:47,3730400529465.021,94062903636.49562
2025-10-19 10:26:28,3730400529465.021,94062903636.49562
2025-10-19 10:28:48,3730400529465.021,94062903636.49562
2025-10-19 10:31:29,3730400529465.021,94062903636.49562
2025-10-19 10:34:12,3732872021770.574,94170737844.23816
2025-10-19 10:36:30,3732872021770.574,94170737844.23816
2025-10-19 10:39:13,3732872021770.574,94170737844.23816
2025-10-19 10:41:32,3732872021770.574,94170737844.23816
2025-10-19 10:42:57,3735407568844.966,94003560308.06464
2025-10-19 10:44:14,3735407568844.966,94003560308.06464
2025-10-19 10:46:34,3735407568844.966,94003560308.06464
2025-10-19 10:47:58,3735407568844.966,94003560308.06464
2025-10-19 10:49:17,3735407568844.966,94003560308.06464
2025-10-19 10:51:35,3735407568844.966,94003560308.06464
2025-10-19 10:52:59,3740971202696.194,94333686440.34328
2025-10-19 10:54:54,3740971202696.194,94333686440.34328
2025-10-19 10:56:36,3740971202696.194,94333686440.34328
2025-10-19 10:58:00,3740971202696.194,94333686440.34328
2025-10-19 10:59:55,3740971202696.194,94333686440.34328
2025-10-19 11:01:37,3740971202696.194,94333686440.34328
2025-10-19 11:03:01,3738869013680.439,94356927294.37364
2025-10-19 11:04:56,3738869013680.439,94356927294.37364
2025-10-19 11:06:38,3738869013680.439,94356927294.37364
2025-10-19 11:08:02,3738869013680.439,94356927294.37364
2025-10-19 11:09:58,3738869013680.439,94356927294.37364
2025-10-19 11:11:39,3738869013680.439,94356927294.37364
2025-10-19 11:13:03,3733520892566.9673,93496010265.20038
2025-10-19 11:14:58,3733520892566.9673,93496010265.20038
2025-10-19 11:16:41,3733520892566.9673,93496010265.20038
2025-10-19 11:18:04,3733520892566.9673,93496010265.20038
2025-10-19 11:19:59,3733520892566.9673,93496010265.20038
2025-10-19 11:21:43,3733520892566.9673,93496010265.20038
2025-10-19 11:23:06,3732493444754.0073,93410657846.2641
2025-10-19 11:25:01,3732493444754.0073,93410657846.2641
2025-10-19 11:26:44,3732493444754.0073,93410657846.2641
2025-10-19 11:28:31,3732493444754.0073,93410657846.2641
2025-10-19 11:30:02,3732493444754.0073,93410657846.2641
2025-10-19 11:31:45,3732493444754.0073,93410657846.2641
2025-10-19 11:33:32,3737069788293.769,93292075515.5349
2025-10-19 11:36:46,3737069788293.769,93292075515.5349
2025-10-19 11:43:57,3736126050995.151,92999464035.44415
2025-10-19 12:14:42,3736018507280.426,92418522844.43942
2025-10-19 12:19:45,3736018507280.426,92418522844.43942
2025-10-19 12:24:47,3740146757219.351,92526203404.92831
2025-10-19 12:29:49,3740146757219.351,92526203404.92831
2025-10-19 12:34:50,3734736143510.0674,92727609086.74689
2025-10-19 12:39:51,3734736143510.0674,92727609086.74689
2025-10-19 12:44:52,3734157203030.954,92594599705.09702
2025-10-19 12:49:53,3734157203030.954,92594599705.09702
2025-10-19 12:54:54,3728299387801.7983,92613891038.54796
2025-10-19 12:59:55,3728299387801.7983,92613891038.54796
2025-10-19 13:04:56,3728349664610.937,92950849036.64502
2025-10-19 13:09:57,3728349664610.937,92950849036.64502
2025-10-19 13:14:58,3727184644975.8486,92506406752.34653
2025-10-19 13:19:59,3727184644975.8486,92506406752.34653
2025-10-19 13:25:00,3724810937852.981,92188319508.97278
2025-10-19 13:30:01,3724810937852.981,92188319508.97278
2025-10-19 13:35:02,3723095368910.125,92018374413.28915
2025-10-19 13:40:03,3723095368910.125,92018374413.28915
2025-10-19 13:45:04,3721225532176.077,92299737291.55228
2025-10-19 13:50:06,3721225532176.077,92299737291.55228
2025-10-19 13:55:08,3719318564924.635,92239149609.15756
2025-10-19 14:00:09,3719318564924.635,92239149609.15756
2025-10-19 14:05:11,3720660300141.301,92069051379.56996
2025-10-19 14:10:12,3720660300141.301,92069051379.56996
2025-10-19 14:15:13,3724180540861.188,90119996890.44489
2025-10-19 14:20:14,3724180540861.188,90119996890.44489
2025-10-19 14:25:15,3724951664777.5215,88773089872.48557
2025-10-19 14:30:16,3724951664777.5215,88773089872.48557
2025-10-19 14:35:17,3723680478454.905,88232445975.90085
2025-10-19 14:40:18,3723680478454.905,88232445975.90085
2025-10-19 14:45:19,3720920370547.984,87810925081.91916
2025-10-19 14:50:20,3720920370547.984,87810925081.91916
2025-10-19 14:55:22,3720752053983.731,87366460640.25104
2025-10-19 15:00:23,3720752053983.731,87366460640.25104
2025-10-19 15:05:24,3724325751544.052,86231717835.66673
2025-10-19 15:10:25,3724325751544.052,86231717835.66673
2025-10-19 15:15:26,3725263993905.756,85276040881.96213
2025-10-19 15:20:27,3725263993905.756,85276040881.96213
2025-10-19 15:25:28,3733699997807.5386,85004728333.65326
2025-10-19 15:30:29,3733699997807.5386,85004728333.65326
2025-10-19 15:35:30,3719598923430.511,87777847739.5423
2025-10-19 15:40:31,3719598923430.511,87777847739.5423
2025-10-19 15:45:32,3711992017866.688,87849336888.03017
2025-10-19 15:50:33,3711992017866.688,87849336888.03017
2025-10-19 15:55:34,3705092207433.823,88220722986.99608
2025-10-19 16:00:35,3705092207433.823,88220722986.99608
2025-10-19 16:05:36,3706115000667.194,88775434454.33981
2025-10-19 16:10:37,3706115000667.194,88775434454.33981
2025-10-19 16:15:38,3699186465465.647,88685169991.09583
2025-10-19 16:20:39,3699186465465.647,88685169991.09583
2025-10-19 16:25:40,3705739625208.052,89095627194.62683
2025-10-19 16:30:41,3705739625208.052,89095627194.62683
2025-10-19 16:35:42,3701198719863.0366,89456975093.74678
2025-10-19 16:40:43,3701198719863.0366,89456975093.74678
2025-10-19 16:45:44,3724863257155.125,90366045996.54788
2025-10-19 16:50:45,3724863257155.125,90366045996.54788
2025-10-19 16:55:46,3748522135839.554,93114201817.95135
2025-10-19 17:00:47,3748522135839.554,93114201817.95135
2025-10-19 17:05:48,3749313259684.2407,96365170410.03342
2025-10-19 17:10:49,3749313259684.2407,96365170410.03342
2025-10-19 17:15:50,3742696035807.039,97230730297.88972
2025-10-19 17:20:52,3742696035807.039,97230730297.88972
2025-10-19 17:25:54,3746543432098.816,97863168274.17291
2025-10-19 17:30:55,3746543432098.816,97863168274.17291
2025-10-19 17:35:57,3759215492050.1553,99281149421.51068
2025-10-19 17:54:08,3753966182115.618,100511227362.74916
2025-10-19 17:59:15,3753966182115.618,100511227362.74916
2025-10-19 18:04:20,3768001143624.5576,101048421976.57962
2025-10-19 18:31:24,3768969170871.059,102760645980.58694
2025-10-19 18:36:27,3764879281505.593,103268676189.39848
2025-10-19 18:42:18,3764879281505.593,103268676189.39848
2025-10-19 18:47:21,3762512053226.176,103533271781.8692
2025-10-19 18:52:22,3762512053226.176,103533271781.8692
2025-10-19 18:57:23,3758787813688.241,103984862456.90231
2025-10-19 19:02:24,3758787813688.241,103984862456.90231
2025-10-19 19:07:25,3759932581924.372,104335097869.72765
2025-10-19 19:12:26,3759932581924.372,104335097869.72765
2025-10-19 19:17:27,3755018370943.3184,104138595630.97797
2025-10-19 19:22:28,3755018370943.3184,104138595630.97797
2025-10-19 19:27:29,3752334431795.653,104772801463.07538
2025-10-19 19:32:30,3752334431795.653,104772801463.07538
2025-10-19 19:37:31,3753924547041.709,104970925584.65726
2025-10-19 19:42:32,3753924547041.709,104970925584.65726
2025-10-19 19:47:33,3754364326121.0,105338929956.0447
2025-10-19 19:52:34,3754364326121.0,105338929956.0447
2025-10-19 19:57:35,3753522226211.633,105722358447.08977
2025-10-19 20:02:36,3753522226211.633,105722358447.08977
2025-10-19 20:07:38,3753601568622.556,105917009078.90184
2025-10-19 20:12:39,3753601568622.556,105917009078.90184
2025-10-19 20:17:39,3749352510569.261,105923150840.00136
2025-10-19 20:22:40,3749352510569.261,105923150840.00136
2025-10-19 20:27:41,3749909371261.0615,106340862662.9973
2025-10-19 20:32:42,3749909371261.0615,106340862662.9973
2025-10-19 20:37:44,3757007628958.408,106744514521.07138
2025-10-19 20:42:45,3757007628958.408,106744514521.07138
2025-10-19 20:47:46,3765733006716.87,107292159557.55244
2025-10-19 20:52:47,3765733006716.87,107292159557.55244
2025-10-19 20:57:49,3772404849658.6367,107855423385.04802
2025-10-19 21:02:50,3772404849658.6367,107855423385.04802
2025-10-19 21:07:50,3775906549176.1567,109075224253.44232
2025-10-19 21:12:51,3775906549176.1567,109075224253.44232
2025-10-19 21:17:53,3779077124528.4775,109995746051.03
2025-10-19 21:22:54,3779077124528.4775,109995746051.03
2025-10-19 21:27:56,3791842795977.148,110277509430.43924
2025-10-19 21:32:58,3791842795977.148,110277509430.43924
2025-10-19 21:38:00,3791765625976.5576,111500896502.06764
2025-10-19 21:43:01,3791765625976.5576,111500896502.06764
2025-10-19 21:48:02,3785874487096.842,112059721049.96494
2025-10-19 21:53:04,3785874487096.842,112059721049.96494
2025-10-19 21:58:05,3790751062493.049,113455172042.32536
2025-10-19 22:03:06,3790751062493.049,113455172042.32536
2025-10-19 22:08:07,3794832556402.936,113876780453.4551
2025-10-19 22:13:15,3794832556402.936,113876780453.4551
2025-10-19 22:18:15,3794570199836.649,114394502513.39989
2025-10-19 22:23:16,3794570199836.649,114394502513.39989
2025-10-19 22:28:19,3793732923103.6265,114744654459.30318
2025-10-19 22:33:21,3793732923103.6265,114744654459.30318
2025-10-19 22:38:23,3791241996389.738,115016385910.92564
2025-10-19 22:43:24,3791241996389.738,115016385910.92564
2025-10-19 22:48:25,3787161737343.149,115019151475.09428
2025-10-19 22:53:27,3787161737343.149,115019151475.09428
2025-10-19 22:58:28,3790654375206.253,115384193046.20358
2025-10-19 23:03:30,3790654375206.253,115384193046.20358
2025-10-19 23:08:31,3790717704310.39,115535223537.40268
2025-10-19 23:13:32,3790717704310.39,115535223537.40268
2025-10-19 23:18:33,3788062401003.716,115475166850.50414
2025-10-19 23:23:34,3788062401003.716,115475166850.50414
2025-10-19 23:28:35,3785092832438.999,115641972769.3156
2025-10-19 23:31:02,3785092832438.999,115641972769.3156
2025-10-19 23:33:36,3785092832438.999,115641972769.3156
2025-10-19 23:36:04,3784958716295.394,115755262320.87166
2025-10-19 23:38:40,3784958716295.394,115755262320.87166
2025-10-19 23:41:05,3784958716295.394,115755262320.87166
2025-10-19 23:43:41,3784958716295.394,115755262320.87166
2025-10-19 23:46:06,3797162313983.544,115965526844.97224
2025-10-19 23:48:42,3797162313983.544,115965526844.97224
2025-10-19 23:50:36,3797162313983.544,115965526844.97224
2025-10-19 23:53:43,3797162313983.544,115965526844.97224
2025-10-19 23:55:39,3796690165804.45,116675535931.08904
2025-10-19 23:58:44,3796690165804.45,116675535931.08904
2025-10-20 00:00:39,3796690165804.45,116675535931.08904
2025-10-20 00:03:45,3796690165804.45,116675535931.08904
2025-10-20 00:05:40,3797008666760.565,117096538052.41016
2025-10-20 00:08:46,3797008666760.565,117096538052.41016
2025-10-20 00:10:42,3797008666760.565,117096538052.41016
2025-10-20 00:13:47,3797008666760.565,117096538052.41016
2025-10-20 00:15:42,3813442680574.41,118363046206.69656
2025-10-20 00:18:48,3813442680574.41,118363046206.69656
2025-10-20 00:20:44,3813442680574.41,118363046206.69656
2025-10-20 00:23:49,3813442680574.41,118363046206.69656
2025-10-20 00:25:45,3811384139947.9487,119534758007.86607
2025-10-20 00:28:50,3811384139947.9487,119534758007.86607
2025-10-20 00:30:46,3811384139947.9487,119534758007.86607
2025-10-20 00:33:51,3811384139947.9487,119534758007.86607
2025-10-20 00:35:47,3810661652365.9272,120500273447.39922
2025-10-20 00:38:52,3810661652365.9272,120500273447.39922
2025-10-20 00:41:19,3810661652365.9272,120500273447.39922
2025-10-20 00:43:53,3810661652365.9272,120500273447.39922
2025-10-20 00:45:48,3805434041908.6616,120644336735.14288
2025-10-20 00:48:54,3805434041908.6616,120644336735.14288
2025-10-20 00:50:49,3805434041908.6616,120644336735.14288
2025-10-20 00:53:55,3805434041908.6616,120644336735.14288
2025-10-20 00:55:50,3804337005371.844,120778516725.42236
2025-10-20 00:58:56,3804337005371.844,120778516725.42236
2025-10-20 01:00:51,3804337005371.844,120778516725.42236
2025-10-20 01:03:57,3804337005371.844,120778516725.42236
2025-10-20 01:05:52,3808629195791.004,121243284307.04285
2025-10-20 01:08:59,3808629195791.004,121243284307.04285
2025-10-20 01:10:53,3808629195791.004,121243284307.04285
2025-10-20 01:14:00,3808629195791.004,121243284307.04285
2025-10-20 01:15:54,3803806265049.11,121081460991.89476
2025-10-20 01:19:01,3803806265049.11,121081460991.89476
2025-10-20 01:20:56,3803806265049.11,121081460991.89476
2025-10-20 01:24:02,3803806265049.11,121081460991.89476
2025-10-20 01:25:57,3809262260913.3774,121554473057.29929
2025-10-20 01:29:03,3809262260913.3774,121554473057.29929
2025-10-20 01:30:59,3809262260913.3774,121554473057.29929
2025-10-20 01:34:04,3809262260913.3774,121554473057.29929
2025-10-20 01:36:01,3810297794286.364,121786746225.20392
2025-10-20 01:39:05,3810297794286.364,121786746225.20392
2025-10-20 01:41:02,3810297794286.364,121786746225.20392
2025-10-20 01:44:06,3810297794286.364,121786746225.20392
2025-10-20 01:46:03,3814236540535.726,122277344705.24042
2025-10-20 01:49:07,3814236540535.726,122277344705.24042
2025-10-20 01:51:04,3814236540535.726,122277344705.24042
2025-10-20 01:54:08,3814236540535.726,122277344705.24042
2025-10-20 01:56:05,3815924816938.4814,122516369113.23932
2025-10-20 01:59:10,3815924816938.4814,122516369113.23932
2025-10-20 02:01:06,3815924816938.4814,122516369113.23932
2025-10-20 02:04:11,3815924816938.4814,122516369113.23932
2025-10-20 02:06:07,3809109818701.005,122425924124.11395
2025-10-20 02:09:12,3809109818701.005,122425924124.11395
2025-10-20 02:11:08,3809109818701.005,122425924124.11395
2025-10-20 02:14:13,3809109818701.005,122425924124.11395
2025-10-20 02:16:09,3803263957794.092,122700307534.83752
2025-10-20 02:19:14,3803263957794.092,122700307534.83752
2025-10-20 02:21:09,3803263957794.092,122700307534.83752
2025-10-20 02:24:15,3803263957794.092,122700307534.83752
2025-10-20 02:26:10,3804299034519.733,123315249646.8638
2025-10-20 02:29:16,3804299034519.733,123315249646.8638
2025-10-20 02:31:11,3804299034519.733,123315249646.8638
2025-10-20 02:34:17,3804299034519.733,123315249646.8638
2025-10-20 02:36:12,3801785837910.1313,123510289573.5947
2025-10-20 02:39:18,3801785837910.1313,123510289573.5947
2025-10-20 02:41:13,3801785837910.1313,123510289573.5947
2025-10-20 02:44:20,3801785837910.1313,123510289573.5947
2025-10-20 02:46:14,3799197432368.96,123915000829.84634
2025-10-20 02:49:20,3799197432368.96,123915000829.84634
2025-10-20 02:51:15,3799197432368.96,123915000829.84634
2025-10-20 02:54:21,3799197432368.96,123915000829.84634
2025-10-20 02:56:17,3799997080659.408,124136328483.0818
2025-10-20 02:59:22,3799997080659.408,124136328483.0818
2025-10-20 03:01:18,3799997080659.408,124136328483.0818
2025-10-20 03:04:24,3799997080659.408,124136328483.0818
2025-10-20 03:06:19,3797864951509.541,124216245850.84444
2025-10-20 03:09:24,3797864951509.541,124216245850.84444
2025-10-20 03:11:20,3797864951509.541,124216245850.84444
2025-10-20 03:14:25,3797864951509.541,124216245850.84444
2025-10-20 03:16:21,3800193706331.776,124263210330.85144
2025-10-20 03:19:26,3800193706331.776,124263210330.85144
2025-10-20 03:21:22,3800193706331.776,124263210330.85144
2025-10-20 03:24:27,3800193706331.776,124263210330.85144
2025-10-20 03:26:23,3799992737885.188,124757499651.73116
2025-10-20 03:29:28,3799992737885.188,124757499651.73116
2025-10-20 03:31:24,3799992737885.188,124757499651.73116
2025-10-20 03:34:29,3799192227110.572,124917360966.2518
2025-10-20 03:36:25,3799192227110.572,124917360966.2518
2025-10-20 03:39:32,3799192227110.572,124917360966.2518
2025-10-20 03:41:26,3799192227110.572,124917360966.2518
2025-10-20 03:44:33,3800087322569.4487,125128755896.70525
2025-10-20 03:46:27,3800087322569.4487,125128755896.70525
2025-10-20 03:49:34,3800087322569.4487,125128755896.70525
2025-10-20 03:51:28,3800087322569.4487,125128755896.70525
2025-10-20 03:54:35,3801659608149.755,125189364380.96536
2025-10-20 03:56:29,3801659608149.755,125189364380.96536
2025-10-20 03:59:36,3801659608149.755,125189364380.96536
2025-10-20 04:01:30,3801659608149.755,125189364380.96536
2025-10-20 04:04:37,3801746957276.734,125396419178.77666
2025-10-20 04:06:31,3801746957276.734,125396419178.77666
2025-10-20 04:09:38,3801746957276.734,125396419178.77666
2025-10-20 04:11:32,3801746957276.734,125396419178.77666
2025-10-20 04:14:39,3799814426421.455,125215803801.51622
2025-10-20 04:16:33,3799814426421.455,125215803801.51622
2025-10-20 04:19:39,3799814426421.455,125215803801.51622
2025-10-20 04:21:34,3799814426421.455,125215803801.51622
2025-10-20 04:24:40,3794521795574.1074,125218259253.9302
2025-10-20 04:26:35,3794521795574.1074,125218259253.9302
2025-10-20 04:29:42,3794521795574.1074,125218259253.9302
2025-10-20 04:31:36,3794521795574.1074,125218259253.9302
2025-10-20 04:34:42,3792473105032.87,125366737993.6755
2025-10-20 04:36:37,3792473105032.87,125366737993.6755
2025-10-20 04:39:44,3792473105032.87,125366737993.6755
2025-10-20 04:41:37,3792473105032.87,125366737993.6755
2025-10-20 04:44:45,3796064556909.653,125466584964.36491
2025-10-20 04:46:38,3796064556909.653,125466584964.36491
2025-10-20 04:49:46,3796064556909.653,125466584964.36491
2025-10-20 04:51:39,3796064556909.653,125466584964.36491
2025-10-20 04:54:46,3796258306041.065,125496577055.75534
2025-10-20 04:56:40,3796258306041.065,125496577055.75534
2025-10-20 04:59:48,3796258306041.065,125496577055.75534
2025-10-20 05:01:41,3796258306041.065,125496577055.75534
2025-10-20 05:04:48,3800040374479.719,125819835029.03366
2025-10-20 05:06:42,3800040374479.719,125819835029.03366
2025-10-20 05:09:49,3800040374479.719,125819835029.03366
2025-10-20 05:12:11,3800040374479.719,125819835029.03366
2025-10-20 05:14:50,3806104945991.971,126281058634.24796
2025-10-20 05:17:12,3806104945991.971,126281058634.24796
2025-10-20 05:19:51,3806104945991.971,126281058634.24796
2025-10-20 05:22:13,3806104945991.971,126281058634.24796
2025-10-20 05:24:52,3806285952090.431,126838183072.29236
2025-10-20 05:27:14,3806285952090.431,126838183072.29236
2025-10-20 05:29:53,3806285952090.431,126838183072.29236
2025-10-20 05:31:45,3806285952090.431,126838183072.29236
2025-10-20 05:34:55,3812613229529.094,127323221903.7556
2025-10-20 05:36:46,3812613229529.094,127323221903.7556
2025-10-20 05:39:56,3812613229529.094,127323221903.7556
2025-10-20 05:41:47,3812613229529.094,127323221903.7556
2025-10-20 05:44:57,3814617130055.774,127779474083.61987
2025-10-20 05:46:48,3814617130055.774,127779474083.61987
2025-10-20 05:49:58,3814617130055.774,127779474083.61987
2025-10-20 05:51:50,3814617130055.774,127779474083.61987
2025-10-20 05:54:59,3811816530997.5728,127906924979.07462
2025-10-20 05:56:51,3811816530997.5728,127906924979.07462
2025-10-20 06:00:00,3811816530997.5728,127906924979.07462
2025-10-20 06:01:52,3811816530997.5728,127906924979.07462
2025-10-20 06:05:03,3803527546583.666,128086011244.01428
2025-10-20 06:06:53,3803527546583.666,128086011244.01428
2025-10-20 06:10:06,3803527546583.666,128086011244.01428
2025-10-20 06:11:54,3803527546583.666,128086011244.01428
2025-10-20 06:15:08,3799573704897.877,128579052976.826
2025-10-20 06:16:55,3799573704897.877,128579052976.826
2025-10-20 06:20:09,3799573704897.877,128579052976.826
2025-10-20 06:21:56,3799573704897.877,128579052976.826
2025-10-20 06:25:10,3797682487658.338,128717312332.34224
2025-10-20 06:26:57,3797682487658.338,128717312332.34224
2025-10-20 06:30:11,3797682487658.338,128717312332.34224
2025-10-20 06:31:58,3797682487658.338,128717312332.34224
2025-10-20 06:35:12,3794392181058.492,128965130139.45554
2025-10-20 06:37:00,3794392181058.492,128965130139.45554
2025-10-20 06:40:13,3794392181058.492,128965130139.45554
2025-10-20 06:42:00,3794392181058.492,128965130139.45554
2025-10-20 06:45:14,3790645656314.805,129185206754.91852
2025-10-20 06:47:02,3790645656314.805,129185206754.91852
2025-10-20 06:50:14,3790645656314.805,129185206754.91852
2025-10-20 06:52:03,3790645656314.805,129185206754.91852
2025-10-20 06:55:15,3788481001426.551,129890212985.4909
2025-10-20 06:57:05,3788481001426.551,129890212985.4909
2025-10-20 07:00:17,3788481001426.551,129890212985.4909
2025-10-20 07:02:09,3788481001426.551,129890212985.4909
2025-10-20 07:05:19,3783417937302.417,130066932483.49458
2025-10-20 07:07:11,3783417937302.417,130066932483.49458
2025-10-20 07:10:20,3783417937302.417,130066932483.49458
2025-10-20 07:12:13,3783417937302.417,130066932483.49458
2025-10-20 07:15:21,3773222911405.6416,130128010081.04436
2025-10-20 07:17:14,3773222911405.6416,130128010081.04436
2025-10-20 07:20:23,3773222911405.6416,130128010081.04436
2025-10-20 07:22:15,3773222911405.6416,130128010081.04436
2025-10-20 07:25:24,3755674188772.88,130418755758.09512
2025-10-20 07:27:16,3755674188772.88,130418755758.09512
2025-10-20 07:30:26,3755674188772.88,130418755758.09512
2025-10-20 07:32:18,3755674188772.88,130418755758.09512
2025-10-20 07:35:27,3746609734700.847,132133739029.04527
2025-10-20 07:37:19,3746609734700.847,132133739029.04527
2025-10-20 07:40:29,3746609734700.847,132133739029.04527
2025-10-20 07:42:23,3746609734700.847,132133739029.04527
2025-10-20 07:45:31,3759301150908.0527,133561332143.83215
2025-10-20 07:47:25,3759301150908.0527,133561332143.83215
2025-10-20 07:50:33,3759301150908.0527,133561332143.83215
2025-10-20 07:52:27,3759301150908.0527,133561332143.83215
2025-10-20 07:55:34,3761725131476.697,133954278367.72116
2025-10-20 07:57:29,3761725131476.697,133954278367.72116
2025-10-20 08:00:36,3761725131476.697,133954278367.72116
2025-10-20 08:02:31,3761725131476.697,133954278367.72116
2025-10-20 08:05:39,3769104289055.22,134590436105.16022
2025-10-20 08:07:32,3769104289055.22,134590436105.16022
2025-10-20 08:10:40,3769104289055.22,134590436105.16022
2025-10-20 08:12:35,3769104289055.22,134590436105.16022
2025-10-20 08:15:41,3770793618160.751,135230904919.08395
2025-10-20 08:17:38,3770793618160.751,135230904919.08395
2025-10-20 08:20:42,3770793618160.751,135230904919.08395
2025-10-20 08:22:41,3770793618160.751,135230904919.08395
2025-10-20 08:25:43,3765338110219.859,135385448370.13304
2025-10-20 08:27:42,3765338110219.859,135385448370.13304
2025-10-20 08:30:44,3765338110219.859,135385448370.13304
2025-10-20 08:32:43,3765338110219.859,135385448370.13304
2025-10-20 08:35:45,3765531192499.1,135807212893.8691
2025-10-20 08:37:44,3765531192499.1,135807212893.8691
2025-10-20 08:40:47,3765531192499.1,135807212893.8691
2025-10-20 08:42:46,3765531192499.1,135807212893.8691
2025-10-20 08:45:48,3768515026157.3486,136294109832.43112
2025-10-20 08:47:47,3768515026157.3486,136294109832.43112
2025-10-20 08:50:49,3768515026157.3486,136294109832.43112
2025-10-20 08:52:48,3768515026157.3486,136294109832.43112
2025-10-20 08:55:50,3767194576470.0825,136484958423.04384
2025-10-20 08:57:49,3767194576470.0825,136484958423.04384
2025-10-20 09:00:51,3767194576470.0825,136484958423.04384
2025-10-20 09:02:50,3767194576470.0825,136484958423.04384
2025-10-20 09:05:52,3763178365073.5737,136711954795.137
2025-10-20 09:07:52,3763178365073.5737,136711954795.137
2025-10-20 09:10:53,3763178365073.5737,136711954795.137
2025-10-20 09:12:53,3763178365073.5737,136711954795.137
2025-10-20 09:15:55,3762704198408.777,137054164260.58649
2025-10-20 09:17:54,3762704198408.777,137054164260.58649
2025-10-20 09:20:56,3762704198408.777,137054164260.58649
2025-10-20 09:22:56,3762704198408.777,137054164260.58649
2025-10-20 09:25:58,3776925958000.058,138043847054.39996
2025-10-20 09:27:57,3776925958000.058,138043847054.39996
2025-10-20 09:30:59,3776925958000.058,138043847054.39996
2025-10-20 09:32:58,3776925958000.058,138043847054.39996
2025-10-20 09:36:01,3773120988414.653,138240496969.07056
2025-10-20 09:37:59,3773120988414.653,138240496969.07056
2025-10-20 09:41:02,3773120988414.653,138240496969.07056
2025-10-20 09:43:00,3773120988414.653,138240496969.07056
2025-10-20 09:46:04,3786139676067.8174,139292121597.91254
2025-10-20 09:48:01,3786139676067.8174,139292121597.91254
2025-10-20 09:51:05,3786139676067.8174,139292121597.91254
2025-10-20 09:53:03,3786139676067.8174,139292121597.91254
2025-10-20 09:56:07,3787009152356.2354,139818364643.61264
2025-10-20 09:58:04,3787009152356.2354,139818364643.61264
2025-10-20 10:01:08,3787009152356.2354,139818364643.61264
2025-10-20 10:03:05,3787009152356.2354,139818364643.61264
2025-10-20 10:06:09,3784254914321.103,139891388565.36926
2025-10-20 10:08:07,3784254914321.103,139891388565.36926
2025-10-20 10:11:11,3784254914321.103,139891388565.36926
2025-10-20 10:13:08,3784254914321.103,139891388565.36926
2025-10-20 10:16:12,3783208357962.599,140109284424.30405
2025-10-20 10:18:09,3783208357962.599,140109284424.30405
2025-10-20 10:21:13,3783208357962.599,140109284424.30405
2025-10-20 10:23:10,3783208357962.599,140109284424.30405
2025-10-20 10:26:14,3787004686828.289,140250009983.7419
2025-10-20 10:28:11,3787004686828.289,140250009983.7419
2025-10-20 10:31:15,3787004686828.289,140250009983.7419
2025-10-20 10:33:13,3787004686828.289,140250009983.7419
2025-10-20 10:36:16,3785450809038.45,140348012886.19333
2025-10-20 10:38:14,3785450809038.45,140348012886.19333
2025-10-20 10:41:17,3785450809038.45,140348012886.19333
2025-10-20 10:43:15,3785450809038.45,140348012886.19333
2025-10-20 10:46:18,3799831035868.631,140924622141.4838
2025-10-20 10:48:17,3799831035868.631,140924622141.4838
2025-10-20 10:51:19,3799831035868.631,140924622141.4838
2025-10-20 10:53:18,3799831035868.631,140924622141.4838
2025-10-20 10:56:20,3836887164584.189,143581741729.74042
2025-10-20 10:58:19,3836887164584.189,143581741729.74042
2025-10-20 11:01:22,3836887164584.189,143581741729.74042
2025-10-20 11:03:21,3836887164584.189,143581741729.74042
2025-10-20 11:06:23,3837328934964.149,145489752786.65903
2025-10-20 11:08:22,3837328934964.149,145489752786.65903
2025-10-20 11:11:25,3837328934964.149,145489752786.65903
2025-10-20 11:13:23,3837328934964.149,145489752786.65903
2025-10-20 11:16:26,3845554935136.847,146427552009.39014
2025-10-20 11:18:25,3845554935136.847,146427552009.39014
2025-10-20 11:21:28,3845554935136.847,146427552009.39014
2025-10-20 11:23:26,3845554935136.847,146427552009.39014
2025-10-20 11:26:29,3834520467759.382,146976907071.2924
2025-10-20 11:28:27,3834520467759.382,146976907071.2924
2025-10-20 11:31:31,3834520467759.382,146976907071.2924
2025-10-20 11:33:28,3834520467759.382,146976907071.2924
2025-10-20 11:36:33,3839379110090.299,147771137588.71417
2025-10-20 11:38:30,3839379110090.299,147771137588.71417
2025-10-20 11:41:34,3839379110090.299,147771137588.71417
2025-10-20 11:43:31,3839379110090.299,147771137588.71417
2025-10-20 11:46:35,3843407249196.936,148370072023.00848
2025-10-20 11:48:32,3843407249196.936,148370072023.00848
2025-10-20 11:51:37,3843407249196.936,148370072023.00848
2025-10-20 11:53:34,3843407249196.936,148370072023.00848
2025-10-20 11:56:38,3844393727883.4766,148740622360.4032
2025-10-20 11:58:35,3844393727883.4766,148740622360.4032
2025-10-20 12:01:40,3844393727883.4766,148740622360.4032
2025-10-20 12:03:37,3844393727883.4766,148740622360.4032
2025-10-20 12:06:41,3844625128560.052,149332177349.9345
2025-10-20 12:08:38,3844625128560.052,149332177349.9345
2025-10-20 12:11:42,3844625128560.052,149332177349.9345
2025-10-20 12:13:39,3844625128560.052,149332177349.9345
2025-10-20 12:16:44,3849417343761.7705,150166762692.94617
2025-10-20 12:18:41,3849417343761.7705,150166762692.94617
2025-10-20 12:21:45,3849417343761.7705,150166762692.94617
2025-10-20 12:23:42,3849417343761.7705,150166762692.94617
2025-10-20 12:26:47,3854266239331.412,150776042261.24664
2025-10-20 12:28:44,3854266239331.412,150776042261.24664
2025-10-20 12:31:49,3854266239331.412,150776042261.24664
2025-10-20 12:33:45,3854266239331.412,150776042261.24664
2025-10-20 12:36:51,3859626104441.529,151630137881.22012
2025-10-20 12:38:46,3859626104441.529,151630137881.22012
2025-10-20 12:41:52,3859626104441.529,151630137881.22012
2025-10-20 12:43:47,3859626104441.529,151630137881.22012
2025-10-20 12:46:54,3856053290601.088,152192422707.04236
2025-10-20 12:48:49,3856053290601.088,152192422707.04236
2025-10-20 12:51:55,3856053290601.088,152192422707.04236
2025-10-20 12:53:50,3856053290601.088,152192422707.04236
2025-10-20 12:56:57,3864534660524.513,152596398277.69626
2025-10-20 12:58:51,3864534660524.513,152596398277.69626
2025-10-20 13:01:59,3864534660524.513,152596398277.69626
2025-10-20 13:04:25,3864534660524.513,152596398277.69626
2025-10-20 13:07:01,3867606568804.917,153608382479.64105
2025-10-20 13:08:53,3867606568804.917,153608382479.64105
2025-10-20 13:12:02,3867606568804.917,153608382479.64105
2025-10-20 13:13:54,3867606568804.917,153608382479.64105
2025-10-20 13:17:04,3871320854166.427,154634592549.66306
2025-10-20 13:18:55,3871320854166.427,154634592549.66306
2025-10-20 13:22:05,3871320854166.427,154634592549.66306
2025-10-20 13:23:56,3871320854166.427,154634592549.66306
2025-10-20 13:27:08,3871870550809.885,155814992030.44415
2025-10-20 13:28:58,3871870550809.885,155814992030.44415
2025-10-20 13:32:09,3871870550809.885,155814992030.44415
2025-10-20 13:33:59,3871870550809.885,155814992030.44415
2025-10-20 13:37:10,3876281844122.517,156884982647.337
2025-10-20 13:38:59,3876281844122.517,156884982647.337
2025-10-20 13:42:11,3876281844122.517,156884982647.337
2025-10-20 13:44:00,3876281844122.517,156884982647.337
2025-10-20 13:47:12,3876490859295.3696,157677646814.4992
2025-10-20 13:49:02,3876490859295.3696,157677646814.4992
2025-10-20 13:52:13,3876490859295.3696,157677646814.4992
2025-10-20 13:54:02,3876490859295.3696,157677646814.4992
2025-10-20 13:57:14,3875874715829.9937,158273375472.64603
2025-10-20 13:59:03,3875874715829.9937,158273375472.64603
2025-10-20 14:02:16,3875874715829.9937,158273375472.64603
2025-10-20 14:04:05,3875874715829.9937,158273375472.64603
2025-10-20 14:07:17,3873856501263.875,158815134294.38147
2025-10-20 14:09:06,3873856501263.875,158815134294.38147
2025-10-20 14:12:18,3873856501263.875,158815134294.38147
2025-10-20 14:14:07,3873856501263.875,158815134294.38147
2025-10-20 14:17:19,3874490656189.016,159641761698.08585
2025-10-20 14:19:08,3874490656189.016,159641761698.08585
2025-10-20 14:22:20,3874490656189.016,159641761698.08585
2025-10-20 14:24:09,3874490656189.016,159641761698.08585
2025-10-20 14:27:21,3874857123347.4014,160010193934.2459
2025-10-20 14:29:10,3874857123347.4014,160010193934.2459
2025-10-20 14:32:22,3874857123347.4014,160010193934.2459
2025-10-20 14:34:11,3874857123347.4014,160010193934.2459
2025-10-20 14:37:23,3874198930950.104,160770864212.20346
2025-10-20 14:39:12,3874198930950.104,160770864212.20346
2025-10-20 14:42:23,3874198930950.104,160770864212.20346
2025-10-20 14:44:13,3874198930950.104,160770864212.20346
2025-10-20 14:47:25,3871507029856.52,161416933725.02255
2025-10-20 14:49:15,3871507029856.52,161416933725.02255
2025-10-20 14:52:26,3871507029856.52,161416933725.02255
2025-10-20 14:54:16,3871507029856.52,161416933725.02255
2025-10-20 14:57:27,3867318560906.403,162074574604.4501
2025-10-20 14:59:17,3867318560906.403,162074574604.4501
2025-10-20 15:02:28,3867318560906.403,162074574604.4501
2025-10-20 15:04:17,3867318560906.403,162074574604.4501
2025-10-20 15:07:29,3863676133259.299,162362316014.09946
2025-10-20 15:09:19,3863676133259.299,162362316014.09946
2025-10-20 15:12:30,3863676133259.299,162362316014.09946
2025-10-20 15:14:20,3863676133259.299,162362316014.09946
2025-10-20 15:17:31,3864517049129.8906,163042522215.188
2025-10-20 15:19:20,3864517049129.8906,163042522215.188
2025-10-20 15:22:32,3864517049129.8906,163042522215.188
2025-10-20 15:24:21,3864517049129.8906,163042522215.188
2025-10-20 15:27:33,3860107360241.886,161636773183.92358
2025-10-20 15:29:22,3860107360241.886,161636773183.92358
2025-10-20 15:32:34,3860107360241.886,161636773183.92358
2025-10-20 15:34:23,3860107360241.886,161636773183.92358
2025-10-20 15:37:36,3869604375323.101,160733547582.66608
2025-10-20 15:39:24,3869604375323.101,160733547582.66608
2025-10-20 15:42:37,3869604375323.101,160733547582.66608
2025-10-20 15:44:25,3869604375323.101,160733547582.66608
2025-10-20 15:47:38,3870069801605.79,161605663682.0933
2025-10-20 15:49:26,3870069801605.79,161605663682.0933
2025-10-20 15:52:39,3870069801605.79,161605663682.0933
2025-10-20 15:54:28,3870069801605.79,161605663682.0933
2025-10-20 15:57:40,3865124855564.783,161174278223.98
2025-10-20 15:59:29,3865124855564.783,161174278223.98
2025-10-20 16:02:41,3865124855564.783,161174278223.98
2025-10-20 16:04:30,3865124855564.783,161174278223.98
2025-10-20 16:07:42,3862207007306.863,160502871414.44147
2025-10-20 16:09:31,3862207007306.863,160502871414.44147
2025-10-20 16:12:43,3862207007306.863,160502871414.44147
2025-10-20 16:14:32,3862207007306.863,160502871414.44147
2025-10-20 16:17:44,3865093368621.609,160509737889.41495
2025-10-20 16:19:33,3865093368621.609,160509737889.41495
2025-10-20 16:22:45,3865093368621.609,160509737889.41495
2025-10-20 16:24:34,3865093368621.609,160509737889.41495
2025-10-20 16:27:46,3856975823311.535,161026559824.45993
2025-10-20 16:29:35,3856975823311.535,161026559824.45993
2025-10-20 16:32:48,3856975823311.535,161026559824.45993
2025-10-20 16:34:36,3856975823311.535,161026559824.45993
2025-10-20 16:37:49,3854036520371.277,160546695222.5334
2025-10-20 16:39:37,3854036520371.277,160546695222.5334
2025-10-20 16:42:50,3854036520371.277,160546695222.5334
2025-10-20 16:44:38,3854036520371.277,160546695222.5334
2025-10-20 16:47:51,3857390841492.9214,160140901077.0048
2025-10-20 16:49:39,3857390841492.9214,160140901077.0048
2025-10-20 16:52:52,3857390841492.9214,160140901077.0048
2025-10-20 16:54:40,3857390841492.9214,160140901077.0048
2025-10-20 16:57:53,3858382332609.11,156919398606.9669
2025-10-20 16:59:41,3858382332609.11,156919398606.9669
2025-10-20 17:02:54,3858382332609.11,156919398606.9669
2025-10-20 17:04:42,3858382332609.11,156919398606.9669
2025-10-20 17:07:55,3862432013073.445,155701200374.4452
2025-10-20 17:09:43,3862432013073.445,155701200374.4452
2025-10-20 17:12:56,3862432013073.445,155701200374.4452
2025-10-20 17:14:44,3862432013073.445,155701200374.4452
2025-10-20 17:17:57,3863238413156.704,155079146685.64423
2025-10-20 17:20:14,3863238413156.704,155079146685.64423
2025-10-20 17:22:58,3863238413156.704,155079146685.64423
2025-10-20 17:24:45,3863238413156.704,155079146685.64423
2025-10-20 17:27:59,3863013535907.8896,154928002691.9909
2025-10-20 17:29:47,3863013535907.8896,154928002691.9909
2025-10-20 17:33:00,3863013535907.8896,154928002691.9909
2025-10-20 17:34:47,3863013535907.8896,154928002691.9909
2025-10-20 17:38:02,3866415166123.41,153771927292.19098
2025-10-20 17:39:48,3866415166123.41,153771927292.19098
2025-10-20 17:43:03,3866415166123.41,153771927292.19098
2025-10-20 17:44:49,3866415166123.41,153771927292.19098
2025-10-20 17:48:04,3860992780208.152,153151258650.4372
2025-10-20 17:49:50,3860992780208.152,153151258650.4372
2025-10-20 17:53:05,3860992780208.152,153151258650.4372
2025-10-20 17:54:51,3860992780208.152,153151258650.4372
2025-10-20 17:58:06,3851031480905.251,153516436818.40973
2025-10-20 17:59:52,3851031480905.251,153516436818.40973
2025-10-20 18:03:07,3851031480905.251,153516436818.40973
2025-10-20 18:04:53,3851031480905.251,153516436818.40973
2025-10-20 18:08:08,3849574616204.7065,153096292738.0759
2025-10-20 18:09:54,3849574616204.7065,153096292738.0759
2025-10-20 18:13:10,3849574616204.7065,153096292738.0759
2025-10-20 18:14:55,3849574616204.7065,153096292738.0759
2025-10-20 18:18:10,3849024957384.554,152969514171.42493
2025-10-20 18:19:56,3849024957384.554,152969514171.42493
2025-10-20 18:23:12,3849024957384.554,152969514171.42493
2025-10-20 18:25:03,3849024957384.554,152969514171.42493
2025-10-20 18:28:13,3850722025779.103,153085584184.7874
2025-10-20 18:29:58,3850722025779.103,153085584184.7874
2025-10-20 18:33:14,3850722025779.103,153085584184.7874
2025-10-20 18:34:59,3850722025779.103,153085584184.7874
2025-10-20 18:38:15,3851350336572.088,153273455035.7258
2025-10-20 18:40:00,3851350336572.088,153273455035.7258
2025-10-20 18:43:16,3851350336572.088,153273455035.7258
2025-10-20 18:45:01,3851350336572.088,153273455035.7258
2025-10-20 18:48:17,3851972370999.9146,153195829188.09207
2025-10-20 18:50:02,3851972370999.9146,153195829188.09207
2025-10-20 18:53:18,3851972370999.9146,153195829188.09207
2025-10-20 18:55:03,3851972370999.9146,153195829188.09207
2025-10-20 18:58:19,3859291769671.396,153243776767.13498
2025-10-20 19:00:04,3859291769671.396,153243776767.13498
2025-10-20 19:03:20,3859291769671.396,153243776767.13498
2025-10-20 19:05:05,3859291769671.396,153243776767.13498
2025-10-20 19:08:21,3856389230313.6,153326550765.9097
2025-10-20 19:10:06,3856389230313.6,153326550765.9097
2025-10-20 19:13:22,3856389230313.6,153326550765.9097
2025-10-20 19:15:07,3856389230313.6,153326550765.9097
2025-10-20 19:18:23,3855076521106.857,153078266546.35248
2025-10-20 19:20:09,3855076521106.857,153078266546.35248
2025-10-20 19:23:24,3855076521106.857,153078266546.35248
2025-10-20 19:25:10,3855076521106.857,153078266546.35248
2025-10-20 19:28:26,3859148225885.433,152683707963.41214
2025-10-20 19:30:11,3859148225885.433,152683707963.41214
2025-10-20 19:33:27,3859148225885.433,152683707963.41214
2025-10-20 19:35:13,3859148225885.433,152683707963.41214
2025-10-20 19:38:29,3860648604672.439,152672156206.2357
2025-10-20 19:40:14,3860648604672.439,152672156206.2357
2025-10-20 19:43:30,3860648604672.439,152672156206.2357
2025-10-20 19:45:16,3860648604672.439,152672156206.2357
2025-10-20 19:48:31,3854385486490.442,152766975118.13373
2025-10-20 19:50:19,3854385486490.442,152766975118.13373
2025-10-20 19:53:32,3854385486490.442,152766975118.13373
2025-10-20 19:55:20,3854385486490.442,152766975118.13373
2025-10-20 19:58:33,3852093302801.697,152788830189.66946
2025-10-20 20:00:21,3852093302801.697,152788830189.66946
2025-10-20 20:03:34,3852093302801.697,152788830189.66946
2025-10-20 20:05:22,3852093302801.697,152788830189.66946
2025-10-20 20:08:35,3852883117645.9136,152724157801.19907
2025-10-20 20:10:23,3852883117645.9136,152724157801.19907
2025-10-20 20:13:36,3852883117645.9136,152724157801.19907
2025-10-20 20:15:25,3852883117645.9136,152724157801.19907
2025-10-20 20:18:38,3846682720981.0527,152389852853.33313
2025-10-20 20:20:28,3846682720981.0527,152389852853.33313
2025-10-20 20:23:44,3846682720981.0527,152389852853.33313
2025-10-20 20:25:30,3846682720981.0527,152389852853.33313
2025-10-20 20:28:45,3847410252899.361,152508533710.19858
2025-10-20 20:30:31,3847410252899.361,152508533710.19858
2025-10-20 20:33:47,3847410252899.361,152508533710.19858
2025-10-20 20:35:58,3847410252899.361,152508533710.19858
2025-10-20 20:38:48,3848923128009.613,152850575627.53748
2025-10-20 20:41:00,3848923128009.613,152850575627.53748
2025-10-20 20:43:49,3848923128009.613,152850575627.53748
2025-10-20 20:45:39,3848923128009.613,152850575627.53748
2025-10-20 20:48:50,3854941714215.608,153836200070.52798
2025-10-20 20:50:41,3854941714215.608,153836200070.52798
2025-10-20 20:53:51,3854941714215.608,153836200070.52798
2025-10-20 20:55:56,3854941714215.608,153836200070.52798
2025-10-20 20:58:52,3862191880530.8574,154276507987.14993
2025-10-20 21:00:58,3862191880530.8574,154276507987.14993
2025-10-23 00:07:45,3745356378995.508,224442627442.3905
2025-10-23 00:12:48,3747133713597.5054,221141916122.91257
2025-10-23 00:17:49,3747133713597.5054,221141916122.91257
2025-10-23 00:22:52,3738927947547.248,218121024689.1024
2025-10-23 00:27:54,3738927947547.248,218121024689.1024
2025-10-23 00:32:56,3735749240199.2734,216137277567.6375
2025-10-23 00:37:57,3735749240199.2734,216137277567.6375
2025-10-23 00:39:17,3735749240199.2734,216137277567.6375
2025-10-23 00:44:19,3738033530291.256,213997721741.5825
2025-10-23 00:48:00,3738033530291.256,213997721741.5825
2025-10-23 00:49:58,3738033530291.256,213997721741.5825
2025-10-23 00:53:01,3733666498630.174,211454915560.1748
2025-10-23 00:54:23,3733666498630.174,211454915560.1748
2025-10-23 00:58:03,3733666498630.174,211454915560.1748
2025-10-23 00:59:24,3733666498630.174,211454915560.1748
2025-10-23 01:03:04,3728712068319.2646,209541570406.48865
2025-10-23 01:04:25,3728712068319.2646,209541570406.48865
2025-10-23 01:08:05,3728712068319.2646,209541570406.48865
2025-10-23 01:09:26,3728712068319.2646,209541570406.48865
2025-10-23 01:13:07,3729731277234.2017,206701062064.3003
2025-10-23 01:14:27,3729731277234.2017,206701062064.3003
2025-10-23 01:18:09,3729731277234.2017,206701062064.3003
2025-10-23 01:19:28,3729731277234.2017,206701062064.3003
2025-10-23 01:23:11,3722772144927.629,205958040796.1928
2025-10-23 01:24:29,3722772144927.629,205958040796.1928
2025-10-23 01:28:12,3722772144927.629,205958040796.1928
2025-10-23 01:29:30,3722772144927.629,205958040796.1928
2025-10-23 01:33:13,3732386747783.4814,206445793631.09644
2025-10-23 01:34:31,3732386747783.4814,206445793631.09644
2025-10-23 01:38:14,3732386747783.4814,206445793631.09644
2025-10-23 01:39:32,3732386747783.4814,206445793631.09644
2025-10-23 01:43:15,3735020657927.8647,205920948458.4481
2025-10-23 01:44:34,3735020657927.8647,205920948458.4481
2025-10-23 01:48:16,3735020657927.8647,205920948458.4481
2025-10-23 01:49:34,3735020657927.8647,205920948458.4481
2025-10-23 01:53:17,3728296618360.5786,205306095450.4385
2025-10-23 01:54:36,3728296618360.5786,205306095450.4385
2025-10-23 01:58:18,3728296618360.5786,205306095450.4385
2025-10-23 01:59:37,3728296618360.5786,205306095450.4385
2025-10-23 02:03:19,3729909626369.24,205528227199.08823
2025-10-23 02:04:38,3729909626369.24,205528227199.08823
2025-10-23 02:08:20,3729909626369.24,205528227199.08823
2025-10-23 02:09:39,3729909626369.24,205528227199.08823
2025-10-23 02:13:22,3740043413634.2974,206009894783.9716
2025-10-23 02:14:40,3740043413634.2974,206009894783.9716
2025-10-23 02:18:23,3740043413634.2974,206009894783.9716
2025-10-23 02:19:41,3740043413634.2974,206009894783.9716
2025-10-23 02:23:24,3742495439023.1167,206214719352.48416
2025-10-23 02:25:20,3742495439023.1167,206214719352.48416
2025-10-23 02:28:25,3742495439023.1167,206214719352.48416
2025-10-23 02:30:21,3742495439023.1167,206214719352.48416
2025-10-23 02:33:27,3738640281235.5967,205900668088.2432
2025-10-23 02:34:43,3738640281235.5967,205900668088.2432
2025-10-23 02:38:28,3738640281235.5967,205900668088.2432
2025-10-23 02:40:23,3738640281235.5967,205900668088.2432
2025-10-23 02:43:29,3740520638669.187,205865666200.0905
2025-10-23 02:45:24,3740520638669.187,205865666200.0905
2025-10-23 02:48:30,3740520638669.187,205865666200.0905
2025-10-23 02:50:25,3740520638669.187,205865666200.0905
2025-10-23 02:53:31,3733471791078.8457,206369781064.9232
2025-10-23 02:55:27,3733471791078.8457,206369781064.9232
2025-10-23 02:58:32,3733471791078.8457,206369781064.9232
2025-10-23 03:00:27,3733471791078.8457,206369781064.9232
2025-10-23 03:03:33,3724794903724.5273,206998651272.09995
2025-10-23 03:08:34,3724794903724.5273,206998651272.09995
2025-10-23 03:13:35,3729893553213.2383,207434670171.494
2025-10-23 03:18:36,3729893553213.2383,207434670171.494
2025-10-23 03:19:50,3729893553213.2383,207434670171.494
2025-10-23 03:23:38,3721226363451.308,205183024451.71387
2025-10-23 03:24:51,3721226363451.308,205183024451.71387
2025-10-23 03:28:39,3721226363451.308,205183024451.71387
2025-10-23 03:29:52,3721226363451.308,205183024451.71387
2025-10-23 03:33:40,3717555126446.561,204644949747.01468
2025-10-23 03:34:53,3717555126446.561,204644949747.01468
2025-10-23 03:38:41,3717555126446.561,204644949747.01468
2025-10-23 03:39:54,3717555126446.561,204644949747.01468
2025-10-23 03:43:42,3724452661132.7295,205220115678.87585
2025-10-23 03:44:55,3724452661132.7295,205220115678.87585
2025-10-23 03:48:43,3724452661132.7295,205220115678.87585
2025-10-23 03:49:56,3724452661132.7295,205220115678.87585
2025-10-23 03:53:45,3721643038735.928,205155318758.8844
2025-10-23 03:54:57,3721643038735.928,205155318758.8844
2025-10-23 03:58:46,3721643038735.928,205155318758.8844
2025-10-23 03:59:58,3721643038735.928,205155318758.8844
2025-10-23 04:03:47,3717371304348.766,205855922309.7318
2025-10-23 04:04:59,3717371304348.766,205855922309.7318
2025-10-23 04:08:48,3717371304348.766,205855922309.7318
2025-10-23 04:10:01,3717371304348.766,205855922309.7318
2025-10-23 04:13:49,3703044654254.443,207210899362.56293
2025-10-23 04:15:02,3703044654254.443,207210899362.56293
2025-10-23 04:18:50,3703044654254.443,207210899362.56293
2025-10-23 04:20:03,3703044654254.443,207210899362.56293
2025-10-23 04:23:52,3697464543536.11,209608800740.6472
2025-10-23 04:25:05,3697464543536.11,209608800740.6472
2025-10-23 04:28:53,3697464543536.11,209608800740.6472
2025-10-23 04:30:06,3697464543536.11,209608800740.6472
2025-10-23 04:33:54,3684660538243.537,208233257455.6302
2025-10-23 04:35:07,3684660538243.537,208233257455.6302
2025-10-23 04:38:55,3684660538243.537,208233257455.6302
2025-10-23 04:40:08,3684660538243.537,208233257455.6302
2025-10-23 04:43:56,3689128616419.361,208368761002.73227
2025-10-23 04:45:09,3689128616419.361,208368761002.73227
2025-10-23 04:48:57,3689128616419.361,208368761002.73227
2025-10-23 04:50:11,3689128616419.361,208368761002.73227
2025-10-23 04:53:58,3695302491862.088,208779404974.9597
2025-10-23 04:55:12,3695302491862.088,208779404974.9597
2025-10-23 04:58:59,3695302491862.088,208779404974.9597
2025-10-23 05:00:14,3695302491862.088,208779404974.9597
2025-10-23 05:04:00,3696153203617.069,209035210928.81943
2025-10-23 05:05:15,3696153203617.069,209035210928.81943
2025-10-23 05:09:01,3696153203617.069,209035210928.81943
2025-10-23 05:10:16,3696153203617.069,209035210928.81943
2025-10-23 05:14:02,3704977268017.146,209007377567.4976
2025-10-23 05:15:17,3704977268017.146,209007377567.4976
2025-10-23 05:19:04,3704977268017.146,209007377567.4976
2025-10-23 05:20:18,3704977268017.146,209007377567.4976
2025-10-23 05:24:09,3699660380868.247,208431012747.73065
2025-10-23 05:25:54,3699660380868.247,208431012747.73065
2025-10-23 05:29:15,3699660380868.247,208431012747.73065
2025-10-23 05:30:55,3699660380868.247,208431012747.73065
2025-10-23 05:34:16,3692485810449.1006,207540544529.0488
2025-10-23 05:35:56,3692485810449.1006,207540544529.0488
2025-10-23 05:39:17,3692485810449.1006,207540544529.0488
2025-10-23 05:40:57,3692485810449.1006,207540544529.0488
2025-10-23 05:44:18,3693244726893.308,204555438841.7934
2025-10-23 05:45:58,3693244726893.308,204555438841.7934
2025-10-23 05:49:19,3693244726893.308,204555438841.7934
2025-10-23 05:50:59,3693244726893.308,204555438841.7934
2025-10-23 05:54:20,3691704654922.877,202985520626.13632
2025-10-23 05:59:21,3691704654922.877,202985520626.13632
2025-10-23 06:04:22,3699966747825.644,203096439933.36603
2025-10-23 06:09:23,3699966747825.644,203096439933.36603
2025-10-23 06:14:24,3707998172271.358,202592165686.12485
2025-10-23 06:15:26,3707998172271.358,202592165686.12485
2025-10-23 06:19:25,3707998172271.358,202592165686.12485
2025-10-23 06:20:28,3707998172271.358,202592165686.12485
2025-10-23 06:24:26,3714127971465.3896,202510020761.09787
2025-10-23 06:25:29,3714127971465.3896,202510020761.09787
2025-10-23 06:29:27,3714127971465.3896,202510020761.09787
2025-10-23 06:30:30,3714127971465.3896,202510020761.09787
2025-10-23 06:34:28,3724028193036.406,203220082331.7541
2025-10-23 06:35:31,3724028193036.406,203220082331.7541
2025-10-23 06:39:29,3724028193036.406,203220082331.7541
2025-10-23 06:40:32,3724028193036.406,203220082331.7541
2025-10-23 06:44:30,3723463680685.125,202292755305.74268
2025-10-23 06:45:33,3723463680685.125,202292755305.74268
2025-10-23 06:49:31,3723463680685.125,202292755305.74268
2025-10-23 06:50:34,3723463680685.125,202292755305.74268
2025-10-23 06:54:32,3719105948606.351,200756431402.97543
2025-10-23 06:55:35,3719105948606.351,200756431402.97543
2025-10-23 06:59:33,3719105948606.351,200756431402.97543
2025-10-23 07:00:36,3719105948606.351,200756431402.97543
2025-10-23 07:04:34,3718445116647.3687,200195046429.51285
2025-10-23 07:05:37,3718445116647.3687,200195046429.51285
2025-10-23 07:09:36,3718445116647.3687,200195046429.51285
2025-10-23 07:10:38,3718445116647.3687,200195046429.51285
2025-10-23 07:14:36,3721509051092.989,199274486837.18265
2025-10-23 07:15:40,3721509051092.989,199274486837.18265
2025-10-23 07:19:37,3721509051092.989,199274486837.18265
2025-10-23 07:20:41,3721509051092.989,199274486837.18265
2025-10-23 07:24:38,3727173897246.944,198639569964.1628
2025-10-23 07:25:42,3727173897246.944,198639569964.1628
2025-10-23 07:29:39,3727173897246.944,198639569964.1628
2025-10-23 07:30:43,3727173897246.944,198639569964.1628
2025-10-23 07:34:40,3720371720909.4746,197628308467.4884
2025-10-23 07:35:44,3720371720909.4746,197628308467.4884
2025-10-23 07:39:41,3720371720909.4746,197628308467.4884
2025-10-23 07:40:45,3720371720909.4746,197628308467.4884
2025-10-23 07:44:42,3726170302432.065,195755551164.2404
2025-10-23 07:45:46,3726170302432.065,195755551164.2404
2025-10-23 07:49:43,3726170302432.065,195755551164.2404
2025-10-23 07:50:47,3726170302432.065,195755551164.2404
2025-10-23 07:54:45,3726761931301.7856,194949023431.9205
2025-10-23 07:55:48,3726761931301.7856,194949023431.9205
2025-10-23 07:59:46,3726761931301.7856,194949023431.9205
2025-10-23 08:00:49,3726761931301.7856,194949023431.9205
2025-10-23 08:04:47,3729046576641.1226,194536905671.9043
2025-10-23 08:05:50,3729046576641.1226,194536905671.9043
2025-10-23 08:09:48,3729046576641.1226,194536905671.9043
2025-10-23 08:10:51,3729046576641.1226,194536905671.9043
2025-10-23 08:14:49,3733977945514.555,193648075181.7168
2025-10-23 08:15:53,3733977945514.555,193648075181.7168
2025-10-23 08:20:54,3733977945514.555,193648075181.7168
2025-10-23 08:24:50,3744737345497.044,194066421465.36115
2025-10-23 08:25:55,3744737345497.044,194066421465.36115
2025-10-23 08:30:56,3744737345497.044,194066421465.36115
2025-10-23 08:34:52,3736788952688.929,193971257153.638
2025-10-23 08:36:33,3736788952688.929,193971257153.638
2025-10-23 08:39:53,3736788952688.929,193971257153.638
2025-10-23 08:41:34,3736788952688.929,193971257153.638
2025-10-23 08:44:54,3739216234367.928,193777398048.3379
2025-10-23 08:46:35,3739216234367.928,193777398048.3379
2025-10-23 08:49:55,3739216234367.928,193777398048.3379
2025-10-23 08:51:36,3739216234367.928,193777398048.3379
2025-10-23 08:54:57,3738667393251.409,193643485149.8262
2025-10-23 08:56:37,3738667393251.409,193643485149.8262
2025-10-23 08:59:58,3738667393251.409,193643485149.8262
2025-10-23 09:04:59,3738167127606.477,193192313271.54385
2025-10-23 09:10:00,3738167127606.477,193192313271.54385
2025-10-23 09:15:01,3737767961883.274,192612543362.1804
2025-10-23 09:20:02,3737767961883.274,192612543362.1804
2025-10-23 09:25:03,3743596740050.575,192389257312.47403
2025-10-23 09:30:04,3743596740050.575,192389257312.47403
2025-10-23 09:35:05,3740781975500.215,192151716898.41367
2025-10-23 09:40:06,3740781975500.215,192151716898.41367
2025-10-23 09:45:07,3743317924546.617,192030062390.31668
2025-10-23 09:46:07,3743317924546.617,192030062390.31668
2025-10-23 09:50:08,3743317924546.617,192030062390.31668
2025-10-23 21:45:39,3773585177347.9614,180767664236.4672
2025-10-23 21:50:43,3773585177347.9614,180767664236.4672
2025-10-23 21:55:44,3771385105257.1055,179654383909.47263
2025-10-23 22:00:46,3771385105257.1055,179654383909.47263
2025-10-23 22:05:47,3773178772783.906,178123824584.92288
2025-10-23 22:10:48,3773178772783.906,178123824584.92288
2025-10-23 22:15:50,3783185296951.021,175602709151.13916
2025-10-23 22:20:52,3783185296951.021,175602709151.13916
2025-10-23 22:25:22,3779903840524.64,175872083551.13083
2025-10-23 22:30:26,3779903840524.64,175872083551.13083
2025-10-23 22:35:28,3792904404216.9766,176288102820.69284
2025-10-23 22:40:29,3792904404216.9766,176288102820.69284
2025-10-23 22:45:32,3794560226811.727,176422842284.3023
2025-10-23 22:50:40,3794560226811.727,176422842284.3023
2025-10-23 22:55:41,3792697133266.5854,174604483908.79495
2025-10-23 23:00:42,3792697133266.5854,174604483908.79495
2025-10-23 23:05:45,3791364026377.8857,174157954927.44427
2025-10-23 23:10:46,3791364026377.8857,174157954927.44427
2025-10-23 23:15:47,3787962676169.395,173112412080.0263
2025-10-23 23:20:49,3787962676169.395,173112412080.0263
2025-10-23 23:25:50,3791392975596.771,172726009996.8715
2025-10-23 23:30:52,3791392975596.771,172726009996.8715
2025-10-23 23:33:27,3789461584046.195,171737184545.5128
2025-10-23 23:36:08,3789461584046.195,171737184545.5128
2025-10-23 23:38:30,3789461584046.195,171737184545.5128
2025-10-23 23:41:12,3789461584046.195,171737184545.5128
2025-10-23 23:43:32,3787968930426.593,168820185416.4384
2025-10-23 23:46:15,3787968930426.593,168820185416.4384
2025-10-23 23:48:33,3787968930426.593,168820185416.4384
2025-10-23 23:51:19,3787968930426.593,168820185416.4384
2025-10-23 23:53:35,3798343267989.717,168509145431.70145
2025-10-23 23:56:23,3798343267989.717,168509145431.70145
2025-10-23 23:58:39,3798343267989.717,168509145431.70145
2025-10-24 00:01:25,3798343267989.717,168509145431.70145
2025-10-24 00:03:40,3797544017779.0176,169358142639.45404
2025-10-24 00:06:26,3797544017779.0176,169358142639.45404
2025-10-24 00:08:41,3797544017779.0176,169358142639.45404
2025-10-24 00:11:27,3797544017779.0176,169358142639.45404
2025-10-24 00:13:42,3794713993312.216,170421919951.16046
2025-10-24 00:16:28,3794713993312.216,170421919951.16046
2025-10-24 00:18:44,3794713993312.216,170421919951.16046
2025-10-24 00:21:29,3794713993312.216,170421919951.16046
2025-10-24 00:23:48,3795509550216.493,170761219994.53302
2025-10-24 00:26:31,3795509550216.493,170761219994.53302
2025-10-24 00:28:49,3795509550216.493,170761219994.53302
2025-10-24 00:31:32,3795509550216.493,170761219994.53302
2025-10-24 00:33:51,3799576867008.003,170477651651.21933
2025-10-24 00:36:33,3799576867008.003,170477651651.21933
2025-10-24 00:38:53,3799576867008.003,170477651651.21933
2025-10-24 00:41:34,3799576867008.003,170477651651.21933
2025-10-24 00:43:55,3821226592333.029,171821842758.19202
2025-10-24 00:46:35,3821226592333.029,171821842758.19202
2025-10-24 00:48:56,3821226592333.029,171821842758.19202
2025-10-24 00:53:57,3829070181381.5454,172714803090.95764
2025-10-24 00:56:38,3829070181381.5454,172714803090.95764
2025-10-24 00:59:00,3829070181381.5454,172714803090.95764
2025-10-24 01:01:41,3829070181381.5454,172714803090.95764
2025-10-24 01:04:02,3828290740972.748,172993609918.9888
2025-10-24 01:06:46,3828290740972.748,172993609918.9888
2025-10-24 01:09:06,3828290740972.748,172993609918.9888
2025-10-24 01:11:49,3828290740972.748,172993609918.9888
2025-10-24 23:53:59,3792408050244.494,156253067051.7525
2025-10-24 23:59:09,3798612164410.3535,155944203286.22278
2025-10-25 00:04:12,3798612164410.3535,155944203286.22278
2025-10-25 00:09:13,3807770370273.544,154042854789.0507
2025-10-25 00:14:15,3807770370273.544,154042854789.0507
2025-10-25 00:19:16,3801731964016.9424,153132084637.29224
2025-10-25 00:24:17,3801731964016.9424,153132084637.29224
2025-10-25 00:29:22,3811839682395.311,153292440756.88614
2025-10-25 10:56:56,3829146870492.833,139879142449.9201
2025-10-25 11:26:54,3831699070182.586,138990215381.7424
2025-10-25 11:31:58,3836265691687.28,139182886251.9334
2025-10-25 11:37:00,3836265691687.28,139182886251.9334
2025-10-25 11:42:02,3833080091787.1694,137746799464.50952
2025-10-25 11:47:03,3833080091787.1694,137746799464.50952
2025-10-25 11:52:04,3832694898421.6846,136269443228.15433
2025-10-25 11:57:05,3832694898421.6846,136269443228.15433
2025-10-25 12:02:06,3833270943455.362,135419519203.83862
2025-10-25 12:07:07,3833270943455.362,135419519203.83862
2025-10-25 12:12:08,3830740909091.327,134485776334.11935
2025-10-25 12:17:09,3830740909091.327,134485776334.11935
2025-10-25 12:22:10,3827172617095.762,133877733084.24763
2025-10-25 12:27:11,3827172617095.762,133877733084.24763
2025-10-25 12:32:12,3828336432592.78,133436513025.82253
2025-10-25 12:37:13,3828336432592.78,133436513025.82253
2025-10-25 12:42:14,3831759457738.218,133185274463.17224
2025-10-25 12:47:15,3831759457738.218,133185274463.17224
2025-10-25 12:52:16,3834977582543.8335,132772425463.30003
2025-10-25 12:57:17,3834977582543.8335,132772425463.30003
2025-10-25 13:02:18,3832835311992.32,132189344302.19617
2025-10-25 13:07:19,3832835311992.32,132189344302.19617
2025-10-25 13:12:20,3833739938147.362,131618605799.01263
2025-10-25 13:17:23,3833739938147.362,131618605799.01263
2025-10-25 13:20:57,3835026916341.367,131357070786.19644
2025-10-25 13:28:39,3833312601615.398,130922952721.5108
2025-10-25 13:33:42,3833312601615.398,130922952721.5108
2025-10-25 13:38:44,3832143838681.991,130365143768.48808
2025-10-25 13:54:24,3833280476645.956,130124456369.4987
2025-10-25 13:58:32,3832025149249.935,129837213117.0072
2025-10-25 14:03:38,3832025149249.935,129837213117.0072
2025-10-25 14:08:40,3834420452250.049,129227882776.53746
2025-10-25 14:14:51,3834420452250.049,129227882776.53746
2025-10-25 14:24:57,3834884122121.846,128519691366.41245
2025-10-25 14:29:58,3839092901396.412,128338066102.8951
2025-10-25 14:34:59,3839092901396.412,128338066102.8951
2025-10-25 14:40:00,3837002865239.2383,128412052408.18423
2025-10-25 14:45:01,3837002865239.2383,128412052408.18423
2025-10-25 14:50:02,3834892242096.605,128384071598.17557
2025-10-25 14:55:03,3834892242096.605,128384071598.17557
2025-10-25 15:00:04,3834338132316.319,127296456202.55254
2025-10-25 15:05:05,3834338132316.319,127296456202.55254
2025-10-25 15:10:06,3835204881001.821,126105787137.0294
2025-10-25 15:15:08,3835204881001.821,126105787137.0294
2025-10-25 15:28:30,3842220192434.807,125055329941.81673
2025-10-25 15:32:50,3842220192434.807,125055329941.81673
2025-10-25 15:37:54,3841482986547.549,124443190895.6314
2025-10-25 15:42:55,3841482986547.549,124443190895.6314
2025-10-25 15:47:57,3841880566762.0977,123755606737.2337
2025-10-25 15:52:58,3841880566762.0977,123755606737.2337
2025-10-25 15:57:59,3845306424124.57,123198369437.07304
2025-10-25 16:03:00,3845306424124.57,123198369437.07304
2025-10-25 16:08:01,3845025687047.435,122860390872.48404
2025-10-25 16:13:02,3845025687047.435,122860390872.48404
2025-10-25 16:18:03,3845341323643.302,122485642634.22168
2025-10-25 16:22:34,3845341323643.302,122485642634.22168
2025-10-25 16:27:40,3845341323643.302,122485642634.22168
2025-10-25 16:32:41,3841317455734.1,122130303444.36708
2025-10-25 16:37:45,3841317455734.1,122130303444.36708
2025-10-25 16:42:46,3842029909350.033,121761114794.50128
2025-10-25 16:44:29,3842029909350.033,121761114794.50128
2025-10-25 16:47:48,3842029909350.033,121761114794.50128
2025-10-25 16:49:34,3841967623852.589,121381578235.23424
2025-10-25 16:52:51,3841967623852.589,121381578235.23424
2025-10-25 16:54:36,3841967623852.589,121381578235.23424
2025-10-25 17:05:16,3836437202761.323,121131728554.03905
2025-10-25 17:10:19,3834575823816.2056,120778340444.34554
2025-10-25 17:15:20,3834575823816.2056,120778340444.34554
2025-10-25 17:20:22,3833398926681.818,120820149104.0502
2025-10-25 17:25:23,3833398926681.818,120820149104.0502
2025-10-25 17:30:24,3834532128677.53,120779631364.1265
2025-10-25 17:35:25,3834532128677.53,120779631364.1265
2025-10-25 17:40:26,3835913969613.956,120617874445.0555
2025-10-25 17:45:30,3835913969613.956,120617874445.0555
2025-10-25 17:49:49,3840434778144.5537,120612132535.985
2025-10-25 17:54:53,3840434778144.5537,120612132535.985
2025-10-25 17:59:54,3837872341925.504,120508036276.26253
2025-10-25 18:04:55,3837872341925.504,120508036276.26253
2025-10-25 18:09:56,3838169478442.0654,120318134072.73956
2025-10-25 18:14:57,3838169478442.0654,120318134072.73956
2025-10-25 18:19:58,3837066076628.539,120066589636.3572
2025-10-25 18:24:59,3837066076628.539,120066589636.3572
2025-10-25 18:30:00,3839087702345.001,119874686767.80592
2025-10-25 18:35:01,3839087702345.001,119874686767.80592
2025-10-25 18:40:02,3841031837837.861,119126202206.82864
2025-10-25 18:45:04,3841031837837.861,119126202206.82864
2025-10-25 18:50:05,3839014892709.209,118487170781.2758
2025-10-25 18:55:06,3839014892709.209,118487170781.2758
2025-10-25 19:00:07,3839860873432.967,118134092877.40788
2025-10-25 19:05:08,3839860873432.967,118134092877.40788
2025-10-25 19:10:09,3838963587524.811,117202517732.51347
2025-10-25 19:15:10,3838963587524.811,117202517732.51347
2025-10-25 19:20:11,3842542918731.197,117054247061.02235
2025-10-25 19:25:13,3842542918731.197,117054247061.02235
2025-10-25 19:30:14,3844302708326.5566,116494050998.23232
2025-10-25 19:35:15,3844302708326.5566,116494050998.23232
2025-10-25 19:40:16,3844855907620.2607,112121511477.76463
2025-10-25 19:45:17,3844855907620.2607,112121511477.76463
2025-10-25 19:50:18,3845737584241.727,109603506653.07454
2025-10-25 19:55:19,3845737584241.727,109603506653.07454
2025-10-25 20:00:21,3851292768111.881,109101960509.27512
2025-10-25 20:05:22,3851292768111.881,109101960509.27512
2025-10-25 20:10:23,3846548532121.7935,108019858060.65485
2025-10-25 20:15:24,3846548532121.7935,108019858060.65485
2025-10-25 20:20:27,3847045599589.237,107665637558.90054
2025-10-25 20:25:28,3847045599589.237,107665637558.90054
2025-10-25 20:30:29,3843077352208.7817,106995373962.89452
2025-10-25 20:35:30,3843077352208.7817,106995373962.89452
2025-10-25 20:40:31,3840990486949.216,106393541767.60944
2025-10-25 20:45:35,3840990486949.216,106393541767.60944
2025-10-25 20:50:36,3840918507206.2544,104866415303.17296
2025-10-25 20:55:38,3840918507206.2544,104866415303.17296
2025-10-25 21:00:39,3842328541698.284,102849767086.50227
2025-10-25 21:05:40,3842328541698.284,102849767086.50227
2025-10-25 21:10:42,3846028181826.271,101328993942.11784
2025-10-25 21:15:44,3846028181826.271,101328993942.11784
2025-10-25 21:20:45,3845762650793.52,99797378164.53418
2025-10-25 21:25:46,3845762650793.52,99797378164.53418
2025-10-25 21:30:47,3846035105025.715,98227774423.93
2025-10-25 21:35:48,3846035105025.715,98227774423.93
2025-10-25 21:40:49,3841677529429.696,96202924053.466
2025-10-25 21:45:50,3841677529429.696,96202924053.466
2025-10-25 21:50:52,3843431184265.9927,95218646901.84276
2025-10-26 11:16:08,3843435414622.9546,76498018498.10437
2025-10-26 11:21:11,3844255878543.677,76339488271.48921
2025-10-26 11:26:13,3844255878543.677,76339488271.48921
2025-10-26 11:31:14,3847485620240.007,75872866387.98781
2025-10-26 11:36:15,3847485620240.007,75872866387.98781
2025-10-26 11:41:16,3848418396769.481,75694266397.26913
2025-10-26 11:46:17,3848418396769.481,75694266397.26913
2025-10-26 11:51:19,3848780291144.983,75628105750.24951
2025-10-26 11:52:22,3848780291144.983,75628105750.24951
2025-10-26 11:56:20,3848780291144.983,75628105750.24951
2025-10-26 11:57:23,3848780291144.983,75628105750.24951
2025-10-26 12:01:21,3847940930831.0337,75460373992.90099
2025-10-26 12:02:24,3847940930831.0337,75460373992.90099
2025-10-26 12:06:22,3847940930831.0337,75460373992.90099
2025-10-26 12:07:25,3847940930831.0337,75460373992.90099
2025-10-26 12:11:23,3846074670168.952,75241553027.22871
2025-10-26 12:12:26,3846074670168.952,75241553027.22871
2025-10-26 12:16:24,3846074670168.952,75241553027.22871
2025-10-26 12:17:27,3846074670168.952,75241553027.22871
2025-10-26 12:21:25,3849091723876.364,75132647161.40334
2025-10-26 12:22:28,3849091723876.364,75132647161.40334
2025-10-26 12:26:27,3849091723876.364,75132647161.40334
2025-10-26 12:27:29,3849091723876.364,75132647161.40334
2025-10-26 12:31:28,3849839487836.905,74973883336.48328
2025-10-26 12:32:30,3849839487836.905,74973883336.48328
2025-10-26 12:36:29,3849839487836.905,74973883336.48328
2025-10-26 12:41:31,3854944710120.144,75462457996.20996
2025-10-26 12:46:32,3854944710120.144,75462457996.20996
2025-10-26 12:51:33,3854796829282.842,75527059004.48154
2025-10-26 12:56:35,3854796829282.842,75527059004.48154
2025-10-26 13:01:36,3854628883966.727,75426333462.37573
2025-10-26 13:06:37,3854628883966.727,75426333462.37573
2025-10-26 13:11:39,3853108992196.0366,75086067652.48183
2025-10-26 13:16:40,3853108992196.0366,75086067652.48183
2025-10-26 13:21:41,3852091058749.001,74844126142.8328
2025-10-26 13:26:42,3852091058749.001,74844126142.8328
2025-10-26 13:31:43,3855055712272.256,74803905983.34406
2025-10-26 13:36:44,3855055712272.256,74803905983.34406
2025-10-26 13:41:45,3855123770412.428,74726602623.86787
2025-10-26 13:46:46,3855123770412.428,74726602623.86787
2025-10-26 13:51:48,3854991225111.2793,74560120616.11433
2025-10-26 13:56:49,3854991225111.2793,74560120616.11433
2025-10-26 14:01:50,3855953393492.972,74397818726.00919
2025-10-26 14:06:51,3855953393492.972,74397818726.00919
2025-10-26 14:11:52,3858054680489.73,74237312836.59969
2025-10-26 14:16:53,3858054680489.73,74237312836.59969
2025-10-26 14:21:54,3857644011200.0566,74167925085.05426
2025-10-26 14:26:55,3857644011200.0566,74167925085.05426
2025-10-26 14:31:57,3857555625062.77,73860562034.98859
2025-10-26 14:36:58,3857555625062.77,73860562034.98859
2025-10-26 14:41:59,3857971814317.776,73306747390.14227
2025-10-26 14:47:00,3857971814317.776,73306747390.14227
2025-10-26 14:52:01,3860392845421.901,72747543836.31248
2025-10-26 14:57:02,3860392845421.901,72747543836.31248
2025-10-26 15:02:03,3860203475560.3584,72697670200.30048
2025-10-26 15:07:04,3860203475560.3584,72697670200.30048
2025-10-26 15:12:05,3863010923056.218,72602377713.45883
2025-10-26 15:17:06,3863010923056.218,72602377713.45883
2025-10-26 15:22:08,3861833622951.011,72617438122.05762
2025-10-26 15:27:09,3861833622951.011,72617438122.05762
2025-10-26 15:32:10,3862805405476.608,72515206793.54851
2025-10-26 15:37:11,3862805405476.608,72515206793.54851
2025-10-26 15:42:12,3862165026302.411,72383138091.87822
2025-10-26 15:47:13,3862165026302.411,72383138091.87822
2025-10-26 15:52:14,3865017104037.8906,72391140690.81842
2025-10-26 15:57:15,3865017104037.8906,72391140690.81842
2025-10-26 16:02:17,3864363232940.645,72292375866.78545
2025-10-26 16:07:18,3864363232940.645,72292375866.78545
2025-10-26 16:09:25,3864363232940.645,72292375866.78545
2025-10-26 16:12:19,3863770166398.018,72074619215.13599
2025-10-26 16:14:28,3863770166398.018,72074619215.13599
2025-10-26 16:17:20,3863770166398.018,72074619215.13599
2025-10-26 16:19:29,3863770166398.018,72074619215.13599
2025-10-26 16:21:17,3863968514444.81,71785291233.33109
2025-10-26 16:22:21,3863968514444.81,71785291233.33109
2025-10-26 16:24:30,3863968514444.81,71785291233.33109
2025-10-26 16:26:20,3863968514444.81,71785291233.33109
2025-10-26 16:27:23,3863968514444.81,71785291233.33109
2025-10-26 16:29:31,3863968514444.81,71785291233.33109
2025-10-26 16:31:21,3891224688981.974,72760942828.11572
2025-10-26 16:32:24,3891224688981.974,72760942828.11572
2025-10-26 16:36:22,3891224688981.974,72760942828.11572
2025-10-26 16:37:25,3891224688981.974,72760942828.11572
2025-10-26 16:39:33,3891224688981.974,72760942828.11572
2025-10-26 16:41:23,3885358885922.964,75318039567.44772
2025-10-26 16:42:27,3885358885922.964,75318039567.44772
2025-10-26 16:44:35,3885358885922.964,75318039567.44772
2025-10-26 16:46:24,3885358885922.964,75318039567.44772
2025-10-26 16:47:29,3885358885922.964,75318039567.44772
2025-10-26 16:49:36,3885358885922.964,75318039567.44772
2025-10-26 16:51:25,3887867371955.928,76610156118.1535
2025-10-26 16:52:31,3887867371955.928,76610156118.1535
2025-10-26 16:54:38,3887867371955.928,76610156118.1535
2025-10-26 16:56:27,3887867371955.928,76610156118.1535
2025-10-26 16:57:32,3887867371955.928,76610156118.1535
2025-10-26 16:59:39,3887867371955.928,76610156118.1535
2025-10-26 17:01:28,3885300617235.48,77092124626.33357
2025-10-26 17:02:34,3885300617235.48,77092124626.33357
2025-10-26 17:04:40,3885300617235.48,77092124626.33357
2025-10-26 17:06:29,3885300617235.48,77092124626.33357
2025-10-26 17:07:35,3885300617235.48,77092124626.33357
2025-10-26 17:09:41,3885300617235.48,77092124626.33357
2025-10-26 17:11:30,3882689745276.932,77183579549.0425
2025-10-26 17:14:43,3882689745276.932,77183579549.0425
2025-10-26 17:17:39,3882689745276.932,77183579549.0425
2025-10-26 17:19:46,3882689745276.932,77183579549.0425
2025-10-26 17:21:35,3881785145314.048,77201594295.2644
2025-10-26 17:23:21,3881785145314.048,77201594295.2644
2025-10-26 17:24:48,3881785145314.048,77201594295.2644
2025-10-26 17:27:01,3881785145314.048,77201594295.2644
2025-10-26 17:32:06,3881957293851.963,77289433547.76752
2025-10-26 17:37:09,3881957293851.963,77289433547.76752
2025-10-26 17:42:10,3884485847742.5312,77647052661.14789
2025-10-26 17:45:22,3884485847742.5312,77647052661.14789
2025-10-26 17:50:31,3884937508620.369,77821086340.01503
2025-10-26 17:55:36,3884937508620.369,77821086340.01503
2025-10-26 18:00:38,3884228965702.5366,77908364187.09
2025-10-26 18:10:42,3885300501472.253,78100713157.7123
2025-10-26 18:15:43,3885300501472.253,78100713157.7123
2025-10-26 18:20:46,3888169458484.1934,78467518951.97548
2025-10-26 18:25:47,3888169458484.1934,78467518951.97548
2025-10-26 18:30:50,3892448414162.018,79099899686.14954
2025-10-26 18:35:53,3892448414162.018,79099899686.14954
2025-10-26 18:40:55,3902421415349.98,80404614864.95679
2025-10-26 18:45:58,3902421415349.98,80404614864.95679
2025-10-26 18:51:00,3915584930155.652,82966700483.89902
2025-10-26 18:56:02,3915584930155.652,82966700483.89902
2025-10-26 19:01:06,3917381314477.112,84207316103.09906
2025-10-26 19:08:03,3917381314477.112,84207316103.09906
2025-10-26 19:13:12,3926444281633.485,85678143163.9271
2025-10-26 19:23:16,3929362872985.219,87212069966.99458
2025-10-26 19:28:18,3929362872985.219,87212069966.99458
2025-10-26 19:33:19,3926579726112.719,88104679184.75516
2025-10-26 19:38:20,3926579726112.719,88104679184.75516
2025-10-26 19:43:21,3923483745705.0776,88824745441.34555
2025-10-26 19:48:22,3923483745705.0776,88824745441.34555
2025-10-26 19:53:23,3927793583037.802,89737193347.32327
2025-10-26 19:55:32,3927793583037.802,89737193347.32327
2025-10-26 19:58:24,3927793583037.802,89737193347.32327
2025-10-26 20:00:36,3928904912947.0376,90479190030.74358
2025-10-26 20:03:26,3928904912947.0376,90479190030.74358
2025-10-26 20:05:38,3928904912947.0376,90479190030.74358
2025-10-26 20:08:29,3928904912947.0376,90479190030.74358
2025-10-26 20:10:39,3925371892632.556,91066457680.2044
2025-10-26 20:13:30,3925371892632.556,91066457680.2044
2025-10-26 20:15:41,3925371892632.556,91066457680.2044
2025-10-26 20:18:34,3925371892632.556,91066457680.2044
2025-10-26 20:20:43,3924980730834.362,91699560412.72343
2025-10-26 20:23:03,3924980730834.362,91699560412.72343
2025-10-26 20:28:07,3924980730834.362,91699560412.72343
2025-10-26 20:33:08,3931007584626.9536,92129326370.56123
2025-10-26 20:38:09,3931007584626.9536,92129326370.56123
2025-10-26 20:43:13,3931715180358.727,92735596901.67744
2025-10-26 20:44:44,3931715180358.727,92735596901.67744
2025-10-26 20:48:19,3931715180358.727,92735596901.67744
2025-10-26 20:49:52,3931715180358.727,92735596901.67744
2025-10-26 20:53:21,3937607031298.65,94267081195.12102
2025-10-26 20:54:54,3937607031298.65,94267081195.12102
2025-10-26 20:58:24,3937607031298.65,94267081195.12102
2025-10-26 20:59:57,3937607031298.65,94267081195.12102
2025-10-26 21:03:25,3935563160993.824,95328592631.24783
2025-10-26 21:04:59,3935563160993.824,95328592631.24783
2025-10-26 21:08:30,3935563160993.824,95328592631.24783
2025-10-26 21:10:03,3935563160993.824,95328592631.24783
2025-10-26 21:13:33,3935822146402.3433,95755620992.97528
2025-10-26 21:15:08,3935822146402.3433,95755620992.97528
2025-10-26 21:18:35,3935822146402.3433,95755620992.97528
2025-10-26 21:20:16,3935822146402.3433,95755620992.97528
2025-10-26 21:23:40,3936315710062.556,96279409378.73029
2025-10-26 21:25:24,3936315710062.556,96279409378.73029
2025-10-26 21:27:44,3936315710062.556,96279409378.73029
2025-10-26 21:28:53,3936315710062.556,96279409378.73029
2025-10-26 21:30:39,3931134951553.42,96790505358.167
2025-10-26 21:33:56,3931134951553.42,96790505358.167
2025-10-26 21:35:43,3931134951553.42,96790505358.167
2025-10-26 21:38:00,3931134951553.42,96790505358.167
2025-10-26 21:39:04,3931134951553.42,96790505358.167
2025-10-26 21:40:52,3934032788404.599,97318758093.57904
2025-10-26 21:43:10,3934032788404.599,97318758093.57904
2025-10-26 21:44:18,3934032788404.599,97318758093.57904
2025-10-26 21:46:02,3934032788404.599,97318758093.57904
2025-10-26 21:48:22,3934032788404.599,97318758093.57904
2025-10-26 21:49:38,3934032788404.599,97318758093.57904
2025-10-26 21:51:12,3932694925608.004,97874889830.83008
2025-10-26 21:53:26,3932694925608.004,97874889830.83008
2025-10-26 21:54:49,3932694925608.004,97874889830.83008
2025-10-26 21:56:15,3932694925608.004,97874889830.83008
2025-10-26 21:58:37,3932694925608.004,97874889830.83008
2025-10-26 22:30:30,3927797604585.919,99412994553.81808
2025-10-26 22:35:32,3927797604585.919,99412994553.81808
2025-10-26 22:40:35,3927438155848.61,99427332652.33116
2025-10-26 22:50:39,3929044594645.299,99689722420.54436
2025-10-26 22:55:43,3929044594645.299,99689722420.54436
2025-10-26 23:00:47,3932952768301.1167,99829215009.29866
2025-10-26 23:12:00,3927777236920.8135,99631196922.00352
2025-10-26 23:17:09,3927777236920.8135,99631196922.00352
2025-10-26 23:22:11,3920708862132.033,99998628610.51196
2025-10-26 23:27:13,3920708862132.033,99998628610.51196
2025-10-26 23:32:16,3922400687247.805,100397385817.4831
2025-10-26 23:37:20,3922400687247.805,100397385817.4831
2025-10-26 23:44:15,3925686972720.0063,100812073620.62634
2025-10-26 23:49:20,3925686972720.0063,100812073620.62634
2025-10-26 23:54:23,3930666313021.7495,101228179103.50047
2025-10-26 23:59:25,3930666313021.7495,101228179103.50047
2025-10-27 00:04:28,3923446684603.168,101205243360.38297
2025-10-27 00:09:31,3923446684603.168,101205243360.38297
2025-10-27 00:14:34,3926413149253.929,101641463420.75194
2025-10-27 00:19:36,3926413149253.929,101641463420.75194
2025-10-27 00:24:37,3926752354754.076,102007968772.01118
2025-10-27 00:29:39,3926752354754.076,102007968772.01118
2025-10-27 00:34:40,3927923255169.975,101798063070.57202
2025-10-27 00:39:44,3927923255169.975,101798063070.57202
2025-10-27 00:44:45,3927190750238.4775,101950640187.06264
2025-10-27 00:49:47,3927190750238.4775,101950640187.06264
2025-10-27 00:54:49,3926286357473.341,102007623319.87411
2025-10-27 00:59:50,3926286357473.341,102007623319.87411
2025-10-27 01:04:51,3922638307278.36,102158599925.1817
2025-10-27 01:09:52,3922638307278.36,102158599925.1817
2025-10-27 01:14:53,3924882764162.357,102422719425.57635
2025-10-27 01:19:54,3924882764162.357,102422719425.57635
2025-10-27 01:24:55,3927764488673.496,102573719657.25104
2025-10-27 01:28:00,3927764488673.496,102573719657.25104
2025-10-27 01:29:56,3927764488673.496,102573719657.25104
2025-10-27 01:32:39,3926578384313.173,102682667724.92937
2025-10-27 01:34:57,3926578384313.173,102682667724.92937
2025-10-27 01:37:42,3926578384313.173,102682667724.92937
2025-10-27 01:39:10,3926578384313.173,102682667724.92937
2025-10-27 01:40:13,3926578384313.173,102682667724.92937
2025-10-27 01:45:00,3932781848793.9087,102454160630.59515
2025-10-27 01:47:44,3932781848793.9087,102454160630.59515
2025-10-27 01:50:01,3932781848793.9087,102454160630.59515
2025-10-27 01:52:45,3931831386663.204,102390173945.22438
2025-10-27 01:55:02,3931831386663.204,102390173945.22438
2025-10-27 01:57:46,3931831386663.204,102390173945.22438
2025-10-27 02:00:17,3931831386663.204,102390173945.22438
2025-10-27 02:02:47,3927807431689.4062,102278900358.6555
2025-10-27 02:07:48,3927807431689.4062,102278900358.6555
2025-10-27 02:12:49,3926100212623.426,102103522200.36247
2025-10-27 02:14:21,3926100212623.426,102103522200.36247
2025-10-27 02:17:50,3926100212623.426,102103522200.36247
2025-10-27 02:19:22,3926100212623.426,102103522200.36247
2025-10-27 02:22:51,3925047933546.069,102205191810.09384
2025-10-27 02:24:23,3925047933546.069,102205191810.09384
2025-10-27 02:27:52,3925047933546.069,102205191810.09384
2025-10-27 02:29:25,3925047933546.069,102205191810.09384
2025-10-27 02:32:54,3928991525645.347,102297967607.30118
2025-10-27 02:34:26,3928991525645.347,102297967607.30118
2025-10-27 02:37:54,3928991525645.347,102297967607.30118
2025-10-27 02:39:27,3928991525645.347,102297967607.30118
2025-10-27 02:42:56,3926484528924.947,102270501358.117
2025-10-27 02:44:28,3926484528924.947,102270501358.117
2025-10-27 02:47:57,3926484528924.947,102270501358.117
2025-10-27 02:49:29,3926484528924.947,102270501358.117
2025-10-27 02:52:58,3925477617202.8633,102324232270.88869
2025-10-27 02:54:30,3925477617202.8633,102324232270.88869
2025-10-27 02:57:59,3925477617202.8633,102324232270.88869
2025-10-27 02:59:31,3925477617202.8633,102324232270.88869
2025-10-27 03:03:01,3925342231054.199,102426379978.64102
2025-10-27 03:04:32,3925342231054.199,102426379978.64102
2025-10-27 03:08:02,3925342231054.199,102426379978.64102
2025-10-27 03:09:33,3925342231054.199,102426379978.64102
2025-10-27 03:13:03,3923021292581.5054,102414342753.4433
2025-10-27 03:14:34,3923021292581.5054,102414342753.4433
2025-10-27 03:18:05,3923021292581.5054,102414342753.4433
2025-10-27 03:19:35,3923021292581.5054,102414342753.4433
2025-10-27 03:23:06,3922897734647.281,102563555737.81268
2025-10-27 03:24:36,3922897734647.281,102563555737.81268
2025-10-27 03:28:07,3922897734647.281,102563555737.81268
2025-10-27 03:29:37,3922897734647.281,102563555737.81268
2025-10-27 03:33:08,3917645859951.945,102978749160.49338
2025-10-27 03:34:39,3917645859951.945,102978749160.49338
2025-10-27 03:38:09,3917645859951.945,102978749160.49338
2025-10-27 03:39:40,3917645859951.945,102978749160.49338
2025-10-27 03:43:10,3920545956143.778,103128553550.47311
2025-10-27 03:44:42,3920545956143.778,103128553550.47311
2025-10-27 03:48:12,3920545956143.778,103128553550.47311
2025-10-27 03:49:44,3920545956143.778,103128553550.47311
2025-10-27 03:53:13,3920445459107.658,103064054184.89934
2025-10-27 03:54:44,3920445459107.658,103064054184.89934
2025-10-27 03:58:14,3920445459107.658,103064054184.89934
2025-10-27 03:59:45,3920445459107.658,103064054184.89934
2025-10-27 04:03:15,3917984382613.2026,103075066120.13794
2025-10-27 04:04:46,3917984382613.2026,103075066120.13794
2025-10-27 04:08:16,3917984382613.2026,103075066120.13794
2025-10-27 04:09:47,3917984382613.2026,103075066120.13794
2025-10-27 04:14:48,3920404174228.813,103142690780.496
2025-10-27 04:18:18,3920404174228.813,103142690780.496
2025-10-27 04:19:49,3920404174228.813,103142690780.496
2025-10-27 04:23:19,3920171365287.821,103110863433.38593
2025-10-27 04:25:32,3920171365287.821,103110863433.38593
2025-10-27 04:28:20,3920171365287.821,103110863433.38593
2025-10-27 04:30:33,3920171365287.821,103110863433.38593
2025-10-27 04:33:21,3911305689025.653,103290770999.3604
2025-10-27 04:35:35,3911305689025.653,103290770999.3604
2025-10-27 04:38:22,3911305689025.653,103290770999.3604
2025-10-27 04:40:36,3911305689025.653,103290770999.3604
2025-10-27 04:43:23,3918871614308.6953,104106457856.27551
2025-10-27 04:45:50,3918871614308.6953,104106457856.27551
2025-10-27 04:48:25,3918871614308.6953,104106457856.27551
2025-10-27 04:50:51,3918871614308.6953,104106457856.27551
2025-10-27 04:53:26,3927720627623.9272,104897263587.1358
2025-10-27 04:54:54,3927720627623.9272,104897263587.1358
2025-10-27 04:58:27,3927720627623.9272,104897263587.1358
2025-10-27 04:59:56,3927720627623.9272,104897263587.1358
2025-10-27 05:03:28,3925493031068.248,105172984261.65042
2025-10-27 05:05:39,3925493031068.248,105172984261.65042
2025-10-27 05:08:29,3925493031068.248,105172984261.65042
2025-10-27 05:09:58,3925493031068.248,105172984261.65042
2025-10-27 05:13:30,3965047144210.7993,111322972719.7745
2025-10-27 05:14:59,3965047144210.7993,111322972719.7745
2025-10-27 05:18:32,3965047144210.7993,111322972719.7745
2025-10-27 05:20:00,3965047144210.7993,111322972719.7745
2025-10-27 05:23:33,3954744445113.999,113233457225.80363
2025-10-27 05:25:01,3954744445113.999,113233457225.80363
2025-10-27 05:28:34,3954744445113.999,113233457225.80363
2025-10-27 05:30:03,3954744445113.999,113233457225.80363
2025-10-27 05:33:36,3956998605864.09,114586111786.7936
2025-10-27 05:35:04,3956998605864.09,114586111786.7936
2025-10-27 05:38:37,3956998605864.09,114586111786.7936
2025-10-27 05:40:05,3956998605864.09,114586111786.7936
2025-10-27 05:43:38,3959918103061.882,115508770067.17952
2025-10-27 05:45:06,3959918103061.882,115508770067.17952
2025-10-27 05:48:39,3959918103061.882,115508770067.17952
2025-10-27 05:50:07,3959918103061.882,115508770067.17952
2025-10-27 05:53:40,3966753446122.485,116429025465.62782
2025-10-27 05:55:08,3966753446122.485,116429025465.62782
2025-10-27 05:58:41,3966753446122.485,116429025465.62782
2025-10-27 06:00:09,3966753446122.485,116429025465.62782
2025-10-27 06:03:42,3967480130526.2783,117186759137.20802
2025-10-27 06:05:10,3967480130526.2783,117186759137.20802
2025-10-27 06:08:43,3967480130526.2783,117186759137.20802
2025-10-27 06:10:11,3967480130526.2783,117186759137.20802
2025-10-27 06:13:44,3965786170524.535,118309575907.76816
2025-10-27 06:15:12,3965786170524.535,118309575907.76816
2025-10-27 06:18:45,3965786170524.535,118309575907.76816
2025-10-27 06:20:13,3965786170524.535,118309575907.76816
2025-10-27 06:23:46,3965178999010.109,119120731435.77534
2025-10-27 06:25:15,3965178999010.109,119120731435.77534
2025-10-27 06:28:47,3965178999010.109,119120731435.77534
2025-10-27 06:30:16,3965178999010.109,119120731435.77534
2025-10-27 06:33:48,3963777555450.437,119698791804.24748
2025-10-27 06:35:17,3963777555450.437,119698791804.24748
2025-10-27 06:38:49,3963777555450.437,119698791804.24748
2025-10-27 06:40:18,3963777555450.437,119698791804.24748
2025-10-27 06:43:50,3970376539396.532,120468490385.79272
2025-10-27 06:45:19,3970376539396.532,120468490385.79272
2025-10-27 06:48:51,3970376539396.532,120468490385.79272
2025-10-27 06:50:20,3970376539396.532,120468490385.79272
2025-10-27 06:53:52,3965738248439.634,120962750375.54877
2025-10-27 06:55:22,3965738248439.634,120962750375.54877
2025-10-27 06:58:53,3965738248439.634,120962750375.54877
2025-10-27 07:00:23,3965738248439.634,120962750375.54877
2025-10-27 07:03:54,3962747016878.5,121461978545.1402
2025-10-27 07:05:24,3962747016878.5,121461978545.1402
2025-10-27 07:08:55,3962747016878.5,121461978545.1402
2025-10-27 07:10:25,3962747016878.5,121461978545.1402
2025-10-27 07:13:57,3972985752816.625,122583194030.0196
2025-10-27 07:15:26,3972985752816.625,122583194030.0196
2025-10-27 07:18:57,3972985752816.625,122583194030.0196
2025-10-27 07:20:27,3972985752816.625,122583194030.0196
2025-10-27 07:23:58,3977789254315.783,123573853937.5468
2025-10-27 07:25:28,3977789254315.783,123573853937.5468
2025-10-27 07:28:59,3977789254315.783,123573853937.5468
2025-10-27 07:30:29,3977789254315.783,123573853937.5468
2025-10-27 07:34:00,3976253886301.992,124377088156.58556
2025-10-27 07:36:09,3976253886301.992,124377088156.58556
2025-10-27 07:39:02,3976253886301.992,124377088156.58556
2025-10-27 07:41:10,3976253886301.992,124377088156.58556
2025-10-27 07:44:03,3979287935801.57,125442891533.51192
2025-10-27 07:46:12,3979287935801.57,125442891533.51192
2025-10-27 07:49:05,3979287935801.57,125442891533.51192
2025-10-27 07:51:13,3979287935801.57,125442891533.51192
2025-10-27 07:54:06,3973314142739.958,126115784697.42024
2025-10-27 07:55:33,3973314142739.958,126115784697.42024
2025-10-27 08:04:22,3974581824050.437,126480765327.42812
2025-10-27 08:06:16,3974581824050.437,126480765327.42812
2025-10-27 08:09:08,3974581824050.437,126480765327.42812
2025-10-27 08:11:16,3974581824050.437,126480765327.42812
2025-10-27 08:14:09,3975288206958.992,126863879001.82152
2025-10-27 08:16:17,3975288206958.992,126863879001.82152
2025-10-27 08:19:10,3975288206958.992,126863879001.82152
2025-10-27 08:21:18,3975288206958.992,126863879001.82152
2025-10-27 08:24:11,3979385666685.784,127350139350.79536
2025-10-27 08:26:19,3979385666685.784,127350139350.79536
2025-10-27 08:28:06,3979385666685.784,127350139350.79536
2025-10-27 08:29:28,3979385666685.784,127350139350.79536
2025-10-27 08:31:20,3979385666685.784,127350139350.79536
2025-10-27 08:33:08,3984915586750.537,128202382520.51855
2025-10-27 08:34:29,3984915586750.537,128202382520.51855
2025-10-27 08:36:21,3984915586750.537,128202382520.51855
2025-10-27 08:38:09,3984915586750.537,128202382520.51855
2025-10-27 08:39:35,3984915586750.537,128202382520.51855
2025-10-27 08:41:36,3991362844413.511,129411597528.13467
2025-10-27 08:43:10,3991362844413.511,129411597528.13467
2025-10-27 08:46:37,3991362844413.511,129411597528.13467
2025-10-27 08:48:11,3991362844413.511,129411597528.13467
2025-10-27 08:50:30,3991362844413.511,129411597528.13467
2025-10-27 08:51:39,3993137202867.127,130397098304.82211
2025-10-27 08:53:12,3993137202867.127,130397098304.82211
2025-10-27 08:55:31,3993137202867.127,130397098304.82211
2025-10-27 08:56:40,3993137202867.127,130397098304.82211
2025-10-27 08:58:13,3993137202867.127,130397098304.82211
2025-10-27 09:01:26,3993137202867.127,130397098304.82211
2025-10-27 09:03:14,3992838023459.665,130309527723.37904
2025-10-27 09:05:33,3992838023459.665,130309527723.37904
2025-10-27 09:06:42,3992838023459.665,130309527723.37904
2025-10-27 09:08:16,3992838023459.665,130309527723.37904
2025-10-27 09:10:36,3992838023459.665,130309527723.37904
2025-10-27 09:13:17,3998111542115.633,130784065220.13348
2025-10-27 09:15:39,3998111542115.633,130784065220.13348
2025-10-27 09:18:18,3998111542115.633,130784065220.13348
2025-10-27 09:20:40,3998111542115.633,130784065220.13348
2025-10-27 09:23:19,3991824006500.808,131430672155.23505
2025-10-27 09:25:41,3991824006500.808,131430672155.23505
2025-10-27 09:28:20,3991824006500.808,131430672155.23505
2025-10-27 09:30:42,3991824006500.808,131430672155.23505
2025-10-27 09:33:21,3988889395482.2144,132456874443.9046
2025-10-27 09:35:43,3988889395482.2144,132456874443.9046
2025-10-27 09:38:22,3988889395482.2144,132456874443.9046
2025-10-27 09:40:44,3988889395482.2144,132456874443.9046
2025-10-27 09:43:23,3987184259069.996,133315095486.56624
2025-10-27 09:45:46,3987184259069.996,133315095486.56624
2025-10-27 09:48:24,3987184259069.996,133315095486.56624
2025-10-27 09:50:47,3987184259069.996,133315095486.56624
2025-10-27 09:51:48,3984780749232.904,133650781172.41731
2025-10-27 09:53:25,3984780749232.904,133650781172.41731
2025-10-27 09:55:49,3984780749232.904,133650781172.41731
2025-10-27 09:56:49,3984780749232.904,133650781172.41731
2025-10-27 09:58:26,3984780749232.904,133650781172.41731
2025-10-27 09:59:27,3984780749232.904,133650781172.41731
2025-10-27 10:00:50,3984780749232.904,133650781172.41731
2025-10-27 10:01:50,3984630346785.7495,134142477003.63332
2025-10-27 10:03:27,3984630346785.7495,134142477003.63332
2025-10-27 10:04:30,3984630346785.7495,134142477003.63332
2025-10-27 10:05:51,3984630346785.7495,134142477003.63332
2025-10-27 10:06:51,3984630346785.7495,134142477003.63332
2025-10-27 10:08:28,3984630346785.7495,134142477003.63332
2025-10-27 10:09:31,3984630346785.7495,134142477003.63332
2025-10-27 10:10:52,3984630346785.7495,134142477003.63332
2025-10-27 10:11:52,3986620208347.214,134417820337.3106
2025-10-27 10:13:29,3986620208347.214,134417820337.3106
2025-10-27 10:14:32,3986620208347.214,134417820337.3106
2025-10-27 10:15:53,3986620208347.214,134417820337.3106
2025-10-27 10:16:53,3986620208347.214,134417820337.3106
2025-10-27 10:19:33,3986620208347.214,134417820337.3106
2025-10-27 10:20:54,3986620208347.214,134417820337.3106
2025-10-27 10:21:54,3994168806157.496,135015292128.8672
2025-10-27 10:24:34,3994168806157.496,135015292128.8672
2025-10-27 10:25:55,3994168806157.496,135015292128.8672
2025-10-27 10:26:55,3994168806157.496,135015292128.8672
2025-10-27 10:28:32,3994168806157.496,135015292128.8672
2025-10-27 10:29:35,3994168806157.496,135015292128.8672
2025-10-27 10:30:56,3994168806157.496,135015292128.8672
2025-10-27 10:31:56,3984581986779.8687,135450168077.8679
2025-10-27 10:34:36,3984581986779.8687,135450168077.8679
2025-10-27 10:35:57,3984581986779.8687,135450168077.8679
2025-10-27 10:36:57,3984581986779.8687,135450168077.8679
2025-10-27 10:38:34,3984581986779.8687,135450168077.8679
2025-10-27 10:40:58,3984581986779.8687,135450168077.8679
2025-10-27 10:41:58,3984503529728.643,136079324335.15002
2025-10-27 10:43:35,3984503529728.643,136079324335.15002
2025-10-27 10:45:59,3984503529728.643,136079324335.15002
2025-10-27 10:46:59,3984503529728.643,136079324335.15002
2025-10-27 10:48:37,3984503529728.643,136079324335.15002
2025-10-27 10:51:01,3984503529728.643,136079324335.15002
2025-10-27 10:52:01,3986413584948.19,136475195893.0113
2025-10-27 10:53:38,3986413584948.19,136475195893.0113
2025-10-27 10:56:02,3986413584948.19,136475195893.0113
2025-10-27 10:57:02,3986413584948.19,136475195893.0113
2025-10-27 10:58:39,3986413584948.19,136475195893.0113
2025-10-27 11:01:03,3986413584948.19,136475195893.0113
2025-10-27 11:02:03,3984863314907.742,136869428791.13329
2025-10-27 11:03:40,3984863314907.742,136869428791.13329
2025-10-27 11:04:41,3984863314907.742,136869428791.13329
2025-10-27 11:06:04,3984863314907.742,136869428791.13329
2025-10-27 11:07:04,3984863314907.742,136869428791.13329
2025-10-27 11:08:41,3984863314907.742,136869428791.13329
2025-10-27 11:09:42,3984863314907.742,136869428791.13329
2025-10-27 11:11:05,3984863314907.742,136869428791.13329
2025-10-27 11:12:05,3985356865798.314,137414862960.94604
2025-10-27 11:13:42,3985356865798.314,137414862960.94604
2025-10-27 11:14:43,3985356865798.314,137414862960.94604
2025-10-27 11:16:06,3985356865798.314,137414862960.94604
2025-10-27 11:17:06,3985356865798.314,137414862960.94604
2025-10-27 11:18:43,3985356865798.314,137414862960.94604
2025-10-27 11:21:07,3985356865798.314,137414862960.94604
2025-10-27 11:22:07,3987007861271.036,138563848218.24985
2025-10-27 11:23:45,3987007861271.036,138563848218.24985
2025-10-27 11:26:09,3987007861271.036,138563848218.24985
2025-10-27 11:27:09,3987007861271.036,138563848218.24985
2025-10-27 11:28:46,3987007861271.036,138563848218.24985
2025-10-27 11:31:10,3987007861271.036,138563848218.24985
2025-10-27 11:32:10,3988467519368.644,138932707420.48376
2025-10-27 11:33:47,3988467519368.644,138932707420.48376
2025-10-27 11:34:47,3988467519368.644,138932707420.48376
2025-10-27 11:36:11,3988467519368.644,138932707420.48376
2025-10-27 11:37:11,3988467519368.644,138932707420.48376
2025-10-27 11:38:48,3988467519368.644,138932707420.48376
2025-10-27 11:39:48,3988467519368.644,138932707420.48376
2025-10-27 11:41:12,3988467519368.644,138932707420.48376
2025-10-27 11:42:12,3988742852043.645,139180374864.2474
2025-10-27 11:43:49,3988742852043.645,139180374864.2474
2025-10-27 11:44:50,3988742852043.645,139180374864.2474
2025-10-27 11:46:13,3988742852043.645,139180374864.2474
2025-10-27 11:47:13,3988742852043.645,139180374864.2474
2025-10-27 11:48:50,3988742852043.645,139180374864.2474
2025-10-27 11:49:51,3988742852043.645,139180374864.2474
2025-10-27 11:51:14,3988742852043.645,139180374864.2474
2025-10-27 11:52:14,3990855352288.5664,139660300111.8099
2025-10-27 11:53:51,3990855352288.5664,139660300111.8099
2025-10-27 11:54:52,3990855352288.5664,139660300111.8099
2025-10-27 11:56:15,3990855352288.5664,139660300111.8099
2025-10-27 11:57:15,3990855352288.5664,139660300111.8099
2025-10-27 11:58:52,3990855352288.5664,139660300111.8099
2025-10-27 11:59:54,3990855352288.5664,139660300111.8099
2025-10-27 12:01:17,3990855352288.5664,139660300111.8099
2025-10-27 12:03:53,3992698959678.46,140039362294.34927
2025-10-27 12:06:18,3992698959678.46,140039362294.34927
2025-10-27 12:08:55,3992698959678.46,140039362294.34927
2025-10-27 12:09:57,3992698959678.46,140039362294.34927
2025-10-27 12:11:19,3992698959678.46,140039362294.34927
2025-10-27 12:13:56,3996120565908.8535,140436757228.556
2025-10-27 12:14:59,3996120565908.8535,140436757228.556
2025-10-27 12:16:20,3996120565908.8535,140436757228.556
2025-10-27 12:18:57,3996120565908.8535,140436757228.556
2025-10-27 12:20:01,3996120565908.8535,140436757228.556
2025-10-27 12:21:21,3996120565908.8535,140436757228.556
2025-10-27 12:23:58,4001326010096.594,141610943383.8914
2025-10-27 12:25:02,4001326010096.594,141610943383.8914
2025-10-27 12:26:22,4001326010096.594,141610943383.8914
2025-10-27 12:28:59,4001326010096.594,141610943383.8914
2025-10-27 12:30:04,4001326010096.594,141610943383.8914
2025-10-27 12:31:23,4001326010096.594,141610943383.8914
2025-10-27 12:34:00,4007236750830.977,142995905876.3189
2025-10-27 12:35:06,4007236750830.977,142995905876.3189
2025-10-27 12:36:25,4007236750830.977,142995905876.3189
2025-10-27 12:39:01,4007236750830.977,142995905876.3189
2025-10-27 12:40:08,4007236750830.977,142995905876.3189
2025-10-27 12:41:26,4007236750830.977,142995905876.3189
2025-10-27 12:44:02,4002042862430.882,143465282919.87775
2025-10-27 12:45:09,4002042862430.882,143465282919.87775
2025-10-27 12:46:27,4002042862430.882,143465282919.87775
2025-10-27 12:49:03,4002042862430.882,143465282919.87775
2025-10-27 12:50:10,4002042862430.882,143465282919.87775
2025-10-27 12:51:28,4002042862430.882,143465282919.87775
2025-10-27 12:54:05,4002503676042.426,144857152776.39374
2025-10-27 12:55:12,4002503676042.426,144857152776.39374
2025-10-27 12:56:29,4002503676042.426,144857152776.39374
2025-10-27 12:59:06,4002503676042.426,144857152776.39374
2025-10-27 13:00:13,4002503676042.426,144857152776.39374
2025-10-27 13:01:30,4002503676042.426,144857152776.39374
2025-10-27 13:04:07,4001112125468.207,145294839576.99884
2025-10-27 13:05:14,4001112125468.207,145294839576.99884
2025-10-27 13:06:31,4001112125468.207,145294839576.99884
2025-10-27 13:09:09,4001112125468.207,145294839576.99884
2025-10-27 13:10:15,4001112125468.207,145294839576.99884
2025-10-27 13:11:32,4001112125468.207,145294839576.99884
2025-10-27 13:14:10,3996855287440.439,145147988694.79022
2025-10-27 13:15:16,3996855287440.439,145147988694.79022
2025-10-27 13:16:33,3996855287440.439,145147988694.79022
2025-10-27 13:19:11,3996855287440.439,145147988694.79022
2025-10-27 13:20:18,3996855287440.439,145147988694.79022
2025-10-27 13:21:34,3996855287440.439,145147988694.79022
2025-10-27 13:24:12,4004132518106.284,146063835537.02576
2025-10-27 13:25:20,4004132518106.284,146063835537.02576
2025-10-27 13:26:36,4004132518106.284,146063835537.02576
2025-10-27 13:29:12,4004132518106.284,146063835537.02576
2025-10-27 13:30:21,4004132518106.284,146063835537.02576
2025-10-27 13:31:37,4004132518106.284,146063835537.02576
2025-10-27 13:34:13,4005280635824.5054,147200553690.0978
2025-10-27 13:35:22,4005280635824.5054,147200553690.0978
2025-10-27 13:36:39,4005280635824.5054,147200553690.0978
2025-10-27 13:39:15,4005280635824.5054,147200553690.0978
2025-10-27 13:40:23,4005280635824.5054,147200553690.0978
2025-10-27 13:41:40,4005280635824.5054,147200553690.0978
2025-10-27 13:44:16,4006648815134.1655,147974880735.99762
2025-10-27 13:45:25,4006648815134.1655,147974880735.99762
2025-10-27 13:46:41,4006648815134.1655,147974880735.99762
2025-10-27 13:49:17,4006648815134.1655,147974880735.99762
2025-10-27 13:50:26,4006648815134.1655,147974880735.99762
2025-10-27 13:51:42,4006648815134.1655,147974880735.99762
2025-10-27 13:54:18,4012066107310.138,149433172174.6378
2025-10-27 13:55:28,4012066107310.138,149433172174.6378
2025-10-27 13:56:43,4012066107310.138,149433172174.6378
2025-10-27 13:59:19,4012066107310.138,149433172174.6378
2025-10-27 14:00:30,4012066107310.138,149433172174.6378
2025-10-27 14:01:44,4012066107310.138,149433172174.6378
2025-10-27 14:04:20,4012685610714.507,150894875301.556
2025-10-27 14:05:31,4012685610714.507,150894875301.556
2025-10-27 14:06:45,4012685610714.507,150894875301.556
2025-10-27 14:09:21,4012685610714.507,150894875301.556
2025-10-27 14:10:32,4012685610714.507,150894875301.556
2025-10-27 14:11:46,4012685610714.507,150894875301.556
2025-10-27 14:14:22,4009364183310.484,152580127460.27994
2025-10-27 14:15:34,4009364183310.484,152580127460.27994
2025-10-27 14:16:48,4009364183310.484,152580127460.27994
2025-10-27 14:19:23,4009364183310.484,152580127460.27994
2025-10-27 14:20:35,4009364183310.484,152580127460.27994
2025-10-27 14:21:49,4009364183310.484,152580127460.27994
2025-10-27 14:24:24,4009528546335.324,154075596052.25925
2025-10-27 14:25:37,4009528546335.324,154075596052.25925
2025-10-27 14:26:51,4009528546335.324,154075596052.25925
2025-10-27 14:29:25,4009528546335.324,154075596052.25925
2025-10-27 14:30:38,4009528546335.324,154075596052.25925
2025-10-27 14:31:52,4009528546335.324,154075596052.25925
2025-10-27 14:34:26,4005864706019.284,154845271795.5579
2025-10-27 14:35:40,4005864706019.284,154845271795.5579
2025-10-27 14:36:54,4005864706019.284,154845271795.5579
2025-10-27 14:39:27,4005864706019.284,154845271795.5579
2025-10-27 14:40:41,4005864706019.284,154845271795.5579
2025-10-27 14:41:55,4005864706019.284,154845271795.5579
2025-10-27 14:44:28,3996242849208.8486,155674414764.12762
2025-10-27 14:45:43,3996242849208.8486,155674414764.12762
2025-10-27 14:46:56,3996242849208.8486,155674414764.12762
2025-10-27 14:49:29,3996242849208.8486,155674414764.12762
2025-10-27 14:50:44,3996242849208.8486,155674414764.12762
2025-10-27 14:51:58,3996242849208.8486,155674414764.12762
2025-10-27 14:54:30,3996328792706.106,157870339194.98572
2025-10-27 14:55:45,3996328792706.106,157870339194.98572
2025-10-27 14:56:59,3996328792706.106,157870339194.98572
2025-10-27 14:59:31,3996328792706.106,157870339194.98572
2025-10-27 15:00:47,3996328792706.106,157870339194.98572
2025-10-27 15:02:01,3996328792706.106,157870339194.98572
2025-10-27 15:04:33,3992727487967.2734,159091361485.4428
2025-10-27 15:05:48,3992727487967.2734,159091361485.4428
2025-10-27 15:07:02,3992727487967.2734,159091361485.4428
2025-10-27 15:09:34,3992727487967.2734,159091361485.4428
2025-10-27 15:10:49,3992727487967.2734,159091361485.4428
2025-10-27 15:12:03,3992972228367.145,159860452614.2105
2025-10-27 15:14:35,3992972228367.145,159860452614.2105
2025-10-27 15:15:51,3992972228367.145,159860452614.2105
2025-10-27 15:17:04,3992972228367.145,159860452614.2105
2025-10-27 15:19:36,3992972228367.145,159860452614.2105
2025-10-27 15:20:52,3992972228367.145,159860452614.2105
2025-10-27 15:22:05,3993445778708.813,160779902073.30234
2025-10-27 15:24:37,3993445778708.813,160779902073.30234
2025-10-27 15:25:53,3993445778708.813,160779902073.30234
2025-10-27 15:27:06,3993445778708.813,160779902073.30234
2025-10-27 15:29:38,3993445778708.813,160779902073.30234
2025-10-27 15:30:54,3993445778708.813,160779902073.30234
2025-10-27 15:32:08,3983878622953.635,161542388631.13354
2025-10-27 15:34:40,3983878622953.635,161542388631.13354
2025-10-27 15:35:56,3983878622953.635,161542388631.13354
2025-10-27 15:37:41,3983878622953.635,161542388631.13354
2025-10-27 15:39:41,3983878622953.635,161542388631.13354
2025-10-27 15:40:57,3983878622953.635,161542388631.13354
2025-10-27 15:42:43,3982029115534.661,162809065168.04276
2025-10-27 15:44:42,3982029115534.661,162809065168.04276
2025-10-27 15:45:59,3982029115534.661,162809065168.04276
2025-10-27 15:47:44,3982029115534.661,162809065168.04276
2025-10-27 15:49:43,3982029115534.661,162809065168.04276
2025-10-27 15:51:00,3982029115534.661,162809065168.04276
2025-10-27 15:52:45,3975912964924.132,163301025894.0222
2025-10-27 15:54:44,3975912964924.132,163301025894.0222
2025-10-27 15:56:01,3975912964924.132,163301025894.0222
2025-10-27 15:57:46,3975912964924.132,163301025894.0222
2025-10-27 15:59:46,3975912964924.132,163301025894.0222
2025-10-27 16:01:03,3975912964924.132,163301025894.0222
2025-10-27 16:02:47,3972577283361.088,164817518047.2634
2025-10-27 16:04:47,3972577283361.088,164817518047.2634
2025-10-27 16:06:04,3972577283361.088,164817518047.2634
2025-10-27 16:07:49,3972577283361.088,164817518047.2634
2025-10-27 16:09:48,3972577283361.088,164817518047.2634
2025-10-27 16:11:06,3972577283361.088,164817518047.2634
2025-10-27 16:12:50,3968430469928.4272,165845049985.4547
2025-10-27 16:14:49,3968430469928.4272,165845049985.4547
2025-10-27 16:16:08,3968430469928.4272,165845049985.4547
2025-10-27 16:17:51,3968430469928.4272,165845049985.4547
2025-10-27 16:19:50,3968430469928.4272,165845049985.4547
2025-10-27 16:21:09,3968430469928.4272,165845049985.4547
2025-10-27 16:22:52,3976490027964.4,167450364896.01495
2025-10-27 16:24:51,3976490027964.4,167450364896.01495
2025-10-27 16:26:11,3976490027964.4,167450364896.01495
2025-10-27 16:27:53,3976490027964.4,167450364896.01495
2025-10-27 16:29:52,3976490027964.4,167450364896.01495
2025-10-27 16:31:12,3976490027964.4,167450364896.01495
2025-10-27 16:32:54,3973246269091.596,166245209750.33606
2025-10-27 16:34:53,3973246269091.596,166245209750.33606
2025-10-27 16:36:14,3973246269091.596,166245209750.33606
2025-10-27 16:37:55,3973246269091.596,166245209750.33606
2025-10-27 16:39:54,3973246269091.596,166245209750.33606
2025-10-27 16:41:15,3973246269091.596,166245209750.33606
2025-10-27 16:42:56,3978554430149.153,165161786398.6151
2025-10-27 16:44:55,3978554430149.153,165161786398.6151
2025-10-27 16:46:17,3978554430149.153,165161786398.6151
2025-10-27 16:47:57,3978554430149.153,165161786398.6151
2025-10-27 16:49:56,3978554430149.153,165161786398.6151
2025-10-27 16:51:18,3978554430149.153,165161786398.6151
2025-10-27 16:52:58,3976897975395.8174,164724518710.3718
2025-10-27 16:54:57,3976897975395.8174,164724518710.3718
2025-10-27 16:56:20,3976897975395.8174,164724518710.3718
2025-10-27 16:57:59,3976897975395.8174,164724518710.3718
2025-10-27 16:59:58,3976897975395.8174,164724518710.3718
2025-10-27 17:01:21,3976897975395.8174,164724518710.3718
2025-10-27 17:03:00,3972633905642.9,164483320566.59622
2025-10-27 17:04:59,3972633905642.9,164483320566.59622
2025-10-27 17:06:22,3972633905642.9,164483320566.59622
2025-10-27 17:08:02,3972633905642.9,164483320566.59622
2025-10-27 17:10:00,3972633905642.9,164483320566.59622
2025-10-27 17:11:24,3972633905642.9,164483320566.59622
2025-10-27 17:13:03,3975349374730.834,164490835800.8048
2025-10-27 17:15:01,3975349374730.834,164490835800.8048
2025-10-27 17:16:25,3975349374730.834,164490835800.8048
2025-10-27 17:18:04,3975349374730.834,164490835800.8048
2025-10-27 17:20:02,3975349374730.834,164490835800.8048
2025-10-27 17:21:27,3975349374730.834,164490835800.8048
2025-10-27 17:23:06,3980728915681.208,164994681124.60257
2025-10-27 17:25:04,3980728915681.208,164994681124.60257
2025-10-27 17:26:28,3980728915681.208,164994681124.60257
2025-10-27 17:28:07,3980728915681.208,164994681124.60257
2025-10-27 17:30:05,3980728915681.208,164994681124.60257
2025-10-27 17:31:29,3980728915681.208,164994681124.60257
2025-10-27 17:33:08,3978749196366.192,165049010328.06766
2025-10-27 17:35:06,3978749196366.192,165049010328.06766
2025-10-27 17:36:31,3978749196366.192,165049010328.06766
2025-10-27 17:38:10,3978749196366.192,165049010328.06766
2025-10-27 17:40:07,3978749196366.192,165049010328.06766
2025-10-27 17:41:32,3978749196366.192,165049010328.06766
2025-10-27 17:43:11,3979558640976.717,165035777513.37073
2025-10-27 17:45:08,3979558640976.717,165035777513.37073
2025-10-27 17:46:34,3979558640976.717,165035777513.37073
2025-10-27 17:48:12,3979558640976.717,165035777513.37073
2025-10-27 17:50:09,3979558640976.717,165035777513.37073
2025-10-27 17:51:35,3979558640976.717,165035777513.37073
2025-10-27 17:53:13,3979742747944.9175,165253432177.96786
2025-10-27 17:55:11,3979742747944.9175,165253432177.96786
2025-10-27 17:56:37,3979742747944.9175,165253432177.96786
2025-10-27 17:58:15,3979742747944.9175,165253432177.96786
2025-10-27 18:00:12,3979742747944.9175,165253432177.96786
2025-10-27 18:01:38,3979742747944.9175,165253432177.96786
2025-10-27 18:03:16,3979373830526.916,165353888892.65546
2025-10-27 18:05:13,3979373830526.916,165353888892.65546
2025-10-27 18:06:39,3979373830526.916,165353888892.65546
2025-10-27 18:08:17,3979373830526.916,165353888892.65546
2025-10-27 18:10:14,3979373830526.916,165353888892.65546
2025-10-27 18:11:41,3979373830526.916,165353888892.65546
2025-10-27 18:13:18,3980833963821.1694,165004069155.48123
2025-10-27 18:15:15,3980833963821.1694,165004069155.48123
2025-10-27 18:16:42,3980833963821.1694,165004069155.48123
2025-10-27 18:18:19,3980833963821.1694,165004069155.48123
2025-10-27 18:20:16,3980833963821.1694,165004069155.48123
2025-10-27 18:21:44,3980833963821.1694,165004069155.48123
2025-10-27 18:23:20,3973489068863.901,164855542644.7401
2025-10-27 18:25:17,3973489068863.901,164855542644.7401
2025-10-27 18:26:45,3973489068863.901,164855542644.7401
2025-10-27 18:28:22,3973489068863.901,164855542644.7401
2025-10-27 18:30:19,3973489068863.901,164855542644.7401
2025-10-27 18:31:47,3973489068863.901,164855542644.7401
2025-10-27 18:33:23,3972340798492.68,165537553727.34402
2025-10-27 18:35:19,3972340798492.68,165537553727.34402
2025-10-27 18:36:49,3972340798492.68,165537553727.34402
2025-10-27 18:38:25,3972340798492.68,165537553727.34402
2025-10-27 18:40:20,3972340798492.68,165537553727.34402
2025-10-27 18:41:50,3972340798492.68,165537553727.34402
2025-10-27 18:43:26,3979401863087.169,165588338946.87808
2025-10-27 18:45:22,3979401863087.169,165588338946.87808
2025-10-27 18:46:52,3979401863087.169,165588338946.87808
2025-10-27 18:48:27,3979401863087.169,165588338946.87808
2025-10-27 18:50:23,3979401863087.169,165588338946.87808
2025-10-27 18:51:53,3979401863087.169,165588338946.87808
2025-10-27 18:53:28,3979829128915.519,163896762014.53613
2025-10-27 18:55:24,3979829128915.519,163896762014.53613
2025-10-27 18:56:54,3979829128915.519,163896762014.53613
2025-10-27 18:58:30,3979829128915.519,163896762014.53613
2025-10-27 19:00:25,3979829128915.519,163896762014.53613
2025-10-27 19:01:55,3979829128915.519,163896762014.53613
2025-10-27 19:03:31,3979048782551.4766,163505860398.3866
2025-10-27 19:05:26,3979048782551.4766,163505860398.3866
2025-10-27 19:06:56,3979048782551.4766,163505860398.3866
2025-10-27 19:08:32,3979048782551.4766,163505860398.3866
2025-10-27 19:10:27,3979048782551.4766,163505860398.3866
2025-10-27 19:11:57,3979048782551.4766,163505860398.3866
2025-10-27 19:15:28,3975286569160.136,162268516859.99677
2025-10-27 19:16:58,3975286569160.136,162268516859.99677
2025-10-27 19:18:34,3975286569160.136,162268516859.99677
2025-10-27 19:20:30,3975286569160.136,162268516859.99677
2025-10-27 19:21:59,3975286569160.136,162268516859.99677
2025-10-27 19:23:35,3973951028013.69,161001651954.35922
2025-10-27 19:25:31,3973951028013.69,161001651954.35922
2025-10-27 19:27:00,3973951028013.69,161001651954.35922
2025-10-27 19:28:36,3973951028013.69,161001651954.35922
2025-10-27 19:30:32,3973951028013.69,161001651954.35922
2025-10-27 19:32:02,3973951028013.69,161001651954.35922
2025-10-27 19:33:37,3976423385888.492,161571939416.1877
2025-10-27 19:35:33,3976423385888.492,161571939416.1877
2025-10-27 19:37:03,3976423385888.492,161571939416.1877
2025-10-27 19:38:38,3976423385888.492,161571939416.1877
2025-10-27 19:40:33,3976423385888.492,161571939416.1877
2025-10-27 19:42:04,3976423385888.492,161571939416.1877
2025-10-27 19:43:39,3969812871347.682,161709671918.37073
2025-10-27 19:45:35,3969812871347.682,161709671918.37073
2025-10-27 19:47:05,3969812871347.682,161709671918.37073
2025-10-27 19:48:40,3969812871347.682,161709671918.37073
2025-10-27 19:50:37,3969812871347.682,161709671918.37073
2025-10-27 19:52:07,3969812871347.682,161709671918.37073
2025-10-27 19:53:42,3968123616906.733,161499024046.2399
2025-10-27 19:55:38,3968123616906.733,161499024046.2399
2025-10-27 19:57:08,3968123616906.733,161499024046.2399
2025-10-27 19:58:43,3968123616906.733,161499024046.2399
2025-10-27 20:00:40,3968123616906.733,161499024046.2399
2025-10-27 20:02:09,3968123616906.733,161499024046.2399
2025-10-27 20:03:45,3967271802310.172,160815788872.50482
2025-10-27 20:05:43,3967271802310.172,160815788872.50482
2025-10-27 20:07:15,3967271802310.172,160815788872.50482
2025-10-27 20:08:48,3967271802310.172,160815788872.50482
2025-10-27 20:10:45,3967271802310.172,160815788872.50482
2025-10-27 20:12:18,3967271802310.172,160815788872.50482
2025-10-27 20:13:49,3974637098700.1504,160288285947.93973
2025-10-27 20:15:47,3974637098700.1504,160288285947.93973
2025-10-27 20:17:20,3974637098700.1504,160288285947.93973
2025-10-27 20:18:50,3974637098700.1504,160288285947.93973
2025-10-27 20:20:48,3974637098700.1504,160288285947.93973
2025-10-27 20:22:21,3974637098700.1504,160288285947.93973
2025-10-27 20:23:52,3975039515257.35,159919423358.68097
2025-10-27 20:25:52,3975039515257.35,159919423358.68097
2025-10-27 20:27:25,3975039515257.35,159919423358.68097
2025-10-27 20:28:55,3975039515257.35,159919423358.68097
2025-10-27 20:30:54,3975039515257.35,159919423358.68097
2025-10-27 20:32:27,3975039515257.35,159919423358.68097
2025-10-27 20:33:57,3975097124636.1055,159784520424.6429
2025-10-27 20:35:56,3975097124636.1055,159784520424.6429
2025-10-27 20:37:30,3975097124636.1055,159784520424.6429
2025-10-27 20:39:01,3975097124636.1055,159784520424.6429
2025-10-27 20:40:57,3975097124636.1055,159784520424.6429
2025-10-27 20:42:32,3958646811882.66,159949715026.77777
2025-10-27 20:44:07,3958646811882.66,159949715026.77777
2025-10-27 20:46:00,3958646811882.66,159949715026.77777
2025-10-27 20:47:33,3958646811882.66,159949715026.77777
2025-10-27 20:49:08,3958646811882.66,159949715026.77777
2025-10-27 20:51:01,3958646811882.66,159949715026.77777
2025-10-27 20:52:35,3964255139940.848,160720290249.83652
2025-10-27 20:54:10,3964255139940.848,160720290249.83652
2025-10-27 20:56:02,3964255139940.848,160720290249.83652
2025-10-27 20:57:36,3964255139940.848,160720290249.83652
2025-10-27 20:59:11,3964255139940.848,160720290249.83652
2025-10-27 21:01:04,3964255139940.848,160720290249.83652
2025-10-27 21:02:38,3974684741235.0166,161665762229.96097
2025-10-27 21:04:12,3974684741235.0166,161665762229.96097
2025-10-27 21:06:05,3974684741235.0166,161665762229.96097
2025-10-27 21:07:39,3974684741235.0166,161665762229.96097
2025-10-27 21:09:15,3974684741235.0166,161665762229.96097
2025-10-27 21:11:07,3974684741235.0166,161665762229.96097
2025-10-27 21:12:41,3956729290197.013,161881295078.06073
2025-10-27 21:14:17,3956729290197.013,161881295078.06073
2025-10-27 21:16:12,3956729290197.013,161881295078.06073
2025-10-27 21:17:44,3956729290197.013,161881295078.06073
2025-10-27 21:19:19,3956729290197.013,161881295078.06073
2025-10-27 21:21:14,3956729290197.013,161881295078.06073
2025-10-27 21:22:54,3949695170676.9663,162409140237.32605
2025-10-27 21:24:20,3949695170676.9663,162409140237.32605
2025-10-27 21:26:16,3949695170676.9663,162409140237.32605
2025-10-27 21:27:58,3949695170676.9663,162409140237.32605
2025-10-27 21:29:23,3949695170676.9663,162409140237.32605
2025-10-27 21:31:18,3949695170676.9663,162409140237.32605
2025-10-27 21:32:55,3959154617245.2666,163735498016.97598
2025-10-27 21:34:27,3959154617245.2666,163735498016.97598
2025-10-27 21:36:09,3959154617245.2666,163735498016.97598
2025-10-27 21:37:49,3959154617245.2666,163735498016.97598
2025-10-27 21:39:29,3959154617245.2666,163735498016.97598
2025-10-27 21:41:15,3959154617245.2666,163735498016.97598
2025-10-27 21:42:51,3964524840908.0586,164180632345.54416
2025-10-27 21:44:31,3964524840908.0586,164180632345.54416
2025-10-27 21:46:16,3964524840908.0586,164180632345.54416
2025-10-27 21:47:54,3964524840908.0586,164180632345.54416
2025-10-27 21:49:38,3964524840908.0586,164180632345.54416
2025-10-27 21:51:22,3964524840908.0586,164180632345.54416
2025-10-27 21:53:01,3957289348443.877,164012602878.62976
2025-10-27 21:54:44,3957289348443.877,164012602878.62976
2025-10-27 21:56:33,3957289348443.877,164012602878.62976
2025-10-27 21:58:05,3957289348443.877,164012602878.62976
2025-10-27 21:59:48,3957289348443.877,164012602878.62976
2025-10-27 22:01:12,3957289348443.877,164012602878.62976
2025-10-27 22:03:08,3957396112737.177,164268652964.02164
2025-10-27 22:04:56,3957396112737.177,164268652964.02164
2025-10-27 22:06:20,3957396112737.177,164268652964.02164
2025-10-27 22:08:15,3957396112737.177,164268652964.02164
2025-10-27 22:10:05,3957396112737.177,164268652964.02164
2025-10-27 22:11:24,3957396112737.177,164268652964.02164
2025-10-27 22:13:24,3965193001720.919,164453755212.1901
2025-10-27 22:15:10,3965193001720.919,164453755212.1901
2025-10-27 22:16:29,3965193001720.919,164453755212.1901
2025-10-27 22:18:28,3965193001720.919,164453755212.1901
2025-10-27 22:20:12,3965193001720.919,164453755212.1901
2025-10-27 22:21:32,3965193001720.919,164453755212.1901
2025-10-27 22:23:30,3969945926894.3687,165457731393.79846
2025-10-27 22:25:15,3969945926894.3687,165457731393.79846
2025-10-27 22:26:35,3969945926894.3687,165457731393.79846
2025-10-27 22:28:33,3969945926894.3687,165457731393.79846
2025-10-27 22:30:16,3969945926894.3687,165457731393.79846
2025-10-27 22:31:39,3969945926894.3687,165457731393.79846
2025-10-27 22:33:35,3969498542429.7705,166482476839.954
2025-10-27 22:35:19,3969498542429.7705,166482476839.954
2025-10-27 22:36:45,3969498542429.7705,166482476839.954
2025-10-27 22:38:39,3969498542429.7705,166482476839.954
2025-10-27 22:40:23,3969498542429.7705,166482476839.954
2025-10-27 22:41:47,3969498542429.7705,166482476839.954
2025-10-27 22:43:41,3968129233536.3774,167233808773.90598
2025-10-27 22:45:25,3968129233536.3774,167233808773.90598
2025-10-27 22:46:49,3968129233536.3774,167233808773.90598
2025-10-27 22:48:43,3968129233536.3774,167233808773.90598
2025-10-27 22:50:27,3968129233536.3774,167233808773.90598
2025-10-27 22:51:51,3968129233536.3774,167233808773.90598
2025-10-27 22:53:45,3969209572633.712,167515412049.2877
2025-10-27 22:55:29,3969209572633.712,167515412049.2877
2025-10-27 22:56:52,3969209572633.712,167515412049.2877
2025-10-27 22:58:47,3969209572633.712,167515412049.2877
2025-10-27 23:00:32,3969209572633.712,167515412049.2877
2025-10-27 23:01:55,3969209572633.712,167515412049.2877
2025-10-27 23:03:50,3968706375993.588,167685387985.78497
2025-10-27 23:05:35,3968706375993.588,167685387985.78497
2025-10-27 23:06:57,3968706375993.588,167685387985.78497
2025-10-27 23:08:52,3968706375993.588,167685387985.78497
2025-10-27 23:10:38,3968706375993.588,167685387985.78497
2025-10-27 23:12:00,3968706375993.588,167685387985.78497
2025-10-27 23:13:55,3981267762635.862,168307803717.28467
2025-10-27 23:15:41,3981267762635.862,168307803717.28467
2025-10-27 23:17:03,3981267762635.862,168307803717.28467
2025-10-27 23:18:57,3981267762635.862,168307803717.28467
2025-10-27 23:20:44,3981267762635.862,168307803717.28467
2025-10-27 23:22:05,3981267762635.862,168307803717.28467
2025-10-27 23:23:59,3978343895196.0337,167797738337.18
2025-10-27 23:25:46,3978343895196.0337,167797738337.18
2025-10-27 23:27:07,3978343895196.0337,167797738337.18
2025-10-27 23:29:02,3978343895196.0337,167797738337.18
2025-10-27 23:30:49,3978343895196.0337,167797738337.18
2025-10-27 23:32:09,3978343895196.0337,167797738337.18
2025-10-27 23:34:04,3982428205675.133,168348602125.37457
2025-10-27 23:35:51,3982428205675.133,168348602125.37457
2025-10-27 23:37:11,3982428205675.133,168348602125.37457
2025-10-27 23:39:06,3982428205675.133,168348602125.37457
2025-10-27 23:40:55,3982428205675.133,168348602125.37457
2025-10-27 23:42:15,3982428205675.133,168348602125.37457
2025-10-27 23:44:19,3988267239525.757,169090019045.03192
2025-10-27 23:45:59,3988267239525.757,169090019045.03192
2025-10-27 23:47:19,3988267239525.757,169090019045.03192
2025-10-27 23:49:14,3988267239525.757,169090019045.03192
2025-10-27 23:51:03,3988267239525.757,169090019045.03192
2025-10-27 23:52:23,3988267239525.757,169090019045.03192
2025-10-27 23:54:19,3991443513610.855,169758071119.80444
2025-10-27 23:56:11,3991443513610.855,169758071119.80444
2025-10-27 23:57:31,3991443513610.855,169758071119.80444
2025-10-27 23:59:25,3991443513610.855,169758071119.80444
2025-10-28 00:01:17,3991443513610.855,169758071119.80444
2025-10-28 00:02:42,3991443513610.855,169758071119.80444
2025-10-28 00:04:32,3992665528930.072,171343607193.34018
2025-10-28 00:06:22,3992665528930.072,171343607193.34018
2025-10-28 00:07:48,3992665528930.072,171343607193.34018
2025-10-28 00:09:38,3992665528930.072,171343607193.34018
2025-10-28 00:11:27,3992665528930.0723,171343607193.34018
